query_id,question_group,index_name,representation,retrieved_chunk_ids_top10,scores_top10,first_hit_rank,hit_at_1,hit_at_3,hit_at_5,hit_at_10,question_digest,index_digest,created_at
Q001,price,T1500,DENSE,"['T1500-1920', 'T1500-1803', 'T1500-1975', 'T1500-1802', 'T1500-1976', 'T1500-1800', 'T1500-1918', 'T1500-1954', 'T1500-1952', 'T1500-1923']","[0.67913443, 0.66951883, 0.66513014, 0.6628719, 0.65933979, 0.65810591, 0.65577573, 0.65547049, 0.65199101, 0.64893168]",7,0,0,0,1,48c9980aff888ec99ed03914aac8b562d47217d267f9095a5f7a0e512803d1b8,4b37a5ed9cfdc71b591d28bacc024e42e8ebe679ab10903583897e072da5c95b,2026-08-06T20:58:55.642654+00:00
Q002,price,T1500,DENSE,"['T1500-1633', 'T1500-1631', 'T1500-0129', 'T1500-1623', 'T1500-1648', 'T1500-1625', 'T1500-0097', 'T1500-1634', 'T1500-1630', 'T1500-0128']","[0.61346412, 0.60847753, 0.57984865, 0.57832122, 0.57825154, 0.57720757, 0.57134032, 0.56656599, 0.55736846, 0.55579412]",1,1,1,1,1,3be65393ec725ae6bb36e4428f29fc1a95c0fcf13b5d9668829d0e4329e9948f,4b37a5ed9cfdc71b591d28bacc024e42e8ebe679ab10903583897e072da5c95b,2026-08-06T20:58:55.643358+00:00
Q003,attribute,T1500,DENSE,"['T1500-0735', 'T1500-0738', 'T1500-0743', 'T1500-0742', 'T1500-0741', 'T1500-0737', 'T1500-0731', 'T1500-0736', 'T1500-0740', 'T1500-0734']","[0.69736481, 0.66172862, 0.66063678, 0.64858395, 0.64628589, 0.64572066, 0.6441263, 0.64148498, 0.64033759, 0.63986158]",1,1,1,1,1,b28db1aada14e327e7ab73fa1f02c7de0c86dc6b589a0d245c16299671ea7533,4b37a5ed9cfdc71b591d28bacc024e42e8ebe679ab10903583897e072da5c95b,2026-08-06T20:58:55.643926+00:00
Q004,attribute,T1500,DENSE,"['T1500-0113', 'T1500-1618', 'T1500-0036', 'T1500-1611', 'T1500-1591', 'T1500-1541', 'T1500-2096', 'T1500-0196', 'T1500-0108', 'T1500-0074']","[0.57535052, 0.57474983, 0.57364625, 0.56910849, 0.56839919, 0.56793404, 0.5666787, 0.56536174, 0.56449318, 0.56403524]",,0,0,0,0,81eb045c663f0afa7e3fa42b9b1c61168e8ef0933a04883c7d097729f9beca57,4b37a5ed9cfdc71b591d28bacc024e42e8ebe679ab10903583897e072da5c95b,2026-08-06T20:58:55.644481+00:00
Q005,attribute,T1500,DENSE,"['T1500-1557', 'T1500-1555', 'T1500-1550', 'T1500-1560', 'T1500-1549', 'T1500-1558', 'T1500-1534', 'T1500-1641', 'T1500-1531', 'T1500-1562']","[0.62750882, 0.58695453, 0.57644951, 0.56452274, 0.54618907, 0.52897996, 0.52530444, 0.52040911, 0.51920044, 0.51747394]",1,1,1,1,1,92ceefe6b7735b49e461723bd2e9c52dd37a292609400267774536457843a2e6,4b37a5ed9cfdc71b591d28bacc024e42e8ebe679ab10903583897e072da5c95b,2026-08-06T20:58:55.644962+00:00
Q006,price,T1500,DENSE,"['T1500-0297', 'T1500-0298', 'T1500-0060', 'T1500-0017', 'T1500-1678', 'T1500-2064', 'T1500-2050', 'T1500-2046', 'T1500-0185', 'T1500-2061']","[0.64977688, 0.62861866, 0.55522764, 0.55498445, 0.54723787, 0.5443126, 0.54128647, 0.53344333, 0.53174317, 0.53009486]",1,1,1,1,1,758c8cdd2e473ba80e1e094c8a062e55b0a1813d79493841a5b0dc41af4d7f51,4b37a5ed9cfdc71b591d28bacc024e42e8ebe679ab10903583897e072da5c95b,2026-08-06T20:58:55.645528+00:00
Q007,attribute,T1500,DENSE,"['T1500-1560', 'T1500-1558', 'T1500-1557', 'T1500-0085', 'T1500-1641', 'T1500-1733', 'T1500-1555', 'T1500-1638', 'T1500-1586', 'T1500-1611']","[0.58570361, 0.58142591, 0.57313418, 0.55390012, 0.55084801, 0.5476566, 0.54473126, 0.54449129, 0.53911704, 0.53843427]",4,0,0,1,1,4b7c7532a94594844061c797ba4cb1657ae84c54e804faa49e6c99350b41f834,4b37a5ed9cfdc71b591d28bacc024e42e8ebe679ab10903583897e072da5c95b,2026-08-06T20:58:55.646094+00:00
Q008,attribute,T1500,DENSE,"['T1500-1625', 'T1500-1626', 'T1500-1618', 'T1500-1546', 'T1500-1643', 'T1500-0097', 'T1500-0198', 'T1500-1648', 'T1500-0036', 'T1500-1613']","[0.63539302, 0.61841291, 0.60487235, 0.6023218, 0.60183823, 0.60110432, 0.59942257, 0.5944773, 0.59349501, 0.59125561]",,0,0,0,0,c221246c809e91c9f7959fd6099aa8489b464b26fb136419e1b3b64926ed2d90,4b37a5ed9cfdc71b591d28bacc024e42e8ebe679ab10903583897e072da5c95b,2026-08-06T20:58:55.646662+00:00
Q009,price,T1500,DENSE,"['T1500-1567', 'T1500-1565', 'T1500-1611', 'T1500-1638', 'T1500-0121', 'T1500-1621', 'T1500-0040', 'T1500-1634', 'T1500-1558', 'T1500-1571']","[0.65216678, 0.58063394, 0.55420274, 0.55014932, 0.54501593, 0.53741455, 0.53594303, 0.53224647, 0.52968621, 0.52738994]",1,1,1,1,1,1e041530cbdd16f4c649a79b9be701cac9342d113a97477922a048088a0b6f46,4b37a5ed9cfdc71b591d28bacc024e42e8ebe679ab10903583897e072da5c95b,2026-08-06T20:58:55.647124+00:00
Q010,attribute,T1500,DENSE,"['T1500-0528', 'T1500-0529', 'T1500-0534', 'T1500-0432', 'T1500-0530', 'T1500-0434', 'T1500-0439', 'T1500-0444', 'T1500-0527', 'T1500-0448']","[0.67851126, 0.67445016, 0.67224908, 0.66298914, 0.66167891, 0.66065246, 0.66018116, 0.6587615, 0.65844017, 0.65824628]",1,1,1,1,1,8464b0207cdff8f9cacdaa62103085147699817cb78f292c57b610d70ea5695d,4b37a5ed9cfdc71b591d28bacc024e42e8ebe679ab10903583897e072da5c95b,2026-08-06T20:58:55.647746+00:00
Q011,price,T1500,DENSE,"['T1500-1386', 'T1500-1383', 'T1500-1384', 'T1500-1360', 'T1500-1361', 'T1500-0052', 'T1500-0051', 'T1500-1358', 'T1500-0050', 'T1500-0048']","[0.65700591, 0.64600933, 0.63899589, 0.62198466, 0.60786319, 0.59956145, 0.58204222, 0.57366842, 0.57204878, 0.56505185]",1,1,1,1,1,98e8263dea4c229e5ab838825bf5597870c2864f07ba19a8d82c75f825e1489b,4b37a5ed9cfdc71b591d28bacc024e42e8ebe679ab10903583897e072da5c95b,2026-08-06T20:58:55.648191+00:00
Q012,attribute,T1500,DENSE,"['T1500-0400', 'T1500-0396', 'T1500-0812', 'T1500-0397', 'T1500-1722', 'T1500-0401', 'T1500-0393', 'T1500-0392', 'T1500-0705', 'T1500-0394']","[0.56491888, 0.54434222, 0.54242265, 0.54026139, 0.53811657, 0.53744709, 0.53613198, 0.53261065, 0.53073084, 0.53017801]",,0,0,0,0,bd0396f9677602e4f9c984ff699b54f47edd2ff10824aaffb00d280e56a11d98,4b37a5ed9cfdc71b591d28bacc024e42e8ebe679ab10903583897e072da5c95b,2026-08-06T20:58:55.648649+00:00
Q013,attribute,T1500,DENSE,"['T1500-0341', 'T1500-0333', 'T1500-0344', 'T1500-0342', 'T1500-0354', 'T1500-0336', 'T1500-0337', 'T1500-0321', 'T1500-0355', 'T1500-0324']","[0.63653898, 0.62940627, 0.62914556, 0.62904215, 0.62360799, 0.61388987, 0.61342865, 0.60664344, 0.60566211, 0.60549134]",,0,0,0,0,27c188fcfa0a8df3a7ef9db7371a765b775aa7f7f7ca65556b1d4135f4972286,4b37a5ed9cfdc71b591d28bacc024e42e8ebe679ab10903583897e072da5c95b,2026-08-06T20:58:55.649110+00:00
Q014,price,T1500,DENSE,"['T1500-1537', 'T1500-1538', 'T1500-1601', 'T1500-1535', 'T1500-1599', 'T1500-1613', 'T1500-1605', 'T1500-1534', 'T1500-1604', 'T1500-1602']","[0.51674652, 0.48800403, 0.47067678, 0.467448, 0.46568492, 0.46264786, 0.46139365, 0.45688218, 0.45234632, 0.44885713]",2,0,1,1,1,a2916f8e16349cacfb064af98e283b2f6c2e4e4b510f6fe50a432d68b4b00377,4b37a5ed9cfdc71b591d28bacc024e42e8ebe679ab10903583897e072da5c95b,2026-08-06T20:58:55.649544+00:00
Q015,price,T1500,DENSE,"['T1500-1231', 'T1500-1233', 'T1500-1232', 'T1500-1228', 'T1500-1230', 'T1500-1263', 'T1500-1234', 'T1500-1229', 'T1500-1265', 'T1500-1832']","[0.72051311, 0.68253672, 0.6823191, 0.67966151, 0.67275298, 0.66707432, 0.65343952, 0.65309036, 0.64661556, 0.62696493]",1,1,1,1,1,a80003d6ae3ff295c093f2404ae8ac063ef9ef346b56a84c0acdd65111ef1ef6,4b37a5ed9cfdc71b591d28bacc024e42e8ebe679ab10903583897e072da5c95b,2026-08-06T20:58:55.649946+00:00
Q016,attribute,T1500,DENSE,"['T1500-1014', 'T1500-1017', 'T1500-1013', 'T1500-1094', 'T1500-1015', 'T1500-1016', 'T1500-1018', 'T1500-1091', 'T1500-1974', 'T1500-1972']","[0.68415678, 0.68401378, 0.67224789, 0.64898109, 0.64652121, 0.64525223, 0.63820899, 0.63639677, 0.63498366, 0.62873864]",,0,0,0,0,21739205be7d9c316a2dbba2c4f6d14b94259cdd3ec7916da0cef16d9236040c,4b37a5ed9cfdc71b591d28bacc024e42e8ebe679ab10903583897e072da5c95b,2026-08-06T20:58:55.650416+00:00
Q017,attribute,T1500,DENSE,"['T1500-1803', 'T1500-1796', 'T1500-1975', 'T1500-1947', 'T1500-1800', 'T1500-1802', 'T1500-1805', 'T1500-1976', 'T1500-1955', 'T1500-1906']","[0.67159283, 0.66017902, 0.65571779, 0.64987898, 0.64826775, 0.64798462, 0.64087814, 0.63878769, 0.63811743, 0.63673741]",2,0,1,1,1,2a321e0a7b0a1c70ea5bea197d15654b1e9a19355309bd6fe61cd258d9d72ecf,4b37a5ed9cfdc71b591d28bacc024e42e8ebe679ab10903583897e072da5c95b,2026-08-06T20:58:55.650876+00:00
Q018,attribute,T1500,DENSE,"['T1500-1630', 'T1500-1545', 'T1500-1338', 'T1500-1627', 'T1500-1602', 'T1500-1546', 'T1500-0127', 'T1500-1634', 'T1500-1614', 'T1500-1617']","[0.48817474, 0.48434687, 0.48371527, 0.48202431, 0.48157567, 0.47680703, 0.47511607, 0.4741962, 0.47380719, 0.47366154]",,0,0,0,0,be3cbea80945eab697f8baa07af46d043cc2722f3f4ae56debc891ae0b791e59,4b37a5ed9cfdc71b591d28bacc024e42e8ebe679ab10903583897e072da5c95b,2026-08-06T20:58:55.651310+00:00
Q019,attribute,T1500,DENSE,"['T1500-1635', 'T1500-1637', 'T1500-1534', 'T1500-0096', 'T1500-0067', 'T1500-1659', 'T1500-1656', 'T1500-1653', 'T1500-0085', 'T1500-0119']","[0.55023658, 0.54859298, 0.54499829, 0.54318047, 0.54264557, 0.53792417, 0.53724998, 0.53247577, 0.53224754, 0.53224373]",2,0,1,1,1,0a91a2bcee55e662d66c3b1497721adcebf68fe2c48ff4511961ef6769b6c3fd,4b37a5ed9cfdc71b591d28bacc024e42e8ebe679ab10903583897e072da5c95b,2026-08-06T20:58:55.651773+00:00
Q020,attribute,T1500,DENSE,"['T1500-1564', 'T1500-1562', 'T1500-1641', 'T1500-1555', 'T1500-1535', 'T1500-1546', 'T1500-1599', 'T1500-1329', 'T1500-1635', 'T1500-1713']","[0.5952943, 0.53508967, 0.52090824, 0.51338327, 0.50865662, 0.50422072, 0.50411016, 0.50317293, 0.49720466, 0.4964546]",7,0,0,0,1,116dba510243e25bd48d2da2c803a1ab6e9a42b3f657cd5f841b66f79c948450,4b37a5ed9cfdc71b591d28bacc024e42e8ebe679ab10903583897e072da5c95b,2026-08-06T20:58:55.652195+00:00
Q021,price,T1500,DENSE,"['T1500-1951', 'T1500-1952', 'T1500-1949', 'T1500-1964', 'T1500-1954', 'T1500-1976', 'T1500-1948', 'T1500-1802', 'T1500-1803', 'T1500-1975']","[0.6947248, 0.69166315, 0.68281358, 0.67459214, 0.66692567, 0.66225886, 0.65906906, 0.65318161, 0.65267581, 0.65253317]",4,0,0,1,1,f2cb3755b85f79c59b1932f7894e9268ed857ce3743ea20932f2af2f7dd821c6,4b37a5ed9cfdc71b591d28bacc024e42e8ebe679ab10903583897e072da5c95b,2026-08-06T20:58:55.652626+00:00
Q022,price,T1500,DENSE,"['T1500-0437', 'T1500-0533', 'T1500-0873', 'T1500-0531', 'T1500-0436', 'T1500-0438', 'T1500-0532', 'T1500-0534', 'T1500-0543', 'T1500-0439']","[0.65626246, 0.65441906, 0.6530059, 0.65283281, 0.6518501, 0.65179932, 0.65101326, 0.64838314, 0.64712089, 0.64642429]",1,1,1,1,1,7249145d51f8167d9f214f805ca9c4a91dd247d69b2a057cd8e2f0e395210604,4b37a5ed9cfdc71b591d28bacc024e42e8ebe679ab10903583897e072da5c95b,2026-08-06T20:58:55.653043+00:00
Q023,price,T1500,DENSE,"['T1500-1949', 'T1500-1952', 'T1500-1951', 'T1500-1954', 'T1500-1976', 'T1500-1802', 'T1500-1955', 'T1500-1975', 'T1500-1803', 'T1500-1964']","[0.64623296, 0.63954604, 0.63821179, 0.63797671, 0.63742399, 0.63419843, 0.62778968, 0.62473607, 0.62325191, 0.61915141]",4,0,0,1,1,e1b1f126f0537effb5ec452a2812469cef2362c0b0c655356b693ce95c16f2c4,4b37a5ed9cfdc71b591d28bacc024e42e8ebe679ab10903583897e072da5c95b,2026-08-06T20:58:55.653449+00:00
Q024,attribute,T1500,DENSE,"['T1500-0697', 'T1500-0401', 'T1500-0685', 'T1500-0760', 'T1500-0705', 'T1500-0716', 'T1500-2092', 'T1500-0695', 'T1500-0714', 'T1500-0399']","[0.55672151, 0.55599535, 0.55473024, 0.55348074, 0.55288917, 0.55196226, 0.55186403, 0.54897481, 0.54837954, 0.54779977]",,0,0,0,0,6411c0d0819a8766ef1738c514c22f1182d5a7fe2bc1bb1b1cf0d67402e4f12b,4b37a5ed9cfdc71b591d28bacc024e42e8ebe679ab10903583897e072da5c95b,2026-08-06T20:58:55.653857+00:00
Q025,price,T1500,DENSE,"['T1500-1339', 'T1500-1331', 'T1500-0010', 'T1500-1335', 'T1500-1327', 'T1500-1329', 'T1500-1338', 'T1500-2069', 'T1500-1693', 'T1500-1688']","[0.57719135, 0.55191422, 0.55039978, 0.54453045, 0.54433954, 0.54404294, 0.54212576, 0.54031616, 0.5402478, 0.53261507]",7,0,0,0,1,2696fcf86e3b8362430147c56b3b97df4c690f6d605c598f36e3aa39cfbad58b,4b37a5ed9cfdc71b591d28bacc024e42e8ebe679ab10903583897e072da5c95b,2026-08-06T20:58:55.654268+00:00
Q026,price,T1500,DENSE,"['T1500-1353', 'T1500-1367', 'T1500-1369', 'T1500-1348', 'T1500-1356', 'T1500-1352', 'T1500-1357', 'T1500-1382', 'T1500-1366', 'T1500-1383']","[0.63823593, 0.63799274, 0.629915, 0.61877412, 0.59175897, 0.59172636, 0.58877623, 0.58869064, 0.58846533, 0.58559668]",3,0,1,1,1,46f459bde31a4ba025c5f7763d0abe3c98be6ddb8ca9144db9e53140e344bac6,4b37a5ed9cfdc71b591d28bacc024e42e8ebe679ab10903583897e072da5c95b,2026-08-06T20:58:55.654659+00:00
Q027,price,T1500,DENSE,"['T1500-1855', 'T1500-1854', 'T1500-1811', 'T1500-1939', 'T1500-1810', 'T1500-1815', 'T1500-1938', 'T1500-1814', 'T1500-1813', 'T1500-1832']","[0.60778463, 0.56883073, 0.56518066, 0.56165266, 0.56017292, 0.55423635, 0.54887843, 0.547207, 0.54708374, 0.54309046]",2,0,1,1,1,36b50107fa62ce56aa7e9d51ce36363b7e4f987c46a5b435ce913b93f98d734b,4b37a5ed9cfdc71b591d28bacc024e42e8ebe679ab10903583897e072da5c95b,2026-08-06T20:58:55.655050+00:00
Q028,attribute,T1500,DENSE,"['T1500-2093', 'T1500-2097', 'T1500-2094', 'T1500-0758', 'T1500-1044', 'T1500-1779', 'T1500-0760', 'T1500-0756', 'T1500-0769', 'T1500-2102']","[0.59319735, 0.59086215, 0.57538176, 0.56734502, 0.56356335, 0.56270003, 0.56194216, 0.56027275, 0.56010997, 0.55997878]",,0,0,0,0,d07d4735ecc3432fbfc4c2573233e98a6c9043bd046c73e17eba253369c4be5a,4b37a5ed9cfdc71b591d28bacc024e42e8ebe679ab10903583897e072da5c95b,2026-08-06T20:58:55.655467+00:00
Q029,price,T1500,DENSE,"['T1500-1938', 'T1500-1537', 'T1500-1542', 'T1500-1529', 'T1500-1534', 'T1500-1335', 'T1500-1939', 'T1500-1947', 'T1500-1346', 'T1500-1820']","[0.46421045, 0.45507079, 0.45193717, 0.44914293, 0.44337839, 0.43668702, 0.43450472, 0.43446919, 0.43378043, 0.43185955]",,0,0,0,0,faee91e538ef045c568482ad1643dfc84568e9601e5f6ce7f80e94d3f11bf3ed,4b37a5ed9cfdc71b591d28bacc024e42e8ebe679ab10903583897e072da5c95b,2026-08-06T20:58:55.655869+00:00
Q030,attribute,T1500,DENSE,"['T1500-2092', 'T1500-0389', 'T1500-0401', 'T1500-1755', 'T1500-0760', 'T1500-0643', 'T1500-0659', 'T1500-0645', 'T1500-0646', 'T1500-0770']","[0.55783468, 0.55453157, 0.55180198, 0.5504272, 0.54911989, 0.54839385, 0.54793137, 0.54513985, 0.54423004, 0.54340786]",2,0,1,1,1,da30b530434ef5e203a443d0bfe3239bf6469b43df6365b32edd327b9043f02e,4b37a5ed9cfdc71b591d28bacc024e42e8ebe679ab10903583897e072da5c95b,2026-08-06T20:58:55.656327+00:00
Q031,attribute,T1500,DENSE,"['T1500-1982', 'T1500-1985', 'T1500-1988', 'T1500-1983', 'T1500-1805', 'T1500-1233', 'T1500-1970', 'T1500-1231', 'T1500-1986', 'T1500-1234']","[0.60537022, 0.60467231, 0.59947771, 0.59183377, 0.58134502, 0.58130014, 0.57919449, 0.57464433, 0.57461888, 0.57404649]",1,1,1,1,1,df2debf9e71566709d26a751b166490f2c236248091ea5556c5623f7d1813e27,4b37a5ed9cfdc71b591d28bacc024e42e8ebe679ab10903583897e072da5c95b,2026-08-06T20:58:55.656776+00:00
Q032,price,T1500,DENSE,"['T1500-1841', 'T1500-1839', 'T1500-1941', 'T1500-1938', 'T1500-1809', 'T1500-1815', 'T1500-1939', 'T1500-1806', 'T1500-1920', 'T1500-1845']","[0.70473742, 0.64745319, 0.6393531, 0.62684643, 0.62115467, 0.6121431, 0.61074346, 0.601771, 0.59932137, 0.59783018]",1,1,1,1,1,e2c015ee70445ff59a146cec92e2498b780971fa144351ed0f2a63e3ba419293,4b37a5ed9cfdc71b591d28bacc024e42e8ebe679ab10903583897e072da5c95b,2026-08-06T20:58:55.657163+00:00
Q033,attribute,T1500,DENSE,"['T1500-1550', 'T1500-1558', 'T1500-1549', 'T1500-1557', 'T1500-1554', 'T1500-1611', 'T1500-0119', 'T1500-1641', 'T1500-1560', 'T1500-1534']","[0.6586622, 0.60670149, 0.56943214, 0.55985641, 0.55479872, 0.52645695, 0.52476734, 0.52441359, 0.52160335, 0.52119374]",1,1,1,1,1,785d8a4f035c54da8b460fe4cff17cda0f2f588bc3a1d2adb29ecfd8ee9b453f,4b37a5ed9cfdc71b591d28bacc024e42e8ebe679ab10903583897e072da5c95b,2026-08-06T20:58:55.657799+00:00
Q034,attribute,T1500,DENSE,"['T1500-1975', 'T1500-1976', 'T1500-1802', 'T1500-1920', 'T1500-1803', 'T1500-1995', 'T1500-1805', 'T1500-1967', 'T1500-1201', 'T1500-1978']","[0.7063179, 0.68345213, 0.66027915, 0.65364534, 0.64717686, 0.64675581, 0.63980377, 0.63681024, 0.63438678, 0.63416052]",,0,0,0,0,2d10b2fbecfefab06a308d79ab14ee0ed5278559760abb1a402688d98914a590,4b37a5ed9cfdc71b591d28bacc024e42e8ebe679ab10903583897e072da5c95b,2026-08-06T20:58:55.658350+00:00
Q035,attribute,T1500,DENSE,"['T1500-1617', 'T1500-1615', 'T1500-1627', 'T1500-1648', 'T1500-1634', 'T1500-1591', 'T1500-1546', 'T1500-1623', 'T1500-1633', 'T1500-1611']","[0.60604596, 0.56644893, 0.55184108, 0.54727042, 0.54632461, 0.54207885, 0.54074579, 0.53767991, 0.53587824, 0.53545946]",,0,0,0,0,1d9f881d89be94760c950ff65a96f44cf37d6199abf4065274c3893d478d79ab,4b37a5ed9cfdc71b591d28bacc024e42e8ebe679ab10903583897e072da5c95b,2026-08-06T20:58:55.658865+00:00
Q036,attribute,T1500,DENSE,"['T1500-1594', 'T1500-0070', 'T1500-1591', 'T1500-0107', 'T1500-1546', 'T1500-1648', 'T1500-1617', 'T1500-0103', 'T1500-1621', 'T1500-1537']","[0.55708069, 0.55492377, 0.55444062, 0.55082262, 0.54599833, 0.54306167, 0.54293501, 0.53970063, 0.53885138, 0.53860778]",2,0,1,1,1,f8049b4cf2016a6aa570a641371de444215928ca645467a1307210ce014613d6,4b37a5ed9cfdc71b591d28bacc024e42e8ebe679ab10903583897e072da5c95b,2026-08-06T20:58:55.659363+00:00
Q037,attribute,T1500,DENSE,"['T1500-1200', 'T1500-1201', 'T1500-1199', 'T1500-1202', 'T1500-1205', 'T1500-1203', 'T1500-1975', 'T1500-1160', 'T1500-1955', 'T1500-1204']","[0.67329842, 0.6688602, 0.65807199, 0.635535, 0.62678397, 0.62055528, 0.61729562, 0.61568695, 0.60817993, 0.60796392]",1,1,1,1,1,dd46f2ca6d03301dec3323cb4a87a0737212959ee1d2df56f7b6b35850c2a2b2,4b37a5ed9cfdc71b591d28bacc024e42e8ebe679ab10903583897e072da5c95b,2026-08-06T20:58:55.659893+00:00
Q038,attribute,T1500,DENSE,"['T1500-1649', 'T1500-1651', 'T1500-1422', 'T1500-1648', 'T1500-0129', 'T1500-1370', 'T1500-1376', 'T1500-1621', 'T1500-1630', 'T1500-1652']","[0.59838128, 0.54832029, 0.54740119, 0.54158247, 0.54062456, 0.53376526, 0.52689362, 0.52605408, 0.5244469, 0.52370751]",1,1,1,1,1,4c0079661935c4c0355919a3856cb84e349440087da04292506da535b6cee0c9,4b37a5ed9cfdc71b591d28bacc024e42e8ebe679ab10903583897e072da5c95b,2026-08-06T20:58:55.660418+00:00
Q039,price,T1500,DENSE,"['T1500-1309', 'T1500-0430', 'T1500-1335', 'T1500-0415', 'T1500-0420', 'T1500-1498', 'T1500-1534', 'T1500-0413', 'T1500-1339', 'T1500-1336']","[0.48606518, 0.4682658, 0.45708072, 0.45251638, 0.44888425, 0.44600126, 0.44578859, 0.44463056, 0.44217089, 0.44003564]",,0,0,0,0,a68dc22430bd70b962ac044241cb2ede627f78f54b327972be36635a7dde78a0,4b37a5ed9cfdc71b591d28bacc024e42e8ebe679ab10903583897e072da5c95b,2026-08-06T20:58:55.660859+00:00
Q040,attribute,T1500,DENSE,"['T1500-0299', 'T1500-0300', 'T1500-1749', 'T1500-0298', 'T1500-1747', 'T1500-0305', 'T1500-0302', 'T1500-1383', 'T1500-1614', 'T1500-0016']","[0.70004964, 0.69317544, 0.65956438, 0.62454462, 0.6019212, 0.57326972, 0.56830066, 0.55438566, 0.55258143, 0.54911739]",9,0,0,0,1,60dd4723eb92301208520043ff4b454b0669e8cfa856d62c6127e8c8baa26774,4b37a5ed9cfdc71b591d28bacc024e42e8ebe679ab10903583897e072da5c95b,2026-08-06T20:58:55.661322+00:00
Q041,attribute,T1500,DENSE,"['T1500-1706', 'T1500-1709', 'T1500-1705', 'T1500-1699', 'T1500-1685', 'T1500-1688', 'T1500-1693', 'T1500-0892', 'T1500-1703', 'T1500-1673']","[0.65335661, 0.64310765, 0.61854953, 0.6132558, 0.60975772, 0.60819393, 0.59686947, 0.59573692, 0.58274591, 0.58023036]",1,1,1,1,1,9677590218dee84df7d35781a840d58479b82c2818ae72218839906cf7046d15,4b37a5ed9cfdc71b591d28bacc024e42e8ebe679ab10903583897e072da5c95b,2026-08-06T20:58:55.661806+00:00
Q042,attribute,T1500,DENSE,"['T1500-1627', 'T1500-1629', 'T1500-1591', 'T1500-1613', 'T1500-0070', 'T1500-1546', 'T1500-1634', 'T1500-1537', 'T1500-1648', 'T1500-1630']","[0.62527925, 0.57957059, 0.57064897, 0.56943333, 0.56176269, 0.56112772, 0.5609411, 0.5607639, 0.56056637, 0.56020951]",,0,0,0,0,5b4483356d58b9e1336d9ca4eec05777697977337e71b2259a4308167d6a0e88,4b37a5ed9cfdc71b591d28bacc024e42e8ebe679ab10903583897e072da5c95b,2026-08-06T20:58:55.662325+00:00
Q043,attribute,T1500,DENSE,"['T1500-0534', 'T1500-0528', 'T1500-0527', 'T1500-0432', 'T1500-0529', 'T1500-0448', 'T1500-0439', 'T1500-0538', 'T1500-0537', 'T1500-0530']","[0.67905557, 0.6752277, 0.67489111, 0.67218351, 0.67120087, 0.66792727, 0.66777897, 0.66736209, 0.66692877, 0.66588849]",2,0,1,1,1,882ab44efeef7d0cb1ed01601b6aeaf4c73b8f387dec9efa5ab788fea1c101ba,4b37a5ed9cfdc71b591d28bacc024e42e8ebe679ab10903583897e072da5c95b,2026-08-06T20:58:55.662812+00:00
Q044,attribute,T1500,DENSE,"['T1500-0225', 'T1500-0226', 'T1500-0224', 'T1500-0223', 'T1500-0885', 'T1500-0227', 'T1500-1223', 'T1500-0211', 'T1500-1080', 'T1500-1017']","[0.62219435, 0.61539394, 0.61370909, 0.58932674, 0.56852734, 0.56423998, 0.56185746, 0.55699807, 0.55211276, 0.55121034]",1,1,1,1,1,12b2ccb66d0f679501540c1665f4ba38028868b21e3077bdfaa443cf926a7f6a,4b37a5ed9cfdc71b591d28bacc024e42e8ebe679ab10903583897e072da5c95b,2026-08-06T20:58:55.663308+00:00
Q045,price,T1500,DENSE,"['T1500-1614', 'T1500-1537', 'T1500-1613', 'T1500-1534', 'T1500-1637', 'T1500-1605', 'T1500-1538', 'T1500-1339', 'T1500-1693', 'T1500-1336']","[0.62001544, 0.53409111, 0.53387278, 0.53386259, 0.53269541, 0.52860481, 0.5261991, 0.52215701, 0.52167201, 0.52160478]",1,1,1,1,1,ed56217445d145c023017f4a42f7f22078b0f2a05e61142ed090bcc46bf9c72e,4b37a5ed9cfdc71b591d28bacc024e42e8ebe679ab10903583897e072da5c95b,2026-08-06T20:58:55.663745+00:00
Q046,price,T1500,DENSE,"['T1500-0072', 'T1500-1631', 'T1500-1623', 'T1500-1542', 'T1500-1625', 'T1500-1626', 'T1500-1646', 'T1500-1592', 'T1500-1630', 'T1500-0129']","[0.62817252, 0.62242347, 0.61134362, 0.60820824, 0.60784888, 0.60760903, 0.60746533, 0.60293221, 0.60132694, 0.60056782]",1,1,1,1,1,b3ae3f9c270615662398a303643e69920d1202163d7112b0eff81b39a55214df,4b37a5ed9cfdc71b591d28bacc024e42e8ebe679ab10903583897e072da5c95b,2026-08-06T20:58:55.664255+00:00
Q047,attribute,T1500,DENSE,"['T1500-1951', 'T1500-1952', 'T1500-1949', 'T1500-1954', 'T1500-1955', 'T1500-1025', 'T1500-1975', 'T1500-1976', 'T1500-1965', 'T1500-1803']","[0.7123372, 0.69884545, 0.69666898, 0.69251132, 0.68777668, 0.68457294, 0.67633116, 0.67167521, 0.66140735, 0.66055691]",6,0,0,0,1,031b79b565ab7a7d3f92fe9b9762ac4331438962a66f76ddfad387e21abdb995,4b37a5ed9cfdc71b591d28bacc024e42e8ebe679ab10903583897e072da5c95b,2026-08-06T20:58:55.664754+00:00
Q048,price,T1500,DENSE,"['T1500-1980', 'T1500-1979', 'T1500-1978', 'T1500-1975', 'T1500-1976', 'T1500-1982', 'T1500-1920', 'T1500-1967', 'T1500-1802', 'T1500-1964']","[0.69872963, 0.67910671, 0.67487955, 0.64884198, 0.63798773, 0.6332956, 0.62464064, 0.62289333, 0.62038815, 0.61988759]",1,1,1,1,1,33030868eb141530542a49270613474d36ad3747c568df15ef7680c2687d4665,4b37a5ed9cfdc71b591d28bacc024e42e8ebe679ab10903583897e072da5c95b,2026-08-06T20:58:55.665406+00:00
Q049,attribute,T1500,DENSE,"['T1500-1124', 'T1500-1971', 'T1500-1128', 'T1500-1121', 'T1500-1127', 'T1500-1125', 'T1500-1126', 'T1500-1783', 'T1500-1974', 'T1500-1131']","[0.62807429, 0.61936378, 0.61632872, 0.60913026, 0.60710758, 0.60636288, 0.60603464, 0.60545242, 0.60201216, 0.59672117]",2,0,1,1,1,661c1a740d8efc1c1ad8949d6844bc356882ff19cb0eb12eca423d800d2a8ebe,4b37a5ed9cfdc71b591d28bacc024e42e8ebe679ab10903583897e072da5c95b,2026-08-06T20:58:55.672535+00:00
Q050,price,T1500,DENSE,"['T1500-1976', 'T1500-1988', 'T1500-1978', 'T1500-1826', 'T1500-1975', 'T1500-1234', 'T1500-1233', 'T1500-1964', 'T1500-1805', 'T1500-1899']","[0.60450947, 0.58027273, 0.57963014, 0.55944335, 0.55729753, 0.55119622, 0.54987168, 0.54904628, 0.54622298, 0.54513997]",1,1,1,1,1,d65ddba4bebd758abca9e6387c0a087a8160922e59f052a30a2a93d121d306bb,4b37a5ed9cfdc71b591d28bacc024e42e8ebe679ab10903583897e072da5c95b,2026-08-06T20:58:55.673032+00:00
Q051,attribute,T1500,DENSE,"['T1500-1232', 'T1500-1231', 'T1500-1233', 'T1500-1234', 'T1500-1228', 'T1500-1230', 'T1500-1263', 'T1500-1229', 'T1500-1265', 'T1500-1988']","[0.6885469, 0.68389738, 0.67479175, 0.66767079, 0.66704112, 0.66200745, 0.65216619, 0.64718401, 0.63744962, 0.60251844]",5,0,0,1,1,dc9752bdc4dbafe3d716ab933ee28319f1ca874f14c7675d1ba3d3e69021b612,4b37a5ed9cfdc71b591d28bacc024e42e8ebe679ab10903583897e072da5c95b,2026-08-06T20:58:55.673540+00:00
Q052,attribute,T1500,DENSE,"['T1500-1920', 'T1500-1975', 'T1500-1951', 'T1500-1964', 'T1500-1967', 'T1500-1181', 'T1500-1803', 'T1500-1168', 'T1500-1947', 'T1500-1171']","[0.65151191, 0.65135658, 0.63874984, 0.63614142, 0.63496709, 0.6344614, 0.63395232, 0.63358498, 0.63297528, 0.63238412]",4,0,0,1,1,3e0c19e366df16d1eed0f9dc657ffcb558575af3d4b2ed4fbb8a3f6883786c4f,4b37a5ed9cfdc71b591d28bacc024e42e8ebe679ab10903583897e072da5c95b,2026-08-06T20:58:55.674043+00:00
Q053,price,T1500,DENSE,"['T1500-0927', 'T1500-1861', 'T1500-1730', 'T1500-1214', 'T1500-1213', 'T1500-1351', 'T1500-1674', 'T1500-1665', 'T1500-1366', 'T1500-0430']","[0.55091065, 0.49877304, 0.49199411, 0.48502412, 0.48339036, 0.4828012, 0.48228976, 0.4821291, 0.48031271, 0.47909874]",1,1,1,1,1,c084fa28cd981b1dc4afd0a791b090ac7a9a69115a1f817225d5218475b9a982,4b37a5ed9cfdc71b591d28bacc024e42e8ebe679ab10903583897e072da5c95b,2026-08-06T20:58:55.674502+00:00
Q054,attribute,T1500,DENSE,"['T1500-1154', 'T1500-1155', 'T1500-1153', 'T1500-1147', 'T1500-1160', 'T1500-1920', 'T1500-1150', 'T1500-1976', 'T1500-1148', 'T1500-1975']","[0.68642461, 0.68464231, 0.66166234, 0.6551441, 0.64566052, 0.64352149, 0.64003134, 0.63757426, 0.63711208, 0.6358248]",,0,0,0,0,fcce046289cf5ea17529a4eb6f4af971164ac8c36f2162c9e803958aa7da1aa7,4b37a5ed9cfdc71b591d28bacc024e42e8ebe679ab10903583897e072da5c95b,2026-08-06T20:58:55.674941+00:00
Q055,price,T1500,DENSE,"['T1500-1061', 'T1500-1976', 'T1500-1920', 'T1500-1947', 'T1500-1975', 'T1500-1803', 'T1500-1951', 'T1500-1965', 'T1500-1952', 'T1500-1059']","[0.63079441, 0.63011694, 0.62361234, 0.62237251, 0.61633384, 0.61592925, 0.61499298, 0.61265314, 0.61232716, 0.61143893]",1,1,1,1,1,9c23361414860d97d655d8647a3e2819f44b0d06174592683773cb3479c89276,4b37a5ed9cfdc71b591d28bacc024e42e8ebe679ab10903583897e072da5c95b,2026-08-06T20:58:55.675382+00:00
Q056,price,T1500,DENSE,"['T1500-0300', 'T1500-0299', 'T1500-1749', 'T1500-1747', 'T1500-0298', 'T1500-0305', 'T1500-0302', 'T1500-0306', 'T1500-1587', 'T1500-0307']","[0.68677163, 0.67635375, 0.66641033, 0.60380197, 0.58866739, 0.58510399, 0.55666578, 0.55228686, 0.55010164, 0.53778869]",1,1,1,1,1,b88e7b5c06d7e9432120b429b9ad11b6fa9e323f55323aa1faeaed303226d9ab,4b37a5ed9cfdc71b591d28bacc024e42e8ebe679ab10903583897e072da5c95b,2026-08-06T20:58:55.675785+00:00
Q057,price,T1500,DENSE,"['T1500-1832', 'T1500-1859', 'T1500-1933', 'T1500-1830', 'T1500-0211', 'T1500-0929', 'T1500-1781', 'T1500-1529', 'T1500-1848', 'T1500-1861']","[0.55189294, 0.54201651, 0.53318381, 0.53125846, 0.53058124, 0.52889413, 0.52509511, 0.52466691, 0.52322888, 0.52242333]",6,0,0,0,1,5a9204327ca943122223305c25821bee0bd45763870943b35719fd9e6584f949,4b37a5ed9cfdc71b591d28bacc024e42e8ebe679ab10903583897e072da5c95b,2026-08-06T20:58:55.676195+00:00
Q058,attribute,T1500,DENSE,"['T1500-0097', 'T1500-1617', 'T1500-1648', 'T1500-1618', 'T1500-1639', 'T1500-1591', 'T1500-1638', 'T1500-0073', 'T1500-1541', 'T1500-1573']","[0.60378885, 0.5989151, 0.59477198, 0.59377468, 0.59199083, 0.58797157, 0.58670241, 0.58448339, 0.57963622, 0.57884544]",8,0,0,0,1,94aaaf6613c41265964d259ad2b5d9190a330f4b3279d97460fa5bda283e694b,4b37a5ed9cfdc71b591d28bacc024e42e8ebe679ab10903583897e072da5c95b,2026-08-06T20:58:55.676645+00:00
Q059,price,T1500,DENSE,"['T1500-1346', 'T1500-1350', 'T1500-1628', 'T1500-1418', 'T1500-1381', 'T1500-1433', 'T1500-1436', 'T1500-1438', 'T1500-1416', 'T1500-1528']","[0.52663147, 0.51505482, 0.51476622, 0.51405108, 0.51397967, 0.51341605, 0.51319242, 0.51285493, 0.51258034, 0.51150286]",,0,0,0,0,fe86a6a9ffd76f2441a0885aae52db72a4c56cf21f427769b1c5f7a4e8fa75f3,4b37a5ed9cfdc71b591d28bacc024e42e8ebe679ab10903583897e072da5c95b,2026-08-06T20:58:55.677055+00:00
Q060,price,T1500,DENSE,"['T1500-0225', 'T1500-0226', 'T1500-0224', 'T1500-0223', 'T1500-0227', 'T1500-0228', 'T1500-0885', 'T1500-0892', 'T1500-1688', 'T1500-2052']","[0.59994763, 0.59206587, 0.58970088, 0.56132936, 0.55050647, 0.533176, 0.50519651, 0.49994197, 0.49889985, 0.49799651]",1,1,1,1,1,54c604dcdffd88c41eea5be5fb4e31d957f909ac771a1d5942ac4c07d7563b2e,4b37a5ed9cfdc71b591d28bacc024e42e8ebe679ab10903583897e072da5c95b,2026-08-06T20:58:55.677504+00:00
Q061,attribute,T1500,DENSE,"['T1500-1560', 'T1500-1558', 'T1500-1533', 'T1500-1546', 'T1500-1561', 'T1500-1634', 'T1500-1641', 'T1500-1550', 'T1500-1588', 'T1500-1555']","[0.62408555, 0.55923712, 0.54569745, 0.54006463, 0.52795696, 0.51731312, 0.50918657, 0.5083878, 0.50213337, 0.50143903]",,0,0,0,0,f61c960bf55513f58a4ce5bfa4b66875fd72b79029d33e94765cc9706fb7808f,4b37a5ed9cfdc71b591d28bacc024e42e8ebe679ab10903583897e072da5c95b,2026-08-06T20:58:55.677956+00:00
Q062,attribute,T1500,DENSE,"['T1500-1120', 'T1500-0651', 'T1500-0769', 'T1500-1108', 'T1500-0646', 'T1500-0671', 'T1500-0650', 'T1500-0746', 'T1500-0649', 'T1500-0673']","[0.56944668, 0.54974037, 0.54933029, 0.54669416, 0.54597324, 0.54559988, 0.54422021, 0.54415864, 0.54362273, 0.54351485]",,0,0,0,0,5c8adef11b7f9f14fdaf3f2b05f4bf2eade2fd127cc06c168c30d5a264f2e19b,4b37a5ed9cfdc71b591d28bacc024e42e8ebe679ab10903583897e072da5c95b,2026-08-06T20:58:55.678442+00:00
Q063,attribute,T1500,DENSE,"['T1500-0128', 'T1500-1533', 'T1500-1621', 'T1500-1634', 'T1500-1629', 'T1500-1594', 'T1500-0190', 'T1500-1622', 'T1500-0074', 'T1500-1611']","[0.62017143, 0.59303987, 0.59240162, 0.58172369, 0.57339907, 0.57047582, 0.56797427, 0.56743681, 0.56732029, 0.56691909]",1,1,1,1,1,2fcb8f74fb288a267371bea041e2ef92fecbf40c3afefeadee4eedb4b37a4b7d,4b37a5ed9cfdc71b591d28bacc024e42e8ebe679ab10903583897e072da5c95b,2026-08-06T20:58:55.678847+00:00
Q064,price,T1500,DENSE,"['T1500-0777', 'T1500-0670', 'T1500-0650', 'T1500-0768', 'T1500-0656', 'T1500-0757', 'T1500-0693', 'T1500-0702', 'T1500-0653', 'T1500-0750']","[0.57090127, 0.5700866, 0.56862009, 0.56750375, 0.56191593, 0.55950403, 0.55860895, 0.55774319, 0.5475601, 0.54737151]",5,0,0,1,1,b62bbb3caaebfa64c64403faf2829200275bb07c63c054534fd50e9d8116f3cf,4b37a5ed9cfdc71b591d28bacc024e42e8ebe679ab10903583897e072da5c95b,2026-08-06T20:58:55.679257+00:00
Q065,price,T1500,DENSE,"['T1500-1800', 'T1500-1908', 'T1500-1906', 'T1500-1155', 'T1500-1802', 'T1500-1803', 'T1500-1975', 'T1500-1805', 'T1500-1964', 'T1500-1156']","[0.69279397, 0.64938068, 0.64668262, 0.62205619, 0.61873013, 0.61825526, 0.61655813, 0.61528099, 0.61394322, 0.61348128]",1,1,1,1,1,0946c2b0edc6e35b71765e99fa35342b581ce1d4ca3cc6f5a90b51f99d8ed5f0,4b37a5ed9cfdc71b591d28bacc024e42e8ebe679ab10903583897e072da5c95b,2026-08-06T20:58:55.679649+00:00
Q066,price,T1500,DENSE,"['T1500-1617', 'T1500-1537', 'T1500-1534', 'T1500-1339', 'T1500-1538', 'T1500-1595', 'T1500-1623', 'T1500-1335', 'T1500-1613', 'T1500-1629']","[0.55090868, 0.53398001, 0.52529955, 0.51995826, 0.51867402, 0.51389802, 0.50889212, 0.50725734, 0.50532806, 0.50406253]",1,1,1,1,1,39cabc2d4618c65602c74069cf838df5aec06eb59c9fee6d33c2d04eba6b55ba,4b37a5ed9cfdc71b591d28bacc024e42e8ebe679ab10903583897e072da5c95b,2026-08-06T20:58:55.680049+00:00
Q067,price,T1500,DENSE,"['T1500-0322', 'T1500-0321', 'T1500-0319', 'T1500-0323', 'T1500-0320', 'T1500-0346', 'T1500-0345', 'T1500-0374', 'T1500-0330', 'T1500-1755']","[0.62901801, 0.62736833, 0.62423956, 0.61924583, 0.61903995, 0.61223686, 0.6086266, 0.60621333, 0.59960711, 0.59845924]",,0,0,0,0,4fbeb0d3561fca0da8c4845058189be42e655f261b015252a30d2e669b679146,4b37a5ed9cfdc71b591d28bacc024e42e8ebe679ab10903583897e072da5c95b,2026-08-06T20:58:55.680482+00:00
Q068,price,T1500,DENSE,"['T1500-1638', 'T1500-1617', 'T1500-1634', 'T1500-1539', 'T1500-1531', 'T1500-1641', 'T1500-1550', 'T1500-1693', 'T1500-1626', 'T1500-1333']","[0.54944015, 0.53201365, 0.52885252, 0.52768618, 0.52073717, 0.51238954, 0.51093912, 0.51043296, 0.51015794, 0.50997144]",2,0,1,1,1,16b6a385479043c13164937fb1b2ecc6a79d8d9a6d4de83b9a3100d45cf1579b,4b37a5ed9cfdc71b591d28bacc024e42e8ebe679ab10903583897e072da5c95b,2026-08-06T20:58:55.680875+00:00
Q069,attribute,T1500,DENSE,"['T1500-0923', 'T1500-1859', 'T1500-0164', 'T1500-1974', 'T1500-1241', 'T1500-0167', 'T1500-1092', 'T1500-1265', 'T1500-1862', 'T1500-1933']","[0.53216219, 0.53209168, 0.53172886, 0.53028071, 0.52968317, 0.52925628, 0.52848232, 0.52756262, 0.52747226, 0.52705485]",,0,0,0,0,7c1b1722837dd6c135fa736bb1976d0162527707dca96900bef101bb1d9ffc87,4b37a5ed9cfdc71b591d28bacc024e42e8ebe679ab10903583897e072da5c95b,2026-08-06T20:58:55.681311+00:00
Q070,price,T1500,DENSE,"['T1500-0150', 'T1500-0149', 'T1500-0151', 'T1500-1809', 'T1500-1832', 'T1500-1848', 'T1500-1935', 'T1500-0313', 'T1500-1902', 'T1500-1933']","[0.62852675, 0.55434901, 0.52284169, 0.51915181, 0.51740915, 0.50270551, 0.49717513, 0.4901666, 0.48864338, 0.48740733]",1,1,1,1,1,448f241fd305ade36c04f3c45fa21450017097d9dd853ec5a1a778f3cbaf0c22,4b37a5ed9cfdc71b591d28bacc024e42e8ebe679ab10903583897e072da5c95b,2026-08-06T20:58:55.681741+00:00
Q071,attribute,T1500,DENSE,"['T1500-1546', 'T1500-1618', 'T1500-1541', 'T1500-1626', 'T1500-1625', 'T1500-1617', 'T1500-1538', 'T1500-1648', 'T1500-1539', 'T1500-1534']","[0.62690496, 0.61892861, 0.61754686, 0.61338961, 0.61264354, 0.60910857, 0.6085642, 0.60811782, 0.60509354, 0.60431039]",10,0,0,0,1,bfffbe93a1080674ab56c5ed9ee85acb26fda9c08dec35c35a8a507c6195cf92,4b37a5ed9cfdc71b591d28bacc024e42e8ebe679ab10903583897e072da5c95b,2026-08-06T20:58:55.682231+00:00
Q072,attribute,T1500,DENSE,"['T1500-2208', 'T1500-0406', 'T1500-0404', 'T1500-1929', 'T1500-0401', 'T1500-1239', 'T1500-1935', 'T1500-0410', 'T1500-0374', 'T1500-0424']","[0.47735193, 0.47266063, 0.47092259, 0.47080427, 0.4679181, 0.46621442, 0.46559334, 0.46034646, 0.45974302, 0.45718822]",2,0,1,1,1,93bbb53ae5b88ede9b16f0bcc2984adcab6fdfb76083b5eaa374616f4bd938fd,4b37a5ed9cfdc71b591d28bacc024e42e8ebe679ab10903583897e072da5c95b,2026-08-06T20:58:55.682723+00:00
Q073,attribute,T1500,DENSE,"['T1500-1238', 'T1500-2092', 'T1500-0987', 'T1500-2099', 'T1500-0211', 'T1500-1222', 'T1500-0205', 'T1500-1065', 'T1500-1195', 'T1500-2103']","[0.60831958, 0.59508884, 0.5917629, 0.58846492, 0.58774632, 0.58769327, 0.58750623, 0.58745527, 0.58445823, 0.58325398]",3,0,1,1,1,a21798215057da92677e93d19b984f45adb740e2e0c46c68a159bccbaebc2026,4b37a5ed9cfdc71b591d28bacc024e42e8ebe679ab10903583897e072da5c95b,2026-08-06T20:58:55.683198+00:00
Q074,attribute,T1500,DENSE,"['T1500-1366', 'T1500-1347', 'T1500-1367', 'T1500-1351', 'T1500-0020', 'T1500-1355', 'T1500-1348', 'T1500-2088', 'T1500-0251', 'T1500-2091']","[0.63757885, 0.62044722, 0.61711049, 0.61197585, 0.60263908, 0.59849834, 0.59016186, 0.58915001, 0.58618891, 0.58410156]",6,0,0,0,1,b87d12fd26d3ba196ab6c5cebef1a236e3aa0034e2467907aa2e5fee1ff4e357,4b37a5ed9cfdc71b591d28bacc024e42e8ebe679ab10903583897e072da5c95b,2026-08-06T20:58:55.683677+00:00
Q075,price,T1500,DENSE,"['T1500-1648', 'T1500-1647', 'T1500-0097', 'T1500-1646', 'T1500-1625', 'T1500-1534', 'T1500-1643', 'T1500-1537', 'T1500-1623', 'T1500-1613']","[0.57615483, 0.5566206, 0.55629814, 0.55026555, 0.54608476, 0.54226422, 0.54070854, 0.53771782, 0.53688061, 0.53409433]",1,1,1,1,1,9d1d2d484d9036bef4cac724d6492e6d47a1610035542de6885381a988a7f0ba,4b37a5ed9cfdc71b591d28bacc024e42e8ebe679ab10903583897e072da5c95b,2026-08-06T20:58:55.684154+00:00
Q076,attribute,T1500,DENSE,"['T1500-1583', 'T1500-1693', 'T1500-0909', 'T1500-1755', 'T1500-1699', 'T1500-1584', 'T1500-1713', 'T1500-1688', 'T1500-1756', 'T1500-0908']","[0.56656158, 0.53128141, 0.52619874, 0.5261721, 0.52390939, 0.52046388, 0.52030694, 0.52026767, 0.5199672, 0.51974493]",4,0,0,1,1,542dd2c610ac347a3f296c3a0fa38c358f57443ccdc9edae1a2d10fd889dd6c2,4b37a5ed9cfdc71b591d28bacc024e42e8ebe679ab10903583897e072da5c95b,2026-08-06T20:58:55.684691+00:00
Q077,price,T1500,DENSE,"['T1500-1553', 'T1500-1547', 'T1500-1638', 'T1500-1557', 'T1500-1550', 'T1500-1549', 'T1500-1551', 'T1500-1558', 'T1500-1555', 'T1500-1591']","[0.62973082, 0.62535596, 0.59142953, 0.5887962, 0.57641995, 0.57054287, 0.55912519, 0.5571003, 0.54706454, 0.54597902]",1,1,1,1,1,ea6cec30bd2063961606711ed52523a21fb3d485dcfcbb18b5d45fd7a954eac8,4b37a5ed9cfdc71b591d28bacc024e42e8ebe679ab10903583897e072da5c95b,2026-08-06T20:58:55.685189+00:00
Q078,price,T1500,DENSE,"['T1500-1964', 'T1500-1965', 'T1500-1967', 'T1500-1920', 'T1500-1995', 'T1500-1976', 'T1500-1975', 'T1500-1802', 'T1500-1803', 'T1500-1805']","[0.72638333, 0.72151357, 0.6996268, 0.67751038, 0.67424041, 0.67418039, 0.67137861, 0.66770208, 0.66693103, 0.66683304]",1,1,1,1,1,fc873e1dcc9000570de62d94a2214779d1e9bafbde0aa7e0756b5ac228f60e08,4b37a5ed9cfdc71b591d28bacc024e42e8ebe679ab10903583897e072da5c95b,2026-08-06T20:58:55.685663+00:00
Q079,attribute,T1500,DENSE,"['T1500-1564', 'T1500-1641', 'T1500-1329', 'T1500-1535', 'T1500-1339', 'T1500-1599', 'T1500-1333', 'T1500-1671', 'T1500-1336', 'T1500-1546']","[0.55391204, 0.52396059, 0.52247381, 0.5211367, 0.51913494, 0.51137727, 0.50526482, 0.50506419, 0.50320345, 0.50096297]",6,0,0,0,1,ed953d21a16c62da20720634367cf8606681e6b2279069688dd9dcf59c07940d,4b37a5ed9cfdc71b591d28bacc024e42e8ebe679ab10903583897e072da5c95b,2026-08-06T20:58:55.686136+00:00
Q080,attribute,T1500,DENSE,"['T1500-1951', 'T1500-1952', 'T1500-1025', 'T1500-1954', 'T1500-1026', 'T1500-1949', 'T1500-1948', 'T1500-1024', 'T1500-1021', 'T1500-1955']","[0.69927442, 0.68260425, 0.68081868, 0.67510718, 0.66873395, 0.66367483, 0.65890813, 0.65801424, 0.65641642, 0.65199292]",3,0,1,1,1,26f5eca35905436c06e41e3a185b5442ea1980d82bb31c81884675035a79626b,4b37a5ed9cfdc71b591d28bacc024e42e8ebe679ab10903583897e072da5c95b,2026-08-06T20:58:55.686659+00:00
Q081,price,T1500,DENSE,"['T1500-1155', 'T1500-1154', 'T1500-1153', 'T1500-1152', 'T1500-1800', 'T1500-1147', 'T1500-1920', 'T1500-1923', 'T1500-1976', 'T1500-1150']","[0.66241866, 0.65416723, 0.65121883, 0.63705188, 0.63653737, 0.63468182, 0.62950003, 0.62782747, 0.6258738, 0.62503541]",3,0,1,1,1,93e08fb64a3064cb417f5542f325d90c621d6804e71cbcf703d73e0ea58ea43a,4b37a5ed9cfdc71b591d28bacc024e42e8ebe679ab10903583897e072da5c95b,2026-08-06T20:58:55.687189+00:00
Q082,attribute,T1500,DENSE,"['T1500-1570', 'T1500-1366', 'T1500-1371', 'T1500-1652', 'T1500-1659', 'T1500-1367', 'T1500-2103', 'T1500-1661', 'T1500-0067', 'T1500-1655']","[0.60964072, 0.55359012, 0.54361725, 0.54350328, 0.53501713, 0.53277045, 0.531376, 0.53020525, 0.52898037, 0.52887005]",1,1,1,1,1,8ca3b65200fdf1a357365a65a56a9186cc4c373dc757eb64d69dbf2e5200eee1,4b37a5ed9cfdc71b591d28bacc024e42e8ebe679ab10903583897e072da5c95b,2026-08-06T20:58:55.687651+00:00
Q083,attribute,T1500,DENSE,"['T1500-0869', 'T1500-0867', 'T1500-0566', 'T1500-0460', 'T1500-0866', 'T1500-0475', 'T1500-0467', 'T1500-0472', 'T1500-0468', 'T1500-0567']","[0.62754887, 0.62028372, 0.61973625, 0.6193471, 0.61913568, 0.6184445, 0.6170423, 0.616198, 0.61535978, 0.61475229]",4,0,0,1,1,4b9d9334944a6e85fcb640a35cb2ad35161a1dc531510f9b31b1a65c0eca0c14,4b37a5ed9cfdc71b591d28bacc024e42e8ebe679ab10903583897e072da5c95b,2026-08-06T20:58:55.688071+00:00
Q084,attribute,T1500,DENSE,"['T1500-0097', 'T1500-1648', 'T1500-1534', 'T1500-0074', 'T1500-0076', 'T1500-1647', 'T1500-1538', 'T1500-1643', 'T1500-1622', 'T1500-1646']","[0.65400463, 0.65384126, 0.64977711, 0.64513969, 0.6421575, 0.64093971, 0.63582718, 0.63255715, 0.63193297, 0.62968844]",2,0,1,1,1,0452b3930eb8f92f27287b6634e5044b6eedfc85ffb7527a9b2ab26255ebebb6,4b37a5ed9cfdc71b591d28bacc024e42e8ebe679ab10903583897e072da5c95b,2026-08-06T20:58:55.688518+00:00
Q085,attribute,T1500,DENSE,"['T1500-0120', 'T1500-0121', 'T1500-1618', 'T1500-0066', 'T1500-1541', 'T1500-0067', 'T1500-0191', 'T1500-0122', 'T1500-1530', 'T1500-0129']","[0.59842932, 0.55044222, 0.54625964, 0.54367357, 0.53926408, 0.53790629, 0.53753912, 0.53419191, 0.53369367, 0.53163528]",1,1,1,1,1,72fd26f2620adc949eec1422a9cfc04a1bf87a992cbbf5f3829b18ae6ac25fd1,4b37a5ed9cfdc71b591d28bacc024e42e8ebe679ab10903583897e072da5c95b,2026-08-06T20:58:55.688947+00:00
Q086,attribute,T1500,DENSE,"['T1500-1095', 'T1500-1092', 'T1500-1093', 'T1500-1090', 'T1500-1091', 'T1500-1225', 'T1500-1094', 'T1500-1086', 'T1500-1087', 'T1500-1122']","[0.58445692, 0.58014309, 0.57788694, 0.57130957, 0.56998146, 0.56307584, 0.55978113, 0.55630529, 0.55536103, 0.55522788]",,0,0,0,0,1e1ccaa368c1de37643e9441fecdf4c57f48fef4d9c24ac5a88fa6a5a698c84f,4b37a5ed9cfdc71b591d28bacc024e42e8ebe679ab10903583897e072da5c95b,2026-08-06T20:58:55.689378+00:00
Q087,price,T1500,DENSE,"['T1500-1087', 'T1500-1088', 'T1500-1339', 'T1500-1327', 'T1500-1084', 'T1500-1335', 'T1500-1677', 'T1500-1095', 'T1500-1093', 'T1500-1338']","[0.55257994, 0.54709959, 0.53789282, 0.5353744, 0.53442669, 0.53117675, 0.52689797, 0.52545303, 0.52467614, 0.52388966]",2,0,1,1,1,d239a027d017e98a3689ffdc5b526c1c2c4cd57e25617291536bd757dd2e8036,4b37a5ed9cfdc71b591d28bacc024e42e8ebe679ab10903583897e072da5c95b,2026-08-06T20:58:55.689771+00:00
Q088,attribute,T1500,DENSE,"['T1500-1367', 'T1500-1366', 'T1500-1449', 'T1500-1383', 'T1500-1736', 'T1500-1448', 'T1500-1351', 'T1500-1244', 'T1500-1241', 'T1500-0133']","[0.54903024, 0.54559815, 0.5443368, 0.54115558, 0.53817916, 0.53235108, 0.52783167, 0.52708715, 0.52584064, 0.524957]",10,0,0,0,1,01977f9cbfe28fa1b4feacdebe225291ea0b0cc95017ebaa53f862be749aba96,4b37a5ed9cfdc71b591d28bacc024e42e8ebe679ab10903583897e072da5c95b,2026-08-06T20:58:55.690219+00:00
Q089,attribute,T1500,DENSE,"['T1500-1942', 'T1500-1941', 'T1500-1915', 'T1500-1803', 'T1500-1945', 'T1500-1975', 'T1500-1797', 'T1500-1918', 'T1500-1976', 'T1500-1955']","[0.68865502, 0.68690544, 0.63519216, 0.63468963, 0.63398433, 0.63298833, 0.63089293, 0.62938547, 0.62909776, 0.62896228]",,0,0,0,0,41a4be0fd333336e60fdc0752120f5e1e677857fd06999e33447652e45b42b19,4b37a5ed9cfdc71b591d28bacc024e42e8ebe679ab10903583897e072da5c95b,2026-08-06T20:58:55.690665+00:00
Q090,attribute,T1500,DENSE,"['T1500-1531', 'T1500-1534', 'T1500-0067', 'T1500-1530', 'T1500-1533', 'T1500-1550', 'T1500-1555', 'T1500-0820', 'T1500-1557', 'T1500-1560']","[0.64230698, 0.56771213, 0.54312038, 0.53539729, 0.53091896, 0.53022563, 0.52542758, 0.52495241, 0.52449292, 0.52364802]",1,1,1,1,1,c71be014ca61c475c8778980ea20f8f4631966967e1025d97e402ca8750ebc0b,4b37a5ed9cfdc71b591d28bacc024e42e8ebe679ab10903583897e072da5c95b,2026-08-06T20:58:55.691080+00:00
Q091,attribute,T1500,DENSE,"['T1500-0534', 'T1500-0448', 'T1500-0444', 'T1500-0533', 'T1500-0537', 'T1500-0441', 'T1500-0436', 'T1500-0538', 'T1500-0438', 'T1500-0539']","[0.66468847, 0.66408503, 0.65936583, 0.65852022, 0.65730554, 0.656618, 0.65630913, 0.6562745, 0.65554857, 0.65511024]",,0,0,0,0,81cd09d3ba23fac5560b9f45d0abe84bf9bbae4c3c84f95c4725e2cd2965c591,4b37a5ed9cfdc71b591d28bacc024e42e8ebe679ab10903583897e072da5c95b,2026-08-06T20:58:55.691544+00:00
Q092,price,T1500,DENSE,"['T1500-1833', 'T1500-1835', 'T1500-1832', 'T1500-1261', 'T1500-1018', 'T1500-1017', 'T1500-1013', 'T1500-1755', 'T1500-1015', 'T1500-0554']","[0.60167623, 0.5813877, 0.56596196, 0.55666816, 0.54119617, 0.53565931, 0.53531706, 0.53399533, 0.53039253, 0.52903748]",1,1,1,1,1,40f44dea97edd6da4b1cdad8eb61c02224d4e5d5b6bfdeb4fd8208425455b1a6,4b37a5ed9cfdc71b591d28bacc024e42e8ebe679ab10903583897e072da5c95b,2026-08-06T20:58:55.691969+00:00
Q093,price,T1500,DENSE,"['T1500-1773', 'T1500-1971', 'T1500-1776', 'T1500-1791', 'T1500-1772', 'T1500-1936', 'T1500-1125', 'T1500-1787', 'T1500-1771', 'T1500-1784']","[0.61674869, 0.61437166, 0.61057758, 0.60190272, 0.5994122, 0.59911501, 0.5900079, 0.58894593, 0.58783531, 0.58776021]",7,0,0,0,1,e6ea363016cdbf5d3dcda05ee04db4e86a0015345cf7e71ecb8636fd92c1f626,4b37a5ed9cfdc71b591d28bacc024e42e8ebe679ab10903583897e072da5c95b,2026-08-06T20:58:55.692410+00:00
Q094,attribute,T1500,DENSE,"['T1500-1631', 'T1500-1633', 'T1500-1623', 'T1500-1626', 'T1500-1615', 'T1500-1642', 'T1500-1648', 'T1500-0081', 'T1500-1627', 'T1500-0129']","[0.65287709, 0.64033264, 0.599612, 0.59662676, 0.59605098, 0.58861512, 0.58438039, 0.57965028, 0.57666689, 0.57534456]",,0,0,0,0,b145825622bd1f7f13de9f56ac001f4bb3aa46a4b42840b7680056ed484bca8e,4b37a5ed9cfdc71b591d28bacc024e42e8ebe679ab10903583897e072da5c95b,2026-08-06T20:58:55.692850+00:00
Q095,attribute,T1500,DENSE,"['T1500-1065', 'T1500-1238', 'T1500-0205', 'T1500-1221', 'T1500-1195', 'T1500-0986', 'T1500-2017', 'T1500-1222', 'T1500-1241', 'T1500-0207']","[0.65967739, 0.64110363, 0.63805497, 0.63090003, 0.62703985, 0.62265706, 0.62214208, 0.62018359, 0.61966026, 0.61939681]",1,1,1,1,1,9eb280340efed1b584663218b7efcf8fd5cc82a53bb4af42fc8fa5f011a4de02,4b37a5ed9cfdc71b591d28bacc024e42e8ebe679ab10903583897e072da5c95b,2026-08-06T20:58:55.693353+00:00
Q096,attribute,T1500,DENSE,"['T1500-2096', 'T1500-1189', 'T1500-1187', 'T1500-1188', 'T1500-1186', 'T1500-2088', 'T1500-1534', 'T1500-1740', 'T1500-1448', 'T1500-1190']","[0.5442301, 0.53230894, 0.53207004, 0.53128648, 0.53096551, 0.53046209, 0.5298537, 0.52951342, 0.52929723, 0.52509946]",,0,0,0,0,c194ae1720d9977b7d02353887f607b5723032f71a7e6f028c257be3a3712ffe,4b37a5ed9cfdc71b591d28bacc024e42e8ebe679ab10903583897e072da5c95b,2026-08-06T20:58:55.693892+00:00
Q097,attribute,T1500,DENSE,"['T1500-1582', 'T1500-1693', 'T1500-1613', 'T1500-1605', 'T1500-1534', 'T1500-1688', 'T1500-1678', 'T1500-1599', 'T1500-0076', 'T1500-1614']","[0.57706022, 0.54022026, 0.53856802, 0.53479934, 0.53447008, 0.53037059, 0.52445102, 0.52369368, 0.5227524, 0.52007759]",8,0,0,0,1,57643ed3091e09daa86267441d43825b0764e7294dd55f1cf189f9beb4aca7b4,4b37a5ed9cfdc71b591d28bacc024e42e8ebe679ab10903583897e072da5c95b,2026-08-06T20:58:55.694449+00:00
Q098,price,T1500,DENSE,"['T1500-0533', 'T1500-0438', 'T1500-0531', 'T1500-0537', 'T1500-0436', 'T1500-0441', 'T1500-0435', 'T1500-0437', 'T1500-0534', 'T1500-0544']","[0.65820432, 0.64128721, 0.63164568, 0.62601846, 0.62547934, 0.62350047, 0.62245965, 0.61810493, 0.61673313, 0.6162802]",1,1,1,1,1,83802b2e2b5f5c8c762ab7da7fa50553e6f83c7e51e620854e7c974cdd3025d6,4b37a5ed9cfdc71b591d28bacc024e42e8ebe679ab10903583897e072da5c95b,2026-08-06T20:58:55.694930+00:00
Q099,price,T1500,DENSE,"['T1500-1090', 'T1500-1017', 'T1500-1094', 'T1500-1227', 'T1500-1091', 'T1500-1092', 'T1500-1013', 'T1500-1014', 'T1500-1093', 'T1500-1015']","[0.65883458, 0.65632999, 0.6551913, 0.65283746, 0.65060967, 0.64937139, 0.6408267, 0.6316269, 0.63028944, 0.61425358]",5,0,0,1,1,feef7e50071355503e33bead40b3a873a63303d80e610532b70b715224b07919,4b37a5ed9cfdc71b591d28bacc024e42e8ebe679ab10903583897e072da5c95b,2026-08-06T20:58:55.695419+00:00
Q100,price,T1500,DENSE,"['T1500-1242', 'T1500-1755', 'T1500-1241', 'T1500-1718', 'T1500-1665', 'T1500-1717', 'T1500-1756', 'T1500-1529', 'T1500-2017', 'T1500-1351']","[0.60878754, 0.59668785, 0.59526831, 0.58343977, 0.57235706, 0.57036424, 0.56765747, 0.56724632, 0.56665915, 0.56338596]",1,1,1,1,1,1bc2f80c0114736bf878d65f14abb8d9b606b9be13715263bbc1f9f5b9e538fe,4b37a5ed9cfdc71b591d28bacc024e42e8ebe679ab10903583897e072da5c95b,2026-08-06T20:58:55.695891+00:00
Q101,price,T1500,DENSE,"['T1500-1229', 'T1500-1228', 'T1500-1230', 'T1500-1232', 'T1500-1233', 'T1500-1231', 'T1500-1234', 'T1500-1235', 'T1500-1263', 'T1500-1265']","[0.67880929, 0.66705382, 0.6653561, 0.66185737, 0.65954661, 0.65732986, 0.64882219, 0.64772701, 0.64008659, 0.62821043]",1,1,1,1,1,3dfa73ce270bce1c609cd3a1b659d7658ec7bbfc5790a4cb1e0c1e67af5e465b,4b37a5ed9cfdc71b591d28bacc024e42e8ebe679ab10903583897e072da5c95b,2026-08-06T20:58:55.696459+00:00
Q102,attribute,T1500,DENSE,"['T1500-2096', 'T1500-1639', 'T1500-1622', 'T1500-0073', 'T1500-0199', 'T1500-0038', 'T1500-0036', 'T1500-1541', 'T1500-2088', 'T1500-0099']","[0.60625714, 0.60603082, 0.59102547, 0.58396208, 0.58276242, 0.58162928, 0.57846296, 0.57618892, 0.57595754, 0.57590139]",2,0,1,1,1,2fc2187a8808915ece4b89d74d6f186293be5c2db9356c9c69d281dee2016e34,4b37a5ed9cfdc71b591d28bacc024e42e8ebe679ab10903583897e072da5c95b,2026-08-06T20:58:55.697132+00:00
Q103,price,T1500,DENSE,"['T1500-1939', 'T1500-1938', 'T1500-1811', 'T1500-1815', 'T1500-1814', 'T1500-1810', 'T1500-1841', 'T1500-1813', 'T1500-1941', 'T1500-1844']","[0.69316995, 0.67268288, 0.65962625, 0.6505053, 0.63967681, 0.63366371, 0.63077557, 0.63051248, 0.62788647, 0.60653847]",2,0,1,1,1,775535b727f374237ca640ce830a5739473aa99381245763c78a3fb326546d0f,4b37a5ed9cfdc71b591d28bacc024e42e8ebe679ab10903583897e072da5c95b,2026-08-06T20:58:55.697587+00:00
Q104,attribute,T1500,DENSE,"['T1500-1608', 'T1500-1634', 'T1500-1635', 'T1500-2096', 'T1500-1573', 'T1500-2088', 'T1500-2100', 'T1500-1577', 'T1500-1579', 'T1500-1534']","[0.57191294, 0.53296697, 0.5293715, 0.52547288, 0.51170671, 0.50901181, 0.50761896, 0.50602531, 0.50255811, 0.50244099]",2,0,1,1,1,073b5ccbbb5d12df864a1203cc6edbf8f8229328e151851fa3e26b64b4fbe5c4,4b37a5ed9cfdc71b591d28bacc024e42e8ebe679ab10903583897e072da5c95b,2026-08-06T20:58:55.698037+00:00
Q105,attribute,T1500,DENSE,"['T1500-1366', 'T1500-1367', 'T1500-0020', 'T1500-1348', 'T1500-2091', 'T1500-1347', 'T1500-1383', 'T1500-0251', 'T1500-0295', 'T1500-1208']","[0.65372753, 0.64344037, 0.63403064, 0.62959403, 0.62494022, 0.62304121, 0.61801451, 0.60915095, 0.60630953, 0.60556817]",1,1,1,1,1,30fccae8d08079515190429ec1ce426195208b39625cae98ae70b7075f7c9ae6,4b37a5ed9cfdc71b591d28bacc024e42e8ebe679ab10903583897e072da5c95b,2026-08-06T20:58:55.698479+00:00
Q106,attribute,T1500,DENSE,"['T1500-1923', 'T1500-1921', 'T1500-1796', 'T1500-1912', 'T1500-1803', 'T1500-1914', 'T1500-1975', 'T1500-1955', 'T1500-1805', 'T1500-1906']","[0.70997143, 0.69027227, 0.66857439, 0.65910375, 0.65190876, 0.65103877, 0.64544153, 0.63872421, 0.63774204, 0.63723564]",10,0,0,0,1,9b2cb844fe1d46d1c6b2585188ad5cd9e861f3d8a3597c47a16848f14aa9d1c0,4b37a5ed9cfdc71b591d28bacc024e42e8ebe679ab10903583897e072da5c95b,2026-08-06T20:58:55.698915+00:00
Q107,price,T1500,DENSE,"['T1500-0869', 'T1500-0863', 'T1500-0864', 'T1500-0867', 'T1500-0470', 'T1500-0471', 'T1500-0866', 'T1500-0570', 'T1500-0571', 'T1500-0565']","[0.64941454, 0.64135611, 0.63735247, 0.63655549, 0.63221335, 0.62854367, 0.62419987, 0.62229782, 0.60739148, 0.60299551]",2,0,1,1,1,ecfe8a4b08ccdbf10d87b0674ca3a6ee004d6cfcefbd40a7f2fde68e2cf6f484,4b37a5ed9cfdc71b591d28bacc024e42e8ebe679ab10903583897e072da5c95b,2026-08-06T20:58:55.699355+00:00
Q108,attribute,T1500,DENSE,"['T1500-1980', 'T1500-1979', 'T1500-1978', 'T1500-1975', 'T1500-1976', 'T1500-1982', 'T1500-1967', 'T1500-1964', 'T1500-1803', 'T1500-1201']","[0.70923078, 0.68191338, 0.66521144, 0.65219921, 0.64523679, 0.63423336, 0.62618005, 0.62514353, 0.62394643, 0.62344778]",,0,0,0,0,96f67eb8e648187bf4d081f291f6615fc8eff182e554114e400a82bc1863e6df,4b37a5ed9cfdc71b591d28bacc024e42e8ebe679ab10903583897e072da5c95b,2026-08-06T20:58:55.699782+00:00
Q109,price,T1500,DENSE,"['T1500-1156', 'T1500-1155', 'T1500-1800', 'T1500-1908', 'T1500-1150', 'T1500-1906', 'T1500-1152', 'T1500-1805', 'T1500-1153', 'T1500-1154']","[0.73663527, 0.71475089, 0.67897117, 0.67611098, 0.67089212, 0.66792619, 0.66203356, 0.64555365, 0.64391065, 0.64332956]",2,0,1,1,1,a87513a21da239ee80707417e2d5e28bb0e2d0c25bcc707dabfd2551b9833ce6,4b37a5ed9cfdc71b591d28bacc024e42e8ebe679ab10903583897e072da5c95b,2026-08-06T20:58:55.700234+00:00
Q110,price,T1500,DENSE,"['T1500-1750', 'T1500-0303', 'T1500-1752', 'T1500-0302', 'T1500-0304', 'T1500-1749', 'T1500-1261', 'T1500-0869', 'T1500-1833', 'T1500-1587']","[0.7162379, 0.70550042, 0.68972093, 0.65347636, 0.63474232, 0.58907783, 0.57822955, 0.56311488, 0.55811036, 0.55647886]",1,1,1,1,1,4f47ce968956ec1b9dcfa6fb89d16e695a7903720db30a29461dc3242eafa943,4b37a5ed9cfdc71b591d28bacc024e42e8ebe679ab10903583897e072da5c95b,2026-08-06T20:58:55.700646+00:00
Q111,attribute,T1500,DENSE,"['T1500-1796', 'T1500-1947', 'T1500-1975', 'T1500-1803', 'T1500-1923', 'T1500-1802', 'T1500-1976', 'T1500-1805', 'T1500-1921', 'T1500-1912']","[0.72208303, 0.67448741, 0.65496278, 0.65398753, 0.64509416, 0.6447888, 0.6441918, 0.64187646, 0.63747972, 0.63514632]",1,1,1,1,1,00e1a44afcc90d43d2582e730e2ece89e06e7b8caaa68d9122bcde5dd443c4fe,4b37a5ed9cfdc71b591d28bacc024e42e8ebe679ab10903583897e072da5c95b,2026-08-06T20:58:55.701081+00:00
Q112,price,T1500,DENSE,"['T1500-0464', 'T1500-0864', 'T1500-0863', 'T1500-0867', 'T1500-0472', 'T1500-0869', 'T1500-0468', 'T1500-0868', 'T1500-0866', 'T1500-0467']","[0.63195246, 0.61563319, 0.61073864, 0.61062866, 0.60751456, 0.60376728, 0.60336, 0.60044241, 0.60042131, 0.59994054]",1,1,1,1,1,d4a200f7c79abfadaabdfc1911cd4429b157c6abde39b1305f85d1ec0811767d,4b37a5ed9cfdc71b591d28bacc024e42e8ebe679ab10903583897e072da5c95b,2026-08-06T20:58:55.701502+00:00
Q113,price,T1500,DENSE,"['T1500-1799', 'T1500-1797', 'T1500-1915', 'T1500-1941', 'T1500-1917', 'T1500-1914', 'T1500-1909', 'T1500-1803', 'T1500-1911', 'T1500-1802']","[0.68411899, 0.67631423, 0.67539757, 0.66564083, 0.66008931, 0.65707076, 0.64991558, 0.64387143, 0.63990533, 0.63931847]",2,0,1,1,1,6bb4a27e2d029f166f1958687a4afd70c10587e5b99a71471173da86451e17ab,4b37a5ed9cfdc71b591d28bacc024e42e8ebe679ab10903583897e072da5c95b,2026-08-06T20:58:55.701917+00:00
Q114,price,T1500,DENSE,"['T1500-0217', 'T1500-0216', 'T1500-1077', 'T1500-0215', 'T1500-1534', 'T1500-1335', 'T1500-1605', 'T1500-1693', 'T1500-1331', 'T1500-1309']","[0.49073568, 0.46318373, 0.44776419, 0.44767669, 0.4452872, 0.44266954, 0.44000584, 0.43897247, 0.43875664, 0.43736213]",4,0,0,1,1,9691c026bc4bea91f64a899878df11e7db1e4bce6b4a7f60afe37ecca89f6f64,4b37a5ed9cfdc71b591d28bacc024e42e8ebe679ab10903583897e072da5c95b,2026-08-06T20:58:55.702346+00:00
Q115,price,T1500,DENSE,"['T1500-1985', 'T1500-1983', 'T1500-1982', 'T1500-1988', 'T1500-1976', 'T1500-1805', 'T1500-1829', 'T1500-1975', 'T1500-1859', 'T1500-1803']","[0.61421865, 0.58895195, 0.57231885, 0.55880177, 0.53049797, 0.52891165, 0.5260179, 0.52569973, 0.52130222, 0.51933008]",1,1,1,1,1,2e1b099df3e03cb9b343938d4b186ae61af215efa56e01e984ce04ab8aba526b,4b37a5ed9cfdc71b591d28bacc024e42e8ebe679ab10903583897e072da5c95b,2026-08-06T20:58:55.702740+00:00
Q116,price,T1500,DENSE,"['T1500-1730', 'T1500-1366', 'T1500-1351', 'T1500-1347', 'T1500-1355', 'T1500-0927', 'T1500-1214', 'T1500-1357', 'T1500-1729', 'T1500-1723']","[0.49530041, 0.48000187, 0.47967684, 0.47733766, 0.47314763, 0.47185773, 0.47166997, 0.47021949, 0.46936423, 0.46529561]",6,0,0,0,1,973d56c38a9c431edd989310f37b3e7e33c4aa20e78d648d92632c62bc319e55,4b37a5ed9cfdc71b591d28bacc024e42e8ebe679ab10903583897e072da5c95b,2026-08-06T20:58:55.703186+00:00
Q117,price,T1500,DENSE,"['T1500-1088', 'T1500-1085', 'T1500-1086', 'T1500-1787', 'T1500-1087', 'T1500-1791', 'T1500-1092', 'T1500-1789', 'T1500-1848', 'T1500-1227']","[0.49801961, 0.49410415, 0.49287432, 0.49274322, 0.49082938, 0.49013335, 0.48950216, 0.48788965, 0.48695287, 0.48621804]",,0,0,0,0,5609e748e6565211c6854d9da53b6a2f0d89f74cfe73a4b44430f44dcce6d882,4b37a5ed9cfdc71b591d28bacc024e42e8ebe679ab10903583897e072da5c95b,2026-08-06T20:58:55.703659+00:00
Q118,attribute,T1500,DENSE,"['T1500-1128', 'T1500-1125', 'T1500-1127', 'T1500-1124', 'T1500-1126', 'T1500-1129', 'T1500-1971', 'T1500-1131', 'T1500-1776', 'T1500-1130']","[0.67014122, 0.66302979, 0.66248441, 0.6549226, 0.64006257, 0.62445796, 0.62332672, 0.62152541, 0.61266351, 0.61006665]",1,1,1,1,1,9a6d95e707906a22be115e683f0f8195e5c4d47bae1b7a6c8eee99479e63fd5e,4b37a5ed9cfdc71b591d28bacc024e42e8ebe679ab10903583897e072da5c95b,2026-08-06T20:58:55.704127+00:00
Q119,price,T1500,DENSE,"['T1500-1623', 'T1500-0097', 'T1500-1534', 'T1500-1605', 'T1500-0076', 'T1500-1537', 'T1500-1648', 'T1500-0069', 'T1500-1622', 'T1500-1604']","[0.58784378, 0.5847522, 0.57635099, 0.57329524, 0.56762403, 0.56740308, 0.56172073, 0.56114322, 0.55852741, 0.55674279]",,0,0,0,0,dae9e176af9e63f7ca77e382bc0ff6010e0f46e3f648a0f351bddad5d9e15c11,4b37a5ed9cfdc71b591d28bacc024e42e8ebe679ab10903583897e072da5c95b,2026-08-06T20:58:55.704616+00:00
Q120,price,T1500,DENSE,"['T1500-1008', 'T1500-1006', 'T1500-1009', 'T1500-1010', 'T1500-1007', 'T1500-1005', 'T1500-1011', 'T1500-1012', 'T1500-0990', 'T1500-0991']","[0.62154531, 0.62140971, 0.62123895, 0.62103444, 0.61465573, 0.61169279, 0.58520067, 0.5725863, 0.56801188, 0.56508964]",3,0,1,1,1,f5d51c683fab70ca719bbc64cc698ad47437a0b33c7e40b373408d369e2d66a5,4b37a5ed9cfdc71b591d28bacc024e42e8ebe679ab10903583897e072da5c95b,2026-08-06T20:58:55.705046+00:00
Q121,price,T1500,DENSE,"['T1500-1435', 'T1500-1437', 'T1500-1759', 'T1500-0185', 'T1500-1442', 'T1500-1338', 'T1500-1741', 'T1500-0187', 'T1500-1348', 'T1500-1383']","[0.53935361, 0.53453624, 0.49347973, 0.48666352, 0.48623466, 0.48558724, 0.47893882, 0.47838938, 0.47830692, 0.47792304]",,0,0,0,0,552191e84c5c679c754387e93cc1776085f91b9f84a6f57cc9e77dd292c9d8e6,4b37a5ed9cfdc71b591d28bacc024e42e8ebe679ab10903583897e072da5c95b,2026-08-06T20:58:55.705486+00:00
Q122,price,T1500,DENSE,"['T1500-1379', 'T1500-1376', 'T1500-1370', 'T1500-0052', 'T1500-0203', 'T1500-1382', 'T1500-1383', 'T1500-1377', 'T1500-1367', 'T1500-1345']","[0.61359096, 0.59147739, 0.57967192, 0.57621884, 0.57402766, 0.57254761, 0.57144701, 0.56103283, 0.55891621, 0.5561288]",1,1,1,1,1,3bd0c461db5f4eb09e428b5cb253afbf4fcedf9e6aa2d8afe02e3f7634bacb57,4b37a5ed9cfdc71b591d28bacc024e42e8ebe679ab10903583897e072da5c95b,2026-08-06T20:58:55.705923+00:00
Q123,attribute,T1500,DENSE,"['T1500-0037', 'T1500-0038', 'T1500-0036', 'T1500-1611', 'T1500-0041', 'T1500-0070', 'T1500-0040', 'T1500-0072', 'T1500-1591', 'T1500-0126']","[0.64348853, 0.6172713, 0.61262178, 0.61004907, 0.58434439, 0.58410639, 0.581092, 0.58108824, 0.57877046, 0.57852209]",1,1,1,1,1,56fcd27e00ef9aef2b112a433f47dc209c9b4eeca75b8367b88929642ad0afe2,4b37a5ed9cfdc71b591d28bacc024e42e8ebe679ab10903583897e072da5c95b,2026-08-06T20:58:55.706416+00:00
Q124,attribute,T1500,DENSE,"['T1500-1621', 'T1500-2096', 'T1500-2035', 'T1500-0072', 'T1500-0109', 'T1500-1610', 'T1500-0107', 'T1500-0055', 'T1500-0108', 'T1500-0054']","[0.54354835, 0.54262328, 0.53864938, 0.53173375, 0.53101885, 0.52549976, 0.52109706, 0.51909792, 0.51865298, 0.5169549]",2,0,1,1,1,e2663a8a7b1c0af68f47c8237b45e970eaf0b49915bf06892b7498f8bf20d8ae,4b37a5ed9cfdc71b591d28bacc024e42e8ebe679ab10903583897e072da5c95b,2026-08-06T20:58:55.706935+00:00
Q125,attribute,T1500,DENSE,"['T1500-0541', 'T1500-0542', 'T1500-0534', 'T1500-0447', 'T1500-0440', 'T1500-0446', 'T1500-0444', 'T1500-0537', 'T1500-0448', 'T1500-0876']","[0.68060136, 0.67825741, 0.67308325, 0.66811192, 0.66646576, 0.66468537, 0.66104913, 0.66024297, 0.66023552, 0.66015285]",1,1,1,1,1,0e701a71d0e6771b3da40836f2b239dad9c55d76e85ad8802dc2bde3df036fa5,4b37a5ed9cfdc71b591d28bacc024e42e8ebe679ab10903583897e072da5c95b,2026-08-06T20:58:55.707386+00:00
Q126,price,T1500,DENSE,"['T1500-1537', 'T1500-1534', 'T1500-1538', 'T1500-1604', 'T1500-1602', 'T1500-1605', 'T1500-1613', 'T1500-1601', 'T1500-1339', 'T1500-1629']","[0.48753083, 0.47020805, 0.45285076, 0.44883704, 0.44443735, 0.44248039, 0.44138291, 0.44068444, 0.43317062, 0.43116546]",,0,0,0,0,1f5c5a873218d0a08387e1ced4f689cd006ff0b18d8e9ead4eea0dc27a2d6eda,4b37a5ed9cfdc71b591d28bacc024e42e8ebe679ab10903583897e072da5c95b,2026-08-06T20:58:55.707864+00:00
Q127,price,T1500,DENSE,"['T1500-1964', 'T1500-1970', 'T1500-1968', 'T1500-1868', 'T1500-1805', 'T1500-1976', 'T1500-1867', 'T1500-1952', 'T1500-1899', 'T1500-1911']","[0.64902842, 0.63895237, 0.63720143, 0.62044668, 0.6195007, 0.6176182, 0.61671638, 0.61281323, 0.61196756, 0.61046171]",2,0,1,1,1,7a859cdd59887ef1fa0bb873d69171929c221848125094a1714b587ebb9de06e,4b37a5ed9cfdc71b591d28bacc024e42e8ebe679ab10903583897e072da5c95b,2026-08-06T20:58:55.708350+00:00
Q128,price,T1500,DENSE,"['T1500-0235', 'T1500-1678', 'T1500-1740', 'T1500-0374', 'T1500-1693', 'T1500-1689', 'T1500-0060', 'T1500-0019', 'T1500-0386', 'T1500-0228']","[0.58474094, 0.51242113, 0.49960136, 0.49732652, 0.49490297, 0.48431507, 0.48318821, 0.47963244, 0.47770306, 0.47651887]",1,1,1,1,1,c3c474d4183f4eda9620d59c995838738351dde95d662cef616da1e537db7d59,4b37a5ed9cfdc71b591d28bacc024e42e8ebe679ab10903583897e072da5c95b,2026-08-06T20:58:55.708946+00:00
Q129,price,T1500,DENSE,"['T1500-1666', 'T1500-1665', 'T1500-1722', 'T1500-1678', 'T1500-1833', 'T1500-1366', 'T1500-1662', 'T1500-1253', 'T1500-1348', 'T1500-0547']","[0.53799331, 0.53120965, 0.52890527, 0.5272125, 0.52685988, 0.52649069, 0.52325499, 0.51856726, 0.51747149, 0.51713318]",8,0,0,0,1,67a84a8fc181bcbaf09d3a142372a5aa193aecd6c497215c7c128c4621dee0d6,4b37a5ed9cfdc71b591d28bacc024e42e8ebe679ab10903583897e072da5c95b,2026-08-06T20:58:55.709366+00:00
Q130,attribute,T1500,DENSE,"['T1500-1722', 'T1500-1721', 'T1500-0205', 'T1500-0208', 'T1500-0209', 'T1500-0207', 'T1500-0206', 'T1500-0211', 'T1500-0212', 'T1500-0213']","[0.64105368, 0.64016128, 0.63332218, 0.62839246, 0.62276363, 0.61295414, 0.61288881, 0.6096698, 0.58373231, 0.58293843]",3,0,1,1,1,2e1b18bd4a4882a5f2522c226cd89bce81719a76b7ac82e5067e62eb735c77fe,4b37a5ed9cfdc71b591d28bacc024e42e8ebe679ab10903583897e072da5c95b,2026-08-06T20:58:55.709807+00:00
Q131,attribute,T1500,DENSE,"['T1500-1985', 'T1500-1983', 'T1500-1988', 'T1500-1982', 'T1500-1231', 'T1500-1233', 'T1500-1234', 'T1500-1190', 'T1500-1189', 'T1500-1187']","[0.64608979, 0.60222411, 0.59859377, 0.59668595, 0.56634068, 0.56475449, 0.5553062, 0.5510723, 0.55081612, 0.54816818]",1,1,1,1,1,bb572e1146128a322b087235cd3c1fbc13b0f97c04e315748e680b07d45b57cb,4b37a5ed9cfdc71b591d28bacc024e42e8ebe679ab10903583897e072da5c95b,2026-08-06T20:58:55.710267+00:00
Q132,price,T1500,DENSE,"['T1500-0452', 'T1500-0451', 'T1500-0546', 'T1500-1755', 'T1500-0453', 'T1500-1261', 'T1500-1832', 'T1500-0450', 'T1500-1666', 'T1500-0545']","[0.56583619, 0.55497348, 0.54773283, 0.53778434, 0.53471935, 0.5334205, 0.53301674, 0.5274688, 0.52645767, 0.52257472]",1,1,1,1,1,580de183adfc2d31b3ccb2472e70096c18ecd17ffcbca8b8ce471e99fde0d534,4b37a5ed9cfdc71b591d28bacc024e42e8ebe679ab10903583897e072da5c95b,2026-08-06T20:58:55.710666+00:00
Q133,attribute,T1500,DENSE,"['T1500-0401', 'T1500-0397', 'T1500-0393', 'T1500-1265', 'T1500-0396', 'T1500-0400', 'T1500-0392', 'T1500-0395', 'T1500-0394', 'T1500-0399']","[0.51774067, 0.5116474, 0.51031768, 0.50978959, 0.50690651, 0.50636852, 0.50624275, 0.50565308, 0.50308084, 0.50307727]",,0,0,0,0,a128862140f64219e9d9451410eb723a9f97823d3cbab486be378117636e3e05,4b37a5ed9cfdc71b591d28bacc024e42e8ebe679ab10903583897e072da5c95b,2026-08-06T20:58:55.711087+00:00
Q134,attribute,T1500,DENSE,"['T1500-1800', 'T1500-1908', 'T1500-1906', 'T1500-1155', 'T1500-1975', 'T1500-1803', 'T1500-1964', 'T1500-1805', 'T1500-1976', 'T1500-1802']","[0.71448863, 0.68400073, 0.67547691, 0.66929382, 0.66914803, 0.65840703, 0.65783453, 0.6559304, 0.64977765, 0.64781702]",,0,0,0,0,bf138cceeef05d87e7675c3a9284facbeddd15679df9238e7e8fe860651d29f8,4b37a5ed9cfdc71b591d28bacc024e42e8ebe679ab10903583897e072da5c95b,2026-08-06T20:58:55.711531+00:00
Q135,attribute,T1500,DENSE,"['T1500-1976', 'T1500-1964', 'T1500-1978', 'T1500-1975', 'T1500-1995', 'T1500-1100', 'T1500-1967', 'T1500-1968', 'T1500-1097', 'T1500-1190']","[0.68476844, 0.657848, 0.64474273, 0.64412433, 0.64367235, 0.63844919, 0.63309193, 0.63108838, 0.62578261, 0.62478161]",1,1,1,1,1,858d1b8e5ab94eec7d1fa940c84e3a451e68b4f997069493c95064b64318eb4d,4b37a5ed9cfdc71b591d28bacc024e42e8ebe679ab10903583897e072da5c95b,2026-08-06T20:58:55.711951+00:00
Q136,attribute,T1500,DENSE,"['T1500-1805', 'T1500-1803', 'T1500-1975', 'T1500-1920', 'T1500-1100', 'T1500-1802', 'T1500-0989', 'T1500-1205', 'T1500-1917', 'T1500-1155']","[0.68864715, 0.68383503, 0.65088809, 0.64448488, 0.64327919, 0.64028692, 0.64008069, 0.63964176, 0.63943601, 0.63810098]",,0,0,0,0,bd6b7874a4bfe44a0ff8e9f997c645733522a53760259eb0d86603cc7707f110,4b37a5ed9cfdc71b591d28bacc024e42e8ebe679ab10903583897e072da5c95b,2026-08-06T20:58:55.712493+00:00
Q137,price,T1500,DENSE,"['T1500-0869', 'T1500-0864', 'T1500-0867', 'T1500-0863', 'T1500-0470', 'T1500-0471', 'T1500-0866', 'T1500-0570', 'T1500-0571', 'T1500-0565']","[0.65314913, 0.6472764, 0.64499152, 0.64218974, 0.64081597, 0.63609004, 0.63360894, 0.62769848, 0.61628103, 0.60906661]",2,0,1,1,1,c8611d6569b38fcadefabce87af243085047e4a12884607241704344c2ada889,4b37a5ed9cfdc71b591d28bacc024e42e8ebe679ab10903583897e072da5c95b,2026-08-06T20:58:55.712914+00:00
Q138,price,T1500,DENSE,"['T1500-1617', 'T1500-1539', 'T1500-1638', 'T1500-1634', 'T1500-1614', 'T1500-1534', 'T1500-1550', 'T1500-1531', 'T1500-1630', 'T1500-1538']","[0.55291641, 0.53336275, 0.52837896, 0.52256167, 0.51417655, 0.51381791, 0.50698197, 0.50673574, 0.50602329, 0.50399089]",1,1,1,1,1,cc888b125a1c9f6987e91c1c5fac3f08c3c7b54eca3161a0701487fef0f7fd1f,4b37a5ed9cfdc71b591d28bacc024e42e8ebe679ab10903583897e072da5c95b,2026-08-06T20:58:55.713420+00:00
Q139,price,T1500,DENSE,"['T1500-0142', 'T1500-0141', 'T1500-0147', 'T1500-1848', 'T1500-0140', 'T1500-1370', 'T1500-1762', 'T1500-1764', 'T1500-1862', 'T1500-1938']","[0.5203805, 0.51767647, 0.50549543, 0.49647456, 0.49428371, 0.49104846, 0.4837096, 0.48282224, 0.4815689, 0.47451884]",2,0,1,1,1,0fb640fdb62e3f50507524b42edc18402f980791cbde7ed538d223391a25b54c,4b37a5ed9cfdc71b591d28bacc024e42e8ebe679ab10903583897e072da5c95b,2026-08-06T20:58:55.713824+00:00
Q140,price,T1500,DENSE,"['T1500-0533', 'T1500-0438', 'T1500-0531', 'T1500-0440', 'T1500-0436', 'T1500-0534', 'T1500-0537', 'T1500-0437', 'T1500-0544', 'T1500-0441']","[0.65009612, 0.64428502, 0.64334434, 0.64234948, 0.64166749, 0.63994676, 0.63966513, 0.63960624, 0.63843203, 0.63838768]",1,1,1,1,1,cff6357be7e261a834dcc91c99e801a69badf28ebf6eb2709c19dd776b6f8d73,4b37a5ed9cfdc71b591d28bacc024e42e8ebe679ab10903583897e072da5c95b,2026-08-06T20:58:55.714249+00:00
Q141,price,T1500,DENSE,"['T1500-1954', 'T1500-1951', 'T1500-1952', 'T1500-1949', 'T1500-1955', 'T1500-1964', 'T1500-1920', 'T1500-1802', 'T1500-1948', 'T1500-1976']","[0.70106375, 0.69899297, 0.69868898, 0.69855756, 0.67480338, 0.67310321, 0.66848594, 0.66585553, 0.66279161, 0.65846831]",1,1,1,1,1,088cf0826aa589b40ad1370eb7e7fb5126236983f32d53ab13890912d49304c9,4b37a5ed9cfdc71b591d28bacc024e42e8ebe679ab10903583897e072da5c95b,2026-08-06T20:58:55.714707+00:00
Q142,price,T1500,DENSE,"['T1500-0346', 'T1500-0374', 'T1500-0881', 'T1500-0335', 'T1500-0334', 'T1500-1755', 'T1500-0327', 'T1500-0873', 'T1500-0330', 'T1500-0876']","[0.59525549, 0.58068842, 0.57703936, 0.57187945, 0.57174444, 0.57099152, 0.57011616, 0.56888896, 0.56816757, 0.56711322]",5,0,0,1,1,859f4c3f7abb4b1a58bd44af303f213d32118322651715979c9352ffe122e8c4,4b37a5ed9cfdc71b591d28bacc024e42e8ebe679ab10903583897e072da5c95b,2026-08-06T20:58:55.715113+00:00
Q143,attribute,T1500,DENSE,"['T1500-1815', 'T1500-1814', 'T1500-1811', 'T1500-1813', 'T1500-1939', 'T1500-1938', 'T1500-1844', 'T1500-1810', 'T1500-1841', 'T1500-1817']","[0.6593942, 0.65751863, 0.65416682, 0.64218205, 0.63538909, 0.61471188, 0.61179423, 0.61030161, 0.60047483, 0.59273016]",8,0,0,0,1,f4dee4305190b093ee11875ef6813cf5ce3e1f97d7e2eeffdf459f1e32d8d1ee,4b37a5ed9cfdc71b591d28bacc024e42e8ebe679ab10903583897e072da5c95b,2026-08-06T20:58:55.715541+00:00
Q144,price,T1500,DENSE,"['T1500-0876', 'T1500-0875', 'T1500-0879', 'T1500-0533', 'T1500-0878', 'T1500-0438', 'T1500-0873', 'T1500-0881', 'T1500-0437', 'T1500-0531']","[0.64522254, 0.63965917, 0.63096911, 0.62674332, 0.62606996, 0.62428045, 0.62188077, 0.61513948, 0.61334884, 0.61309558]",2,0,1,1,1,aeba23ebee74275402ae92bc0ce998ae9ec0b0a09ea8d5b5c604b6ac39b7c941,4b37a5ed9cfdc71b591d28bacc024e42e8ebe679ab10903583897e072da5c95b,2026-08-06T20:58:55.715957+00:00
Q145,attribute,T1500,DENSE,"['T1500-1750', 'T1500-1752', 'T1500-0303', 'T1500-0302', 'T1500-0304', 'T1500-1749', 'T1500-0355', 'T1500-1705', 'T1500-0869', 'T1500-1693']","[0.71231383, 0.69346756, 0.69319022, 0.65505743, 0.64556849, 0.58384466, 0.55009615, 0.54594803, 0.54343677, 0.54302669]",,0,0,0,0,6f03cbacb4eaa978ffb3d648a5ddb3014f246d61ca171872ee7584194ff28f5c,4b37a5ed9cfdc71b591d28bacc024e42e8ebe679ab10903583897e072da5c95b,2026-08-06T20:58:55.716445+00:00
Q146,price,T1500,DENSE,"['T1500-1567', 'T1500-0097', 'T1500-1623', 'T1500-1561', 'T1500-0065', 'T1500-1622', 'T1500-1546', 'T1500-1530', 'T1500-1583', 'T1500-1626']","[0.55671841, 0.52502906, 0.52285349, 0.52282625, 0.5196982, 0.51967394, 0.51904637, 0.51885271, 0.51638842, 0.51511753]",1,1,1,1,1,c15f28e5838eb5540b54e2dd7c7e4e9a1b06fdaa6a121d046f1a436c299248d5,4b37a5ed9cfdc71b591d28bacc024e42e8ebe679ab10903583897e072da5c95b,2026-08-06T20:58:55.716894+00:00
Q147,price,T1500,DENSE,"['T1500-1688', 'T1500-1705', 'T1500-1699', 'T1500-1703', 'T1500-1693', 'T1500-1709', 'T1500-1706', 'T1500-1681', 'T1500-0010', 'T1500-1677']","[0.65336072, 0.63579232, 0.62083817, 0.61593294, 0.61577189, 0.61574882, 0.60973227, 0.59168404, 0.58012593, 0.57841378]",,0,0,0,0,f42bf362a9bae1680e3a777eb05b3a2d932f677cdac92a69c987cf802102410c,4b37a5ed9cfdc71b591d28bacc024e42e8ebe679ab10903583897e072da5c95b,2026-08-06T20:58:55.717398+00:00
Q148,price,T1500,DENSE,"['T1500-1347', 'T1500-1366', 'T1500-1348', 'T1500-1355', 'T1500-1353', 'T1500-1351', 'T1500-1367', 'T1500-1383', 'T1500-1352', 'T1500-1357']","[0.61700702, 0.61288285, 0.60920995, 0.60738462, 0.60692745, 0.6052106, 0.59739643, 0.58889258, 0.58374971, 0.58100057]",5,0,0,1,1,5888de19506654fc70581631b57245fa02d092deaffa1656a3370e2d7ea61305,4b37a5ed9cfdc71b591d28bacc024e42e8ebe679ab10903583897e072da5c95b,2026-08-06T20:58:55.717863+00:00
Q149,attribute,T1500,DENSE,"['T1500-1627', 'T1500-1537', 'T1500-1613', 'T1500-1625', 'T1500-1648', 'T1500-1591', 'T1500-1633', 'T1500-1538', 'T1500-1598', 'T1500-1618']","[0.63888484, 0.62433279, 0.61299825, 0.60899699, 0.60353184, 0.59795439, 0.59621799, 0.59612095, 0.59472847, 0.59441876]",9,0,0,0,1,79475664a4455679bb720f433b5ba06e7c2d3970663bfb507d7351c736a6b8bc,4b37a5ed9cfdc71b591d28bacc024e42e8ebe679ab10903583897e072da5c95b,2026-08-06T20:58:55.718331+00:00
Q150,attribute,T1500,DENSE,"['T1500-0137', 'T1500-0138', 'T1500-0139', 'T1500-0136', 'T1500-0090', 'T1500-0140', 'T1500-0292', 'T1500-0133', 'T1500-0091', 'T1500-0293']","[0.68621576, 0.68194669, 0.66443986, 0.62306154, 0.62144655, 0.62049735, 0.61289877, 0.60243678, 0.60139716, 0.59817648]",1,1,1,1,1,b8f085dada031f1ea66c9d944462b56aee8572c5af9a7e7984c8ae7495558b69,4b37a5ed9cfdc71b591d28bacc024e42e8ebe679ab10903583897e072da5c95b,2026-08-06T20:58:55.718828+00:00
Q151,price,T1500,DENSE,"['T1500-0228', 'T1500-0229', 'T1500-1688', 'T1500-1529', 'T1500-0227', 'T1500-0232', 'T1500-1693', 'T1500-1699', 'T1500-1732', 'T1500-1729']","[0.6158604, 0.53612542, 0.52250886, 0.52151167, 0.51579773, 0.51136667, 0.51111794, 0.50589001, 0.49937892, 0.49815589]",2,0,1,1,1,1208b1974eadda76d85e26db629c6220d4d1bb38780cf86a332fe08c84665024,4b37a5ed9cfdc71b591d28bacc024e42e8ebe679ab10903583897e072da5c95b,2026-08-06T20:58:55.719310+00:00
Q152,price,T1500,DENSE,"['T1500-1945', 'T1500-1944', 'T1500-1845', 'T1500-1803', 'T1500-1844', 'T1500-1923', 'T1500-1906', 'T1500-1976', 'T1500-1941', 'T1500-1802']","[0.689906, 0.63455921, 0.6152097, 0.61369538, 0.60733414, 0.6062721, 0.60434955, 0.6031611, 0.60077858, 0.59938794]",1,1,1,1,1,d9e6297f3fecf4c1c603a640c391f92d24f351446e6705767c34a5ab413ba92b,4b37a5ed9cfdc71b591d28bacc024e42e8ebe679ab10903583897e072da5c95b,2026-08-06T20:58:55.719748+00:00
Q153,attribute,T1500,DENSE,"['T1500-1092', 'T1500-1094', 'T1500-1093', 'T1500-1090', 'T1500-1091', 'T1500-1227', 'T1500-1017', 'T1500-1121', 'T1500-1014', 'T1500-1013']","[0.64644629, 0.64369607, 0.63757002, 0.6372298, 0.6265105, 0.59551531, 0.59520304, 0.59497893, 0.59424514, 0.59033322]",,0,0,0,0,82576ad3f6bd4cf70fcfbacbbf31f827037615ada32da1b939038002e6a02f54,4b37a5ed9cfdc71b591d28bacc024e42e8ebe679ab10903583897e072da5c95b,2026-08-06T20:58:55.720267+00:00
Q154,attribute,T1500,DENSE,"['T1500-0834', 'T1500-0835', 'T1500-0836', 'T1500-0825', 'T1500-0832', 'T1500-0676', 'T1500-0822', 'T1500-0826', 'T1500-0824', 'T1500-0677']","[0.65348732, 0.64339054, 0.63569295, 0.63506919, 0.62648952, 0.6188671, 0.61595839, 0.60259724, 0.59842628, 0.59767234]",1,1,1,1,1,8139bc1e47a7a976c43c0a25a49f5db646947f321276d02658c39c3197b2db6c,4b37a5ed9cfdc71b591d28bacc024e42e8ebe679ab10903583897e072da5c95b,2026-08-06T20:58:55.720763+00:00
Q155,price,T1500,DENSE,"['T1500-1236', 'T1500-1848', 'T1500-1832', 'T1500-1847', 'T1500-1759', 'T1500-1237', 'T1500-1781', 'T1500-1830', 'T1500-1756', 'T1500-1529']","[0.56847906, 0.55186099, 0.54938734, 0.54316032, 0.53578377, 0.53515047, 0.53362888, 0.53343081, 0.52981204, 0.52762079]",1,1,1,1,1,145344b903cb304a974134d4fd4bdc8df403ca8749d1c64c78e70f5c2229b2f4,4b37a5ed9cfdc71b591d28bacc024e42e8ebe679ab10903583897e072da5c95b,2026-08-06T20:58:55.721228+00:00
Q156,price,T1500,DENSE,"['T1500-1335', 'T1500-1969', 'T1500-1678', 'T1500-1331', 'T1500-0396', 'T1500-1336', 'T1500-1673', 'T1500-1998', 'T1500-1713', 'T1500-1328']","[0.50680423, 0.50417644, 0.50180429, 0.50114042, 0.50040776, 0.49931782, 0.49879622, 0.49810293, 0.49722093, 0.4971191]",5,0,0,1,1,34ba5c07e9f2b615884e32fef110095e7cdb1ba763f23b0e96c40a08d5515f68,4b37a5ed9cfdc71b591d28bacc024e42e8ebe679ab10903583897e072da5c95b,2026-08-06T20:58:55.721669+00:00
Q157,attribute,T1500,DENSE,"['T1500-1236', 'T1500-1237', 'T1500-1235', 'T1500-1370', 'T1500-1064', 'T1500-1957', 'T1500-1887', 'T1500-1941', 'T1500-2012', 'T1500-1974']","[0.64998877, 0.61600733, 0.57502592, 0.56071824, 0.54946548, 0.54928374, 0.5476144, 0.54758084, 0.54624569, 0.54456258]",,0,0,0,0,d86aab20083ae85a6169e6a5b95906bdb44fd9f3fb19036130c1e550bc3daf65,4b37a5ed9cfdc71b591d28bacc024e42e8ebe679ab10903583897e072da5c95b,2026-08-06T20:58:55.722132+00:00
Q158,attribute,T1500,DENSE,"['T1500-1196', 'T1500-1241', 'T1500-1242', 'T1500-0240', 'T1500-0205', 'T1500-1065', 'T1500-1195', 'T1500-1755', 'T1500-0211', 'T1500-2017']","[0.64360166, 0.63203299, 0.63140547, 0.62792575, 0.62550545, 0.6218214, 0.61544782, 0.61423951, 0.61350107, 0.60641652]",1,1,1,1,1,ed6cd526ef46ff81b16bf0824ff67afc2d05c3d4c4ed61d1b79a74e2ac3e469b,4b37a5ed9cfdc71b591d28bacc024e42e8ebe679ab10903583897e072da5c95b,2026-08-06T20:58:55.722605+00:00
Q159,attribute,T1500,DENSE,"['T1500-0297', 'T1500-0298', 'T1500-0299', 'T1500-2096', 'T1500-2064', 'T1500-2061', 'T1500-2050', 'T1500-0300', 'T1500-2057', 'T1500-0038']","[0.697303, 0.68445337, 0.54448086, 0.54195595, 0.54060531, 0.53443754, 0.52997941, 0.52595693, 0.52468288, 0.52464211]",1,1,1,1,1,6c35f07c8628b7e554ba8e6dd393fdac18e782f66f5bff80baadc8a0e51cfa9d,4b37a5ed9cfdc71b591d28bacc024e42e8ebe679ab10903583897e072da5c95b,2026-08-06T20:58:55.723038+00:00
Q160,price,T1500,DENSE,"['T1500-1261', 'T1500-1688', 'T1500-1699', 'T1500-1693', 'T1500-1752', 'T1500-1327', 'T1500-1833', 'T1500-1755', 'T1500-1339', 'T1500-1703']","[0.53689766, 0.53382772, 0.52497983, 0.52217394, 0.50557816, 0.50172144, 0.49897361, 0.49862757, 0.49203977, 0.49099582]",,0,0,0,0,47c7d154b536197644096c43b63dac86d420c45e98eed7898afd275936793696,4b37a5ed9cfdc71b591d28bacc024e42e8ebe679ab10903583897e072da5c95b,2026-08-06T20:58:55.723543+00:00
Q161,attribute,T1500,DENSE,"['T1500-1422', 'T1500-1431', 'T1500-1430', 'T1500-1740', 'T1500-0015', 'T1500-1323', 'T1500-1423', 'T1500-1367', 'T1500-0107', 'T1500-1741']","[0.58979905, 0.58541143, 0.57835108, 0.56715941, 0.53784966, 0.53608596, 0.53492039, 0.53478539, 0.53298271, 0.53194022]",6,0,0,0,1,4d81036ecab29f102a952871a035c25c4bf999fe1dafc3fde449adb0ce3a1fe7,4b37a5ed9cfdc71b591d28bacc024e42e8ebe679ab10903583897e072da5c95b,2026-08-06T20:58:55.724022+00:00
Q162,price,T1500,DENSE,"['T1500-0997', 'T1500-0996', 'T1500-0995', 'T1500-0990', 'T1500-0991', 'T1500-0994', 'T1500-0989', 'T1500-0993', 'T1500-1004', 'T1500-1964']","[0.67229754, 0.67020655, 0.65039039, 0.64999688, 0.64054382, 0.62270343, 0.61880887, 0.6056329, 0.59561819, 0.59502304]",1,1,1,1,1,c88ac06881715d43d6838c742b9d6c65af0375301d6d7466b575bd0c7dd076c8,4b37a5ed9cfdc71b591d28bacc024e42e8ebe679ab10903583897e072da5c95b,2026-08-06T20:58:55.724474+00:00
Q163,attribute,T1500,DENSE,"['T1500-0310', 'T1500-0760', 'T1500-0773', 'T1500-0655', 'T1500-0776', 'T1500-0658', 'T1500-0778', 'T1500-0769', 'T1500-0756', 'T1500-0764']","[0.65688229, 0.6182391, 0.61698282, 0.61650586, 0.61627197, 0.61606097, 0.61603194, 0.61577451, 0.61540902, 0.61535209]",1,1,1,1,1,9f54acb68ee3f31899db786d9a4077865283380827d4ae03ae3308f9e0ecc9f1,4b37a5ed9cfdc71b591d28bacc024e42e8ebe679ab10903583897e072da5c95b,2026-08-06T20:58:55.724945+00:00
Q164,price,T1500,DENSE,"['T1500-1839', 'T1500-1841', 'T1500-1938', 'T1500-1941', 'T1500-1815', 'T1500-1939', 'T1500-1844', 'T1500-1806', 'T1500-1814', 'T1500-1810']","[0.69210017, 0.6861093, 0.64397031, 0.62585306, 0.61891657, 0.61616218, 0.60194242, 0.59736407, 0.59536523, 0.59234095]",1,1,1,1,1,08cfca2e76e6e7bb076b1339eeabbcc4fbaadaf24b2c07ebd9749305a97620c6,4b37a5ed9cfdc71b591d28bacc024e42e8ebe679ab10903583897e072da5c95b,2026-08-06T20:58:55.725420+00:00
Q165,price,T1500,DENSE,"['T1500-0840', 'T1500-0841', 'T1500-0836', 'T1500-0842', 'T1500-0838', 'T1500-0837', 'T1500-0839', 'T1500-0832', 'T1500-0826', 'T1500-0825']","[0.6854915, 0.68352121, 0.64024508, 0.63742596, 0.63555539, 0.5969156, 0.59369385, 0.58595443, 0.5784815, 0.57437503]",4,0,0,1,1,8274cb4311a5c9d11ce7665b7f42d11f9acb66a6648f0902d9c92e3ba583da7e,4b37a5ed9cfdc71b591d28bacc024e42e8ebe679ab10903583897e072da5c95b,2026-08-06T20:58:55.725858+00:00
Q166,price,T1500,DENSE,"['T1500-1649', 'T1500-1651', 'T1500-1659', 'T1500-1652', 'T1500-1727', 'T1500-1726', 'T1500-1648', 'T1500-1658', 'T1500-1656', 'T1500-1529']","[0.59158218, 0.57252902, 0.55796373, 0.5559817, 0.54944623, 0.54785264, 0.53969222, 0.53434986, 0.52796459, 0.52606213]",2,0,1,1,1,b604181784cb0b75852fc717cd2057753abbdc44029f50653d4984425297f6b9,4b37a5ed9cfdc71b591d28bacc024e42e8ebe679ab10903583897e072da5c95b,2026-08-06T20:58:55.726319+00:00
Q167,price,T1500,DENSE,"['T1500-0561', 'T1500-0864', 'T1500-0866', 'T1500-0869', 'T1500-0863', 'T1500-0461', 'T1500-0867', 'T1500-0462', 'T1500-0468', 'T1500-0467']","[0.6511566, 0.64639461, 0.64058203, 0.63958824, 0.63861525, 0.63848782, 0.63580084, 0.63022244, 0.6204859, 0.61683226]",6,0,0,0,1,d7f7fcc2f0354f903893ab08d1ce1f8a8ca30c9d6bfec443c7eaa167a433a3c9,4b37a5ed9cfdc71b591d28bacc024e42e8ebe679ab10903583897e072da5c95b,2026-08-06T20:58:55.726825+00:00
Q168,price,T1500,DENSE,"['T1500-0331', 'T1500-0330', 'T1500-0329', 'T1500-0533', 'T1500-0374', 'T1500-0332', 'T1500-0327', 'T1500-0348', 'T1500-0328', 'T1500-0438']","[0.60066938, 0.59810215, 0.59624553, 0.59170246, 0.58819604, 0.58806998, 0.58138037, 0.57850981, 0.57737988, 0.57466745]",9,0,0,0,1,b5657d9b11f81754ed5eee5acb7b8ec5a41b4e8453ee76c732ec404e472b6305,4b37a5ed9cfdc71b591d28bacc024e42e8ebe679ab10903583897e072da5c95b,2026-08-06T20:58:55.727265+00:00
Q169,attribute,T1500,DENSE,"['T1500-1605', 'T1500-1537', 'T1500-1599', 'T1500-1538', 'T1500-1604', 'T1500-1613', 'T1500-0077', 'T1500-1602', 'T1500-1601', 'T1500-1598']","[0.66365159, 0.59956038, 0.59114742, 0.58982277, 0.58817732, 0.58775163, 0.58445334, 0.58435053, 0.58155954, 0.58155847]",3,0,1,1,1,0c560f050d3d82d81b766004f347a5e71ca4ea110260e5583597c52a5381549a,4b37a5ed9cfdc71b591d28bacc024e42e8ebe679ab10903583897e072da5c95b,2026-08-06T20:58:55.727747+00:00
Q170,price,T1500,DENSE,"['T1500-0227', 'T1500-1693', 'T1500-1529', 'T1500-1357', 'T1500-0226', 'T1500-0224', 'T1500-1688', 'T1500-1329', 'T1500-1727', 'T1500-1648']","[0.52269936, 0.4978652, 0.49048656, 0.48954594, 0.48633188, 0.48632845, 0.48432535, 0.48278269, 0.48260599, 0.4824239]",,0,0,0,0,5a07536463b4d54efe28d0e6c0f32e9c94809a24cdd5251ea1543f512c0df37b,4b37a5ed9cfdc71b591d28bacc024e42e8ebe679ab10903583897e072da5c95b,2026-08-06T20:58:55.728192+00:00
Q171,price,T1500,DENSE,"['T1500-0396', 'T1500-0395', 'T1500-0401', 'T1500-1758', 'T1500-0400', 'T1500-0386', 'T1500-1689', 'T1500-2064', 'T1500-0391', 'T1500-0397']","[0.52520895, 0.52405339, 0.49915361, 0.49641788, 0.4947935, 0.49200708, 0.49137232, 0.49123263, 0.49079132, 0.49049491]",2,0,1,1,1,1fd2863e165e49da72af6f725925cbfce5b231b08afd325c3bc968951e0f65ec,4b37a5ed9cfdc71b591d28bacc024e42e8ebe679ab10903583897e072da5c95b,2026-08-06T20:58:55.728617+00:00
Q172,attribute,T1500,DENSE,"['T1500-1092', 'T1500-1091', 'T1500-1090', 'T1500-1094', 'T1500-1017', 'T1500-1013', 'T1500-1014', 'T1500-1227', 'T1500-1093', 'T1500-1121']","[0.63160688, 0.62772977, 0.62735099, 0.62688714, 0.61550236, 0.60611117, 0.60575491, 0.60484481, 0.59689367, 0.59614742]",,0,0,0,0,18e8e967ff54f9941f6b4d6e8eada3c224f728834692f8ac7888c80b6b926045,4b37a5ed9cfdc71b591d28bacc024e42e8ebe679ab10903583897e072da5c95b,2026-08-06T20:58:55.729041+00:00
Q173,attribute,T1500,DENSE,"['T1500-0073', 'T1500-1541', 'T1500-0221', 'T1500-1621', 'T1500-1545', 'T1500-0121', 'T1500-1648', 'T1500-1591', 'T1500-1622', 'T1500-1611']","[0.58335888, 0.56561077, 0.55591762, 0.55559278, 0.55473006, 0.5540024, 0.55209136, 0.5473094, 0.54642439, 0.54506338]",1,1,1,1,1,f720b80185ea88f4589b0ec29b30eee21c5c1f5b041aed448386586ac399167e,4b37a5ed9cfdc71b591d28bacc024e42e8ebe679ab10903583897e072da5c95b,2026-08-06T20:58:55.729497+00:00
Q174,price,T1500,DENSE,"['T1500-1201', 'T1500-1947', 'T1500-1200', 'T1500-1205', 'T1500-1920', 'T1500-1805', 'T1500-1967', 'T1500-1202', 'T1500-1206', 'T1500-1976']","[0.66438448, 0.62856817, 0.62529033, 0.62053728, 0.6166358, 0.60978794, 0.60455179, 0.60349661, 0.59998882, 0.59911019]",1,1,1,1,1,bb6c71a041434ac31f023f5b03934264177c1695dec56b4445ea81f8bd9cc8fd,4b37a5ed9cfdc71b591d28bacc024e42e8ebe679ab10903583897e072da5c95b,2026-08-06T20:58:55.729981+00:00
Q175,attribute,T1500,DENSE,"['T1500-1448', 'T1500-1635', 'T1500-1546', 'T1500-1449', 'T1500-1623', 'T1500-1615', 'T1500-1648', 'T1500-0129', 'T1500-1626', 'T1500-1617']","[0.61142004, 0.59863055, 0.59639627, 0.58882332, 0.58682692, 0.58306557, 0.58232147, 0.57848579, 0.5771234, 0.57677948]",,0,0,0,0,485fcaa7cd1c30c0cea992dd715523efb1683ba26cfe1e304d2e381257e647dc,4b37a5ed9cfdc71b591d28bacc024e42e8ebe679ab10903583897e072da5c95b,2026-08-06T20:58:55.730475+00:00
Q176,attribute,T1500,DENSE,"['T1500-1964', 'T1500-1968', 'T1500-1976', 'T1500-1965', 'T1500-1967', 'T1500-1995', 'T1500-1899', 'T1500-1920', 'T1500-1233', 'T1500-1231']","[0.73002923, 0.6589824, 0.65652567, 0.65419286, 0.64616072, 0.6400882, 0.6396876, 0.63801485, 0.63569206, 0.63467258]",1,1,1,1,1,9bc5fb1b493a312da75f9bf55d34c8577054eaf7e53da5c535dec95e426fbb1e,4b37a5ed9cfdc71b591d28bacc024e42e8ebe679ab10903583897e072da5c95b,2026-08-06T20:58:55.730939+00:00
Q177,price,T1500,DENSE,"['T1500-0434', 'T1500-0531', 'T1500-0533', 'T1500-0435', 'T1500-0876', 'T1500-0436', 'T1500-0529', 'T1500-0438', 'T1500-0437', 'T1500-0433']","[0.65624738, 0.65331924, 0.64894027, 0.64890718, 0.64852655, 0.64790988, 0.64644217, 0.64497149, 0.64412749, 0.64394927]",1,1,1,1,1,38ae8f755770f5e95f7b32b98ee6ed1e765c677b95c409c89c9e263617e93491,4b37a5ed9cfdc71b591d28bacc024e42e8ebe679ab10903583897e072da5c95b,2026-08-06T20:58:55.731403+00:00
Q178,attribute,T1500,DENSE,"['T1500-0299', 'T1500-0300', 'T1500-1749', 'T1500-0298', 'T1500-1747', 'T1500-0017', 'T1500-0305', 'T1500-0302', 'T1500-1383', 'T1500-1614']","[0.69682264, 0.67600358, 0.63952339, 0.62259394, 0.59655279, 0.5609566, 0.55757028, 0.54927325, 0.54881912, 0.54014242]",10,0,0,0,1,540656bb0228de7f959eb5e1dc4040f4b8c6417f8a18dcef98275f0e708b1ccf,4b37a5ed9cfdc71b591d28bacc024e42e8ebe679ab10903583897e072da5c95b,2026-08-06T20:58:55.731865+00:00
Q179,attribute,T1500,DENSE,"['T1500-0926', 'T1500-0735', 'T1500-0678', 'T1500-1670', 'T1500-0765', 'T1500-0774', 'T1500-0809', 'T1500-0754', 'T1500-0653', 'T1500-1666']","[0.58741391, 0.57358545, 0.57321656, 0.56556654, 0.560413, 0.55767739, 0.55587983, 0.55347574, 0.55309999, 0.55263734]",,0,0,0,0,7a28fa828b4dc6ebce6bc589484bcc8529ee1a8d772c1c1515be867b487a98b2,4b37a5ed9cfdc71b591d28bacc024e42e8ebe679ab10903583897e072da5c95b,2026-08-06T20:58:55.732333+00:00
Q180,price,T1500,DENSE,"['T1500-1331', 'T1500-1638', 'T1500-1335', 'T1500-1327', 'T1500-1339', 'T1500-1333', 'T1500-1329', 'T1500-1332', 'T1500-1336', 'T1500-1693']","[0.51177239, 0.511253, 0.50870025, 0.50808597, 0.49730027, 0.49509114, 0.49282512, 0.48866302, 0.48802796, 0.48728657]",2,0,1,1,1,00acbe99e5c9680d4477e5a714fb0614b6f6977126a994b796e0620009ed31cf,4b37a5ed9cfdc71b591d28bacc024e42e8ebe679ab10903583897e072da5c95b,2026-08-06T20:58:55.732761+00:00
Q181,price,T1500,DENSE,"['T1500-1621', 'T1500-1534', 'T1500-0097', 'T1500-1537', 'T1500-1623', 'T1500-1618', 'T1500-1641', 'T1500-0107', 'T1500-1625', 'T1500-1617']","[0.54244, 0.53971303, 0.53232461, 0.53162372, 0.53118181, 0.52815509, 0.52774805, 0.5268774, 0.52203417, 0.51993906]",,0,0,0,0,37be64013a7a3f7fd42e8bf659ae20751ae69cc47ef7409134872421a09770e3,4b37a5ed9cfdc71b591d28bacc024e42e8ebe679ab10903583897e072da5c95b,2026-08-06T20:58:55.733273+00:00
Q182,attribute,T1500,DENSE,"['T1500-1128', 'T1500-1125', 'T1500-1127', 'T1500-1124', 'T1500-1126', 'T1500-1129', 'T1500-1131', 'T1500-1971', 'T1500-1776', 'T1500-1130']","[0.66421366, 0.65830421, 0.65443349, 0.64609843, 0.63520861, 0.62523782, 0.61682671, 0.61653769, 0.60511535, 0.59714311]",1,1,1,1,1,a3aa9aac8bf600816c7f35761c1a15bbebb4c6cd67584a37774a52a3840d91b1,4b37a5ed9cfdc71b591d28bacc024e42e8ebe679ab10903583897e072da5c95b,2026-08-06T20:58:55.733744+00:00
Q183,price,T1500,DENSE,"['T1500-1974', 'T1500-1017', 'T1500-1013', 'T1500-1015', 'T1500-1971', 'T1500-1787', 'T1500-1789', 'T1500-1014', 'T1500-1784', 'T1500-1016']","[0.67188847, 0.66888523, 0.66861433, 0.66213942, 0.65725434, 0.65406489, 0.65293789, 0.65198243, 0.64976788, 0.64893401]",10,0,0,0,1,66e4183d888044f3ee77a6c1dae63bd73d86a02f4aa57d5dfcca0fd9ec8fc246,4b37a5ed9cfdc71b591d28bacc024e42e8ebe679ab10903583897e072da5c95b,2026-08-06T20:58:55.734219+00:00
Q184,price,T1500,DENSE,"['T1500-0331', 'T1500-0330', 'T1500-0329', 'T1500-0332', 'T1500-0374', 'T1500-0881', 'T1500-0348', 'T1500-0878', 'T1500-0873', 'T1500-0327']","[0.63057542, 0.62873882, 0.60884202, 0.60445511, 0.58734637, 0.58178407, 0.58068717, 0.57883847, 0.57825118, 0.57704413]",1,1,1,1,1,05ef6497d4a47b77eda854d91601c598f4c145169d1f38abee00897b47aea875,4b37a5ed9cfdc71b591d28bacc024e42e8ebe679ab10903583897e072da5c95b,2026-08-06T20:58:55.734673+00:00
Q185,price,T1500,DENSE,"['T1500-0314', 'T1500-0315', 'T1500-0316', 'T1500-0149', 'T1500-0148', 'T1500-1832', 'T1500-0312', 'T1500-0150', 'T1500-1746', 'T1500-1626']","[0.64071846, 0.63770616, 0.58349919, 0.56343168, 0.55456519, 0.54252446, 0.52952433, 0.52168715, 0.52050859, 0.51997459]",2,0,1,1,1,484bd02904eebaaca6a24ac76c548933864654162222f8f5c1410326de30b223,4b37a5ed9cfdc71b591d28bacc024e42e8ebe679ab10903583897e072da5c95b,2026-08-06T20:58:55.735096+00:00
Q186,price,T1500,DENSE,"['T1500-0876', 'T1500-0346', 'T1500-0537', 'T1500-0873', 'T1500-0332', 'T1500-0878', 'T1500-0374', 'T1500-0331', 'T1500-0348', 'T1500-0881']","[0.60437465, 0.60311359, 0.59210718, 0.59152734, 0.58818364, 0.5866549, 0.58419043, 0.58326918, 0.58297789, 0.58252531]",,0,0,0,0,d9e0686023eb4751de6897089db1bbc5ce4fb0c169f2abe576870fd0556ae332,4b37a5ed9cfdc71b591d28bacc024e42e8ebe679ab10903583897e072da5c95b,2026-08-06T20:58:55.735584+00:00
Q187,attribute,T1500,DENSE,"['T1500-1706', 'T1500-1685', 'T1500-1699', 'T1500-1709', 'T1500-1705', 'T1500-1688', 'T1500-0906', 'T1500-0911', 'T1500-0900', 'T1500-0894']","[0.67156345, 0.6159389, 0.60523301, 0.59386253, 0.57970649, 0.57782632, 0.57329792, 0.56867576, 0.56654191, 0.56611967]",5,0,0,1,1,7b67e2f0295e978b5492fb14023ee3eb7960b0bdfb53bfa3a1f0bb2dbdab8bd0,4b37a5ed9cfdc71b591d28bacc024e42e8ebe679ab10903583897e072da5c95b,2026-08-06T20:58:55.736083+00:00
Q188,price,T1500,DENSE,"['T1500-1968', 'T1500-1964', 'T1500-1899', 'T1500-1805', 'T1500-1965', 'T1500-1897', 'T1500-1920', 'T1500-1967', 'T1500-1868', 'T1500-1803']","[0.66617095, 0.65508211, 0.64155227, 0.6360873, 0.63540065, 0.6265924, 0.62358028, 0.61683965, 0.61621428, 0.61597437]",1,1,1,1,1,9f262b156d7549e6f9d28c84d37621d9c6ec10ad988576b6e0b63b44cf82076f,4b37a5ed9cfdc71b591d28bacc024e42e8ebe679ab10903583897e072da5c95b,2026-08-06T20:58:55.736573+00:00
Q189,attribute,T1500,DENSE,"['T1500-2088', 'T1500-0221', 'T1500-2089', 'T1500-0220', 'T1500-2096', 'T1500-1209', 'T1500-1208', 'T1500-1262', 'T1500-2090', 'T1500-0017']","[0.54744601, 0.53358185, 0.52927923, 0.51832092, 0.5167641, 0.51385874, 0.51289761, 0.51202089, 0.50822037, 0.50600219]",,0,0,0,0,e20effc3456128d462be0c0ac7e56b1b92261be5914b673819e9409e6115ed3c,4b37a5ed9cfdc71b591d28bacc024e42e8ebe679ab10903583897e072da5c95b,2026-08-06T20:58:55.737033+00:00
Q190,price,T1500,DENSE,"['T1500-1776', 'T1500-1971', 'T1500-1783', 'T1500-1974', 'T1500-1780', 'T1500-1775', 'T1500-1781', 'T1500-1791', 'T1500-1789', 'T1500-1768']","[0.64670539, 0.63843936, 0.63818759, 0.62993014, 0.62992042, 0.62913764, 0.62907153, 0.62868661, 0.62769854, 0.62017787]",,0,0,0,0,99ec604dc9b63d285e7362ab8949dfa0b1cb3def88256b6ac54dff678d360a0f,4b37a5ed9cfdc71b591d28bacc024e42e8ebe679ab10903583897e072da5c95b,2026-08-06T20:58:55.737484+00:00
Q191,price,T1500,DENSE,"['T1500-1806', 'T1500-1805', 'T1500-1815', 'T1500-1938', 'T1500-1939', 'T1500-1941', 'T1500-1976', 'T1500-1975', 'T1500-1948', 'T1500-1814']","[0.7029016, 0.69472104, 0.665842, 0.66393375, 0.6621204, 0.65825093, 0.65824223, 0.65416145, 0.65185511, 0.65041149]",1,1,1,1,1,153412c3651d27b33bf87760cac0ae1afe053b93d731acd024e987b52f579365,4b37a5ed9cfdc71b591d28bacc024e42e8ebe679ab10903583897e072da5c95b,2026-08-06T20:58:55.737906+00:00
Q192,attribute,T1500,DENSE,"['T1500-1226', 'T1500-1225', 'T1500-1224', 'T1500-1227', 'T1500-1110', 'T1500-1094', 'T1500-1793', 'T1500-1121', 'T1500-1017', 'T1500-1788']","[0.68034613, 0.66301525, 0.65821725, 0.64922494, 0.61562645, 0.61334389, 0.61285156, 0.61281788, 0.61249423, 0.61008322]",,0,0,0,0,ccfbbe3e80a2bc50e98dfee9aaaac05ba2cd13ad69f062bbda722f71cdedf4e9,4b37a5ed9cfdc71b591d28bacc024e42e8ebe679ab10903583897e072da5c95b,2026-08-06T20:58:55.738402+00:00
Q193,attribute,T1500,DENSE,"['T1500-1604', 'T1500-1602', 'T1500-1599', 'T1500-1534', 'T1500-1537', 'T1500-1605', 'T1500-1598', 'T1500-1601', 'T1500-1648', 'T1500-1623']","[0.6233412, 0.6209352, 0.58364928, 0.58356655, 0.58274806, 0.57778239, 0.57622552, 0.57430029, 0.57399851, 0.57259959]",3,0,1,1,1,f92ae9e9028a81b594e445a6cddca57dedd30484ba53f3504f52631b96f5d198,4b37a5ed9cfdc71b591d28bacc024e42e8ebe679ab10903583897e072da5c95b,2026-08-06T20:58:55.738986+00:00
Q194,price,T1500,DENSE,"['T1500-1345', 'T1500-1336', 'T1500-1535', 'T1500-1625', 'T1500-1327', 'T1500-1701', 'T1500-1713', 'T1500-1335', 'T1500-1693', 'T1500-1577']","[0.53553677, 0.52406991, 0.51590443, 0.51526594, 0.5108757, 0.50829226, 0.50568986, 0.50513279, 0.50469273, 0.50130665]",,0,0,0,0,361032195462dbb55a9f1f674cea5e3304ae46f54e59752c751f214ec5bc0730,4b37a5ed9cfdc71b591d28bacc024e42e8ebe679ab10903583897e072da5c95b,2026-08-06T20:58:55.739454+00:00
Q195,attribute,T1500,DENSE,"['T1500-0129', 'T1500-0109', 'T1500-2035', 'T1500-0199', 'T1500-0221', 'T1500-0197', 'T1500-0110', 'T1500-0108', 'T1500-0076', 'T1500-0074']","[0.55024886, 0.5177995, 0.51722831, 0.51594102, 0.51518351, 0.51036763, 0.50922388, 0.50785232, 0.50692433, 0.50684404]",1,1,1,1,1,a4dede8f167a5bf5832d2f1c66f466899c46e4a2712cd309e4d5af11d0c2b244,4b37a5ed9cfdc71b591d28bacc024e42e8ebe679ab10903583897e072da5c95b,2026-08-06T20:58:55.739946+00:00
Q196,attribute,T1500,DENSE,"['T1500-1622', 'T1500-1538', 'T1500-1534', 'T1500-1623', 'T1500-1626', 'T1500-0074', 'T1500-0097', 'T1500-0036', 'T1500-0068', 'T1500-0085']","[0.63587517, 0.62462223, 0.61853433, 0.61287713, 0.6111908, 0.60700333, 0.60443664, 0.60286337, 0.60230064, 0.60016894]",1,1,1,1,1,12cd0f4e89658a83f2c33333c7c18647c9a79aad04d2122f5536c06d9fc25435,4b37a5ed9cfdc71b591d28bacc024e42e8ebe679ab10903583897e072da5c95b,2026-08-06T20:58:55.740441+00:00
Q197,price,T1500,DENSE,"['T1500-1087', 'T1500-1088', 'T1500-1095', 'T1500-1084', 'T1500-1771', 'T1500-1848', 'T1500-1773', 'T1500-1791', 'T1500-1775', 'T1500-1859']","[0.5486781, 0.54328012, 0.53344899, 0.52728683, 0.52695835, 0.52273679, 0.52227193, 0.52029836, 0.51704669, 0.51645422]",2,0,1,1,1,d7b836d5783c7ad5561e8b4e9ecab4c20e50eeadd8cca5d00dfd37d78be18e1a,4b37a5ed9cfdc71b591d28bacc024e42e8ebe679ab10903583897e072da5c95b,2026-08-06T20:58:55.740883+00:00
Q198,attribute,T1500,DENSE,"['T1500-0193', 'T1500-0194', 'T1500-0051', 'T1500-0048', 'T1500-0192', 'T1500-1360', 'T1500-1386', 'T1500-1383', 'T1500-1361', 'T1500-0050']","[0.59562343, 0.57822669, 0.56437427, 0.55060482, 0.54902875, 0.5480994, 0.54056066, 0.5363816, 0.53583848, 0.53493935]",1,1,1,1,1,6b3e39b9f1f68bed68a37f11abf5ebf249cc4b407c019ba3898d7b9af6962884,4b37a5ed9cfdc71b591d28bacc024e42e8ebe679ab10903583897e072da5c95b,2026-08-06T20:58:55.741373+00:00
Q199,attribute,T1500,DENSE,"['T1500-1236', 'T1500-1237', 'T1500-1761', 'T1500-1759', 'T1500-1235', 'T1500-1245', 'T1500-1758', 'T1500-1238', 'T1500-1239', 'T1500-0397']","[0.6454379, 0.63134515, 0.57320023, 0.57201099, 0.56736887, 0.56655556, 0.56541169, 0.56456292, 0.56410187, 0.56124502]",1,1,1,1,1,d25bf94ad957903283aa048c32e3a69fe540905b32397ede56a24313fafe2e77,4b37a5ed9cfdc71b591d28bacc024e42e8ebe679ab10903583897e072da5c95b,2026-08-06T20:58:55.741832+00:00
Q200,attribute,T1500,DENSE,"['T1500-1120', 'T1500-1107', 'T1500-1119', 'T1500-1108', 'T1500-1105', 'T1500-0744', 'T1500-0671', 'T1500-0769', 'T1500-0429', 'T1500-0520']","[0.56346661, 0.56117451, 0.54877627, 0.54683805, 0.53729576, 0.52799535, 0.52705956, 0.52666557, 0.5261749, 0.52269053]",3,0,1,1,1,9dd53381e2e1fc9a00eb5e84fe72da5f73f6a61e6a7ebb7c884fdd981394a7fb,4b37a5ed9cfdc71b591d28bacc024e42e8ebe679ab10903583897e072da5c95b,2026-08-06T20:58:55.742291+00:00
Q201,attribute,T1500,DENSE,"['T1500-0321', 'T1500-0322', 'T1500-0320', 'T1500-0323', 'T1500-0319', 'T1500-0324', 'T1500-0346', 'T1500-0354', 'T1500-0333', 'T1500-0345']","[0.64664215, 0.64342743, 0.61800641, 0.6165334, 0.6111477, 0.61038804, 0.60980761, 0.60767519, 0.6067301, 0.60211849]",,0,0,0,0,50ab218a07aa3375ce6f3a6ae16cccc925fb441194edda7e4d93ac81c4b446c1,4b37a5ed9cfdc71b591d28bacc024e42e8ebe679ab10903583897e072da5c95b,2026-08-06T20:58:55.742746+00:00
Q202,price,T1500,DENSE,"['T1500-1796', 'T1500-1845', 'T1500-1923', 'T1500-1806', 'T1500-1912', 'T1500-1821', 'T1500-1820', 'T1500-1921', 'T1500-1914', 'T1500-1803']","[0.69481134, 0.68313801, 0.67707205, 0.67642385, 0.66257524, 0.6617679, 0.66111594, 0.65976453, 0.65720648, 0.652964]",4,0,0,1,1,be9602af7227908068974d7fcfe13275b0e5ec649f44c39aa96797da7739c363,4b37a5ed9cfdc71b591d28bacc024e42e8ebe679ab10903583897e072da5c95b,2026-08-06T20:58:55.743166+00:00
Q203,price,T1500,DENSE,"['T1500-0353', 'T1500-0354', 'T1500-0342', 'T1500-0352', 'T1500-0344', 'T1500-0881', 'T1500-0333', 'T1500-0355', 'T1500-0341', 'T1500-0345']","[0.61073393, 0.59492004, 0.58263862, 0.58238137, 0.57882214, 0.57810402, 0.57756364, 0.56877846, 0.56013823, 0.55813348]",8,0,0,0,1,c28d0482b945d5405048a8dc7d050df1a759b481dca8b720ecd59a97a88a457b,4b37a5ed9cfdc71b591d28bacc024e42e8ebe679ab10903583897e072da5c95b,2026-08-06T20:58:55.743658+00:00
Q204,attribute,T1500,DENSE,"['T1500-1949', 'T1500-1952', 'T1500-1951', 'T1500-1954', 'T1500-1955', 'T1500-1948', 'T1500-1976', 'T1500-1022', 'T1500-1975', 'T1500-1802']","[0.71226311, 0.69281799, 0.68674463, 0.68571395, 0.68374622, 0.67376494, 0.66501606, 0.66434777, 0.6627506, 0.65822065]",6,0,0,0,1,b68200a59ce021c14b382a48279823d131664ab1e3941ed8e80ac9cb0f1f8431,4b37a5ed9cfdc71b591d28bacc024e42e8ebe679ab10903583897e072da5c95b,2026-08-06T20:58:55.744113+00:00
Q205,attribute,T1500,DENSE,"['T1500-1947', 'T1500-1975', 'T1500-1976', 'T1500-1206', 'T1500-1205', 'T1500-1796', 'T1500-1803', 'T1500-1805', 'T1500-1920', 'T1500-1995']","[0.72031295, 0.6638869, 0.65348256, 0.65060359, 0.65028763, 0.64445984, 0.64388889, 0.63922417, 0.6380474, 0.63760161]",,0,0,0,0,d432d406d385d2fe86c4181b87c235fbacbc83e91b679770d0f3afbfda61283a,4b37a5ed9cfdc71b591d28bacc024e42e8ebe679ab10903583897e072da5c95b,2026-08-06T20:58:55.744591+00:00
Q206,attribute,T1500,DENSE,"['T1500-1017', 'T1500-1014', 'T1500-1013', 'T1500-1015', 'T1500-1094', 'T1500-1016', 'T1500-1227', 'T1500-1018', 'T1500-1091', 'T1500-1090']","[0.73864591, 0.72536463, 0.71284473, 0.70867056, 0.69306016, 0.69082618, 0.68735027, 0.67105222, 0.66803324, 0.66190052]",1,1,1,1,1,15fff97d06cb4d5a4cc72f368b86edfac969ed33b425746d04309371844ab48d,4b37a5ed9cfdc71b591d28bacc024e42e8ebe679ab10903583897e072da5c95b,2026-08-06T20:58:55.745008+00:00
Q207,price,T1500,DENSE,"['T1500-1367', 'T1500-1369', 'T1500-1370', 'T1500-1383', 'T1500-1357', 'T1500-1363', 'T1500-0294', 'T1500-1353', 'T1500-0202', 'T1500-0203']","[0.58647096, 0.57612455, 0.57544363, 0.56459653, 0.5644201, 0.56335914, 0.56255472, 0.55257869, 0.55128139, 0.55008209]",,0,0,0,0,b5ed553180767810d3ad0325dc7aff5af11dcda04f5e7fe220e01f000fa3d1fb,4b37a5ed9cfdc71b591d28bacc024e42e8ebe679ab10903583897e072da5c95b,2026-08-06T20:58:55.745487+00:00
Q208,attribute,T1500,DENSE,"['T1500-1750', 'T1500-0303', 'T1500-1752', 'T1500-0302', 'T1500-0304', 'T1500-1749', 'T1500-1261', 'T1500-0869', 'T1500-0346', 'T1500-0355']","[0.71809632, 0.71687198, 0.6815542, 0.66292161, 0.65250206, 0.58705133, 0.56530261, 0.55442631, 0.55299246, 0.54843563]",,0,0,0,0,24582c24a9d70709cfd7a3c64b28d92102d91d059cecd27c6a9625f9a1292bf2,4b37a5ed9cfdc71b591d28bacc024e42e8ebe679ab10903583897e072da5c95b,2026-08-06T20:58:55.745955+00:00
Q209,attribute,T1500,DENSE,"['T1500-1128', 'T1500-1129', 'T1500-1125', 'T1500-1126', 'T1500-1131', 'T1500-1127', 'T1500-1124', 'T1500-1130', 'T1500-1971', 'T1500-1776']","[0.65425408, 0.6303345, 0.62984765, 0.62283319, 0.62188154, 0.6022265, 0.60146481, 0.58539492, 0.57955611, 0.56962657]",1,1,1,1,1,1ea981605dbe131ddb475bb1d35d18d06eb792a36f20052e265d34897d16724b,4b37a5ed9cfdc71b591d28bacc024e42e8ebe679ab10903583897e072da5c95b,2026-08-06T20:58:55.746426+00:00
Q210,attribute,T1500,DENSE,"['T1500-0128', 'T1500-1626', 'T1500-1625', 'T1500-1623', 'T1500-0036', 'T1500-1613', 'T1500-1622', 'T1500-1629', 'T1500-1618', 'T1500-0097']","[0.63413358, 0.63073748, 0.63035923, 0.6211198, 0.61735725, 0.61582744, 0.61453474, 0.61361295, 0.61133009, 0.61049771]",1,1,1,1,1,7ad7de06b8f0741f8f1a3bf5cb527091b49e3d5698a077d3c4bef311075e409c,4b37a5ed9cfdc71b591d28bacc024e42e8ebe679ab10903583897e072da5c95b,2026-08-06T20:58:55.746903+00:00
Q211,attribute,T1500,DENSE,"['T1500-1331', 'T1500-1755', 'T1500-1583', 'T1500-1713', 'T1500-1339', 'T1500-1335', 'T1500-1327', 'T1500-0153', 'T1500-1626', 'T1500-2064']","[0.53815699, 0.53193825, 0.53183091, 0.5310511, 0.52974033, 0.5238834, 0.52183855, 0.52146, 0.5189845, 0.51812822]",2,0,1,1,1,08e62148b1f1234c9c950a3917178da4f5fab591ffc9dff554f600a0d17822ce,4b37a5ed9cfdc71b591d28bacc024e42e8ebe679ab10903583897e072da5c95b,2026-08-06T20:58:55.747366+00:00
Q212,attribute,T1500,DENSE,"['T1500-1746', 'T1500-1747', 'T1500-0145', 'T1500-1626', 'T1500-0147', 'T1500-1618', 'T1500-0312', 'T1500-1744', 'T1500-0148', 'T1500-0149']","[0.58079714, 0.54484999, 0.52899081, 0.51740128, 0.51707709, 0.51042032, 0.50656044, 0.5043453, 0.50215775, 0.5013538]",3,0,1,1,1,389162e823cc23d864b07d6d657b0a6a13e48c14e4dc97360bf2f4447e2b6a62,4b37a5ed9cfdc71b591d28bacc024e42e8ebe679ab10903583897e072da5c95b,2026-08-06T20:58:55.747822+00:00
Q213,attribute,T1500,DENSE,"['T1500-1232', 'T1500-1231', 'T1500-1233', 'T1500-1228', 'T1500-1230', 'T1500-1229', 'T1500-1234', 'T1500-1059', 'T1500-1190', 'T1500-1189']","[0.7224251, 0.7074151, 0.70346427, 0.70206946, 0.69645143, 0.69062555, 0.67921263, 0.65761781, 0.65357602, 0.65174615]",1,1,1,1,1,15fa11fd69abb1cb341c7d4c7a4bfd626614c66ee6aa905d7d3e186e1a782a30,4b37a5ed9cfdc71b591d28bacc024e42e8ebe679ab10903583897e072da5c95b,2026-08-06T20:58:55.748291+00:00
Q214,attribute,T1500,DENSE,"['T1500-1602', 'T1500-1601', 'T1500-1597', 'T1500-1598', 'T1500-1599', 'T1500-1534', 'T1500-1605', 'T1500-1648', 'T1500-1546', 'T1500-1537']","[0.60597825, 0.58472258, 0.58075583, 0.57218194, 0.57166713, 0.56269836, 0.54674006, 0.54299438, 0.54173696, 0.54097319]",3,0,1,1,1,a90b0a8e2ca186eb28ec5b43d52b946cd541d486067a2b81eb7265873475aa94,4b37a5ed9cfdc71b591d28bacc024e42e8ebe679ab10903583897e072da5c95b,2026-08-06T20:58:55.748739+00:00
Q215,attribute,T1500,DENSE,"['T1500-0240', 'T1500-0239', 'T1500-0241', 'T1500-2099', 'T1500-2092', 'T1500-0205', 'T1500-0238', 'T1500-2091', 'T1500-2090', 'T1500-2088']","[0.56804174, 0.56706995, 0.55481803, 0.53880566, 0.53371602, 0.53367478, 0.53347528, 0.5234316, 0.52271593, 0.52194583]",3,0,1,1,1,ab7b7855d54983f4522bd5a1dd95f6eaaccb5202aa58f3bb9237869930956b74,4b37a5ed9cfdc71b591d28bacc024e42e8ebe679ab10903583897e072da5c95b,2026-08-06T20:58:55.749146+00:00
Q216,attribute,T1500,DENSE,"['T1500-1618', 'T1500-1625', 'T1500-1641', 'T1500-1623', 'T1500-1626', 'T1500-1546', 'T1500-1648', 'T1500-1619', 'T1500-0097', 'T1500-0076']","[0.62571466, 0.61438572, 0.61122161, 0.61081445, 0.609712, 0.60510433, 0.600142, 0.59904265, 0.59890115, 0.59844083]",,0,0,0,0,21b656ddc5873369d6ac3c30fbdda9307f698a0dda063bb872bc3b634fd0e9f6,4b37a5ed9cfdc71b591d28bacc024e42e8ebe679ab10903583897e072da5c95b,2026-08-06T20:58:55.749579+00:00
Q217,attribute,T1500,DENSE,"['T1500-1627', 'T1500-1648', 'T1500-1591', 'T1500-1623', 'T1500-0072', 'T1500-1633', 'T1500-1571', 'T1500-0092', 'T1500-0070', 'T1500-1542']","[0.63461339, 0.60691071, 0.60020739, 0.59949172, 0.59877658, 0.59808064, 0.5972023, 0.59127718, 0.58959746, 0.58840263]",,0,0,0,0,5505062d463e2de630503bcca13a60cf6d50fb1497625fa168e0cccd971d7d3a,4b37a5ed9cfdc71b591d28bacc024e42e8ebe679ab10903583897e072da5c95b,2026-08-06T20:58:55.750042+00:00
Q218,price,T1500,DENSE,"['T1500-1851', 'T1500-1852', 'T1500-1854', 'T1500-1933', 'T1500-1832', 'T1500-1935', 'T1500-1848', 'T1500-1859', 'T1500-1861', 'T1500-1971']","[0.60614347, 0.59154361, 0.56818432, 0.56698942, 0.56567442, 0.55981863, 0.55666184, 0.55285633, 0.54909337, 0.54584879]",,0,0,0,0,530df9bc1aa2d6d4936ad161d162ee62abafd9607bcbb19afb7a90c2080c9686,4b37a5ed9cfdc71b591d28bacc024e42e8ebe679ab10903583897e072da5c95b,2026-08-06T20:58:55.750534+00:00
Q219,price,T1500,DENSE,"['T1500-0341', 'T1500-0342', 'T1500-0344', 'T1500-0354', 'T1500-0333', 'T1500-0345', 'T1500-0337', 'T1500-0336', 'T1500-0323', 'T1500-0353']","[0.63351893, 0.63332599, 0.63218558, 0.61957777, 0.61330414, 0.6032114, 0.60281026, 0.59948325, 0.59576863, 0.59558976]",3,0,1,1,1,15a198265f28c047fecdef71f8372569ea1b7f26f710a416e10fa0b5cdf114a5,4b37a5ed9cfdc71b591d28bacc024e42e8ebe679ab10903583897e072da5c95b,2026-08-06T20:58:55.750934+00:00
Q220,price,T1500,DENSE,"['T1500-0992', 'T1500-0994', 'T1500-0993', 'T1500-0991', 'T1500-0997', 'T1500-0995', 'T1500-0996', 'T1500-0990', 'T1500-1004', 'T1500-1965']","[0.68714631, 0.68677384, 0.68585086, 0.67858636, 0.64847827, 0.64609611, 0.64590049, 0.63591844, 0.6329729, 0.6322372]",4,0,0,1,1,220b9e1e4b8e15e1c5cd5867b4f233bdf4f022c2ec5797135c3e6e0a0b033975,4b37a5ed9cfdc71b591d28bacc024e42e8ebe679ab10903583897e072da5c95b,2026-08-06T20:58:55.751475+00:00
Q221,price,T1500,DENSE,"['T1500-0834', 'T1500-0835', 'T1500-0832', 'T1500-0824', 'T1500-0823', 'T1500-0836', 'T1500-0826', 'T1500-0822', 'T1500-0825', 'T1500-0833']","[0.65815789, 0.62684762, 0.62283516, 0.58307177, 0.58169335, 0.57808757, 0.57100773, 0.57077539, 0.56932223, 0.55113548]",2,0,1,1,1,54ee2ca749781fd048ac993a487e6e1600fc258eedb0afc2bec15a0155db8d73,4b37a5ed9cfdc71b591d28bacc024e42e8ebe679ab10903583897e072da5c95b,2026-08-06T20:58:55.751879+00:00
Q222,attribute,T1500,DENSE,"['T1500-1980', 'T1500-1979', 'T1500-1978', 'T1500-1975', 'T1500-1976', 'T1500-1906', 'T1500-1802', 'T1500-1982', 'T1500-1803', 'T1500-1964']","[0.69325018, 0.68987393, 0.67872238, 0.67569816, 0.66845202, 0.65051496, 0.64902747, 0.64865959, 0.64517105, 0.64367938]",,0,0,0,0,11c63dc600ae6a4726004bea9fc05fcf2fe829ddca3b41921fc5edb476f672b8,4b37a5ed9cfdc71b591d28bacc024e42e8ebe679ab10903583897e072da5c95b,2026-08-06T20:58:55.752308+00:00
Q223,price,T1500,DENSE,"['T1500-1838', 'T1500-1345', 'T1500-1832', 'T1500-1848', 'T1500-1836', 'T1500-1929', 'T1500-1339', 'T1500-1331', 'T1500-1842', 'T1500-1342']","[0.47915483, 0.47673389, 0.47142226, 0.47072345, 0.46488637, 0.46396619, 0.45778874, 0.45622465, 0.45349139, 0.45135009]",5,0,0,1,1,6195f45e4149882e9c793b2bc91e36bf5f0ce6859a9b4f3da6d1ec133b87476f,4b37a5ed9cfdc71b591d28bacc024e42e8ebe679ab10903583897e072da5c95b,2026-08-06T20:58:55.752708+00:00
Q224,attribute,T1500,DENSE,"['T1500-1983', 'T1500-1988', 'T1500-1985', 'T1500-1982', 'T1500-1233', 'T1500-1234', 'T1500-1231', 'T1500-1228', 'T1500-1867', 'T1500-1263']","[0.63106871, 0.61213768, 0.6055876, 0.59429049, 0.57597011, 0.57088584, 0.56790316, 0.55181658, 0.55095029, 0.5478828]",4,0,0,1,1,befa012ccacd7fab43b55d1121fcb96aed38aad7099aa7a0834d40dee3e4b550,4b37a5ed9cfdc71b591d28bacc024e42e8ebe679ab10903583897e072da5c95b,2026-08-06T20:58:55.753127+00:00
Q225,attribute,T1500,DENSE,"['T1500-1689', 'T1500-1695', 'T1500-1755', 'T1500-2064', 'T1500-2061', 'T1500-1678', 'T1500-1332', 'T1500-1449', 'T1500-1756', 'T1500-2062']","[0.55574101, 0.51585519, 0.5143739, 0.51371115, 0.51359838, 0.5098033, 0.5095526, 0.50918901, 0.50827235, 0.50638902]",3,0,1,1,1,b2b50826a13063e4169c90e5b83940226d655999a1e3e20b0c9605c2f4b32966,4b37a5ed9cfdc71b591d28bacc024e42e8ebe679ab10903583897e072da5c95b,2026-08-06T20:58:55.753572+00:00
Q226,price,T1500,DENSE,"['T1500-1006', 'T1500-1008', 'T1500-1005', 'T1500-1010', 'T1500-1009', 'T1500-1007', 'T1500-1011', 'T1500-1012', 'T1500-0990', 'T1500-0991']","[0.62430477, 0.61757362, 0.61457455, 0.61408174, 0.61315608, 0.61131471, 0.57680172, 0.57197338, 0.56993395, 0.56175113]",1,1,1,1,1,1d410d42d7f306ddef1dda63128b4ed410ad02a1056b84aa4178074c6e831607,4b37a5ed9cfdc71b591d28bacc024e42e8ebe679ab10903583897e072da5c95b,2026-08-06T20:58:55.754024+00:00
Q227,attribute,T1500,DENSE,"['T1500-1954', 'T1500-1952', 'T1500-1951', 'T1500-1949', 'T1500-1948', 'T1500-1032', 'T1500-1033', 'T1500-1955', 'T1500-1025', 'T1500-1024']","[0.70854032, 0.69145203, 0.6852417, 0.68112701, 0.68021703, 0.67544162, 0.67141372, 0.67065775, 0.66862124, 0.66430461]",6,0,0,0,1,b320ec926bbe8e754974d57dfb820db6411c3ba0c70d2225acbf8a9389270259,4b37a5ed9cfdc71b591d28bacc024e42e8ebe679ab10903583897e072da5c95b,2026-08-06T20:58:55.754480+00:00
Q228,attribute,T1500,DENSE,"['T1500-1721', 'T1500-0205', 'T1500-0240', 'T1500-1722', 'T1500-0208', 'T1500-0239', 'T1500-0207', 'T1500-0211', 'T1500-1366', 'T1500-0206']","[0.61774385, 0.60936904, 0.57970327, 0.57270014, 0.57131672, 0.5683949, 0.56739479, 0.56378126, 0.56192327, 0.56099457]",2,0,1,1,1,835c2730b131ab9b9a8c5be654ebf5d18f5f90f944a60708bf11ec9d729076d5,4b37a5ed9cfdc71b591d28bacc024e42e8ebe679ab10903583897e072da5c95b,2026-08-06T20:58:55.754914+00:00
Q229,attribute,T1500,DENSE,"['T1500-1363', 'T1500-1364', 'T1500-0133', 'T1500-0090', 'T1500-0291', 'T1500-0132', 'T1500-0134', 'T1500-1383', 'T1500-0136', 'T1500-0293']","[0.64428496, 0.63459694, 0.62299848, 0.61821026, 0.6159209, 0.61237371, 0.61036915, 0.6092416, 0.6080119, 0.60571557]",,0,0,0,0,4060509329a5a762a92ef76590163b48a91a99281576432ddaf3418db20d23fd,4b37a5ed9cfdc71b591d28bacc024e42e8ebe679ab10903583897e072da5c95b,2026-08-06T20:58:55.755378+00:00
Q230,attribute,T1500,DENSE,"['T1500-1954', 'T1500-1952', 'T1500-1951', 'T1500-1949', 'T1500-1948', 'T1500-1025', 'T1500-1029', 'T1500-1955', 'T1500-1024', 'T1500-1032']","[0.68259299, 0.67634064, 0.6757071, 0.67117423, 0.66706902, 0.6638695, 0.66326123, 0.65786749, 0.65410388, 0.65323949]",6,0,0,0,1,c6032ece2b5437dcf9ab19ab7cf2f5410e8ba5197b914aad2f37e659515af830,4b37a5ed9cfdc71b591d28bacc024e42e8ebe679ab10903583897e072da5c95b,2026-08-06T20:58:55.755812+00:00
Q231,price,T1500,DENSE,"['T1500-1601', 'T1500-1598', 'T1500-1599', 'T1500-1602', 'T1500-1605', 'T1500-1597', 'T1500-1604', 'T1500-1613', 'T1500-1537', 'T1500-1623']","[0.66112638, 0.64264786, 0.634426, 0.62902814, 0.60368335, 0.58452404, 0.58117723, 0.57689703, 0.57656837, 0.56183124]",2,0,1,1,1,ef6b3d301d90687b741991e0d8f3de1d57d12cf7049203fa6efb23654ba3f776,4b37a5ed9cfdc71b591d28bacc024e42e8ebe679ab10903583897e072da5c95b,2026-08-06T20:58:55.756297+00:00
Q232,attribute,T1500,DENSE,"['T1500-1633', 'T1500-1631', 'T1500-1623', 'T1500-1625', 'T1500-1626', 'T1500-1648', 'T1500-1643', 'T1500-0081', 'T1500-0072', 'T1500-1642']","[0.65311158, 0.65134072, 0.59953636, 0.59746826, 0.59098244, 0.5866484, 0.58340508, 0.58275408, 0.58160025, 0.57854855]",8,0,0,0,1,3e4ae7cdd538a47183303b7e8262eafb7968af064bad4fdc162bd84d426fd3ca,4b37a5ed9cfdc71b591d28bacc024e42e8ebe679ab10903583897e072da5c95b,2026-08-06T20:58:55.756811+00:00
Q233,attribute,T1500,DENSE,"['T1500-1975', 'T1500-1803', 'T1500-1800', 'T1500-1802', 'T1500-1805', 'T1500-1955', 'T1500-1964', 'T1500-1920', 'T1500-1976', 'T1500-2020']","[0.67196912, 0.66948032, 0.66121447, 0.66074133, 0.65907776, 0.65644884, 0.65548646, 0.65517986, 0.65385067, 0.65316421]",,0,0,0,0,783221339a7f8eee64df5acd42c066ae78261a3a6a70cb8dffc1fc051339d134,4b37a5ed9cfdc71b591d28bacc024e42e8ebe679ab10903583897e072da5c95b,2026-08-06T20:58:55.757357+00:00
Q234,price,T1500,DENSE,"['T1500-1851', 'T1500-1260', 'T1500-1852', 'T1500-1259', 'T1500-1935', 'T1500-1861', 'T1500-1971', 'T1500-1933', 'T1500-1854', 'T1500-1771']","[0.63553083, 0.63095623, 0.61072779, 0.61012429, 0.58254379, 0.57884365, 0.56789869, 0.56271273, 0.55796814, 0.54554576]",2,0,1,1,1,32cc73887048e0b83ad1738c5a02a34a9603d0b7f58bb1e281779db6c6c95364,4b37a5ed9cfdc71b591d28bacc024e42e8ebe679ab10903583897e072da5c95b,2026-08-06T20:58:55.757815+00:00
Q235,attribute,T1500,DENSE,"['T1500-1364', 'T1500-0138', 'T1500-0139', 'T1500-1363', 'T1500-0137', 'T1500-1361', 'T1500-0091', 'T1500-1360', 'T1500-0090', 'T1500-0140']","[0.63800573, 0.63719898, 0.63283414, 0.63017726, 0.62941903, 0.62614036, 0.6139636, 0.61091757, 0.60843349, 0.60804868]",6,0,0,0,1,73e9af368820ef454c452186c1eb3c9fefa29296665dd28bd6f36f4c2dbf701c,4b37a5ed9cfdc71b591d28bacc024e42e8ebe679ab10903583897e072da5c95b,2026-08-06T20:58:55.758327+00:00
Q236,price,T1500,DENSE,"['T1500-0320', 'T1500-0322', 'T1500-0323', 'T1500-0319', 'T1500-0321', 'T1500-1755', 'T1500-0345', 'T1500-0346', 'T1500-0374', 'T1500-0881']","[0.62783468, 0.62680995, 0.62325037, 0.61959618, 0.61950457, 0.60093498, 0.60091382, 0.5982064, 0.59813505, 0.59476078]",3,0,1,1,1,6de5e3809ba19d8f37e028b94c76b2d973caa0f0d0f1723f0e656e237e1a4a9c,4b37a5ed9cfdc71b591d28bacc024e42e8ebe679ab10903583897e072da5c95b,2026-08-06T20:58:55.758767+00:00
Q237,attribute,T1500,DENSE,"['T1500-1920', 'T1500-1975', 'T1500-1803', 'T1500-1947', 'T1500-1909', 'T1500-1918', 'T1500-1976', 'T1500-1964', 'T1500-1802', 'T1500-1955']","[0.67302585, 0.67165434, 0.65747255, 0.65344149, 0.6502167, 0.6456278, 0.64507926, 0.64112163, 0.64098215, 0.63595223]",,0,0,0,0,dfae0030807738bb563baf2bb15caffbab84f036aedcbe14c92d1efdf9e0951c,4b37a5ed9cfdc71b591d28bacc024e42e8ebe679ab10903583897e072da5c95b,2026-08-06T20:58:55.759241+00:00
Q238,attribute,T1500,DENSE,"['T1500-0016', 'T1500-0015', 'T1500-0014', 'T1500-0019', 'T1500-0018', 'T1500-2096', 'T1500-2088', 'T1500-0017', 'T1500-0221', 'T1500-1208']","[0.59729421, 0.58054566, 0.55397964, 0.54752684, 0.54165268, 0.54002869, 0.52585971, 0.5196051, 0.50970632, 0.50739801]",1,1,1,1,1,7655a3dd139237ea65e91f5fc818e370480b3b355a844a9024f0afe32747108f,4b37a5ed9cfdc71b591d28bacc024e42e8ebe679ab10903583897e072da5c95b,2026-08-06T20:58:55.759694+00:00
Q239,attribute,T1500,DENSE,"['T1500-1449', 'T1500-1393', 'T1500-1391', 'T1500-1524', 'T1500-0167', 'T1500-1861', 'T1500-1432', 'T1500-1743', 'T1500-1858', 'T1500-1395']","[0.49900758, 0.48633811, 0.48043859, 0.47928926, 0.47674283, 0.47531143, 0.47337788, 0.47190928, 0.46962824, 0.46846122]",,0,0,0,0,7c9e5713d6240edca97215fa14eb820cf542931a37dd028fecb4c7aef0ab8b13,4b37a5ed9cfdc71b591d28bacc024e42e8ebe679ab10903583897e072da5c95b,2026-08-06T20:58:55.760165+00:00
Q240,price,T1500,DENSE,"['T1500-0228', 'T1500-0227', 'T1500-1353', 'T1500-1367', 'T1500-1404', 'T1500-0231', 'T1500-1388', 'T1500-1369', 'T1500-1405', 'T1500-0059']","[0.5850842, 0.49410969, 0.49285108, 0.48940066, 0.48576367, 0.48209167, 0.48194516, 0.48008388, 0.47890183, 0.47754663]",6,0,0,0,1,45bc33147b0ec5f67ef7325568f441bba1fdd3060a452b4b72188102a66a9387,4b37a5ed9cfdc71b591d28bacc024e42e8ebe679ab10903583897e072da5c95b,2026-08-06T20:58:55.760626+00:00
Q241,attribute,T1500,DENSE,"['T1500-0117', 'T1500-0116', 'T1500-2092', 'T1500-1405', 'T1500-1391', 'T1500-0183', 'T1500-0166', 'T1500-0177', 'T1500-1434', 'T1500-0043']","[0.62235016, 0.61926544, 0.61531937, 0.59902829, 0.55500877, 0.55158025, 0.55120885, 0.54600739, 0.54408312, 0.5385682]",1,1,1,1,1,c0483b5bf948bfddb77d9f329862d3164eac412eb9c0d2fade3e44f315066be0,4b37a5ed9cfdc71b591d28bacc024e42e8ebe679ab10903583897e072da5c95b,2026-08-06T20:58:55.761079+00:00
Q242,price,T1500,DENSE,"['T1500-1800', 'T1500-1908', 'T1500-1975', 'T1500-1803', 'T1500-1906', 'T1500-1802', 'T1500-1805', 'T1500-1155', 'T1500-1917', 'T1500-1964']","[0.70559573, 0.67870474, 0.63715094, 0.63665545, 0.63488454, 0.62713826, 0.62701929, 0.62273902, 0.62123144, 0.61785614]",1,1,1,1,1,27d7a0db131d979925f31c76b343684155434241b53a98d77993bd64911e8169,4b37a5ed9cfdc71b591d28bacc024e42e8ebe679ab10903583897e072da5c95b,2026-08-06T20:58:55.761594+00:00
Q243,attribute,T1500,DENSE,"['T1500-0333', 'T1500-0332', 'T1500-0354', 'T1500-0341', 'T1500-0353', 'T1500-0352', 'T1500-0374', 'T1500-0344', 'T1500-0324', 'T1500-0330']","[0.65871954, 0.60265517, 0.57883424, 0.57114834, 0.56789505, 0.56482458, 0.56358093, 0.56222618, 0.56156993, 0.56088293]",,0,0,0,0,06efcda30d556a9c918af2125bfe517801eab6c543335f5afc26000f90d9d11b,4b37a5ed9cfdc71b591d28bacc024e42e8ebe679ab10903583897e072da5c95b,2026-08-06T20:58:55.762100+00:00
Q244,price,T1500,DENSE,"['T1500-1383', 'T1500-1348', 'T1500-1363', 'T1500-1352', 'T1500-1355', 'T1500-1364', 'T1500-1357', 'T1500-1356', 'T1500-1351', 'T1500-1367']","[0.54407072, 0.5381186, 0.53283596, 0.52706689, 0.52160633, 0.51494002, 0.51437604, 0.51164353, 0.51109385, 0.50872791]",,0,0,0,0,292e21f05c44497033cb671fda44b1bb4157a7929e102b0e7ccaa064d0ba5e48,4b37a5ed9cfdc71b591d28bacc024e42e8ebe679ab10903583897e072da5c95b,2026-08-06T20:58:55.762656+00:00
Q245,attribute,T1500,DENSE,"['T1500-0137', 'T1500-0138', 'T1500-1364', 'T1500-0090', 'T1500-0139', 'T1500-1363', 'T1500-0140', 'T1500-0091', 'T1500-0293', 'T1500-0136']","[0.63556671, 0.63330764, 0.63301873, 0.63138717, 0.63040739, 0.62911534, 0.62428564, 0.62100387, 0.61526287, 0.60413754]",1,1,1,1,1,a10f3b475e74f635b5bf544e5466b072b64a10254227eb0fdc5d808333b584ae,4b37a5ed9cfdc71b591d28bacc024e42e8ebe679ab10903583897e072da5c95b,2026-08-06T20:58:55.763198+00:00
Q246,price,T1500,DENSE,"['T1500-1567', 'T1500-1565', 'T1500-1621', 'T1500-1533', 'T1500-1588', 'T1500-1560', 'T1500-1558', 'T1500-1638', 'T1500-0307', 'T1500-1561']","[0.64869082, 0.62738585, 0.58042085, 0.57306647, 0.5574699, 0.55523187, 0.55024689, 0.5449872, 0.54407322, 0.54339862]",2,0,1,1,1,48ed2270a5d5a6f7f46acf712a779b9987ac3fcf9bfae82cec079551599b56ea,4b37a5ed9cfdc71b591d28bacc024e42e8ebe679ab10903583897e072da5c95b,2026-08-06T20:58:55.763752+00:00
Q247,attribute,T1500,DENSE,"['T1500-0299', 'T1500-0300', 'T1500-1749', 'T1500-0298', 'T1500-1747', 'T1500-0016', 'T1500-0305', 'T1500-1383', 'T1500-0302', 'T1500-1614']","[0.69401336, 0.68007296, 0.64424646, 0.62168801, 0.60165393, 0.5618583, 0.55814993, 0.54947793, 0.54790992, 0.54733223]",10,0,0,0,1,e2b4eeaf2970cee9012f59eb6acb50bacaab5d789ba70ba5989c3f80bf71d9ae,4b37a5ed9cfdc71b591d28bacc024e42e8ebe679ab10903583897e072da5c95b,2026-08-06T20:58:55.764363+00:00
Q248,price,T1500,DENSE,"['T1500-0533', 'T1500-0531', 'T1500-0544', 'T1500-0441', 'T1500-0436', 'T1500-0438', 'T1500-0449', 'T1500-0534', 'T1500-0537', 'T1500-0437']","[0.65621054, 0.65448165, 0.65240771, 0.65189916, 0.65184921, 0.65088344, 0.64946228, 0.64913976, 0.64865923, 0.64858747]",3,0,1,1,1,a0c5b5b30899ec865c04588e4683cfe1c5cb85aacbc3aecab3d953c18d719289,4b37a5ed9cfdc71b591d28bacc024e42e8ebe679ab10903583897e072da5c95b,2026-08-06T20:58:55.764848+00:00
Q249,price,T1500,DENSE,"['T1500-1845', 'T1500-1844', 'T1500-1945', 'T1500-1941', 'T1500-1944', 'T1500-1815', 'T1500-1938', 'T1500-1826', 'T1500-1824', 'T1500-1975']","[0.62966383, 0.62752962, 0.59432954, 0.58253253, 0.5814724, 0.57551205, 0.57530808, 0.57204461, 0.57169962, 0.5711363]",1,1,1,1,1,16f1cd1a97cb8fcd804f3983ffcc4431c940296b0e9aa8548ca1c3325cc0a85d,4b37a5ed9cfdc71b591d28bacc024e42e8ebe679ab10903583897e072da5c95b,2026-08-06T20:58:55.765360+00:00
Q250,price,T1500,DENSE,"['T1500-0993', 'T1500-0994', 'T1500-0992', 'T1500-0991', 'T1500-0997', 'T1500-0996', 'T1500-0995', 'T1500-1923', 'T1500-0990', 'T1500-1965']","[0.68240702, 0.67983705, 0.67917871, 0.6713624, 0.64365792, 0.63944501, 0.63709652, 0.62805337, 0.62798977, 0.62784314]",4,0,0,1,1,c4603fd5979ca02d5a5c7c95024d46fe51bca39c8f992f00c479798480b1abf1,4b37a5ed9cfdc71b591d28bacc024e42e8ebe679ab10903583897e072da5c95b,2026-08-06T20:58:55.765963+00:00
Q251,price,T1500,DENSE,"['T1500-1832', 'T1500-1240', 'T1500-1848', 'T1500-1239', 'T1500-1350', 'T1500-1335', 'T1500-1337', 'T1500-1359', 'T1500-1927', 'T1500-1418']","[0.51996088, 0.51744938, 0.51738322, 0.51435423, 0.50903577, 0.50571191, 0.50396615, 0.50260955, 0.50218785, 0.49990004]",2,0,1,1,1,43afbb3375ee95e510d52b270df85b3c886ba4152836f7a4c39ff841daeb4cef,4b37a5ed9cfdc71b591d28bacc024e42e8ebe679ab10903583897e072da5c95b,2026-08-06T20:58:55.766550+00:00
Q252,price,T1500,DENSE,"['T1500-0019', 'T1500-0017', 'T1500-1678', 'T1500-0015', 'T1500-1335', 'T1500-1325', 'T1500-0016', 'T1500-1324', 'T1500-1548', 'T1500-1339']","[0.52530205, 0.511859, 0.50590134, 0.50083834, 0.50055563, 0.49621767, 0.49535474, 0.49041289, 0.49015075, 0.48933667]",1,1,1,1,1,c5e071a2d597fc3c343a794c2e9ffb626855f5c5b8d58509680d19cd9dbb9b43,4b37a5ed9cfdc71b591d28bacc024e42e8ebe679ab10903583897e072da5c95b,2026-08-06T20:58:55.767014+00:00
Q253,attribute,T1500,DENSE,"['T1500-1625', 'T1500-1590', 'T1500-1534', 'T1500-1627', 'T1500-1591', 'T1500-1533', 'T1500-1648', 'T1500-0097', 'T1500-0129', 'T1500-0073']","[0.5923748, 0.58831334, 0.58609086, 0.58406895, 0.58321261, 0.58293641, 0.58127797, 0.5808866, 0.57828414, 0.57427925]",10,0,0,0,1,8bd32eccd62f03f44dd03b40c2e531aec3f7c0d1c4e905e40b7196a16b9247bb,4b37a5ed9cfdc71b591d28bacc024e42e8ebe679ab10903583897e072da5c95b,2026-08-06T20:58:55.767493+00:00
Q254,attribute,T1500,DENSE,"['T1500-0434', 'T1500-0877', 'T1500-0325', 'T1500-0876', 'T1500-0375', 'T1500-0376', 'T1500-0433', 'T1500-0875', 'T1500-0528', 'T1500-0879']","[0.65437049, 0.65194404, 0.64869368, 0.64846003, 0.64746594, 0.6460551, 0.64254737, 0.64194643, 0.64106154, 0.63933468]",3,0,1,1,1,94d8ffd52b45b4e2f2d2bad9a2268ffa3bcf3733fdecebfdf9f6360ce680f0a3,4b37a5ed9cfdc71b591d28bacc024e42e8ebe679ab10903583897e072da5c95b,2026-08-06T20:58:55.767933+00:00
Q255,attribute,T1500,DENSE,"['T1500-0341', 'T1500-0881', 'T1500-0342', 'T1500-0355', 'T1500-0333', 'T1500-0343', 'T1500-0354', 'T1500-0344', 'T1500-0323', 'T1500-0375']","[0.65408671, 0.65004373, 0.64560527, 0.63999689, 0.63729244, 0.63282377, 0.63257688, 0.63152409, 0.63069868, 0.62874591]",1,1,1,1,1,403eaa50d364df8c83c7d0b22cc6db5197e7106819068022b6adf7a2a9fdbc1c,4b37a5ed9cfdc71b591d28bacc024e42e8ebe679ab10903583897e072da5c95b,2026-08-06T20:58:55.768383+00:00
Q256,price,T1500,DENSE,"['T1500-1238', 'T1500-1222', 'T1500-1221', 'T1500-0205', 'T1500-2014', 'T1500-1223', 'T1500-1065', 'T1500-1721', 'T1500-1366', 'T1500-2017']","[0.63306922, 0.63116735, 0.61176634, 0.60737914, 0.60359609, 0.6006583, 0.60030597, 0.59867597, 0.59570515, 0.59552914]",,0,0,0,0,5e381f29e44adb7ea0049161a9c4811910131abb00c7c54af78267879c4c54b6,4b37a5ed9cfdc71b591d28bacc024e42e8ebe679ab10903583897e072da5c95b,2026-08-06T20:58:55.768951+00:00
Q257,attribute,T1500,DENSE,"['T1500-0857', 'T1500-0846', 'T1500-0859', 'T1500-0856', 'T1500-0843', 'T1500-0861', 'T1500-0858', 'T1500-0860', 'T1500-0844', 'T1500-0851']","[0.68623078, 0.67169487, 0.66873783, 0.66089094, 0.6473614, 0.6468156, 0.63456631, 0.63336253, 0.63025725, 0.62820303]",1,1,1,1,1,74101f53328f8f529b77d4f556daa2602dc83ffd73ab9ab97d85c08100a5782d,4b37a5ed9cfdc71b591d28bacc024e42e8ebe679ab10903583897e072da5c95b,2026-08-06T20:58:55.769418+00:00
Q258,price,T1500,DENSE,"['T1500-1238', 'T1500-1222', 'T1500-1221', 'T1500-0205', 'T1500-1065', 'T1500-0211', 'T1500-2014', 'T1500-1223', 'T1500-1721', 'T1500-1665']","[0.64347762, 0.64156604, 0.61342806, 0.61205035, 0.61152726, 0.61007464, 0.61005437, 0.60834384, 0.60808706, 0.60054457]",,0,0,0,0,fb91a240461776300aa444b8fe491db8a314b273a1446ebdeb430ef94f54262c,4b37a5ed9cfdc71b591d28bacc024e42e8ebe679ab10903583897e072da5c95b,2026-08-06T20:58:55.769868+00:00
Q259,attribute,T1500,DENSE,"['T1500-0301', 'T1500-0307', 'T1500-0306', 'T1500-0304', 'T1500-1749', 'T1500-0305', 'T1500-0308', 'T1500-0039', 'T1500-0040', 'T1500-0302']","[0.65054107, 0.61289012, 0.59931934, 0.5901407, 0.58648062, 0.58442765, 0.58224553, 0.56952393, 0.55565786, 0.55209583]",1,1,1,1,1,0baaa0cd0483eb59c7af60edb37d4bfca25556661b647316838e04f7fa274549,4b37a5ed9cfdc71b591d28bacc024e42e8ebe679ab10903583897e072da5c95b,2026-08-06T20:58:55.770319+00:00
Q260,attribute,T1500,DENSE,"['T1500-0123', 'T1500-0122', 'T1500-1590', 'T1500-0129', 'T1500-0096', 'T1500-1631', 'T1500-1571', 'T1500-0072', 'T1500-1625', 'T1500-1541']","[0.55593538, 0.54932535, 0.54712415, 0.54632866, 0.54045236, 0.53481382, 0.53347361, 0.53326029, 0.53307962, 0.5314399]",1,1,1,1,1,80442b5f11d82e2ada7df3ecb6c758876d0398ea64914a850e71250c9b83a50b,4b37a5ed9cfdc71b591d28bacc024e42e8ebe679ab10903583897e072da5c95b,2026-08-06T20:58:55.770741+00:00
Q261,price,T1500,DENSE,"['T1500-0713', 'T1500-0711', 'T1500-0717', 'T1500-1722', 'T1500-0750', 'T1500-0719', 'T1500-0718', 'T1500-0693', 'T1500-0716', 'T1500-0710']","[0.54934883, 0.54751527, 0.54451478, 0.54264659, 0.54076618, 0.53666341, 0.53597963, 0.53591955, 0.53525633, 0.53465331]",2,0,1,1,1,c9a0770598f1ccc9a71d386043b62ab4329b650761a0304df151dc5be5d336f4,4b37a5ed9cfdc71b591d28bacc024e42e8ebe679ab10903583897e072da5c95b,2026-08-06T20:58:55.771158+00:00
Q262,price,T1500,DENSE,"['T1500-1839', 'T1500-1938', 'T1500-1841', 'T1500-1939', 'T1500-1815', 'T1500-1699', 'T1500-1844', 'T1500-1811', 'T1500-1848', 'T1500-1832']","[0.67998075, 0.57792491, 0.5749687, 0.56325501, 0.55937189, 0.55779147, 0.55282891, 0.55277663, 0.54715651, 0.54671699]",1,1,1,1,1,ace406b5f12b72f13f33ba20784bd4d4060df3a071a460406b7fc391ddde99f8,4b37a5ed9cfdc71b591d28bacc024e42e8ebe679ab10903583897e072da5c95b,2026-08-06T20:58:55.771582+00:00
Q263,price,T1500,DENSE,"['T1500-1911', 'T1500-1912', 'T1500-1914', 'T1500-1803', 'T1500-1903', 'T1500-1917', 'T1500-1920', 'T1500-1923', 'T1500-1802', 'T1500-1918']","[0.70700634, 0.65193999, 0.63467807, 0.63466561, 0.63298988, 0.63127089, 0.62974501, 0.62587839, 0.62295741, 0.62268656]",1,1,1,1,1,d5b007f625155a246d0fb81a2026e4095b220ebd4b169150915383b3fd7669bf,4b37a5ed9cfdc71b591d28bacc024e42e8ebe679ab10903583897e072da5c95b,2026-08-06T20:58:55.771990+00:00
Q264,price,T1500,DENSE,"['T1500-0067', 'T1500-1529', 'T1500-1329', 'T1500-1648', 'T1500-1635', 'T1500-1618', 'T1500-1688', 'T1500-1693', 'T1500-1630', 'T1500-1338']","[0.54474151, 0.52657449, 0.52209675, 0.52114093, 0.52018839, 0.51633728, 0.51270604, 0.51219535, 0.51067877, 0.51029301]",1,1,1,1,1,740408ef8e195cda29a094fa491e9e25d70a2252dfb28919bab209dd146428e6,4b37a5ed9cfdc71b591d28bacc024e42e8ebe679ab10903583897e072da5c95b,2026-08-06T20:58:55.772440+00:00
Q265,price,T1500,DENSE,"['T1500-1835', 'T1500-1690', 'T1500-1700', 'T1500-1703', 'T1500-1836', 'T1500-1704', 'T1500-1705', 'T1500-1838', 'T1500-1327', 'T1500-1833']","[0.5701313, 0.56489027, 0.55461895, 0.55399805, 0.54721594, 0.54335511, 0.5400368, 0.53833216, 0.53539741, 0.53339398]",3,0,1,1,1,0a3b5d9135124f741191c48fdd8135f0066b8a9c2d05a9425580c32b2e161050,4b37a5ed9cfdc71b591d28bacc024e42e8ebe679ab10903583897e072da5c95b,2026-08-06T20:58:55.772876+00:00
Q266,attribute,T1500,DENSE,"['T1500-1560', 'T1500-1558', 'T1500-1557', 'T1500-1550', 'T1500-1533', 'T1500-1555', 'T1500-1583', 'T1500-1561', 'T1500-1546', 'T1500-0085']","[0.64649713, 0.58253509, 0.55055022, 0.54527783, 0.52821702, 0.52504593, 0.52504265, 0.52498102, 0.52379411, 0.52357757]",1,1,1,1,1,fdcf5428a45bbc17df1c9909172cb26bcdc350fccd3aaf54adee67ca6724b60f,4b37a5ed9cfdc71b591d28bacc024e42e8ebe679ab10903583897e072da5c95b,2026-08-06T20:58:55.773378+00:00
Q267,price,T1500,DENSE,"['T1500-1836', 'T1500-1835', 'T1500-1838', 'T1500-0616', 'T1500-0515', 'T1500-0516', 'T1500-1404', 'T1500-0881', 'T1500-1405', 'T1500-1832']","[0.65708721, 0.59914505, 0.56980717, 0.51732391, 0.51718855, 0.50354326, 0.50001627, 0.49988705, 0.4955768, 0.49444011]",2,0,1,1,1,819fb627b2f0b07aa44c0e26a5cf99a153afdbd0803495faacc115700d363a15,4b37a5ed9cfdc71b591d28bacc024e42e8ebe679ab10903583897e072da5c95b,2026-08-06T20:58:55.773823+00:00
Q268,attribute,T1500,DENSE,"['T1500-0137', 'T1500-0292', 'T1500-0090', 'T1500-0139', 'T1500-0138', 'T1500-0136', 'T1500-0293', 'T1500-0291', 'T1500-0140', 'T1500-0132']","[0.6674701, 0.65714514, 0.65557075, 0.65423071, 0.6537112, 0.65126127, 0.64770722, 0.63927186, 0.63697398, 0.63596225]",1,1,1,1,1,0f43aa41d9c33eb9a9477a90482d6089aa6b4c2c44f25f98a08f73f536fe1cb4,4b37a5ed9cfdc71b591d28bacc024e42e8ebe679ab10903583897e072da5c95b,2026-08-06T20:58:55.774286+00:00
Q269,attribute,T1500,DENSE,"['T1500-1075', 'T1500-1074', 'T1500-1077', 'T1500-1079', 'T1500-2099', 'T1500-1078', 'T1500-2102', 'T1500-0387', 'T1500-0389', 'T1500-1076']","[0.62395597, 0.59888256, 0.59552312, 0.56712782, 0.56285965, 0.55910289, 0.55838156, 0.55178803, 0.55124754, 0.54733682]",1,1,1,1,1,a91f77176181a23ebf42194b9f5a7a5f90f70d7d4176086834e75fa51423dab7,4b37a5ed9cfdc71b591d28bacc024e42e8ebe679ab10903583897e072da5c95b,2026-08-06T20:58:55.774722+00:00
Q270,price,T1500,DENSE,"['T1500-1976', 'T1500-1964', 'T1500-1975', 'T1500-1978', 'T1500-1912', 'T1500-1805', 'T1500-1826', 'T1500-1911', 'T1500-1803', 'T1500-1952']","[0.66854239, 0.65734994, 0.63589215, 0.63437116, 0.61820823, 0.61622238, 0.61528027, 0.61226881, 0.6120047, 0.61176658]",4,0,0,1,1,8fa54c6a7716ada95893a4ea51e0aeb2dccc980c5fe7a0e07421c185a808572c,4b37a5ed9cfdc71b591d28bacc024e42e8ebe679ab10903583897e072da5c95b,2026-08-06T20:58:55.775145+00:00
Q271,price,T1500,DENSE,"['T1500-1917', 'T1500-1915', 'T1500-1914', 'T1500-1909', 'T1500-1911', 'T1500-1908', 'T1500-1799', 'T1500-1920', 'T1500-1918', 'T1500-1912']","[0.71055901, 0.70559919, 0.69981343, 0.67904752, 0.67259324, 0.66617262, 0.64732003, 0.64116311, 0.63983727, 0.63982689]",3,0,1,1,1,7a00fa0b6d6de4c344a7692c51b3751bf8224f9b1afd7a7ffb8a3ca53e5ea8bc,4b37a5ed9cfdc71b591d28bacc024e42e8ebe679ab10903583897e072da5c95b,2026-08-06T20:58:55.775590+00:00
Q272,attribute,T1500,DENSE,"['T1500-0208', 'T1500-0212', 'T1500-0209', 'T1500-0207', 'T1500-0205', 'T1500-0213', 'T1500-0211', 'T1500-0206', 'T1500-1722', 'T1500-0647']","[0.6331352, 0.62050164, 0.61862981, 0.61092675, 0.60330003, 0.59981692, 0.59928459, 0.58392906, 0.58195913, 0.57686484]",1,1,1,1,1,37a267cb181928f198fdc6010ac3ae0e2eb35ccb110546382eb21187727b142f,4b37a5ed9cfdc71b591d28bacc024e42e8ebe679ab10903583897e072da5c95b,2026-08-06T20:58:55.776058+00:00
Q273,attribute,T1500,DENSE,"['T1500-0308', 'T1500-0039', 'T1500-0304', 'T1500-0305', 'T1500-0306', 'T1500-0307', 'T1500-1586', 'T1500-0301', 'T1500-0085', 'T1500-0302']","[0.61755663, 0.56753671, 0.56606758, 0.5597769, 0.55740935, 0.55409908, 0.5393666, 0.5353595, 0.53111732, 0.52950543]",1,1,1,1,1,a0fdac8e6b66fd11c504a249b6333654b5de684320e0883d497afc35b253a00b,4b37a5ed9cfdc71b591d28bacc024e42e8ebe679ab10903583897e072da5c95b,2026-08-06T20:58:55.776567+00:00
Q274,attribute,T1500,DENSE,"['T1500-1643', 'T1500-1642', 'T1500-0128', 'T1500-1647', 'T1500-1646', 'T1500-1623', 'T1500-1648', 'T1500-1622', 'T1500-1626', 'T1500-1538']","[0.68220288, 0.65444684, 0.65326822, 0.65241098, 0.65170324, 0.64264452, 0.64045954, 0.63036227, 0.62796766, 0.62722957]",1,1,1,1,1,f9156061b97e32df72e2c68595f2a7ac72902b91b5c5b3f5b3d11934dbf61c3e,4b37a5ed9cfdc71b591d28bacc024e42e8ebe679ab10903583897e072da5c95b,2026-08-06T20:58:55.777016+00:00
Q275,price,T1500,DENSE,"['T1500-1971', 'T1500-1773', 'T1500-1776', 'T1500-1791', 'T1500-1775', 'T1500-1781', 'T1500-1772', 'T1500-1974', 'T1500-1771', 'T1500-1768']","[0.61806035, 0.61725283, 0.5986551, 0.59217715, 0.58997333, 0.57939029, 0.57735252, 0.56806022, 0.56769288, 0.56690186]",,0,0,0,0,9737acf704628a2f7910cb2953288465e15ae2c1a40d597c506dc2414bae66e9,4b37a5ed9cfdc71b591d28bacc024e42e8ebe679ab10903583897e072da5c95b,2026-08-06T20:58:55.777467+00:00
Q276,attribute,T1500,DENSE,"['T1500-1802', 'T1500-1803', 'T1500-1975', 'T1500-1796', 'T1500-1964', 'T1500-1805', 'T1500-1906', 'T1500-1955', 'T1500-1967', 'T1500-1918']","[0.68605834, 0.68243283, 0.66598892, 0.66237068, 0.65671206, 0.6562627, 0.65286648, 0.64942664, 0.64925236, 0.64912438]",4,0,0,1,1,132f92928a4be4ad7b0006f21a58ab338e79fead18762c74f164ff152693cae0,4b37a5ed9cfdc71b591d28bacc024e42e8ebe679ab10903583897e072da5c95b,2026-08-06T20:58:55.777968+00:00
Q277,attribute,T1500,DENSE,"['T1500-1549', 'T1500-1557', 'T1500-1558', 'T1500-1550', 'T1500-1553', 'T1500-1547', 'T1500-1546', 'T1500-1630', 'T1500-1534', 'T1500-1573']","[0.60064846, 0.5929361, 0.57781029, 0.57084048, 0.56991524, 0.55745673, 0.53148746, 0.51635641, 0.51530963, 0.51101065]",1,1,1,1,1,336f42ef78790de6c0651bc7439b5ebe47d8499bf3be8c36c209323ba3e9f681,4b37a5ed9cfdc71b591d28bacc024e42e8ebe679ab10903583897e072da5c95b,2026-08-06T20:58:55.778483+00:00
Q278,price,T1500,DENSE,"['T1500-1930', 'T1500-1929', 'T1500-1405', 'T1500-1390', 'T1500-1391', 'T1500-1367', 'T1500-1404', 'T1500-1932', 'T1500-1524', 'T1500-1422']","[0.52082026, 0.50748765, 0.50248444, 0.50021261, 0.49872449, 0.48972231, 0.48698837, 0.4820025, 0.48043281, 0.47554332]",2,0,1,1,1,caec35fb36541551fbe63bfd3887a5d06e09f7e2c5ced31a4e29e31ed6bfff05,4b37a5ed9cfdc71b591d28bacc024e42e8ebe679ab10903583897e072da5c95b,2026-08-06T20:58:55.778906+00:00
Q279,price,T1500,DENSE,"['T1500-1216', 'T1500-1217', 'T1500-1803', 'T1500-1967', 'T1500-1976', 'T1500-1920', 'T1500-1965', 'T1500-1805', 'T1500-1964', 'T1500-1947']","[0.65517032, 0.6167239, 0.61385632, 0.61123794, 0.61123341, 0.60930622, 0.60899603, 0.60764825, 0.603724, 0.6030845]",1,1,1,1,1,63250b987b9de8ee1b4f551ec01098016e83ccda1bbe03cc89ed96bdbfe4013b,4b37a5ed9cfdc71b591d28bacc024e42e8ebe679ab10903583897e072da5c95b,2026-08-06T20:58:55.779425+00:00
Q280,price,T1500,DENSE,"['T1500-0027', 'T1500-0026', 'T1500-0028', 'T1500-0039', 'T1500-0025', 'T1500-0029', 'T1500-0040', 'T1500-1622', 'T1500-1539', 'T1500-0030']","[0.59554136, 0.56963706, 0.5356344, 0.52737051, 0.52638948, 0.52488625, 0.5164842, 0.5042479, 0.50302589, 0.50073123]",2,0,1,1,1,bb072e1755fa0687729aba0cad1d6595a44466c5018f98c527c8b90c8fd85d4e,4b37a5ed9cfdc71b591d28bacc024e42e8ebe679ab10903583897e072da5c95b,2026-08-06T20:58:55.779875+00:00
Q281,price,T1500,DENSE,"['T1500-1773', 'T1500-1791', 'T1500-1971', 'T1500-1129', 'T1500-1131', 'T1500-1776', 'T1500-1128', 'T1500-1775', 'T1500-1772', 'T1500-1793']","[0.61808932, 0.61080372, 0.61010933, 0.60918224, 0.60616797, 0.6021086, 0.59589195, 0.58530378, 0.58275598, 0.58085084]",5,0,0,1,1,7a590a367bd7ed4ea4a85cd46c1d514d05bd622554a9c7261489e330f5164334,4b37a5ed9cfdc71b591d28bacc024e42e8ebe679ab10903583897e072da5c95b,2026-08-06T20:58:55.780720+00:00
Q282,attribute,T1500,DENSE,"['T1500-0227', 'T1500-0229', 'T1500-0230', 'T1500-0226', 'T1500-0232', 'T1500-0224', 'T1500-0228', 'T1500-1370', 'T1500-1648', 'T1500-1529']","[0.55778962, 0.55089217, 0.54422355, 0.53292727, 0.52768135, 0.52557868, 0.52486992, 0.52412027, 0.52349591, 0.52310479]",2,0,1,1,1,eab64e4a55fd9b7f9031841abf5ea74547f0bc2462f3bb8c239c50eee07b0ef0,4b37a5ed9cfdc71b591d28bacc024e42e8ebe679ab10903583897e072da5c95b,2026-08-06T20:58:55.781244+00:00
Q283,price,T1500,DENSE,"['T1500-1848', 'T1500-1859', 'T1500-1933', 'T1500-1832', 'T1500-1048', 'T1500-1767', 'T1500-1862', 'T1500-1927', 'T1500-1829', 'T1500-1802']","[0.53033108, 0.52684176, 0.52681476, 0.5154596, 0.50204539, 0.49745166, 0.49743325, 0.49590623, 0.49323124, 0.48799616]",5,0,0,1,1,9052bef2c0ffe1476a0a0008b121b868b254e3665e79bedb8bd208769cd99155,4b37a5ed9cfdc71b591d28bacc024e42e8ebe679ab10903583897e072da5c95b,2026-08-06T20:58:55.781683+00:00
Q284,attribute,T1500,DENSE,"['T1500-1236', 'T1500-1237', 'T1500-1235', 'T1500-1239', 'T1500-1370', 'T1500-1064', 'T1500-1247', 'T1500-2017', 'T1500-1246', 'T1500-0921']","[0.65350521, 0.64783776, 0.58348829, 0.56512308, 0.55530941, 0.54491413, 0.54365349, 0.54090273, 0.53841704, 0.53798628]",,0,0,0,0,89410a439a63026dbbf8cb77a29d3f17213763ca5087c731bd38a3e9681a6291,4b37a5ed9cfdc71b591d28bacc024e42e8ebe679ab10903583897e072da5c95b,2026-08-06T20:58:55.782188+00:00
Q285,price,T1500,DENSE,"['T1500-1017', 'T1500-1013', 'T1500-1014', 'T1500-1015', 'T1500-1974', 'T1500-1227', 'T1500-1972', 'T1500-1787', 'T1500-1784', 'T1500-1094']","[0.64453733, 0.63442516, 0.62636358, 0.62449968, 0.62309933, 0.61450958, 0.60647094, 0.60500574, 0.60497689, 0.60382658]",4,0,0,1,1,34a82774337e36c9c98a01de5e77f640740dcd6d1e5f1434b120ffe013a273b2,4b37a5ed9cfdc71b591d28bacc024e42e8ebe679ab10903583897e072da5c95b,2026-08-06T20:58:55.782643+00:00
Q286,attribute,T1500,DENSE,"['T1500-0199', 'T1500-2096', 'T1500-0107', 'T1500-0109', 'T1500-0037', 'T1500-0072', 'T1500-0070', 'T1500-1545', 'T1500-1611', 'T1500-0036']","[0.56111062, 0.55649042, 0.54712588, 0.53576928, 0.53402632, 0.53335679, 0.53212672, 0.53038138, 0.52672154, 0.52633327]",3,0,1,1,1,beb6144faaaca18075a5c2d3c53c63cd7bec0bd1d3e980fd6e478bb41ebba916,4b37a5ed9cfdc71b591d28bacc024e42e8ebe679ab10903583897e072da5c95b,2026-08-06T20:58:55.783107+00:00
Q287,price,T1500,DENSE,"['T1500-1920', 'T1500-1820', 'T1500-1976', 'T1500-1933', 'T1500-1805', 'T1500-1829', 'T1500-1802', 'T1500-1848', 'T1500-1826', 'T1500-1975']","[0.50548112, 0.50505108, 0.4992696, 0.4989697, 0.49892807, 0.49565127, 0.49289668, 0.49196589, 0.49101254, 0.48942697]",2,0,1,1,1,bc0e8a15739220c027609087799c8367b9ca72320652b9186c6ebc35ef719cda,4b37a5ed9cfdc71b591d28bacc024e42e8ebe679ab10903583897e072da5c95b,2026-08-06T20:58:55.783580+00:00
Q288,price,T1500,DENSE,"['T1500-1976', 'T1500-1803', 'T1500-1924', 'T1500-1905', 'T1500-1986', 'T1500-1906', 'T1500-1978', 'T1500-1964', 'T1500-1995', 'T1500-1918']","[0.66381752, 0.64101529, 0.63799238, 0.63534796, 0.63511074, 0.63507366, 0.63432598, 0.63039136, 0.62783682, 0.62739974]",,0,0,0,0,10092b1bc6528066a01541de3f9ebc262d93f7455ddad63d72523adeebb3b4a1,4b37a5ed9cfdc71b591d28bacc024e42e8ebe679ab10903583897e072da5c95b,2026-08-06T20:58:55.784010+00:00
Q289,price,T1500,DENSE,"['T1500-0353', 'T1500-0354', 'T1500-0352', 'T1500-0355', 'T1500-0333', 'T1500-0881', 'T1500-0348', 'T1500-0493', 'T1500-0334', 'T1500-0492']","[0.66542274, 0.6591472, 0.65341628, 0.63914645, 0.61259526, 0.60414779, 0.60408193, 0.59453231, 0.5895834, 0.58496809]",2,0,1,1,1,00f1b94cbfc23a7b13064bbb776dea8d514b7cb9f249ac7a1870c4d1e18b5894,4b37a5ed9cfdc71b591d28bacc024e42e8ebe679ab10903583897e072da5c95b,2026-08-06T20:58:55.784481+00:00
Q290,attribute,T1500,DENSE,"['T1500-1598', 'T1500-1599', 'T1500-1601', 'T1500-1597', 'T1500-1602', 'T1500-1605', 'T1500-1604', 'T1500-0077', 'T1500-0062', 'T1500-0070']","[0.66239464, 0.59953058, 0.59510267, 0.58246326, 0.57065928, 0.54567218, 0.53007078, 0.5265218, 0.5259515, 0.51974893]",1,1,1,1,1,b52c90f4066d3585bee5b59e229f02eca4e7b3e6494e552d76556a033c59f268,4b37a5ed9cfdc71b591d28bacc024e42e8ebe679ab10903583897e072da5c95b,2026-08-06T20:58:55.784974+00:00
Q291,price,T1500,DENSE,"['T1500-1629', 'T1500-1626', 'T1500-1630', 'T1500-1539', 'T1500-0085', 'T1500-1538', 'T1500-1643', 'T1500-1635', 'T1500-1618', 'T1500-0128']","[0.6402086, 0.61799395, 0.60754633, 0.60506755, 0.59881735, 0.58691359, 0.58484745, 0.58355701, 0.58310562, 0.57949996]",1,1,1,1,1,cfad673ba521cb9687239182c38ddedd2e87561a3bea651cff011ae441b08582,4b37a5ed9cfdc71b591d28bacc024e42e8ebe679ab10903583897e072da5c95b,2026-08-06T20:58:55.785444+00:00
Q292,price,T1500,DENSE,"['T1500-1803', 'T1500-1906', 'T1500-1975', 'T1500-1923', 'T1500-1964', 'T1500-1905', 'T1500-1920', 'T1500-1976', 'T1500-1947', 'T1500-1802']","[0.63097262, 0.6299907, 0.62887627, 0.62465918, 0.6245088, 0.62243026, 0.61993837, 0.61864185, 0.61832643, 0.61690605]",,0,0,0,0,4cb9630f7df18d529ef45091646eeac1770621a19e98fae447f2322ec3e3fdcd,4b37a5ed9cfdc71b591d28bacc024e42e8ebe679ab10903583897e072da5c95b,2026-08-06T20:58:55.785884+00:00
Q293,price,T1500,DENSE,"['T1500-1090', 'T1500-1091', 'T1500-1094', 'T1500-1017', 'T1500-1092', 'T1500-1014', 'T1500-1013', 'T1500-1227', 'T1500-1093', 'T1500-1015']","[0.6644311, 0.65845913, 0.65563691, 0.65419078, 0.6498602, 0.64942288, 0.64595509, 0.63916838, 0.6333729, 0.62719291]",1,1,1,1,1,a044b376b4ba34dc99b3ef524a16930e67a495e7078cce422ed916bd354cdf12,4b37a5ed9cfdc71b591d28bacc024e42e8ebe679ab10903583897e072da5c95b,2026-08-06T20:58:55.786339+00:00
Q294,attribute,T1500,DENSE,"['T1500-0091', 'T1500-0092', 'T1500-0096', 'T1500-0093', 'T1500-0094', 'T1500-0095', 'T1500-1627', 'T1500-1631', 'T1500-0072', 'T1500-0129']","[0.5932039, 0.58284831, 0.5775826, 0.55875695, 0.54815447, 0.51166284, 0.48144051, 0.4778685, 0.47007886, 0.47007427]",1,1,1,1,1,ab8cba48bd7ab433f9b9f795df6227abb8d98e7743281943769a0a4ae1dd6d3f,4b37a5ed9cfdc71b591d28bacc024e42e8ebe679ab10903583897e072da5c95b,2026-08-06T20:58:55.786788+00:00
Q295,attribute,T1500,DENSE,"['T1500-1226', 'T1500-1227', 'T1500-1225', 'T1500-1224', 'T1500-1793', 'T1500-1791', 'T1500-1789', 'T1500-1121', 'T1500-1784', 'T1500-1017']","[0.71764725, 0.70298815, 0.69690877, 0.69109285, 0.65722013, 0.65448451, 0.64787358, 0.64711237, 0.64578038, 0.64474839]",1,1,1,1,1,62437b0827404e711f5ff48a3449b1e63b2e2f5d191ac65742dc1de43f6cf538,4b37a5ed9cfdc71b591d28bacc024e42e8ebe679ab10903583897e072da5c95b,2026-08-06T20:58:55.787234+00:00
Q296,price,T1500,DENSE,"['T1500-1933', 'T1500-1854', 'T1500-1769', 'T1500-1771', 'T1500-1773', 'T1500-1775', 'T1500-1974', 'T1500-1832', 'T1500-1971', 'T1500-1787']","[0.54151005, 0.52537566, 0.52144033, 0.52126098, 0.51836073, 0.51692092, 0.5152992, 0.51501811, 0.51392335, 0.5122987]",2,0,1,1,1,fa2d1c8aa56c8fa5bbd10c1f9db9af1ed6da864e9d46cada3212f48db1fb9118,4b37a5ed9cfdc71b591d28bacc024e42e8ebe679ab10903583897e072da5c95b,2026-08-06T20:58:55.787697+00:00
Q297,attribute,T1500,DENSE,"['T1500-1586', 'T1500-1584', 'T1500-1583', 'T1500-0085', 'T1500-1733', 'T1500-1331', 'T1500-1732', 'T1500-1530', 'T1500-1587', 'T1500-1339']","[0.60451585, 0.60049999, 0.54696226, 0.53339851, 0.52419114, 0.51611447, 0.51029795, 0.50799799, 0.50484967, 0.50299287]",4,0,0,1,1,7a560e17e0bafcc6c3a5c9da384cbd162f4c4477102ad252abd092c80148af67,4b37a5ed9cfdc71b591d28bacc024e42e8ebe679ab10903583897e072da5c95b,2026-08-06T20:58:55.788187+00:00
Q298,price,T1500,DENSE,"['T1500-1061', 'T1500-1062', 'T1500-1952', 'T1500-1803', 'T1500-1976', 'T1500-1951', 'T1500-1920', 'T1500-1954', 'T1500-1964', 'T1500-1975']","[0.68528736, 0.68154305, 0.67016542, 0.66833997, 0.66324562, 0.66180837, 0.65976596, 0.65744328, 0.65513718, 0.65306556]",2,0,1,1,1,0d407309c6981d7e3af28760f5ef1910dbb69a64848985a93d8209f01a84da1a,4b37a5ed9cfdc71b591d28bacc024e42e8ebe679ab10903583897e072da5c95b,2026-08-06T20:58:55.788650+00:00
Q299,attribute,T1500,DENSE,"['T1500-0120', 'T1500-0122', 'T1500-0067', 'T1500-0191', 'T1500-0066', 'T1500-1570', 'T1500-1530', 'T1500-0096', 'T1500-1648', 'T1500-1635']","[0.59331095, 0.59315073, 0.58007538, 0.57685399, 0.57465214, 0.57337952, 0.56819415, 0.55718893, 0.55538011, 0.55424893]",1,1,1,1,1,83c75edc61b4da92bcc2228aee4f739eac5a1039c5d860ccba1c2a0846b1a79c,4b37a5ed9cfdc71b591d28bacc024e42e8ebe679ab10903583897e072da5c95b,2026-08-06T20:58:55.789096+00:00
Q300,attribute,T1500,DENSE,"['T1500-1373', 'T1500-1366', 'T1500-1383', 'T1500-1699', 'T1500-1756', 'T1500-1351', 'T1500-1599', 'T1500-1449', 'T1500-1323', 'T1500-1685']","[0.57267457, 0.57230967, 0.56860447, 0.56773901, 0.56623507, 0.56141233, 0.56037873, 0.55678058, 0.55651647, 0.55489051]",5,0,0,1,1,05bfeac807835d1bab09976561c36b14b2271171a6e1656a304bd3456a260e84,4b37a5ed9cfdc71b591d28bacc024e42e8ebe679ab10903583897e072da5c95b,2026-08-06T20:58:55.789569+00:00
Q301,attribute,T1500,DENSE,"['T1500-1985', 'T1500-1983', 'T1500-1988', 'T1500-1982', 'T1500-1233', 'T1500-1231', 'T1500-1189', 'T1500-1190', 'T1500-1234', 'T1500-1970']","[0.65827537, 0.6118269, 0.60411882, 0.6031971, 0.57537276, 0.57512718, 0.5629288, 0.55899203, 0.55743182, 0.55609518]",1,1,1,1,1,9adc9d73e8d3e67c5d64ed666b719c8d6255e7c38514c006cb946f92e1cbb19b,4b37a5ed9cfdc71b591d28bacc024e42e8ebe679ab10903583897e072da5c95b,2026-08-06T20:58:55.790026+00:00
Q302,price,T1500,DENSE,"['T1500-1941', 'T1500-1938', 'T1500-1939', 'T1500-1942', 'T1500-1841', 'T1500-1815', 'T1500-1814', 'T1500-1844', 'T1500-1806', 'T1500-1975']","[0.69302583, 0.66054595, 0.64384574, 0.63633072, 0.61350393, 0.61190701, 0.6091646, 0.59969199, 0.59862614, 0.59082651]",1,1,1,1,1,27129bc48922808a25522f9c2c051ca47ad0c4fa265cd68fe9b87051c071b7cd,4b37a5ed9cfdc71b591d28bacc024e42e8ebe679ab10903583897e072da5c95b,2026-08-06T20:58:55.790495+00:00
Q303,price,T1500,DENSE,"['T1500-1964', 'T1500-1965', 'T1500-0950', 'T1500-0949', 'T1500-0942', 'T1500-1803', 'T1500-1952', 'T1500-1976', 'T1500-0940', 'T1500-0946']","[0.66196436, 0.65064108, 0.65031242, 0.64755142, 0.64350414, 0.64280868, 0.64275855, 0.6424011, 0.63949251, 0.63902164]",3,0,1,1,1,b28399772c1cd2b98767a69d8e2f193a4dbd1b060f92ac59a6e6ddc3eb0d735a,4b37a5ed9cfdc71b591d28bacc024e42e8ebe679ab10903583897e072da5c95b,2026-08-06T20:58:55.790939+00:00
Q304,attribute,T1500,DENSE,"['T1500-1092', 'T1500-1089', 'T1500-1227', 'T1500-1094', 'T1500-1091', 'T1500-1301', 'T1500-1095', 'T1500-1279', 'T1500-1093', 'T1500-1122']","[0.54647791, 0.53570378, 0.53181839, 0.53125453, 0.53048241, 0.52849352, 0.52653909, 0.52545345, 0.52454418, 0.52254754]",,0,0,0,0,fa025cffbdb14ff7f7a7900382eeba9ce4f5ced11f2091590e7fd3845f4e18d7,4b37a5ed9cfdc71b591d28bacc024e42e8ebe679ab10903583897e072da5c95b,2026-08-06T20:58:55.791478+00:00
Q305,price,T1500,DENSE,"['T1500-2069', 'T1500-1339', 'T1500-0010', 'T1500-1327', 'T1500-1329', 'T1500-1335', 'T1500-1328', 'T1500-2067', 'T1500-2064', 'T1500-2057']","[0.65027404, 0.63025856, 0.60792065, 0.60524535, 0.59746242, 0.58481479, 0.58440757, 0.58423573, 0.58370852, 0.58076584]",,0,0,0,0,a1a31e76f97a7166331b43035215009c80146da2f64e577bb888954e4db5a770,4b37a5ed9cfdc71b591d28bacc024e42e8ebe679ab10903583897e072da5c95b,2026-08-06T20:58:55.791930+00:00
Q306,price,T1500,DENSE,"['T1500-0081', 'T1500-1638', 'T1500-1630', 'T1500-1626', 'T1500-1631', 'T1500-0129', 'T1500-1591', 'T1500-0072', 'T1500-1594', 'T1500-1592']","[0.58089459, 0.54876149, 0.54170436, 0.53930861, 0.5385952, 0.52885646, 0.52378261, 0.52269644, 0.52267992, 0.52172977]",1,1,1,1,1,f4e4689838bd128860c85df76280d33ff2b31b72c141d4fb6cb19baa72684948,4b37a5ed9cfdc71b591d28bacc024e42e8ebe679ab10903583897e072da5c95b,2026-08-06T20:58:55.792410+00:00
Q307,attribute,T1500,DENSE,"['T1500-1092', 'T1500-1094', 'T1500-1091', 'T1500-1093', 'T1500-1090', 'T1500-1227', 'T1500-1121', 'T1500-1017', 'T1500-1013', 'T1500-1014']","[0.64731419, 0.64534736, 0.62495053, 0.62012923, 0.61745292, 0.59722805, 0.59394133, 0.59225607, 0.58365196, 0.58182627]",,0,0,0,0,be1c9bdf7de3cd53c6050971d0de81f26069ea1ad4817d5b756e4a2a57fb28f7,4b37a5ed9cfdc71b591d28bacc024e42e8ebe679ab10903583897e072da5c95b,2026-08-06T20:58:55.792883+00:00
Q308,attribute,T1500,DENSE,"['T1500-1951', 'T1500-1952', 'T1500-1023', 'T1500-1954', 'T1500-1949', 'T1500-1955', 'T1500-1025', 'T1500-1948', 'T1500-1027', 'T1500-1024']","[0.69321096, 0.69193977, 0.68322444, 0.6810745, 0.67667067, 0.67488903, 0.67374599, 0.669833, 0.66537213, 0.66508925]",3,0,1,1,1,0872355f642db69b0c876f9034820dcf8067dc91d8f14332347d0754372f26f8,4b37a5ed9cfdc71b591d28bacc024e42e8ebe679ab10903583897e072da5c95b,2026-08-06T20:58:55.793375+00:00
Q309,price,T1500,DENSE,"['T1500-1842', 'T1500-1813', 'T1500-1814', 'T1500-1841', 'T1500-1844', 'T1500-1811', 'T1500-1939', 'T1500-1810', 'T1500-1938', 'T1500-1815']","[0.69404286, 0.5982877, 0.5952841, 0.56249988, 0.5614512, 0.53597003, 0.52324313, 0.51539916, 0.51236218, 0.50349653]",1,1,1,1,1,58dd5c49d6c70e674e8c60006885bf01211c998a0fb11e1ef6f1906330a1b5f2,4b37a5ed9cfdc71b591d28bacc024e42e8ebe679ab10903583897e072da5c95b,2026-08-06T20:58:55.793841+00:00
Q310,price,T1500,DENSE,"['T1500-1638', 'T1500-1335', 'T1500-1331', 'T1500-1550', 'T1500-1338', 'T1500-0095', 'T1500-1339', 'T1500-1557', 'T1500-1333', 'T1500-1629']","[0.527574, 0.5060932, 0.49238473, 0.48562595, 0.48056757, 0.47724426, 0.47629052, 0.47597039, 0.47561714, 0.47496641]",,0,0,0,0,2822552af09f2546d4435c96492cfac279367209cb213eaf3a5a6cc440c330d9,4b37a5ed9cfdc71b591d28bacc024e42e8ebe679ab10903583897e072da5c95b,2026-08-06T20:58:55.794287+00:00
Q311,price,T1500,DENSE,"['T1500-1607', 'T1500-1623', 'T1500-1534', 'T1500-1648', 'T1500-1635', 'T1500-1608', 'T1500-0097', 'T1500-1618', 'T1500-1605', 'T1500-1610']","[0.64832765, 0.62964678, 0.61886239, 0.61377454, 0.60730982, 0.60347146, 0.60235643, 0.60234964, 0.59635162, 0.59451306]",1,1,1,1,1,2d0091b72360793485e397b3b7470b6b496c91dbc89ab536559f27b4074e4927,4b37a5ed9cfdc71b591d28bacc024e42e8ebe679ab10903583897e072da5c95b,2026-08-06T20:58:55.794738+00:00
Q312,price,T1500,DENSE,"['T1500-1699', 'T1500-1335', 'T1500-1677', 'T1500-1688', 'T1500-1339', 'T1500-1693', 'T1500-1733', 'T1500-1327', 'T1500-1338', 'T1500-1727']","[0.53704792, 0.53603262, 0.53165352, 0.53155208, 0.53147078, 0.52961862, 0.5292604, 0.52662718, 0.52551067, 0.52376902]",,0,0,0,0,1f209d8c4d9c038cc58a39be08b732353ed7bafe4bfea75203ff9b9b9370143e,4b37a5ed9cfdc71b591d28bacc024e42e8ebe679ab10903583897e072da5c95b,2026-08-06T20:58:55.795232+00:00
Q313,price,T1500,DENSE,"['T1500-1098', 'T1500-1995', 'T1500-1952', 'T1500-1964', 'T1500-1965', 'T1500-1802', 'T1500-1803', 'T1500-1920', 'T1500-1976', 'T1500-1951']","[0.64735365, 0.63530141, 0.63105154, 0.6261723, 0.62480998, 0.62013227, 0.61911774, 0.61638415, 0.61492145, 0.6121769]",1,1,1,1,1,67b3032f376209fda1467839d5d4563f485c2786d13120755c199040dc5643e8,4b37a5ed9cfdc71b591d28bacc024e42e8ebe679ab10903583897e072da5c95b,2026-08-06T20:58:55.795678+00:00
Q314,price,T1500,DENSE,"['T1500-1351', 'T1500-1355', 'T1500-1347', 'T1500-1366', 'T1500-1352', 'T1500-1353', 'T1500-1367', 'T1500-1357', 'T1500-1348', 'T1500-1364']","[0.6342532, 0.63247544, 0.6261102, 0.61418194, 0.59404051, 0.58798885, 0.58722651, 0.58501101, 0.58431661, 0.58411562]",1,1,1,1,1,c65744e82be39c5270f003b83f97300b64ec9f4810326731b9b638898a3d6c0d,4b37a5ed9cfdc71b591d28bacc024e42e8ebe679ab10903583897e072da5c95b,2026-08-06T20:58:55.796115+00:00
Q315,attribute,T1500,DENSE,"['T1500-1951', 'T1500-1949', 'T1500-1952', 'T1500-1948', 'T1500-1954', 'T1500-1023', 'T1500-1024', 'T1500-1025', 'T1500-1955', 'T1500-1029']","[0.684129, 0.68184835, 0.67349327, 0.67291224, 0.67244136, 0.67096436, 0.66909862, 0.66536725, 0.65311927, 0.65028214]",6,0,0,0,1,0d19f2db957377765c62cfc963229fd5c7388605c2e245dc34fc4e6420d47e6b,4b37a5ed9cfdc71b591d28bacc024e42e8ebe679ab10903583897e072da5c95b,2026-08-06T20:58:55.796594+00:00
Q316,price,T1500,DENSE,"['T1500-1964', 'T1500-1965', 'T1500-0955', 'T1500-1899', 'T1500-0954', 'T1500-1976', 'T1500-1870', 'T1500-1968', 'T1500-1893', 'T1500-1952']","[0.67646009, 0.66117072, 0.65764308, 0.65662169, 0.65434825, 0.65273672, 0.65109402, 0.64995098, 0.64927942, 0.6471504]",,0,0,0,0,1ed82cf0b277e7cddfc707361f1095864a60ea31ce992815a9e6f3a67bce6eb5,4b37a5ed9cfdc71b591d28bacc024e42e8ebe679ab10903583897e072da5c95b,2026-08-06T20:58:55.797037+00:00
Q317,attribute,T1500,DENSE,"['T1500-1437', 'T1500-1434', 'T1500-0161', 'T1500-0163', 'T1500-0179', 'T1500-0166', 'T1500-0177', 'T1500-0167', 'T1500-0172', 'T1500-1439']","[0.66791487, 0.66746414, 0.62864256, 0.62071037, 0.61527467, 0.60885173, 0.60806751, 0.60651582, 0.60596466, 0.60538155]",3,0,1,1,1,ba6fab909a13e43c3dc7d2a817fd734689fef91454a869cdbcb42e4442e2e29d,4b37a5ed9cfdc71b591d28bacc024e42e8ebe679ab10903583897e072da5c95b,2026-08-06T20:58:55.797550+00:00
Q318,price,T1500,DENSE,"['T1500-1648', 'T1500-0097', 'T1500-1539', 'T1500-1538', 'T1500-1534', 'T1500-1622', 'T1500-1623', 'T1500-1635', 'T1500-1605', 'T1500-1618']","[0.59634018, 0.59019494, 0.58127862, 0.58069372, 0.5803569, 0.57417065, 0.57199013, 0.57123232, 0.57054931, 0.56571275]",,0,0,0,0,92f8ec3f3435248a219b9d6736a7f4a1cb9deeac6cb6aeed69824897bee310aa,4b37a5ed9cfdc71b591d28bacc024e42e8ebe679ab10903583897e072da5c95b,2026-08-06T20:58:55.798042+00:00
Q319,price,T1500,DENSE,"['T1500-1752', 'T1500-1750', 'T1500-0303', 'T1500-0304', 'T1500-0302', 'T1500-1261', 'T1500-1749', 'T1500-1833', 'T1500-1693', 'T1500-0355']","[0.71672052, 0.71462107, 0.68459117, 0.66685122, 0.66117024, 0.60141498, 0.5991556, 0.57730097, 0.56765532, 0.56639999]",1,1,1,1,1,ccbc31df63fe0a20061ab173367cc2f8722d9d800dce313685334c90568c7a9a,4b37a5ed9cfdc71b591d28bacc024e42e8ebe679ab10903583897e072da5c95b,2026-08-06T20:58:55.798546+00:00
Q320,attribute,T1500,DENSE,"['T1500-1551', 'T1500-1534', 'T1500-0820', 'T1500-0816', 'T1500-0818', 'T1500-0821', 'T1500-1587', 'T1500-0682', 'T1500-0684', 'T1500-0683']","[0.61953813, 0.56640559, 0.56130928, 0.55210751, 0.54895425, 0.54823971, 0.54465103, 0.54455042, 0.5442853, 0.54419315]",1,1,1,1,1,c27701da65ba58e03d85402f60fd2fe18eca8e15b9d1b0fc54e85bba1115b71f,4b37a5ed9cfdc71b591d28bacc024e42e8ebe679ab10903583897e072da5c95b,2026-08-06T20:58:55.799028+00:00
Q321,price,T1500,DENSE,"['T1500-0434', 'T1500-0533', 'T1500-0438', 'T1500-0531', 'T1500-0534', 'T1500-0437', 'T1500-0436', 'T1500-0433', 'T1500-0529', 'T1500-0439']","[0.64867097, 0.64722097, 0.6452291, 0.64394236, 0.6419546, 0.64085078, 0.64060181, 0.640414, 0.63941956, 0.63917488]",1,1,1,1,1,f1b63e98252d9dcd35e3d30d29cc67608f101d47cfb9ed148ad239f5839a4824,4b37a5ed9cfdc71b591d28bacc024e42e8ebe679ab10903583897e072da5c95b,2026-08-06T20:58:55.799478+00:00
Q322,attribute,T1500,DENSE,"['T1500-1214', 'T1500-1729', 'T1500-1213', 'T1500-1730', 'T1500-1212', 'T1500-0431', 'T1500-1723', 'T1500-1366', 'T1500-1722', 'T1500-2099']","[0.66344941, 0.65978616, 0.61825627, 0.58643121, 0.56775731, 0.56354523, 0.56347734, 0.55556244, 0.5483191, 0.53494501]",1,1,1,1,1,3d5e36b6048732ac450c2ff0856b49d8d9c79e8164977c74b95bb2c7a7415900,4b37a5ed9cfdc71b591d28bacc024e42e8ebe679ab10903583897e072da5c95b,2026-08-06T20:58:55.799942+00:00
Q323,price,T1500,DENSE,"['T1500-1693', 'T1500-1705', 'T1500-1339', 'T1500-0430', 'T1500-1534', 'T1500-0076', 'T1500-1703', 'T1500-0886', 'T1500-1335', 'T1500-1677']","[0.49802756, 0.49328792, 0.48771745, 0.48355052, 0.48183542, 0.4797965, 0.47845301, 0.4765425, 0.47253257, 0.47104052]",6,0,0,0,1,4d0bb0a73f0a0d34558175f33b3f3cab7bdd923ccf8cf6102c3a0a23a1012e83,4b37a5ed9cfdc71b591d28bacc024e42e8ebe679ab10903583897e072da5c95b,2026-08-06T20:58:55.800391+00:00
Q324,attribute,T1500,DENSE,"['T1500-0996', 'T1500-0997', 'T1500-0990', 'T1500-0995', 'T1500-0991', 'T1500-0989', 'T1500-0994', 'T1500-1004', 'T1500-1008', 'T1500-1009']","[0.70895016, 0.69986272, 0.68367445, 0.67905664, 0.67510295, 0.66938442, 0.65491289, 0.64827442, 0.64231879, 0.64111996]",6,0,0,0,1,b2e523f499cdaf1579f95302a59781eb8b1407aad26b46f7741b4380d5f8a663,4b37a5ed9cfdc71b591d28bacc024e42e8ebe679ab10903583897e072da5c95b,2026-08-06T20:58:55.800863+00:00
Q325,price,T1500,DENSE,"['T1500-1815', 'T1500-1814', 'T1500-1811', 'T1500-1813', 'T1500-1938', 'T1500-1939', 'T1500-1841', 'T1500-1810', 'T1500-1817', 'T1500-1842']","[0.67995417, 0.65901232, 0.64472395, 0.63026643, 0.62413251, 0.62060368, 0.61502457, 0.61375815, 0.61306852, 0.60451877]",1,1,1,1,1,10010cb369645ed3049e85cbaf2f75f49f6d8cdf078ecc2c87ffd924807e3ddd,4b37a5ed9cfdc71b591d28bacc024e42e8ebe679ab10903583897e072da5c95b,2026-08-06T20:58:55.801318+00:00
Q326,attribute,T1500,DENSE,"['T1500-0138', 'T1500-0137', 'T1500-0090', 'T1500-0139', 'T1500-0136', 'T1500-0292', 'T1500-0291', 'T1500-0140', 'T1500-0132', 'T1500-0133']","[0.6795367, 0.67046356, 0.64981484, 0.64626694, 0.63986778, 0.62165713, 0.6210618, 0.61947507, 0.618635, 0.61451167]",1,1,1,1,1,8c86d8535ab4aeea0f263db9eccb8493d84f00b48fcb513672849ff467689851,4b37a5ed9cfdc71b591d28bacc024e42e8ebe679ab10903583897e072da5c95b,2026-08-06T20:58:55.801762+00:00
Q327,attribute,T1500,DENSE,"['T1500-0401', 'T1500-0399', 'T1500-0760', 'T1500-0392', 'T1500-0400', 'T1500-2092', 'T1500-0643', 'T1500-0659', 'T1500-0396', 'T1500-0770']","[0.56343001, 0.56143093, 0.56056672, 0.54988557, 0.54979855, 0.54978216, 0.54884636, 0.54774266, 0.54759562, 0.5473938]",,0,0,0,0,bdaff64d53de2fb82eab86e212d77c57ee3b80e9be7f0379e1b687b215b3cb5f,4b37a5ed9cfdc71b591d28bacc024e42e8ebe679ab10903583897e072da5c95b,2026-08-06T20:58:55.802197+00:00
Q328,attribute,T1500,DENSE,"['T1500-1554', 'T1500-1550', 'T1500-1546', 'T1500-1549', 'T1500-1534', 'T1500-1641', 'T1500-1635', 'T1500-1626', 'T1500-1558', 'T1500-1557']","[0.63119137, 0.616588, 0.55882841, 0.55266535, 0.53436583, 0.53357327, 0.52753705, 0.52659398, 0.52577507, 0.5224452]",,0,0,0,0,f602f76ac7b7051f5f90e86abb47b97a2004259d349a67e849e4becf972b7597,4b37a5ed9cfdc71b591d28bacc024e42e8ebe679ab10903583897e072da5c95b,2026-08-06T20:58:55.802697+00:00
Q329,attribute,T1500,DENSE,"['T1500-1101', 'T1500-1978', 'T1500-1100', 'T1500-1980', 'T1500-1979', 'T1500-1063', 'T1500-1976', 'T1500-1155', 'T1500-0959', 'T1500-0997']","[0.68370283, 0.64031303, 0.63791823, 0.61584228, 0.61572111, 0.61231625, 0.61212969, 0.61170107, 0.60939503, 0.6083588]",6,0,0,0,1,1e7616508b32f2d818c0d9dc9fc6287471702286e642c6482b50983e1904112d,4b37a5ed9cfdc71b591d28bacc024e42e8ebe679ab10903583897e072da5c95b,2026-08-06T20:58:55.803182+00:00
Q330,price,T1500,DENSE,"['T1500-1613', 'T1500-1627', 'T1500-1537', 'T1500-1633', 'T1500-1625', 'T1500-1604', 'T1500-1623', 'T1500-1602', 'T1500-1648', 'T1500-1571']","[0.62509406, 0.62039208, 0.61461771, 0.60442179, 0.60415161, 0.60354948, 0.60217762, 0.59548104, 0.59500635, 0.5872615]",1,1,1,1,1,ae8cf346d2a1316693d34e15959eae354fccdd0362a40d9c532dcf2cbca9aad6,4b37a5ed9cfdc71b591d28bacc024e42e8ebe679ab10903583897e072da5c95b,2026-08-06T20:58:55.803665+00:00
Q331,price,T1500,DENSE,"['T1500-0879', 'T1500-0878', 'T1500-0876', 'T1500-0873', 'T1500-0541', 'T1500-0542', 'T1500-0875', 'T1500-0534', 'T1500-0447', 'T1500-0446']","[0.65971088, 0.6547426, 0.6510098, 0.63108206, 0.62641621, 0.62354761, 0.61756837, 0.61268449, 0.61243749, 0.61066514]",1,1,1,1,1,064ba5a4ffc5eb3e1d39fca584f4d6821134e7ddb30853aa488b39b839d7f0db,4b37a5ed9cfdc71b591d28bacc024e42e8ebe679ab10903583897e072da5c95b,2026-08-06T20:58:55.804134+00:00
Q332,attribute,T1500,DENSE,"['T1500-1539', 'T1500-0054', 'T1500-1534', 'T1500-1546', 'T1500-0097', 'T1500-1648', 'T1500-1538', 'T1500-1635', 'T1500-1626', 'T1500-1623']","[0.65117496, 0.61276203, 0.61273682, 0.6068176, 0.5959022, 0.59419638, 0.59376127, 0.59095693, 0.59085751, 0.58747661]",3,0,1,1,1,b141b73621c5dc5c3f41ebc83ae431143c3f43769f378d87896282c69a0ab41f,4b37a5ed9cfdc71b591d28bacc024e42e8ebe679ab10903583897e072da5c95b,2026-08-06T20:58:55.804607+00:00
Q333,attribute,T1500,DENSE,"['T1500-1621', 'T1500-1623', 'T1500-1618', 'T1500-1648', 'T1500-1630', 'T1500-1617', 'T1500-1534', 'T1500-1638', 'T1500-1422', 'T1500-1641']","[0.63245302, 0.57978618, 0.57804239, 0.57747203, 0.57536787, 0.57077491, 0.57069844, 0.56967783, 0.5688082, 0.56803918]",6,0,0,0,1,c30c6896315e8906bed6039d7b60d2ecd2901861d1e5c5c5d942a67ed26287c0,4b37a5ed9cfdc71b591d28bacc024e42e8ebe679ab10903583897e072da5c95b,2026-08-06T20:58:55.805081+00:00
Q334,price,T1500,DENSE,"['T1500-0147', 'T1500-1746', 'T1500-0146', 'T1500-0145', 'T1500-0148', 'T1500-0140', 'T1500-1404', 'T1500-0142', 'T1500-1353', 'T1500-1352']","[0.62095392, 0.59627658, 0.58836627, 0.55611384, 0.53922367, 0.52423745, 0.52360207, 0.52355778, 0.51924145, 0.51914477]",1,1,1,1,1,a3a6a3682125315db8eb859a6d011c3855fae10fc5196f6a30a32b8b8ed07371,4b37a5ed9cfdc71b591d28bacc024e42e8ebe679ab10903583897e072da5c95b,2026-08-06T20:58:55.805534+00:00
Q335,price,T1500,DENSE,"['T1500-1673', 'T1500-1927', 'T1500-1689', 'T1500-1929', 'T1500-1848', 'T1500-1677', 'T1500-1693', 'T1500-1336', 'T1500-1335', 'T1500-1930']","[0.48670292, 0.4754307, 0.46318603, 0.4609212, 0.46036851, 0.45838097, 0.45669821, 0.45635971, 0.45433074, 0.45415232]",,0,0,0,0,f5843abd97c45706725337ecc3c8d53d63c19e38f5d1611183c22debc8574002,4b37a5ed9cfdc71b591d28bacc024e42e8ebe679ab10903583897e072da5c95b,2026-08-06T20:58:55.805965+00:00
Q336,attribute,T1500,DENSE,"['T1500-0295', 'T1500-1366', 'T1500-1353', 'T1500-1356', 'T1500-1367', 'T1500-1357', 'T1500-1352', 'T1500-1348', 'T1500-0133', 'T1500-0251']","[0.64385527, 0.64221668, 0.64146972, 0.64046276, 0.63426363, 0.63078284, 0.62972891, 0.62772721, 0.62703478, 0.62583113]",,0,0,0,0,a69e1b5cfdae06ac247198c0166e7b97f9d18f13fe172c209e6acdcca196f898,4b37a5ed9cfdc71b591d28bacc024e42e8ebe679ab10903583897e072da5c95b,2026-08-06T20:58:55.806473+00:00
Q337,price,T1500,DENSE,"['T1500-1796', 'T1500-1947', 'T1500-1923', 'T1500-1914', 'T1500-1905', 'T1500-1803', 'T1500-1921', 'T1500-1802', 'T1500-1845', 'T1500-1821']","[0.73724639, 0.67301327, 0.66610718, 0.65816832, 0.65512544, 0.65336019, 0.6500898, 0.64690053, 0.64452338, 0.64300424]",1,1,1,1,1,e5bd21345b6ba19e7c972dfb0898121288746c0e31027334f99a291b2927aaeb,4b37a5ed9cfdc71b591d28bacc024e42e8ebe679ab10903583897e072da5c95b,2026-08-06T20:58:55.806930+00:00
Q338,attribute,T1500,DENSE,"['T1500-1750', 'T1500-0303', 'T1500-1752', 'T1500-0304', 'T1500-0302', 'T1500-1749', 'T1500-0355', 'T1500-0432', 'T1500-0654', 'T1500-0529']","[0.74547309, 0.70293576, 0.6857242, 0.67642331, 0.67299795, 0.60956401, 0.58789933, 0.56363791, 0.56300414, 0.56243134]",1,1,1,1,1,1b07423bb3ab53a586d15422cba5524c7cd700394f04a3521937ec67c22cf222,4b37a5ed9cfdc71b591d28bacc024e42e8ebe679ab10903583897e072da5c95b,2026-08-06T20:58:55.807428+00:00
Q339,attribute,T1500,DENSE,"['T1500-1373', 'T1500-1730', 'T1500-1351', 'T1500-1725', 'T1500-1383', 'T1500-1366', 'T1500-1355', 'T1500-1371', 'T1500-1449', 'T1500-1693']","[0.62893194, 0.59013307, 0.57632458, 0.57356131, 0.57325411, 0.57281625, 0.57206607, 0.56547719, 0.56237239, 0.56163943]",10,0,0,0,1,7c7d59e058953de1096feabd99dd1bcceb1096932e7e67b7f0c81666e522e4d8,4b37a5ed9cfdc71b591d28bacc024e42e8ebe679ab10903583897e072da5c95b,2026-08-06T20:58:55.807884+00:00
Q340,price,T1500,DENSE,"['T1500-0686', 'T1500-0695', 'T1500-0693', 'T1500-0685', 'T1500-0691', 'T1500-0694', 'T1500-0689', 'T1500-0702', 'T1500-0700', 'T1500-0692']","[0.61594963, 0.60019922, 0.59725094, 0.58649051, 0.58554304, 0.58044839, 0.57862687, 0.57790136, 0.57526016, 0.5744164]",1,1,1,1,1,14eba615c0737030ff97c793fe91652569f57bc6704f93f2dd2131d3c2670c14,4b37a5ed9cfdc71b591d28bacc024e42e8ebe679ab10903583897e072da5c95b,2026-08-06T20:58:55.808331+00:00
Q341,attribute,T1500,DENSE,"['T1500-1638', 'T1500-1614', 'T1500-1733', 'T1500-1639', 'T1500-1531', 'T1500-1693', 'T1500-1641', 'T1500-1618', 'T1500-1331', 'T1500-1541']","[0.59103346, 0.54991364, 0.5278936, 0.52400815, 0.51616764, 0.51472491, 0.50991821, 0.50686163, 0.50538099, 0.50455922]",2,0,1,1,1,c65445c8b6b7e9b1879c1d5183b56d44e2bcda9935011efbf1d60a43cacb608a,4b37a5ed9cfdc71b591d28bacc024e42e8ebe679ab10903583897e072da5c95b,2026-08-06T20:58:55.808857+00:00
Q342,price,T1500,DENSE,"['T1500-0509', 'T1500-0510', 'T1500-0511', 'T1500-0512', 'T1500-0513', 'T1500-0884', 'T1500-0508', 'T1500-0608', 'T1500-0613', 'T1500-0612']","[0.66249412, 0.65461504, 0.65433741, 0.65226817, 0.65150225, 0.65095496, 0.64582521, 0.63849807, 0.63513422, 0.63285804]",1,1,1,1,1,5073ffe8dacb32fc11f42cb31a21168dc488137cb591cf5314c91a145b17214b,4b37a5ed9cfdc71b591d28bacc024e42e8ebe679ab10903583897e072da5c95b,2026-08-06T20:58:55.809325+00:00
Q343,attribute,T1500,DENSE,"['T1500-1941', 'T1500-1942', 'T1500-1797', 'T1500-1157', 'T1500-1799', 'T1500-1945', 'T1500-1976', 'T1500-1803', 'T1500-1975', 'T1500-1915']","[0.69284749, 0.69205624, 0.64218539, 0.64203095, 0.64025211, 0.63963771, 0.63648307, 0.63611233, 0.63516879, 0.63408864]",,0,0,0,0,805ebad3b905a7ca7e218a3f8fed2a5d3575abce918736bc7aa5c50d45ab2b79,4b37a5ed9cfdc71b591d28bacc024e42e8ebe679ab10903583897e072da5c95b,2026-08-06T20:58:55.809780+00:00
Q344,attribute,T1500,DENSE,"['T1500-1370', 'T1500-1448', 'T1500-1383', 'T1500-1422', 'T1500-1382', 'T1500-1449', 'T1500-1369', 'T1500-1367', 'T1500-0153', 'T1500-0200']","[0.62895226, 0.62697679, 0.60415506, 0.59905767, 0.59759152, 0.59605008, 0.59295988, 0.58836126, 0.58302647, 0.58301067]",,0,0,0,0,493739218c413b7ea79c5e6879fe3354d8c69dac607436ec965d35285bddba15,4b37a5ed9cfdc71b591d28bacc024e42e8ebe679ab10903583897e072da5c95b,2026-08-06T20:58:55.810336+00:00
Q345,attribute,T1500,DENSE,"['T1500-0073', 'T1500-1534', 'T1500-1610', 'T1500-0072', 'T1500-0070', 'T1500-0129', 'T1500-1611', 'T1500-1533', 'T1500-1621', 'T1500-1630']","[0.56745982, 0.55562913, 0.55544931, 0.55438632, 0.55158186, 0.54911482, 0.548567, 0.54404867, 0.54348278, 0.54302466]",1,1,1,1,1,43adda0ff8ce5038cf2c2fa334b0356e39e2d7cde0f2524039565db817752413,4b37a5ed9cfdc71b591d28bacc024e42e8ebe679ab10903583897e072da5c95b,2026-08-06T20:58:55.810826+00:00
Q346,price,T1500,DENSE,"['T1500-1405', 'T1500-0330', 'T1500-0327', 'T1500-0329', 'T1500-0328', 'T1500-0346', 'T1500-1722', 'T1500-1666', 'T1500-0331', 'T1500-0870']","[0.52958667, 0.52139765, 0.51736099, 0.51284242, 0.50993633, 0.5071919, 0.506984, 0.50674576, 0.50656199, 0.50218862]",5,0,0,1,1,c0ac538fa569d1480d1775e748ef864689c35df8834fcb35cb0704e1c558f907,4b37a5ed9cfdc71b591d28bacc024e42e8ebe679ab10903583897e072da5c95b,2026-08-06T20:58:55.811463+00:00
Q347,attribute,T1500,DENSE,"['T1500-1598', 'T1500-1601', 'T1500-1602', 'T1500-1597', 'T1500-1599', 'T1500-1605', 'T1500-1604', 'T1500-1594', 'T1500-1591', 'T1500-1623']","[0.66115606, 0.63905561, 0.63258374, 0.61657065, 0.61287701, 0.60701573, 0.58942825, 0.58689976, 0.58558512, 0.58555245]",1,1,1,1,1,8c2892c728e2cff288754576f03f94f956e5e37dd47e2ae68672e54cb3f81f1a,4b37a5ed9cfdc71b591d28bacc024e42e8ebe679ab10903583897e072da5c95b,2026-08-06T20:58:55.811910+00:00
Q348,attribute,T1500,DENSE,"['T1500-1746', 'T1500-0145', 'T1500-0410', 'T1500-2095', 'T1500-0355', 'T1500-0357', 'T1500-0404', 'T1500-0407', 'T1500-0406', 'T1500-1755']","[0.5680356, 0.51444364, 0.50934517, 0.50876582, 0.50611478, 0.50568998, 0.50553471, 0.50494838, 0.50141937, 0.50095749]",1,1,1,1,1,0c48093325940ecca8317504060443ea1d0ecfa7e80486c9d98c5b0940d9e738,4b37a5ed9cfdc71b591d28bacc024e42e8ebe679ab10903583897e072da5c95b,2026-08-06T20:58:55.812342+00:00
Q349,price,T1500,DENSE,"['T1500-1938', 'T1500-1939', 'T1500-1941', 'T1500-1806', 'T1500-1815', 'T1500-1844', 'T1500-1841', 'T1500-1805', 'T1500-1811', 'T1500-1814']","[0.71827364, 0.67881668, 0.6713109, 0.62898368, 0.62679273, 0.62376904, 0.6227572, 0.61097407, 0.61023641, 0.60881948]",1,1,1,1,1,596b9c57e65eef19225361de3f4707ac99f662f4273057473e05c782d3a1af65,4b37a5ed9cfdc71b591d28bacc024e42e8ebe679ab10903583897e072da5c95b,2026-08-06T20:58:55.812728+00:00
Q350,attribute,T1500,DENSE,"['T1500-1693', 'T1500-1639', 'T1500-1619', 'T1500-1641', 'T1500-1614', 'T1500-0026', 'T1500-1635', 'T1500-1637', 'T1500-1622', 'T1500-1534']","[0.58899367, 0.58732569, 0.58248138, 0.58032334, 0.57768893, 0.57623392, 0.57495612, 0.57367945, 0.57182479, 0.57168043]",5,0,0,1,1,e803b6c0ae62d49711f5717aae17bef72d044bf77414e23b5ae8de1f0e162960,4b37a5ed9cfdc71b591d28bacc024e42e8ebe679ab10903583897e072da5c95b,2026-08-06T20:58:55.813138+00:00
Q351,price,T1500,DENSE,"['T1500-1537', 'T1500-1538', 'T1500-1535', 'T1500-1613', 'T1500-1601', 'T1500-1599', 'T1500-1534', 'T1500-1605', 'T1500-1604', 'T1500-1693']","[0.53925657, 0.50526351, 0.50066364, 0.49868664, 0.49743596, 0.49427181, 0.48628113, 0.484164, 0.48129028, 0.47879669]",1,1,1,1,1,fb76b6ce6a99ac43c0e4dff11c6fa0e4bbeb3041b4eddf709ae3cf1d466bbae5,4b37a5ed9cfdc71b591d28bacc024e42e8ebe679ab10903583897e072da5c95b,2026-08-06T20:58:55.813545+00:00
Q352,attribute,T1500,DENSE,"['T1500-2012', 'T1500-2011', 'T1500-0989', 'T1500-0996', 'T1500-0997', 'T1500-1205', 'T1500-0978', 'T1500-0973', 'T1500-0984', 'T1500-0975']","[0.65220428, 0.60639906, 0.59046578, 0.58941704, 0.58430916, 0.58119094, 0.57884794, 0.57822526, 0.57741213, 0.57721573]",1,1,1,1,1,140d1703c4240edc7070153af6b42e01513c36e6cc39a898ef1954580508b61a,4b37a5ed9cfdc71b591d28bacc024e42e8ebe679ab10903583897e072da5c95b,2026-08-06T20:58:55.813981+00:00
Q353,price,T1500,DENSE,"['T1500-0662', 'T1500-0656', 'T1500-0654', 'T1500-0660', 'T1500-0659', 'T1500-0661', 'T1500-0655', 'T1500-0657', 'T1500-0750', 'T1500-0652']","[0.58928525, 0.57714069, 0.57054025, 0.57039326, 0.56645477, 0.56220663, 0.5598706, 0.55388427, 0.55364132, 0.55350965]",1,1,1,1,1,9353f36aebb338463c468548cfed16ea6d5fd6c0b63f4eca95a752bd76617379,4b37a5ed9cfdc71b591d28bacc024e42e8ebe679ab10903583897e072da5c95b,2026-08-06T20:58:55.814411+00:00
Q354,attribute,T1500,DENSE,"['T1500-1614', 'T1500-1534', 'T1500-1637', 'T1500-0300', 'T1500-1638', 'T1500-0299', 'T1500-1747', 'T1500-1626', 'T1500-1639', 'T1500-1546']","[0.68760532, 0.59745717, 0.57323897, 0.56888902, 0.56752336, 0.56601179, 0.56298065, 0.56149542, 0.55245733, 0.5507614]",1,1,1,1,1,526a835f40986a130603147c647b1b75f7dbf35d16326e26a9ac0f654c43e397,4b37a5ed9cfdc71b591d28bacc024e42e8ebe679ab10903583897e072da5c95b,2026-08-06T20:58:55.814840+00:00
Q355,price,T1500,DENSE,"['T1500-1974', 'T1500-1787', 'T1500-1789', 'T1500-1791', 'T1500-1784', 'T1500-1793', 'T1500-1971', 'T1500-1017', 'T1500-1773', 'T1500-1772']","[0.6670714, 0.65509415, 0.65134454, 0.64901721, 0.64793241, 0.63453913, 0.6316762, 0.62613517, 0.62463415, 0.61855179]",4,0,0,1,1,4e11b8406d2bda16df74c03341bbeaca2d420d3665247bc637fa6bc2241a9be4,4b37a5ed9cfdc71b591d28bacc024e42e8ebe679ab10903583897e072da5c95b,2026-08-06T20:58:55.815249+00:00
Q356,price,T1500,DENSE,"['T1500-0122', 'T1500-1534', 'T1500-1537', 'T1500-1613', 'T1500-1605', 'T1500-0123', 'T1500-1623', 'T1500-1643', 'T1500-1625', 'T1500-0065']","[0.56215811, 0.55010659, 0.54482365, 0.54152036, 0.54093492, 0.53983736, 0.53789836, 0.535128, 0.5351184, 0.53464711]",6,0,0,0,1,bf2c173e3a29cc93d92ab397d5d00dff78bc32ea2dfac28607bbf0a99fbf925a,4b37a5ed9cfdc71b591d28bacc024e42e8ebe679ab10903583897e072da5c95b,2026-08-06T20:58:55.815634+00:00
Q357,price,T1500,DENSE,"['T1500-1643', 'T1500-1642', 'T1500-1644', 'T1500-1623', 'T1500-1648', 'T1500-1538', 'T1500-1647', 'T1500-1626', 'T1500-1537', 'T1500-0097']","[0.70670569, 0.70357692, 0.66789663, 0.63317913, 0.63092655, 0.62399286, 0.61945862, 0.613065, 0.61043668, 0.60799909]",2,0,1,1,1,1a3c1789c2e4c2a743ad96e9a0d7ee460c179ff6e34bb86a0eb8ae25ecae3d63,4b37a5ed9cfdc71b591d28bacc024e42e8ebe679ab10903583897e072da5c95b,2026-08-06T20:58:55.816020+00:00
Q358,price,T1500,DENSE,"['T1500-2014', 'T1500-0205', 'T1500-1721', 'T1500-1722', 'T1500-0211', 'T1500-1241', 'T1500-1665', 'T1500-0207', 'T1500-0208', 'T1500-2017']","[0.67681217, 0.65830719, 0.65540582, 0.64246809, 0.63627315, 0.62879562, 0.62821114, 0.62485284, 0.62353373, 0.62312055]",1,1,1,1,1,09841874d8aad7596937581d66a6492edc07e41a3b921c9831704de123bc167a,4b37a5ed9cfdc71b591d28bacc024e42e8ebe679ab10903583897e072da5c95b,2026-08-06T20:58:55.816479+00:00
Q359,attribute,T1500,DENSE,"['T1500-0988', 'T1500-1805', 'T1500-1975', 'T1500-1205', 'T1500-1948', 'T1500-1802', 'T1500-0989', 'T1500-1947', 'T1500-1803', 'T1500-1976']","[0.60767484, 0.60625356, 0.606224, 0.59952998, 0.5975455, 0.59754062, 0.59686458, 0.59411854, 0.59186697, 0.59122831]",1,1,1,1,1,55a001a0cc227373a215992d94780bd6f1133cd9f493c9b70890a89cfc918ae4,4b37a5ed9cfdc71b591d28bacc024e42e8ebe679ab10903583897e072da5c95b,2026-08-06T20:58:55.816972+00:00
Q360,attribute,T1500,DENSE,"['T1500-0179', 'T1500-0173', 'T1500-0172', 'T1500-0181', 'T1500-0171', 'T1500-0178', 'T1500-0168', 'T1500-0175', 'T1500-0180', 'T1500-0170']","[0.65161812, 0.63827211, 0.635324, 0.63375735, 0.62873739, 0.62638611, 0.62058794, 0.62030935, 0.61969805, 0.61846399]",1,1,1,1,1,3a029404d90bc1ffbbdd354a5ed2528bdc48bf690c720be0c152fdb39cc78a50,4b37a5ed9cfdc71b591d28bacc024e42e8ebe679ab10903583897e072da5c95b,2026-08-06T20:58:55.817474+00:00
Q361,attribute,T1500,DENSE,"['T1500-1075', 'T1500-1074', 'T1500-1077', 'T1500-2099', 'T1500-1078', 'T1500-0387', 'T1500-1079', 'T1500-2102', 'T1500-1076', 'T1500-1072']","[0.62755263, 0.61280894, 0.60270286, 0.57229042, 0.56916869, 0.56781769, 0.56614989, 0.55966461, 0.55712295, 0.55630243]",1,1,1,1,1,c9385a83105777d120d375e5d1e0e498051255328865865c24238e0703a27be9,4b37a5ed9cfdc71b591d28bacc024e42e8ebe679ab10903583897e072da5c95b,2026-08-06T20:58:55.817967+00:00
Q362,price,T1500,DENSE,"['T1500-1557', 'T1500-1555', 'T1500-1560', 'T1500-1550', 'T1500-1638', 'T1500-1558', 'T1500-1634', 'T1500-1547', 'T1500-1549', 'T1500-1553']","[0.60399574, 0.58755779, 0.58052754, 0.57621241, 0.53620714, 0.53581285, 0.52324915, 0.52276653, 0.52248108, 0.51902705]",4,0,0,1,1,1438d3c38b64e080c8cfa9e763d70624d0d704c512916e878fe6cae143e459b6,4b37a5ed9cfdc71b591d28bacc024e42e8ebe679ab10903583897e072da5c95b,2026-08-06T20:58:55.818446+00:00
Q363,attribute,T1500,DENSE,"['T1500-1558', 'T1500-0085', 'T1500-1557', 'T1500-0118', 'T1500-1550', 'T1500-1560', 'T1500-1573', 'T1500-0073', 'T1500-0121', 'T1500-0025']","[0.6546914, 0.59303617, 0.59185845, 0.56080961, 0.55433339, 0.55266845, 0.55138743, 0.5501231, 0.55006468, 0.54655278]",1,1,1,1,1,24f7b84e2c31bf82918115899b203dd5dcfcb172f658b7f81ac464086879e46f,4b37a5ed9cfdc71b591d28bacc024e42e8ebe679ab10903583897e072da5c95b,2026-08-06T20:58:55.818917+00:00
Q364,attribute,T1500,DENSE,"['T1500-0530', 'T1500-0435', 'T1500-0531', 'T1500-0534', 'T1500-0542', 'T1500-0436', 'T1500-0528', 'T1500-0447', 'T1500-0533', 'T1500-0529']","[0.67538738, 0.6683172, 0.66435587, 0.65360415, 0.65136719, 0.64838028, 0.64768994, 0.64758128, 0.64602935, 0.64474452]",1,1,1,1,1,4a6073eb2dc32c4534635768acafcfe58a8d92ee96940ee6605b21e8437d79ca,4b37a5ed9cfdc71b591d28bacc024e42e8ebe679ab10903583897e072da5c95b,2026-08-06T20:58:55.819410+00:00
Q365,attribute,T1500,DENSE,"['T1500-0301', 'T1500-1637', 'T1500-1534', 'T1500-1749', 'T1500-0026', 'T1500-0039', 'T1500-0307', 'T1500-0020', 'T1500-0305', 'T1500-0304']","[0.6194557, 0.60942125, 0.59727204, 0.59439778, 0.58936137, 0.58923018, 0.58741868, 0.58673602, 0.5847913, 0.58351099]",2,0,1,1,1,866b702992b2b72d3cdad0586ec15547f0cac87bb66c30d7beb5139554b41c84,4b37a5ed9cfdc71b591d28bacc024e42e8ebe679ab10903583897e072da5c95b,2026-08-06T20:58:55.819862+00:00
Q366,price,T1500,DENSE,"['T1500-0937', 'T1500-1339', 'T1500-1335', 'T1500-1333', 'T1500-1331', 'T1500-1690', 'T1500-1327', 'T1500-1329', 'T1500-1713', 'T1500-1682']","[0.58073443, 0.52920151, 0.52702284, 0.52404618, 0.51710594, 0.51352656, 0.50070214, 0.49985859, 0.49975377, 0.49808013]",1,1,1,1,1,15bfd5a7dec4f6a43b24b3e3509fc6d0561130f1d1aae4c9e35d61593bd634a2,4b37a5ed9cfdc71b591d28bacc024e42e8ebe679ab10903583897e072da5c95b,2026-08-06T20:58:55.820320+00:00
Q367,price,T1500,DENSE,"['T1500-1623', 'T1500-0097', 'T1500-1534', 'T1500-1537', 'T1500-1618', 'T1500-0128', 'T1500-1605', 'T1500-1538', 'T1500-1641', 'T1500-1617']","[0.62271142, 0.61976367, 0.6149928, 0.6123845, 0.6038146, 0.60008669, 0.5994333, 0.597911, 0.59737796, 0.59638274]",9,0,0,0,1,da2b584e7c1dab2e94e99bb6364850cdc26af9019ffb1f61a2b9bb7438547847,4b37a5ed9cfdc71b591d28bacc024e42e8ebe679ab10903583897e072da5c95b,2026-08-06T20:58:55.820744+00:00
Q368,price,T1500,DENSE,"['T1500-1228', 'T1500-1263', 'T1500-1229', 'T1500-1235', 'T1500-1265', 'T1500-1231', 'T1500-1232', 'T1500-1230', 'T1500-1233', 'T1500-1832']","[0.63467318, 0.62483239, 0.62013948, 0.61891991, 0.61885065, 0.61532736, 0.61315274, 0.61238325, 0.6119976, 0.61148417]",3,0,1,1,1,e284e429e37cb68eb5ea032aca23124dfaf8849df2f60dcb13b5d33592dd479c,4b37a5ed9cfdc71b591d28bacc024e42e8ebe679ab10903583897e072da5c95b,2026-08-06T20:58:55.821171+00:00
Q369,attribute,T1500,DENSE,"['T1500-2096', 'T1500-0199', 'T1500-1619', 'T1500-1618', 'T1500-0100', 'T1500-2088', 'T1500-0025', 'T1500-2097', 'T1500-1534', 'T1500-1621']","[0.60300523, 0.5879631, 0.57136667, 0.56797415, 0.5645054, 0.56388974, 0.5630132, 0.56170905, 0.55683875, 0.5554449]",2,0,1,1,1,e8147fc66a16a42feace2540dd05a626eceaac60ec9a730386a6ad4fd215cbcf,4b37a5ed9cfdc71b591d28bacc024e42e8ebe679ab10903583897e072da5c95b,2026-08-06T20:58:55.821673+00:00
Q370,attribute,T1500,DENSE,"['T1500-0431', 'T1500-0167', 'T1500-0168', 'T1500-0161', 'T1500-0173', 'T1500-0179', 'T1500-0181', 'T1500-0175', 'T1500-0171', 'T1500-0176']","[0.5481075, 0.53955269, 0.53824282, 0.5370065, 0.53586578, 0.53073812, 0.52831858, 0.52807832, 0.52705353, 0.52514988]",,0,0,0,0,aeb3fe328715042f4a239ca8fda9366ed5456861f2250ba8accfcf077b739383,4b37a5ed9cfdc71b591d28bacc024e42e8ebe679ab10903583897e072da5c95b,2026-08-06T20:58:55.822187+00:00
Q371,attribute,T1500,DENSE,"['T1500-0062', 'T1500-1621', 'T1500-1619', 'T1500-1533', 'T1500-0074', 'T1500-0110', 'T1500-0070', 'T1500-0308', 'T1500-0198', 'T1500-1648']","[0.61276668, 0.60379732, 0.60129821, 0.58568656, 0.57675195, 0.57339931, 0.57226783, 0.56837958, 0.56594205, 0.56394243]",,0,0,0,0,0c79872e74278b132bf4fc98db800eaf44f37fb1ba0cd3f996f3afd07cdd5702,4b37a5ed9cfdc71b591d28bacc024e42e8ebe679ab10903583897e072da5c95b,2026-08-06T20:58:55.822694+00:00
Q372,attribute,T1500,DENSE,"['T1500-1906', 'T1500-1975', 'T1500-1976', 'T1500-1803', 'T1500-1955', 'T1500-1805', 'T1500-1154', 'T1500-1800', 'T1500-1986', 'T1500-1918']","[0.6483959, 0.63762343, 0.6362263, 0.63029701, 0.62645137, 0.62258905, 0.62243807, 0.61943996, 0.61457759, 0.61434186]",,0,0,0,0,638ca51bd46c56c4c3c6c8a6e309ca3d00ceb545c505162d9e43955da0d96aab,4b37a5ed9cfdc71b591d28bacc024e42e8ebe679ab10903583897e072da5c95b,2026-08-06T20:58:55.823233+00:00
Q373,price,T1500,DENSE,"['T1500-1584', 'T1500-0430', 'T1500-1605', 'T1500-1699', 'T1500-1534', 'T1500-1588', 'T1500-1688', 'T1500-1705', 'T1500-1693', 'T1500-1537']","[0.51043439, 0.50168043, 0.49918625, 0.49729192, 0.49656159, 0.49653199, 0.49335402, 0.49141198, 0.48972571, 0.48626882]",9,0,0,0,1,607e0ef31d50c2cb5573a634cc21dc4557959de012578c9843e63a166c03690f,4b37a5ed9cfdc71b591d28bacc024e42e8ebe679ab10903583897e072da5c95b,2026-08-06T20:58:55.823721+00:00
Q374,attribute,T1500,DENSE,"['T1500-1434', 'T1500-1437', 'T1500-0163', 'T1500-0161', 'T1500-1409', 'T1500-1393', 'T1500-0181', 'T1500-0179', 'T1500-0186', 'T1500-1395']","[0.66959321, 0.65507507, 0.62660289, 0.62233484, 0.6090948, 0.60856116, 0.60145074, 0.60064566, 0.59950817, 0.59927344]",3,0,1,1,1,d5420d115565cf30691a47c88b3396ec2fe237c712ebd79ddc9c047955cc39e8,4b37a5ed9cfdc71b591d28bacc024e42e8ebe679ab10903583897e072da5c95b,2026-08-06T20:58:55.824257+00:00
Q375,price,T1500,DENSE,"['T1500-1976', 'T1500-1975', 'T1500-1802', 'T1500-1920', 'T1500-1803', 'T1500-1949', 'T1500-1952', 'T1500-1947', 'T1500-1964', 'T1500-1954']","[0.71035206, 0.7062704, 0.67835891, 0.67535377, 0.67172217, 0.66623533, 0.66485792, 0.66064596, 0.66002727, 0.65828896]",1,1,1,1,1,6c17b86ac0524ddfbaf1dadabe8a64d44092c54cb0c38859779307ccb302eb83,4b37a5ed9cfdc71b591d28bacc024e42e8ebe679ab10903583897e072da5c95b,2026-08-06T20:58:55.824704+00:00
Q376,price,T1500,DENSE,"['T1500-1929', 'T1500-1363', 'T1500-1367', 'T1500-1364', 'T1500-1348', 'T1500-0386', 'T1500-1366', 'T1500-1353', 'T1500-1335', 'T1500-1355']","[0.51529551, 0.51264, 0.50709093, 0.50331724, 0.50188184, 0.50132596, 0.50062007, 0.49949017, 0.49511921, 0.49487224]",1,1,1,1,1,f4dff29942c232661e7e2bc7fca6d07997bd26ed36f234064f5e24b03ec53253,4b37a5ed9cfdc71b591d28bacc024e42e8ebe679ab10903583897e072da5c95b,2026-08-06T20:58:55.825128+00:00
Q377,price,T1500,DENSE,"['T1500-1345', 'T1500-1842', 'T1500-1629', 'T1500-1848', 'T1500-1336', 'T1500-1693', 'T1500-1929', 'T1500-1688', 'T1500-1383', 'T1500-1335']","[0.50000608, 0.48261124, 0.48113465, 0.47905731, 0.47531974, 0.47432122, 0.47372639, 0.46760669, 0.46720797, 0.46550387]",,0,0,0,0,dd3048ae7ac6c5f4fe46afdf7a4d37977015df620533b4d43d69400461c34569,4b37a5ed9cfdc71b591d28bacc024e42e8ebe679ab10903583897e072da5c95b,2026-08-06T20:58:55.825585+00:00
Q378,price,T1500,DENSE,"['T1500-1915', 'T1500-1917', 'T1500-1914', 'T1500-1909', 'T1500-1908', 'T1500-1911', 'T1500-1918', 'T1500-1799', 'T1500-1912', 'T1500-1920']","[0.73983425, 0.7335673, 0.73106992, 0.72442889, 0.71268427, 0.69657916, 0.68403459, 0.67825139, 0.67772698, 0.67423165]",3,0,1,1,1,c8ac46f7229036a8ff05c8001b94c7f02908a88502f2c3afbfcc658e1ea10887,4b37a5ed9cfdc71b591d28bacc024e42e8ebe679ab10903583897e072da5c95b,2026-08-06T20:58:55.826042+00:00
Q379,price,T1500,DENSE,"['T1500-1618', 'T1500-1623', 'T1500-0097', 'T1500-1643', 'T1500-1648', 'T1500-0128', 'T1500-1537', 'T1500-1622', 'T1500-1635', 'T1500-1626']","[0.64631081, 0.63073051, 0.62102449, 0.61226392, 0.60704476, 0.60579896, 0.60154468, 0.60147977, 0.6003747, 0.60037208]",1,1,1,1,1,51ee09965318aa7c1448b48edd53b310712ecb70f907f539dbf4f2b9d1e6da2b,4b37a5ed9cfdc71b591d28bacc024e42e8ebe679ab10903583897e072da5c95b,2026-08-06T20:58:55.826479+00:00
Q380,price,T1500,DENSE,"['T1500-1851', 'T1500-1852', 'T1500-1854', 'T1500-1935', 'T1500-1971', 'T1500-1791', 'T1500-1787', 'T1500-1933', 'T1500-1780', 'T1500-1783']","[0.71193218, 0.69873238, 0.61939335, 0.61674088, 0.58271819, 0.58023667, 0.5775646, 0.57581949, 0.57379234, 0.57203031]",1,1,1,1,1,cf3bb4c63b5d060b65f6425769b8af1a5f18f4832bba644abe14849260b23dc7,4b37a5ed9cfdc71b591d28bacc024e42e8ebe679ab10903583897e072da5c95b,2026-08-06T20:58:55.826876+00:00
Q381,attribute,T1500,DENSE,"['T1500-1605', 'T1500-1599', 'T1500-1604', 'T1500-0076', 'T1500-1625', 'T1500-1623', 'T1500-1641', 'T1500-1534', 'T1500-1590', 'T1500-1602']","[0.6013971, 0.57682127, 0.57314825, 0.56796253, 0.56485283, 0.56194037, 0.56157428, 0.56112981, 0.56004488, 0.55868185]",2,0,1,1,1,a9b79be1b764ecd0a50a43bcc3bd2cd0b9537d436156f4fdb1d7ec58426fff73,4b37a5ed9cfdc71b591d28bacc024e42e8ebe679ab10903583897e072da5c95b,2026-08-06T20:58:55.827309+00:00
Q382,price,T1500,DENSE,"['T1500-0832', 'T1500-0836', 'T1500-0822', 'T1500-0840', 'T1500-0825', 'T1500-0824', 'T1500-0834', 'T1500-0838', 'T1500-0823', 'T1500-0833']","[0.60799158, 0.60767412, 0.59374195, 0.59359223, 0.58490086, 0.58395171, 0.5819428, 0.5814718, 0.57964444, 0.57407761]",3,0,1,1,1,149f87082fb2f6fad5fe839875c29db5d2fa3a0b8f1b1560de806ea2afe88092,4b37a5ed9cfdc71b591d28bacc024e42e8ebe679ab10903583897e072da5c95b,2026-08-06T20:58:55.827701+00:00
Q383,attribute,T1500,DENSE,"['T1500-0932', 'T1500-0931', 'T1500-0895', 'T1500-0901', 'T1500-0743', 'T1500-0707', 'T1500-0907', 'T1500-1693', 'T1500-0738', 'T1500-1705']","[0.60903132, 0.4874208, 0.48524123, 0.48410106, 0.48111549, 0.47985584, 0.47848085, 0.4738079, 0.47341582, 0.47322276]",1,1,1,1,1,41b6ce6c89fe142cd8304fca0c6921bffc2740cd851e6a8cbbd8ff80ab2bcf91,4b37a5ed9cfdc71b591d28bacc024e42e8ebe679ab10903583897e072da5c95b,2026-08-06T20:58:55.828122+00:00
Q384,attribute,T1500,DENSE,"['T1500-1964', 'T1500-1965', 'T1500-1967', 'T1500-1975', 'T1500-1995', 'T1500-1976', 'T1500-1805', 'T1500-1920', 'T1500-1803', 'T1500-1955']","[0.71455681, 0.69794363, 0.69133049, 0.66447985, 0.66368103, 0.66211998, 0.66115987, 0.65650839, 0.65405452, 0.65133107]",1,1,1,1,1,daa9dd97919d372e33cc53449242ccc7e56a454ce443532a0a27d9c38573cff4,4b37a5ed9cfdc71b591d28bacc024e42e8ebe679ab10903583897e072da5c95b,2026-08-06T20:58:55.828587+00:00
Q385,attribute,T1500,DENSE,"['T1500-0207', 'T1500-0212', 'T1500-0208', 'T1500-0206', 'T1500-0209', 'T1500-0211', 'T1500-0205', 'T1500-0213', 'T1500-1722', 'T1500-0769']","[0.62518048, 0.62077463, 0.61541939, 0.61468923, 0.61459857, 0.60240388, 0.59365839, 0.57770061, 0.57365102, 0.56427205]",1,1,1,1,1,8f0dc3c19258aed162b866d6cf9a9578aafd3703caa3042117e6cd06ae9e61a4,4b37a5ed9cfdc71b591d28bacc024e42e8ebe679ab10903583897e072da5c95b,2026-08-06T20:58:55.828986+00:00
Q386,price,T1500,DENSE,"['T1500-1346', 'T1500-1350', 'T1500-1676', 'T1500-1702', 'T1500-1762', 'T1500-1528', 'T1500-0872', 'T1500-1698', 'T1500-1516', 'T1500-1370']","[0.52042508, 0.51829696, 0.51755834, 0.51696724, 0.51632059, 0.51401693, 0.5131495, 0.51283348, 0.51282805, 0.51195568]",7,0,0,0,1,b0de07344fd77b186a700963ddf5bb7fab9bf6eaa8311dcda642b691d107396a,4b37a5ed9cfdc71b591d28bacc024e42e8ebe679ab10903583897e072da5c95b,2026-08-06T20:58:55.829393+00:00
Q387,price,T1500,DENSE,"['T1500-1339', 'T1500-1335', 'T1500-1537', 'T1500-0430', 'T1500-1336', 'T1500-1331', 'T1500-1692', 'T1500-1366', 'T1500-1713', 'T1500-1703']","[0.45914936, 0.4489516, 0.44761014, 0.43925691, 0.43119097, 0.42856798, 0.42613941, 0.42401397, 0.42366073, 0.42335343]",,0,0,0,0,8f4ec93fb32faf51fc92435c12b740765e91d8abe4071d3dcf50460736128b99,4b37a5ed9cfdc71b591d28bacc024e42e8ebe679ab10903583897e072da5c95b,2026-08-06T20:58:55.829784+00:00
Q388,price,T1500,DENSE,"['T1500-1920', 'T1500-1923', 'T1500-1803', 'T1500-1805', 'T1500-1964', 'T1500-1947', 'T1500-1924', 'T1500-1917', 'T1500-1802', 'T1500-1921']","[0.73264211, 0.69293189, 0.6869514, 0.68689042, 0.68165255, 0.68135691, 0.67754304, 0.67728424, 0.67684734, 0.67596245]",1,1,1,1,1,95208b45a00c95041f5ed5434eb6d97188394c91697cd9a5cec6dc713790c528,4b37a5ed9cfdc71b591d28bacc024e42e8ebe679ab10903583897e072da5c95b,2026-08-06T20:58:55.830169+00:00
Q389,attribute,T1500,DENSE,"['T1500-1128', 'T1500-1124', 'T1500-1125', 'T1500-1127', 'T1500-1126', 'T1500-1129', 'T1500-1971', 'T1500-1131', 'T1500-1776', 'T1500-1130']","[0.65687317, 0.65607816, 0.65463948, 0.65055186, 0.63021898, 0.61493766, 0.61476666, 0.60898799, 0.6070562, 0.59314287]",1,1,1,1,1,6c970798e29e09ab03c43844c37dbb8a58238a92465ab60b42b3089d4f27a423,4b37a5ed9cfdc71b591d28bacc024e42e8ebe679ab10903583897e072da5c95b,2026-08-06T20:58:55.830610+00:00
Q390,attribute,T1500,DENSE,"['T1500-0461', 'T1500-0468', 'T1500-0561', 'T1500-0460', 'T1500-0867', 'T1500-0869', 'T1500-0866', 'T1500-0472', 'T1500-0560', 'T1500-0864']","[0.6303879, 0.61593866, 0.61571246, 0.61526793, 0.6147213, 0.6131109, 0.61281806, 0.61210942, 0.61001182, 0.60716355]",4,0,0,1,1,5a7571d2fb7c176cba783e7bf2706e5697f4141b8f2435938ebc41ba8741ae0b,4b37a5ed9cfdc71b591d28bacc024e42e8ebe679ab10903583897e072da5c95b,2026-08-06T20:58:55.831043+00:00
Q391,attribute,T1500,DENSE,"['T1500-1534', 'T1500-1623', 'T1500-1605', 'T1500-0076', 'T1500-0097', 'T1500-0074', 'T1500-1538', 'T1500-1622', 'T1500-0112', 'T1500-0128']","[0.63836181, 0.62621808, 0.62075096, 0.6137374, 0.61349583, 0.60629386, 0.60037845, 0.5935818, 0.59163356, 0.59010392]",2,0,1,1,1,d80b80599ac0c6e06505136801d7696fe215986793bad0e4a72e7a4cdafb060c,4b37a5ed9cfdc71b591d28bacc024e42e8ebe679ab10903583897e072da5c95b,2026-08-06T20:58:55.831526+00:00
Q392,price,T1500,DENSE,"['T1500-1939', 'T1500-1938', 'T1500-1811', 'T1500-1815', 'T1500-1814', 'T1500-1841', 'T1500-1941', 'T1500-1810', 'T1500-1813', 'T1500-1844']","[0.71419317, 0.70286012, 0.67508817, 0.67139119, 0.65948176, 0.65899479, 0.65869087, 0.6432687, 0.64270663, 0.63310122]",2,0,1,1,1,f9669c5ecc1ec8fd529a5b2a570edfb44b48f3640f6a0f75bc2702760be401d8,4b37a5ed9cfdc71b591d28bacc024e42e8ebe679ab10903583897e072da5c95b,2026-08-06T20:58:55.831961+00:00
Q393,attribute,T1500,DENSE,"['T1500-0225', 'T1500-0226', 'T1500-0228', 'T1500-1756', 'T1500-0224', 'T1500-0227', 'T1500-1759', 'T1500-0205', 'T1500-1758', 'T1500-0208']","[0.53359151, 0.53253978, 0.52358866, 0.51537693, 0.51206875, 0.50798458, 0.49948424, 0.49947721, 0.49925593, 0.49868369]",2,0,1,1,1,aa564320f323b166c8633d3921e26003685557ebc2a31fcecfd73ee3dae94b63,4b37a5ed9cfdc71b591d28bacc024e42e8ebe679ab10903583897e072da5c95b,2026-08-06T20:58:55.832449+00:00
Q394,price,T1500,DENSE,"['T1500-1965', 'T1500-1803', 'T1500-1911', 'T1500-1952', 'T1500-1964', 'T1500-1920', 'T1500-1923', 'T1500-1899', 'T1500-1802', 'T1500-1967']","[0.67910975, 0.67532057, 0.6741215, 0.67111653, 0.66905224, 0.66746503, 0.66737211, 0.66720945, 0.6652329, 0.66347671]",,0,0,0,0,6a61635b28a1b17d635e55e2bb852d295f55aafea0d2cae948fc73ba66f59e38,4b37a5ed9cfdc71b591d28bacc024e42e8ebe679ab10903583897e072da5c95b,2026-08-06T20:58:55.832927+00:00
Q395,price,T1500,DENSE,"['T1500-1234', 'T1500-1233', 'T1500-1231', 'T1500-1263', 'T1500-1228', 'T1500-1230', 'T1500-1232', 'T1500-1832', 'T1500-1229', 'T1500-1988']","[0.66239667, 0.65922904, 0.63410753, 0.63052225, 0.62430203, 0.61868966, 0.61328954, 0.6067943, 0.60349059, 0.59838867]",1,1,1,1,1,4cf9a81d607f5632d14f77e8da069841b632caeedb4d78db1ca2b46e4f0e43d7,4b37a5ed9cfdc71b591d28bacc024e42e8ebe679ab10903583897e072da5c95b,2026-08-06T20:58:55.833416+00:00
Q396,attribute,T1500,DENSE,"['T1500-1594', 'T1500-1595', 'T1500-1623', 'T1500-1546', 'T1500-1537', 'T1500-1627', 'T1500-1590', 'T1500-1591', 'T1500-1626', 'T1500-1613']","[0.6536625, 0.64647716, 0.6418556, 0.63620996, 0.62217838, 0.6203416, 0.61965072, 0.6137352, 0.61275029, 0.61094207]",7,0,0,0,1,281c3ec011136716a969d601bbba48f778a1a08ecabe5ff07fa83d7df3c60bae,4b37a5ed9cfdc71b591d28bacc024e42e8ebe679ab10903583897e072da5c95b,2026-08-06T20:58:55.833876+00:00
Q397,attribute,T1500,DENSE,"['T1500-1366', 'T1500-1347', 'T1500-1351', 'T1500-2091', 'T1500-1367', 'T1500-0020', 'T1500-1355', 'T1500-0251', 'T1500-1349', 'T1500-1348']","[0.6378091, 0.62364864, 0.62254614, 0.61576158, 0.60685456, 0.60164112, 0.60127348, 0.59291339, 0.57856226, 0.57805729]",7,0,0,0,1,610a41e2738b151e948a93fba49f5b434759481be17f0d0c2e4f8d2e6939e9c1,4b37a5ed9cfdc71b591d28bacc024e42e8ebe679ab10903583897e072da5c95b,2026-08-06T20:58:55.834341+00:00
Q398,attribute,T1500,DENSE,"['T1500-0167', 'T1500-1546', 'T1500-0173', 'T1500-0161', 'T1500-2032', 'T1500-0181', 'T1500-0175', 'T1500-0179', 'T1500-0165', 'T1500-0168']","[0.46019274, 0.45532241, 0.4523555, 0.45115992, 0.4471606, 0.44274005, 0.44209146, 0.44161183, 0.441212, 0.43924722]",,0,0,0,0,45f3b74d76f85f4b4d84730fbbeb987a3259ed96d6e3eea93272ac3ed5a256cb,4b37a5ed9cfdc71b591d28bacc024e42e8ebe679ab10903583897e072da5c95b,2026-08-06T20:58:55.834789+00:00
Q399,price,T1500,DENSE,"['T1500-1634', 'T1500-1533', 'T1500-1539', 'T1500-1560', 'T1500-1621', 'T1500-1648', 'T1500-1638', 'T1500-1561', 'T1500-1538', 'T1500-1630']","[0.62332094, 0.59188759, 0.57979059, 0.57172406, 0.5702585, 0.56649399, 0.56531405, 0.56336462, 0.56335092, 0.56262028]",1,1,1,1,1,154c8ecf125355b8f3f557d9f7e786b8512f89923e39db2efd8a480fa26a0fd3,4b37a5ed9cfdc71b591d28bacc024e42e8ebe679ab10903583897e072da5c95b,2026-08-06T20:58:55.835262+00:00
Q400,attribute,T1500,DENSE,"['T1500-1086', 'T1500-1088', 'T1500-1087', 'T1500-1083', 'T1500-1082', 'T1500-1085', 'T1500-1084', 'T1500-1089', 'T1500-1095', 'T1500-1227']","[0.5723865, 0.56364298, 0.56286728, 0.54819781, 0.54713523, 0.54529262, 0.52802491, 0.52762556, 0.52072328, 0.51569164]",1,1,1,1,1,419e54e52dec16379d81e9f2cbb81b178e7ae2c07fea6662a9dfa02d3b62a464,4b37a5ed9cfdc71b591d28bacc024e42e8ebe679ab10903583897e072da5c95b,2026-08-06T20:58:55.835715+00:00
Q401,attribute,T1500,DENSE,"['T1500-0452', 'T1500-0451', 'T1500-0547', 'T1500-0453', 'T1500-0770', 'T1500-0546', 'T1500-0545', 'T1500-0761', 'T1500-0450', 'T1500-0777']","[0.62583882, 0.61828464, 0.61022621, 0.6091758, 0.60213339, 0.59541523, 0.59161222, 0.59051466, 0.58923715, 0.56884766]",1,1,1,1,1,11a40116050b1c5811e47d39555a430279abbc679e4219232d876464778bf607,4b37a5ed9cfdc71b591d28bacc024e42e8ebe679ab10903583897e072da5c95b,2026-08-06T20:58:55.836149+00:00
Q402,attribute,T1500,DENSE,"['T1500-1125', 'T1500-1128', 'T1500-1129', 'T1500-1126', 'T1500-1131', 'T1500-1124', 'T1500-1130', 'T1500-1127', 'T1500-1971', 'T1500-1776']","[0.66975963, 0.66297698, 0.65873218, 0.64477456, 0.64326608, 0.63902009, 0.61915767, 0.61398542, 0.59105384, 0.59079361]",1,1,1,1,1,ab8320586a39bae1a8a9c391e96f9d5ce632827d5e5e999affa8dbb716c34ab2,4b37a5ed9cfdc71b591d28bacc024e42e8ebe679ab10903583897e072da5c95b,2026-08-06T20:58:55.836671+00:00
Q403,attribute,T1500,DENSE,"['T1500-1629', 'T1500-0085', 'T1500-1558', 'T1500-0118', 'T1500-0087', 'T1500-1557', 'T1500-1573', 'T1500-1560', 'T1500-0054', 'T1500-1588']","[0.56635505, 0.5577426, 0.54642349, 0.54350728, 0.5338335, 0.53323483, 0.52505493, 0.51975763, 0.51882362, 0.51270694]",1,1,1,1,1,2eb302cab2bf7cc5bd4e374de7c0b282b76f63a519925808b7fba93d14f8c648,4b37a5ed9cfdc71b591d28bacc024e42e8ebe679ab10903583897e072da5c95b,2026-08-06T20:58:55.837117+00:00
Q404,price,T1500,DENSE,"['T1500-1604', 'T1500-1602', 'T1500-1534', 'T1500-1623', 'T1500-1605', 'T1500-1597', 'T1500-0097', 'T1500-1537', 'T1500-1594', 'T1500-1538']","[0.63610673, 0.63355702, 0.60952556, 0.58666271, 0.57812232, 0.57427067, 0.57167381, 0.56420171, 0.56062567, 0.55996644]",2,0,1,1,1,b1b488641c16bec9a04fff656e7e54427eb864476ef1364eb0a9c19d55c3062e,4b37a5ed9cfdc71b591d28bacc024e42e8ebe679ab10903583897e072da5c95b,2026-08-06T20:58:55.837599+00:00
Q405,price,T1500,DENSE,"['T1500-1930', 'T1500-1405', 'T1500-1932', 'T1500-1390', 'T1500-1391', 'T1500-1524', 'T1500-1830', 'T1500-1929', 'T1500-1404', 'T1500-1393']","[0.59012866, 0.54253328, 0.54090488, 0.53050059, 0.52479196, 0.52076679, 0.51296461, 0.511953, 0.51178336, 0.51165903]",3,0,1,1,1,16735b8426f43d10b68fd7c4476851e387cf2bb85bdc9e9bda035c3cb47ebde2,4b37a5ed9cfdc71b591d28bacc024e42e8ebe679ab10903583897e072da5c95b,2026-08-06T20:58:55.838031+00:00
Q406,price,T1500,DENSE,"['T1500-1238', 'T1500-1223', 'T1500-1222', 'T1500-1835', 'T1500-1353', 'T1500-1699', 'T1500-1756', 'T1500-1529', 'T1500-2017', 'T1500-1351']","[0.59589791, 0.58708686, 0.57680309, 0.57384634, 0.57206059, 0.5709033, 0.57074589, 0.56872654, 0.56385887, 0.55963826]",,0,0,0,0,fb848346f60bc0cb889c69d8caadddae8545e1a86bba39cd8dd535daa7ef8d58,4b37a5ed9cfdc71b591d28bacc024e42e8ebe679ab10903583897e072da5c95b,2026-08-06T20:58:55.838490+00:00
Q407,price,T1500,DENSE,"['T1500-1404', 'T1500-0197', 'T1500-1595', 'T1500-1611', 'T1500-1629', 'T1500-1580', 'T1500-1590', 'T1500-1594', 'T1500-1543', 'T1500-1529']","[0.48459196, 0.48085883, 0.47988951, 0.47919708, 0.47890699, 0.47750986, 0.47571391, 0.47538656, 0.47169444, 0.47118133]",2,0,1,1,1,6b3a0483550703b78f0fef8956bf6559d47bb6c6ec3bfa71c682ff3918ab797d,4b37a5ed9cfdc71b591d28bacc024e42e8ebe679ab10903583897e072da5c95b,2026-08-06T20:58:55.839248+00:00
Q408,price,T1500,DENSE,"['T1500-0759', 'T1500-0693', 'T1500-0704', 'T1500-0702', 'T1500-0777', 'T1500-0700', 'T1500-0768', 'T1500-0706', 'T1500-0707', 'T1500-0691']","[0.54575884, 0.53929722, 0.5388093, 0.53638607, 0.53544307, 0.53174925, 0.53001988, 0.52971888, 0.52912951, 0.52888215]",1,1,1,1,1,17be55ec266eb3fcf20fd7e218e6a0f51f8c013574dcebfa15db6eca5f1f5483,4b37a5ed9cfdc71b591d28bacc024e42e8ebe679ab10903583897e072da5c95b,2026-08-06T20:58:55.839705+00:00
Q409,price,T1500,DENSE,"['T1500-1911', 'T1500-1912', 'T1500-1914', 'T1500-1917', 'T1500-1920', 'T1500-1908', 'T1500-1918', 'T1500-1909', 'T1500-1803', 'T1500-1976']","[0.73459297, 0.70488942, 0.68089777, 0.67943162, 0.66966474, 0.66128486, 0.65825593, 0.65551651, 0.65381634, 0.65161824]",1,1,1,1,1,d3e37d4cb8dedcd11fdc1cde31bdc9230aa4d1582acf74111a13b4d3cf239ce8,4b37a5ed9cfdc71b591d28bacc024e42e8ebe679ab10903583897e072da5c95b,2026-08-06T20:58:55.840127+00:00
Q410,attribute,T1500,DENSE,"['T1500-2017', 'T1500-1238', 'T1500-1366', 'T1500-1065', 'T1500-0987', 'T1500-1210', 'T1500-1367', 'T1500-1241', 'T1500-1373', 'T1500-1211']","[0.61546135, 0.61256933, 0.60823619, 0.60774261, 0.59763229, 0.59623009, 0.59359646, 0.59118599, 0.59056938, 0.58929187]",6,0,0,0,1,69ca23fc763dd0d1e764216b9670f8aef4baba85b11ba69f3b2b8b54476d4467,4b37a5ed9cfdc71b591d28bacc024e42e8ebe679ab10903583897e072da5c95b,2026-08-06T20:58:55.840618+00:00
Q411,price,T1500,DENSE,"['T1500-1537', 'T1500-1538', 'T1500-1594', 'T1500-1557', 'T1500-1641', 'T1500-1638', 'T1500-1605', 'T1500-1623', 'T1500-1550', 'T1500-1601']","[0.577227, 0.5705002, 0.56915474, 0.56758225, 0.56575298, 0.56454813, 0.56339395, 0.56291854, 0.56041873, 0.55867141]",9,0,0,0,1,990a478cfbb944827cbb01cea2517078acb6c1b57c325b443b15c1494c6afa4e,4b37a5ed9cfdc71b591d28bacc024e42e8ebe679ab10903583897e072da5c95b,2026-08-06T20:58:55.841047+00:00
Q412,price,T1500,DENSE,"['T1500-1800', 'T1500-1803', 'T1500-1920', 'T1500-1799', 'T1500-1802', 'T1500-1911', 'T1500-1952', 'T1500-1805', 'T1500-1941', 'T1500-1921']","[0.66200864, 0.65114152, 0.65041471, 0.64636528, 0.64600819, 0.64595449, 0.64367831, 0.64227957, 0.64210391, 0.63613451]",4,0,0,1,1,4403f931f94a4be40f4f3b2fe8465137f37d0063138f717e092f5c93cb25a38b,4b37a5ed9cfdc71b591d28bacc024e42e8ebe679ab10903583897e072da5c95b,2026-08-06T20:58:55.841505+00:00
Q413,attribute,T1500,DENSE,"['T1500-1558', 'T1500-0085', 'T1500-1557', 'T1500-1733', 'T1500-1546', 'T1500-1641', 'T1500-0073', 'T1500-1611', 'T1500-1634', 'T1500-1630']","[0.63034791, 0.57993001, 0.57946908, 0.567397, 0.56335217, 0.56078374, 0.55997813, 0.55616677, 0.55374795, 0.55085468]",2,0,1,1,1,ed4544f9a83c9e75cb293ea92c8b8340f429cb10e44cf789fb6e69c61ef77522,4b37a5ed9cfdc71b591d28bacc024e42e8ebe679ab10903583897e072da5c95b,2026-08-06T20:58:55.841995+00:00
Q414,price,T1500,DENSE,"['T1500-1534', 'T1500-1537', 'T1500-1703', 'T1500-1693', 'T1500-1605', 'T1500-1692', 'T1500-1613', 'T1500-1713', 'T1500-1339', 'T1500-1538']","[0.5051229, 0.50420463, 0.50333679, 0.50112993, 0.49934614, 0.49863499, 0.49792942, 0.49750116, 0.49483809, 0.49317199]",1,1,1,1,1,358f874b3d0ffbfa7c191852b41a429a6495a6383421176a3d252344b00f6598,4b37a5ed9cfdc71b591d28bacc024e42e8ebe679ab10903583897e072da5c95b,2026-08-06T20:58:55.842486+00:00
Q415,price,T1500,DENSE,"['T1500-0197', 'T1500-1592', 'T1500-1631', 'T1500-1630', 'T1500-1626', 'T1500-0129', 'T1500-0072', 'T1500-1638', 'T1500-1404', 'T1500-1595']","[0.60686249, 0.54480028, 0.53182387, 0.52064323, 0.51759124, 0.51725191, 0.51708156, 0.5168137, 0.51366043, 0.51246804]",1,1,1,1,1,987d5cd49b26432baedff5e28ff8a6be7b4063f8fbac8d9411311cfa3ad57992,4b37a5ed9cfdc71b591d28bacc024e42e8ebe679ab10903583897e072da5c95b,2026-08-06T20:58:55.842917+00:00
Q416,price,T1500,DENSE,"['T1500-1370', 'T1500-1388', 'T1500-1405', 'T1500-1523', 'T1500-1390', 'T1500-1391', 'T1500-1422', 'T1500-1448', 'T1500-0116', 'T1500-1369']","[0.50761521, 0.4990156, 0.49092495, 0.48890963, 0.48590142, 0.48561406, 0.4803226, 0.47691274, 0.4741694, 0.47361761]",,0,0,0,0,7014b5e4858eb21b4207f8dd451dc91fa9a245e2732e254f53113012ae634822,4b37a5ed9cfdc71b591d28bacc024e42e8ebe679ab10903583897e072da5c95b,2026-08-06T20:58:55.843403+00:00
Q417,attribute,T1500,DENSE,"['T1500-0272', 'T1500-0273', 'T1500-0277', 'T1500-0252', 'T1500-0271', 'T1500-0274', 'T1500-0276', 'T1500-0275', 'T1500-0270', 'T1500-0280']","[0.68147779, 0.65354121, 0.63365811, 0.62531722, 0.62019432, 0.61410284, 0.60859025, 0.60553682, 0.6006825, 0.59493214]",1,1,1,1,1,ec3b48a1b81501b2543416f6a8479b01e940c0b9171d439d3b38c6bed7b0d254,4b37a5ed9cfdc71b591d28bacc024e42e8ebe679ab10903583897e072da5c95b,2026-08-06T20:58:55.843895+00:00
Q418,attribute,T1500,DENSE,"['T1500-0540', 'T1500-0445', 'T1500-0441', 'T1500-0876', 'T1500-0537', 'T1500-0438', 'T1500-0446', 'T1500-0534', 'T1500-0444', 'T1500-0536']","[0.66760528, 0.66466773, 0.66099507, 0.66088092, 0.6608665, 0.65562534, 0.65511632, 0.65405953, 0.65342361, 0.65332353]",1,1,1,1,1,ea7b0a073f6efc5e0798eddf29b6ac49df66bc92f7f361e86e30da7e1c11232b,4b37a5ed9cfdc71b591d28bacc024e42e8ebe679ab10903583897e072da5c95b,2026-08-06T20:58:55.844346+00:00
Q419,attribute,T1500,DENSE,"['T1500-1558', 'T1500-0085', 'T1500-1557', 'T1500-0118', 'T1500-0073', 'T1500-1550', 'T1500-1573', 'T1500-1560', 'T1500-0121', 'T1500-0025']","[0.66038215, 0.61258245, 0.60502946, 0.57255578, 0.56431568, 0.56354755, 0.56207424, 0.5609321, 0.55638534, 0.55602074]",1,1,1,1,1,8ceaba495c0b470309710904416cd9dc8fc97a0fd31752ab8590ee0c0a5d501d,4b37a5ed9cfdc71b591d28bacc024e42e8ebe679ab10903583897e072da5c95b,2026-08-06T20:58:55.844811+00:00
Q420,price,T1500,DENSE,"['T1500-0876', 'T1500-0875', 'T1500-0537', 'T1500-0879', 'T1500-0878', 'T1500-0873', 'T1500-0881', 'T1500-0442', 'T1500-0348', 'T1500-0538']","[0.66469651, 0.64284497, 0.63741171, 0.63714373, 0.63644969, 0.63570946, 0.63105184, 0.62035531, 0.61733413, 0.61722583]",1,1,1,1,1,f082549a8161dd32d7337e072269938f4c5bbba6d1c1026dc04db054a94575cd,4b37a5ed9cfdc71b591d28bacc024e42e8ebe679ab10903583897e072da5c95b,2026-08-06T20:58:55.845266+00:00
Q421,attribute,T1500,DENSE,"['T1500-1228', 'T1500-1231', 'T1500-1230', 'T1500-1233', 'T1500-1234', 'T1500-1232', 'T1500-1263', 'T1500-1229', 'T1500-1265', 'T1500-1235']","[0.68705255, 0.67307234, 0.67037535, 0.66219378, 0.66080773, 0.64833206, 0.64362019, 0.6362409, 0.63416129, 0.58909953]",1,1,1,1,1,434d1af4392291b14fb05cde3ebac86810b4ac8ddf3389bf1a8e0ea4eabe7545,4b37a5ed9cfdc71b591d28bacc024e42e8ebe679ab10903583897e072da5c95b,2026-08-06T20:58:55.845737+00:00
Q422,price,T1500,DENSE,"['T1500-1325', 'T1500-1534', 'T1500-1625', 'T1500-1324', 'T1500-1678', 'T1500-1339', 'T1500-1590', 'T1500-1591', 'T1500-0129', 'T1500-1537']","[0.50852501, 0.50149775, 0.49697495, 0.49355289, 0.48823211, 0.4852187, 0.48337194, 0.48335129, 0.48166212, 0.48093456]",,0,0,0,0,9488f58a4a578a54ed1c30bfdc440ad95ee9d04b1cfcb82a91e4de4d007b952d,4b37a5ed9cfdc71b591d28bacc024e42e8ebe679ab10903583897e072da5c95b,2026-08-06T20:58:55.846230+00:00
Q423,attribute,T1500,DENSE,"['T1500-0189', 'T1500-0190', 'T1500-0191', 'T1500-0188', 'T1500-0121', 'T1500-1611', 'T1500-0129', 'T1500-1621', 'T1500-0199', 'T1500-1541']","[0.59055203, 0.53876638, 0.53194022, 0.53031844, 0.52442592, 0.50365472, 0.50293922, 0.49846578, 0.49654013, 0.49546549]",1,1,1,1,1,f0b7f9a1ec581ab6c5a1e9b93e8c113812203ecff0bc970d2edc5450f3380643,4b37a5ed9cfdc71b591d28bacc024e42e8ebe679ab10903583897e072da5c95b,2026-08-06T20:58:55.846712+00:00
Q424,attribute,T1500,DENSE,"['T1500-1964', 'T1500-1965', 'T1500-1967', 'T1500-1995', 'T1500-1920', 'T1500-1803', 'T1500-1976', 'T1500-1802', 'T1500-1947', 'T1500-1867']","[0.72706413, 0.71437025, 0.70738506, 0.67337447, 0.67145139, 0.66455436, 0.66322947, 0.66134435, 0.65947157, 0.65903056]",1,1,1,1,1,e5ca3b6cba42fd565dcecf35a3eea08b0fd90d8c3a4ee55a59095dca55386507,4b37a5ed9cfdc71b591d28bacc024e42e8ebe679ab10903583897e072da5c95b,2026-08-06T20:58:55.847191+00:00
Q425,attribute,T1500,DENSE,"['T1500-1323', 'T1500-0018', 'T1500-0016', 'T1500-0019', 'T1500-0015', 'T1500-0014', 'T1500-1324', 'T1500-0017', 'T1500-1325', 'T1500-1689']","[0.67312318, 0.63945073, 0.63803548, 0.62351716, 0.62253439, 0.60852569, 0.60741431, 0.60335648, 0.59755015, 0.56989598]",1,1,1,1,1,968713910b30d6285ac3d288c6efa4e72de3bf7343e8ed9737b4693adcf6857b,4b37a5ed9cfdc71b591d28bacc024e42e8ebe679ab10903583897e072da5c95b,2026-08-06T20:58:55.847724+00:00
Q426,attribute,T1500,DENSE,"['T1500-1954', 'T1500-1952', 'T1500-1951', 'T1500-1948', 'T1500-1949', 'T1500-1032', 'T1500-1025', 'T1500-1029', 'T1500-1024', 'T1500-1033']","[0.68263924, 0.67968953, 0.67384434, 0.66993982, 0.66878855, 0.66527343, 0.66407269, 0.66087306, 0.65805399, 0.65775317]",6,0,0,0,1,cd88cf326289913faae3db527cf6609e38fcc2bbf77ac30602b4226eda266d86,4b37a5ed9cfdc71b591d28bacc024e42e8ebe679ab10903583897e072da5c95b,2026-08-06T20:58:55.848197+00:00
Q427,price,T1500,DENSE,"['T1500-1558', 'T1500-1557', 'T1500-1549', 'T1500-1550', 'T1500-1583', 'T1500-1630', 'T1500-1553', 'T1500-0121', 'T1500-1539', 'T1500-1638']","[0.63291425, 0.58814245, 0.58220524, 0.57836241, 0.57349396, 0.57119679, 0.57022303, 0.5670656, 0.56411636, 0.56219882]",1,1,1,1,1,b5e2e4f03eb164cae46197e32142bd1aa2baf62b84df4445364296c7b0ceb646,4b37a5ed9cfdc71b591d28bacc024e42e8ebe679ab10903583897e072da5c95b,2026-08-06T20:58:55.848669+00:00
Q428,price,T1500,DENSE,"['T1500-1989', 'T1500-1947', 'T1500-1976', 'T1500-1988', 'T1500-1975', 'T1500-1923', 'T1500-1920', 'T1500-1805', 'T1500-1803', 'T1500-1906']","[0.69256198, 0.59649503, 0.59395647, 0.59066737, 0.58617139, 0.58581471, 0.58542848, 0.58538616, 0.57328182, 0.57282221]",1,1,1,1,1,8ac858ebd6439fa9fda0a9912ae1912f629a7eccc1b22908aea95673a1c168d3,4b37a5ed9cfdc71b591d28bacc024e42e8ebe679ab10903583897e072da5c95b,2026-08-06T20:58:55.849103+00:00
Q429,attribute,T1500,DENSE,"['T1500-1431', 'T1500-1430', 'T1500-1422', 'T1500-2088', 'T1500-2096', 'T1500-0107', 'T1500-1740', 'T1500-1250', 'T1500-1621', 'T1500-1096']","[0.58381987, 0.58073801, 0.56552112, 0.55018455, 0.54503661, 0.54272664, 0.53769994, 0.53535485, 0.53282261, 0.53062725]",,0,0,0,0,ce6aec4df5d81b8e1ed28773ffec0a105e368ca35b61a132b930701236f5a3a1,4b37a5ed9cfdc71b591d28bacc024e42e8ebe679ab10903583897e072da5c95b,2026-08-06T20:58:55.849582+00:00
Q430,price,T1500,DENSE,"['T1500-1605', 'T1500-1537', 'T1500-1534', 'T1500-1613', 'T1500-0076', 'T1500-0077', 'T1500-1629', 'T1500-1339', 'T1500-1538', 'T1500-1693']","[0.53191829, 0.52669621, 0.52529144, 0.52257967, 0.51667005, 0.5039891, 0.50209796, 0.50140023, 0.50098157, 0.50045764]",,0,0,0,0,4edd3668af8bc867b0f41e331661eda7cf8329c3d9928f9275e402a71f5c515e,4b37a5ed9cfdc71b591d28bacc024e42e8ebe679ab10903583897e072da5c95b,2026-08-06T20:58:55.850014+00:00
Q431,price,T1500,DENSE,"['T1500-1796', 'T1500-1947', 'T1500-1914', 'T1500-1923', 'T1500-1921', 'T1500-1803', 'T1500-1905', 'T1500-1920', 'T1500-1802', 'T1500-1912']","[0.75019574, 0.68461108, 0.67203325, 0.67182529, 0.67009479, 0.66648924, 0.66447258, 0.66313815, 0.66289997, 0.66168267]",1,1,1,1,1,8bc3ba553d16b47a22ee55939f80f71c39dc5cfa66d8901ecfb39678c01e3206,4b37a5ed9cfdc71b591d28bacc024e42e8ebe679ab10903583897e072da5c95b,2026-08-06T20:58:55.850462+00:00
Q432,attribute,T1500,DENSE,"['T1500-1095', 'T1500-1301', 'T1500-1122', 'T1500-1092', 'T1500-1299', 'T1500-1121', 'T1500-1789', 'T1500-1094', 'T1500-1091', 'T1500-1300']","[0.65786755, 0.59962058, 0.5932641, 0.58477545, 0.58120966, 0.57687616, 0.57171226, 0.5631187, 0.56310117, 0.55995572]",,0,0,0,0,795e91ba16384747a4305a51d34a9c075b5e42719af1947cf1bc438442dd580e,4b37a5ed9cfdc71b591d28bacc024e42e8ebe679ab10903583897e072da5c95b,2026-08-06T20:58:55.850918+00:00
Q433,price,T1500,DENSE,"['T1500-1570', 'T1500-1568', 'T1500-1623', 'T1500-1364', 'T1500-1613', 'T1500-1622', 'T1500-1648', 'T1500-1630', 'T1500-1587', 'T1500-1635']","[0.64472723, 0.56506234, 0.56037092, 0.55148393, 0.54916263, 0.54691446, 0.53533649, 0.53469193, 0.5341047, 0.53328705]",1,1,1,1,1,67b5e35baa7cd288b27f60272d1cb96cf230186f4223b8a0d161aef6385a6739,4b37a5ed9cfdc71b591d28bacc024e42e8ebe679ab10903583897e072da5c95b,2026-08-06T20:58:55.851394+00:00
Q434,attribute,T1500,DENSE,"['T1500-0330', 'T1500-0329', 'T1500-0332', 'T1500-0331', 'T1500-0328', 'T1500-0348', 'T1500-0534', 'T1500-0320', 'T1500-0440', 'T1500-0374']","[0.66006303, 0.65179515, 0.64415431, 0.63888669, 0.6210658, 0.61430734, 0.61218095, 0.61139935, 0.60905123, 0.6087687]",,0,0,0,0,e46075d0690616b6edf1aea8691a4145110abd99e3304cc57f2b1c9739bb88bc,4b37a5ed9cfdc71b591d28bacc024e42e8ebe679ab10903583897e072da5c95b,2026-08-06T20:58:55.851890+00:00
Q435,price,T1500,DENSE,"['T1500-1367', 'T1500-1370', 'T1500-1345', 'T1500-1383', 'T1500-1371', 'T1500-1454', 'T1500-1363', 'T1500-1693', 'T1500-1388', 'T1500-1369']","[0.55199951, 0.5498873, 0.54097462, 0.53246349, 0.53227043, 0.52625871, 0.52330375, 0.52328509, 0.52113879, 0.51803994]",2,0,1,1,1,8eb6309626904d0e284d6a1ecbda6b0df5b2883efd1d760f0e2c5b08c1e8f3b7,4b37a5ed9cfdc71b591d28bacc024e42e8ebe679ab10903583897e072da5c95b,2026-08-06T20:58:55.852359+00:00
Q436,attribute,T1500,DENSE,"['T1500-1646', 'T1500-1647', 'T1500-1622', 'T1500-1538', 'T1500-1643', 'T1500-1648', 'T1500-0128', 'T1500-0074', 'T1500-1626', 'T1500-0097']","[0.64852774, 0.64450502, 0.64363325, 0.63834226, 0.63496751, 0.63485575, 0.63413292, 0.63301331, 0.63190901, 0.62488741]",2,0,1,1,1,05f9fbd34259e212e10f19ae2a22357d288f02fc960aeb858c830f5e55ecb597,4b37a5ed9cfdc71b591d28bacc024e42e8ebe679ab10903583897e072da5c95b,2026-08-06T20:58:55.852806+00:00
Q437,attribute,T1500,DENSE,"['T1500-0840', 'T1500-0841', 'T1500-0836', 'T1500-0842', 'T1500-0838', 'T1500-0825', 'T1500-0839', 'T1500-0837', 'T1500-0826', 'T1500-0832']","[0.70197397, 0.69824094, 0.66996443, 0.65881449, 0.6542142, 0.62155133, 0.61462492, 0.61012065, 0.60921621, 0.60311055]",1,1,1,1,1,c84248c448d27bb580aab7b2660b177572150455ee0c50bdccf645a01c2e2008,4b37a5ed9cfdc71b591d28bacc024e42e8ebe679ab10903583897e072da5c95b,2026-08-06T20:58:55.853340+00:00
Q438,price,T1500,DENSE,"['T1500-1366', 'T1500-1637', 'T1500-0020', 'T1500-1348', 'T1500-1355', 'T1500-0019', 'T1500-1383', 'T1500-1364', 'T1500-0016', 'T1500-1351']","[0.54595381, 0.53826201, 0.52140665, 0.51641393, 0.51284385, 0.5116815, 0.51012063, 0.50903934, 0.50467473, 0.50436664]",2,0,1,1,1,f755fe8a4e523d3794f10ba51fd20c738dc7129acaf300a464b169770dc5a37d,4b37a5ed9cfdc71b591d28bacc024e42e8ebe679ab10903583897e072da5c95b,2026-08-06T20:58:55.853796+00:00
Q439,price,T1500,DENSE,"['T1500-0310', 'T1500-1339', 'T1500-1335', 'T1500-1730', 'T1500-1327', 'T1500-1666', 'T1500-1328', 'T1500-1693', 'T1500-1331', 'T1500-1690']","[0.55363333, 0.50166446, 0.49816975, 0.49591938, 0.49554911, 0.49008584, 0.48830879, 0.48813415, 0.48528728, 0.48502633]",1,1,1,1,1,cd2036e4aa6a794c602a205e665719b223b8fcc72f34d98f8c1cd0b964ed083f,4b37a5ed9cfdc71b591d28bacc024e42e8ebe679ab10903583897e072da5c95b,2026-08-06T20:58:55.854250+00:00
Q440,attribute,T1500,DENSE,"['T1500-1208', 'T1500-0703', 'T1500-0705', 'T1500-2102', 'T1500-0701', 'T1500-0706', 'T1500-0821', 'T1500-0817', 'T1500-0698', 'T1500-0695']","[0.56537259, 0.56319845, 0.56319779, 0.56290269, 0.56130743, 0.56107861, 0.56104034, 0.5577594, 0.55669379, 0.55637485]",,0,0,0,0,009452d41a4b8f9d482d52ae17c672eeb5d3052c39ae93bdce286b6d2db8b388,4b37a5ed9cfdc71b591d28bacc024e42e8ebe679ab10903583897e072da5c95b,2026-08-06T20:58:55.854738+00:00
Q441,price,T1500,DENSE,"['T1500-0859', 'T1500-0857', 'T1500-0856', 'T1500-0844', 'T1500-0846', 'T1500-0849', 'T1500-0850', 'T1500-0861', 'T1500-0845', 'T1500-0853']","[0.65808892, 0.65233439, 0.6378535, 0.63670784, 0.63663131, 0.6351161, 0.62784278, 0.62708169, 0.62585807, 0.62568533]",6,0,0,0,1,bda9abdd1429194a79186388d18619b478567c220196940d2ebc93448f7a6b63,4b37a5ed9cfdc71b591d28bacc024e42e8ebe679ab10903583897e072da5c95b,2026-08-06T20:58:55.855221+00:00
Q442,price,T1500,DENSE,"['T1500-0944', 'T1500-0945', 'T1500-0946', 'T1500-0943', 'T1500-1964', 'T1500-0942', 'T1500-1803', 'T1500-0940', 'T1500-1906', 'T1500-0947']","[0.66092777, 0.65527022, 0.6516577, 0.65133023, 0.64174068, 0.63446194, 0.63241267, 0.62956727, 0.62872362, 0.62860966]",3,0,1,1,1,f596a0ecbc8089f2fd271b9142d4a5da56d676b5924807aaed48a5f94d34f052,4b37a5ed9cfdc71b591d28bacc024e42e8ebe679ab10903583897e072da5c95b,2026-08-06T20:58:55.855682+00:00
Q443,price,T1500,DENSE,"['T1500-1537', 'T1500-1625', 'T1500-1627', 'T1500-1613', 'T1500-1629', 'T1500-1693', 'T1500-1631', 'T1500-1618', 'T1500-1339', 'T1500-1538']","[0.49235773, 0.47354031, 0.47274446, 0.46254992, 0.46239775, 0.4585053, 0.45731637, 0.45546508, 0.45454776, 0.45375669]",,0,0,0,0,79148fdf1e0ed93c08b15b52d9721db1320256bcef241824e26be5dd53640a0a,4b37a5ed9cfdc71b591d28bacc024e42e8ebe679ab10903583897e072da5c95b,2026-08-06T20:58:55.856121+00:00
Q444,attribute,T1500,DENSE,"['T1500-0020', 'T1500-2088', 'T1500-2091', 'T1500-2089', 'T1500-1366', 'T1500-2090', 'T1500-0240', 'T1500-0241', 'T1500-1196', 'T1500-2102']","[0.64407659, 0.61280131, 0.59673595, 0.59049135, 0.58466244, 0.58224636, 0.58177781, 0.57707345, 0.57610285, 0.57588619]",1,1,1,1,1,38f56472aac36a508acfd4e88fe6d6cd09beb28b82e9e25fe558abef3b91589d,4b37a5ed9cfdc71b591d28bacc024e42e8ebe679ab10903583897e072da5c95b,2026-08-06T20:58:55.856621+00:00
Q445,price,T1500,DENSE,"['T1500-1814', 'T1500-1813', 'T1500-1842', 'T1500-1841', 'T1500-1939', 'T1500-1815', 'T1500-1811', 'T1500-1844', 'T1500-1938', 'T1500-1941']","[0.70467746, 0.6979413, 0.68818772, 0.66041768, 0.65330362, 0.64797986, 0.64303696, 0.64037287, 0.62375861, 0.61257637]",2,0,1,1,1,a4085663e396e0874ecc9b8015f7f6e6df15203b467a982aa16fddb78eee4ad5,4b37a5ed9cfdc71b591d28bacc024e42e8ebe679ab10903583897e072da5c95b,2026-08-06T20:58:55.857047+00:00
Q446,price,T1500,DENSE,"['T1500-0322', 'T1500-0321', 'T1500-0319', 'T1500-0323', 'T1500-0320', 'T1500-0345', 'T1500-0354', 'T1500-0348', 'T1500-0346', 'T1500-0329']","[0.64175606, 0.63914925, 0.62413406, 0.62391156, 0.6007812, 0.60075688, 0.59432971, 0.59291124, 0.58929002, 0.58629131]",1,1,1,1,1,414efc0bf76d001428cfeed4f737ab220d252f6e9425173ec435c2d6f428dbb9,4b37a5ed9cfdc71b591d28bacc024e42e8ebe679ab10903583897e072da5c95b,2026-08-06T20:58:55.857515+00:00
Q447,price,T1500,DENSE,"['T1500-0990', 'T1500-0991', 'T1500-0996', 'T1500-0997', 'T1500-0995', 'T1500-0989', 'T1500-0994', 'T1500-1964', 'T1500-1967', 'T1500-1004']","[0.67004544, 0.66197145, 0.65808064, 0.6536901, 0.64213789, 0.63663948, 0.63206303, 0.60761046, 0.60713685, 0.60122645]",2,0,1,1,1,6bd0dabbab360bb94b4124a0fb29abd22c24d71944c395e38edda3a93f4a6239,4b37a5ed9cfdc71b591d28bacc024e42e8ebe679ab10903583897e072da5c95b,2026-08-06T20:58:55.857943+00:00
Q448,attribute,T1500,DENSE,"['T1500-0332', 'T1500-0331', 'T1500-0330', 'T1500-0329', 'T1500-0328', 'T1500-0348', 'T1500-0374', 'T1500-0376', 'T1500-0320', 'T1500-0337']","[0.65370524, 0.6528765, 0.64707088, 0.64468509, 0.61658287, 0.61127383, 0.60880005, 0.60809302, 0.60594952, 0.60482633]",,0,0,0,0,a8831be737b4aa8fb83fc62c3fc200334d03a0609f21cd9923f0232cc69096e8,4b37a5ed9cfdc71b591d28bacc024e42e8ebe679ab10903583897e072da5c95b,2026-08-06T20:58:55.858441+00:00
Q449,price,T1500,DENSE,"['T1500-1839', 'T1500-1841', 'T1500-1938', 'T1500-1941', 'T1500-1815', 'T1500-1939', 'T1500-1810', 'T1500-1844', 'T1500-1814', 'T1500-1811']","[0.69451272, 0.67855787, 0.64448887, 0.62947714, 0.61701053, 0.61489558, 0.60573655, 0.60344255, 0.59887695, 0.59874827]",1,1,1,1,1,934a3bb090077e3d346e1978d9bf73bbb227b5b19c964040d2d8a3bc01b8a636,4b37a5ed9cfdc71b591d28bacc024e42e8ebe679ab10903583897e072da5c95b,2026-08-06T20:58:55.858890+00:00
Q450,price,T1500,DENSE,"['T1500-0297', 'T1500-0298', 'T1500-2050', 'T1500-1713', 'T1500-2064', 'T1500-1329', 'T1500-2046', 'T1500-2057', 'T1500-1537', 'T1500-2061']","[0.65237194, 0.64218599, 0.50783479, 0.50402719, 0.50141543, 0.49912822, 0.49894115, 0.4984085, 0.49709117, 0.49471125]",1,1,1,1,1,2485525f80168789b5017c89a3f461a57b6a3c956edf0ed0252938261c72e1a5,4b37a5ed9cfdc71b591d28bacc024e42e8ebe679ab10903583897e072da5c95b,2026-08-06T20:58:55.859381+00:00
Q451,price,T1500,DENSE,"['T1500-1848', 'T1500-1927', 'T1500-1809', 'T1500-1832', 'T1500-1933', 'T1500-1859', 'T1500-1773', 'T1500-1775', 'T1500-1781', 'T1500-1971']","[0.53550887, 0.51853502, 0.50410175, 0.50064182, 0.50057364, 0.48933011, 0.48162109, 0.48133233, 0.47725362, 0.47065645]",,0,0,0,0,76507186f5505e0c95fd07ebbfce1ee0b128bb5ad3d40a8901842d43ecd22242,4b37a5ed9cfdc71b591d28bacc024e42e8ebe679ab10903583897e072da5c95b,2026-08-06T20:58:55.859836+00:00
Q452,price,T1500,DENSE,"['T1500-1534', 'T1500-1537', 'T1500-1626', 'T1500-1634', 'T1500-1633', 'T1500-1604', 'T1500-1613', 'T1500-1635', 'T1500-1630', 'T1500-1648']","[0.5502947, 0.54249167, 0.52724373, 0.52296168, 0.52254641, 0.52237546, 0.52074242, 0.52028143, 0.51996386, 0.51990026]",5,0,0,1,1,67447b9c626841446745bd19c626b172e2ff7455a1e7c74afa73da51ab6df1d9,4b37a5ed9cfdc71b591d28bacc024e42e8ebe679ab10903583897e072da5c95b,2026-08-06T20:58:55.860289+00:00
Q453,attribute,T1500,DENSE,"['T1500-0353', 'T1500-0355', 'T1500-0354', 'T1500-0324', 'T1500-0352', 'T1500-0435', 'T1500-0530', 'T1500-0333', 'T1500-0348', 'T1500-0531']","[0.67138207, 0.67081499, 0.65223694, 0.64419019, 0.64389646, 0.615444, 0.61336148, 0.61313015, 0.61242843, 0.60941058]",1,1,1,1,1,1a46b2e5642485ac4a1639a98da20b7873db627340de573007e9021c0ee7333a,4b37a5ed9cfdc71b591d28bacc024e42e8ebe679ab10903583897e072da5c95b,2026-08-06T20:58:55.860768+00:00
Q454,price,T1500,DENSE,"['T1500-1920', 'T1500-1947', 'T1500-1995', 'T1500-1975', 'T1500-1976', 'T1500-1952', 'T1500-1949', 'T1500-1802', 'T1500-1954', 'T1500-1803']","[0.64266801, 0.63591653, 0.63287103, 0.6296528, 0.62178981, 0.62144601, 0.61757469, 0.61275524, 0.61264408, 0.61172366]",,0,0,0,0,117df845693912844f7af1b5f3f2f04b17b13f60b13530d02a2cfbd755a51902,4b37a5ed9cfdc71b591d28bacc024e42e8ebe679ab10903583897e072da5c95b,2026-08-06T20:58:55.861268+00:00
Q455,price,T1500,DENSE,"['T1500-1623', 'T1500-1618', 'T1500-1625', 'T1500-0188', 'T1500-1534', 'T1500-1648', 'T1500-1537', 'T1500-0097', 'T1500-1641', 'T1500-1630']","[0.5844537, 0.58358353, 0.58130127, 0.57314229, 0.57136261, 0.57069904, 0.56942415, 0.56622243, 0.56607801, 0.56409144]",,0,0,0,0,4e8be7ea737941825646c5b2a2a18a68db5225c97acad297c224d67ce76978fd,4b37a5ed9cfdc71b591d28bacc024e42e8ebe679ab10903583897e072da5c95b,2026-08-06T20:58:55.861730+00:00
Q456,price,T1500,DENSE,"['T1500-1534', 'T1500-1623', 'T1500-0097', 'T1500-0128', 'T1500-1625', 'T1500-1537', 'T1500-1618', 'T1500-1641', 'T1500-1648', 'T1500-1590']","[0.52503771, 0.51824558, 0.51411784, 0.50810122, 0.50600779, 0.50590312, 0.504861, 0.50221348, 0.50067043, 0.5001055]",,0,0,0,0,b5a39ee521768525a274ace392b45b3f575e72ef951b605038742fa1f3a18ab4,4b37a5ed9cfdc71b591d28bacc024e42e8ebe679ab10903583897e072da5c95b,2026-08-06T20:58:55.862177+00:00
Q457,price,T1500,DENSE,"['T1500-0531', 'T1500-0437', 'T1500-0879', 'T1500-0532', 'T1500-0438', 'T1500-0434', 'T1500-0436', 'T1500-0439', 'T1500-0533', 'T1500-0535']","[0.6645664, 0.6608485, 0.65991962, 0.65893489, 0.6561296, 0.65245199, 0.65138257, 0.64976466, 0.64928651, 0.64767241]",2,0,1,1,1,b51c4b65ea8ebaada5b99c76c243be6e0b8aa4c9f554e6f796cd873f3d710802,4b37a5ed9cfdc71b591d28bacc024e42e8ebe679ab10903583897e072da5c95b,2026-08-06T20:58:55.862649+00:00
Q458,price,T1500,DENSE,"['T1500-1594', 'T1500-1623', 'T1500-1595', 'T1500-1591', 'T1500-1605', 'T1500-1590', 'T1500-1602', 'T1500-1537', 'T1500-1604', 'T1500-1626']","[0.69135243, 0.67639917, 0.66975611, 0.65172052, 0.64294899, 0.64144421, 0.64028144, 0.6401993, 0.63612294, 0.63274521]",1,1,1,1,1,c2555be49962fadca0853e9ba72c50e0a341d829a2a82574a9bad5467eef8283,4b37a5ed9cfdc71b591d28bacc024e42e8ebe679ab10903583897e072da5c95b,2026-08-06T20:58:55.863079+00:00
Q459,attribute,T1500,DENSE,"['T1500-1851', 'T1500-1045', 'T1500-1047', 'T1500-1046', 'T1500-1852', 'T1500-1792', 'T1500-1779', 'T1500-1128', 'T1500-1791', 'T1500-1121']","[0.64654833, 0.63982034, 0.62441736, 0.61193991, 0.60254836, 0.59060121, 0.58594686, 0.58258319, 0.58133215, 0.58079624]",2,0,1,1,1,2da454e5cd82f19da5235ee71a8f791e666cdf75fca0006dc9370908a079f101,4b37a5ed9cfdc71b591d28bacc024e42e8ebe679ab10903583897e072da5c95b,2026-08-06T20:58:55.863578+00:00
Q460,attribute,T1500,DENSE,"['T1500-0297', 'T1500-0298', 'T1500-2064', 'T1500-2061', 'T1500-2050', 'T1500-2047', 'T1500-2057', 'T1500-2048', 'T1500-2051', 'T1500-2058']","[0.70043707, 0.68891525, 0.55153549, 0.54517293, 0.54170346, 0.54011452, 0.53375387, 0.52993906, 0.52920741, 0.52864742]",1,1,1,1,1,fb689a4bf6a97d5b7593f621c30153543cf10a401dd612b5869e9c195d52bac2,4b37a5ed9cfdc71b591d28bacc024e42e8ebe679ab10903583897e072da5c95b,2026-08-06T20:58:55.864032+00:00
Q461,price,T1500,DENSE,"['T1500-1667', 'T1500-1669', 'T1500-1673', 'T1500-1689', 'T1500-1693', 'T1500-1345', 'T1500-1335', 'T1500-1682', 'T1500-1342', 'T1500-1339']","[0.60308009, 0.55211186, 0.5467968, 0.53767276, 0.53486896, 0.5293889, 0.52473366, 0.52389234, 0.52020085, 0.51911896]",1,1,1,1,1,8fe72ba4e2536fbd25c7f90aa8945cb138ab92b0a76578caa7eb36647fedb346,4b37a5ed9cfdc71b591d28bacc024e42e8ebe679ab10903583897e072da5c95b,2026-08-06T20:58:55.864503+00:00
Q462,attribute,T1500,DENSE,"['T1500-1367', 'T1500-1353', 'T1500-1348', 'T1500-1366', 'T1500-1369', 'T1500-2091', 'T1500-0020', 'T1500-1352', 'T1500-2088', 'T1500-0295']","[0.64644426, 0.63222367, 0.62941277, 0.62816989, 0.60198319, 0.59756339, 0.59480453, 0.59310293, 0.5910033, 0.58929908]",1,1,1,1,1,da43d821099af390d8571be4c0a5287e57a108609d53a0ad93c8ab553d054d01,4b37a5ed9cfdc71b591d28bacc024e42e8ebe679ab10903583897e072da5c95b,2026-08-06T20:58:55.864969+00:00
Q463,attribute,T1500,DENSE,"['T1500-0149', 'T1500-0148', 'T1500-0330', 'T1500-0329', 'T1500-0332', 'T1500-0331', 'T1500-0151', 'T1500-0659', 'T1500-0662', 'T1500-1261']","[0.57825041, 0.55397558, 0.53506517, 0.53459913, 0.53038549, 0.52846366, 0.52388412, 0.52287543, 0.5226472, 0.52222663]",2,0,1,1,1,45ed8992fbe03e5791c019556309deabd763d4844fcde94a87709ef8b53500dd,4b37a5ed9cfdc71b591d28bacc024e42e8ebe679ab10903583897e072da5c95b,2026-08-06T20:58:55.865487+00:00
Q464,attribute,T1500,DENSE,"['T1500-1557', 'T1500-1555', 'T1500-1560', 'T1500-1550', 'T1500-1534', 'T1500-1558', 'T1500-1611', 'T1500-1533', 'T1500-1594', 'T1500-1634']","[0.61055934, 0.57398462, 0.56286669, 0.55962169, 0.53814328, 0.53366208, 0.51903677, 0.51894945, 0.51539022, 0.51350754]",1,1,1,1,1,d3083ba2de4ad1495206a4237349c1a49261187e0a7381e81c6aba7a8593e375,4b37a5ed9cfdc71b591d28bacc024e42e8ebe679ab10903583897e072da5c95b,2026-08-06T20:58:55.865953+00:00
Q465,price,T1500,DENSE,"['T1500-0341', 'T1500-0346', 'T1500-0337', 'T1500-0331', 'T1500-0375', 'T1500-0348', 'T1500-0873', 'T1500-0335', 'T1500-0538', 'T1500-0881']","[0.62832129, 0.62316322, 0.62114787, 0.61846006, 0.61652994, 0.61646104, 0.61411369, 0.60916209, 0.60876834, 0.60645813]",1,1,1,1,1,f8eeb51be50c0b67a0789630924d94f7db36b1bd7ec540fb99777ae3e1c894d8,4b37a5ed9cfdc71b591d28bacc024e42e8ebe679ab10903583897e072da5c95b,2026-08-06T20:58:55.866404+00:00
Q466,price,T1500,DENSE,"['T1500-1560', 'T1500-1558', 'T1500-1550', 'T1500-1583', 'T1500-1561', 'T1500-1638', 'T1500-1557', 'T1500-1567', 'T1500-1555', 'T1500-1549']","[0.65110981, 0.59072882, 0.57226741, 0.56305707, 0.55767924, 0.55195034, 0.55012417, 0.54901719, 0.54588521, 0.54268628]",1,1,1,1,1,8d25ee4aa5d5ad97e8d87696b362111127be2e763acd95e08f6e930f645f10bf,4b37a5ed9cfdc71b591d28bacc024e42e8ebe679ab10903583897e072da5c95b,2026-08-06T20:58:55.866832+00:00
Q467,price,T1500,DENSE,"['T1500-0451', 'T1500-0545', 'T1500-0547', 'T1500-0546', 'T1500-0452', 'T1500-1832', 'T1500-0450', 'T1500-0453', 'T1500-1833', 'T1500-2023']","[0.61651468, 0.58046877, 0.57959425, 0.57544112, 0.57472831, 0.57349306, 0.56560731, 0.56316304, 0.55643135, 0.55543458]",1,1,1,1,1,63cbfbfd181c99e6cc4a6b540057475197db63fc6736175df7356cb8a4e4207e,4b37a5ed9cfdc71b591d28bacc024e42e8ebe679ab10903583897e072da5c95b,2026-08-06T20:58:55.867286+00:00
Q468,price,T1500,DENSE,"['T1500-1233', 'T1500-1234', 'T1500-1231', 'T1500-1228', 'T1500-1230', 'T1500-1232', 'T1500-1263', 'T1500-1229', 'T1500-1265', 'T1500-1988']","[0.68697655, 0.68211317, 0.67209661, 0.66768801, 0.66573322, 0.66255862, 0.65529633, 0.65285683, 0.64255363, 0.62837374]",2,0,1,1,1,ddc13b7bab6312922b03a9fb33286a94779e060abffa6acf2a4aec3ffd743f43,4b37a5ed9cfdc71b591d28bacc024e42e8ebe679ab10903583897e072da5c95b,2026-08-06T20:58:55.867716+00:00
Q469,attribute,T1500,DENSE,"['T1500-1102', 'T1500-1101', 'T1500-1978', 'T1500-1980', 'T1500-1100', 'T1500-1206', 'T1500-1155', 'T1500-1979', 'T1500-1982', 'T1500-1975']","[0.68600267, 0.65532076, 0.60841858, 0.6069988, 0.60513508, 0.59075141, 0.59027541, 0.58992994, 0.5890584, 0.58359218]",2,0,1,1,1,44a0a0bc854059517f1f3bb87fe8432ac95656e455d5912ea8a55cdde9220902,4b37a5ed9cfdc71b591d28bacc024e42e8ebe679ab10903583897e072da5c95b,2026-08-06T20:58:55.868286+00:00
Q470,attribute,T1500,DENSE,"['T1500-1075', 'T1500-1074', 'T1500-1833', 'T1500-1077', 'T1500-1078', 'T1500-1079', 'T1500-1261', 'T1500-0863', 'T1500-1387', 'T1500-1366']","[0.62229711, 0.60682559, 0.60510004, 0.60059124, 0.57778525, 0.55890751, 0.54252207, 0.53965229, 0.53819191, 0.53790414]",,0,0,0,0,cb52571e6080b78de6b60cdf0d5cd887878be6a5db6cf8d65ccb6d6e3afa868b,4b37a5ed9cfdc71b591d28bacc024e42e8ebe679ab10903583897e072da5c95b,2026-08-06T20:58:55.868770+00:00
Q471,price,T1500,DENSE,"['T1500-1985', 'T1500-1982', 'T1500-1983', 'T1500-1805', 'T1500-1920', 'T1500-1803', 'T1500-1975', 'T1500-1947', 'T1500-1976', 'T1500-1802']","[0.65116948, 0.60769188, 0.59722936, 0.59000391, 0.58435631, 0.58023787, 0.57708919, 0.57657433, 0.57402658, 0.57226646]",1,1,1,1,1,f93dcb56839345a079e94eed586a3edd568989cdce66a9e73c0d3b6a72f97721,4b37a5ed9cfdc71b591d28bacc024e42e8ebe679ab10903583897e072da5c95b,2026-08-06T20:58:55.869228+00:00
Q472,price,T1500,DENSE,"['T1500-1842', 'T1500-1813', 'T1500-1814', 'T1500-1844', 'T1500-1841', 'T1500-1811', 'T1500-1939', 'T1500-1810', 'T1500-1938', 'T1500-1815']","[0.66908658, 0.56863248, 0.56649911, 0.55701399, 0.53680539, 0.51148736, 0.49972942, 0.49319494, 0.49202856, 0.48711783]",1,1,1,1,1,7113ad1693c4cbc79226a8b043ef52739dc2e4824359d3d234739ce47bbf09de,4b37a5ed9cfdc71b591d28bacc024e42e8ebe679ab10903583897e072da5c95b,2026-08-06T20:58:55.869678+00:00
Q473,price,T1500,DENSE,"['T1500-1833', 'T1500-1835', 'T1500-1832', 'T1500-1261', 'T1500-2023', 'T1500-1777', 'T1500-1013', 'T1500-0545', 'T1500-1017', 'T1500-1755']","[0.63143456, 0.60262936, 0.59743881, 0.58649147, 0.56031489, 0.55595624, 0.54896927, 0.54854846, 0.54505515, 0.5389744]",3,0,1,1,1,f57a758364ade54addea71fd13da5ba22619fbed0dc462672351516fa9f8f583,4b37a5ed9cfdc71b591d28bacc024e42e8ebe679ab10903583897e072da5c95b,2026-08-06T20:58:55.870106+00:00
Q474,price,T1500,DENSE,"['T1500-1805', 'T1500-1806', 'T1500-1939', 'T1500-1815', 'T1500-1814', 'T1500-1938', 'T1500-1948', 'T1500-1820', 'T1500-1813', 'T1500-1826']","[0.6937952, 0.6911608, 0.658005, 0.65563035, 0.64896715, 0.6442076, 0.63919783, 0.63841462, 0.63749343, 0.63719332]",1,1,1,1,1,13e24e0b27bacdc6ebf44d3793bb1fd76fe337419234dbc46e713c3cb353c507,4b37a5ed9cfdc71b591d28bacc024e42e8ebe679ab10903583897e072da5c95b,2026-08-06T20:58:55.870657+00:00
Q475,attribute,T1500,DENSE,"['T1500-1128', 'T1500-1129', 'T1500-1126', 'T1500-1125', 'T1500-1131', 'T1500-1971', 'T1500-1776', 'T1500-1127', 'T1500-1124', 'T1500-1773']","[0.65403259, 0.62371475, 0.62156612, 0.62149537, 0.62084079, 0.61288065, 0.61199391, 0.60443926, 0.60035729, 0.59521663]",1,1,1,1,1,acc284581545fad01fc2ff9810522a7bd8a5fbf25488b939cc20a7e9a8e0edb6,4b37a5ed9cfdc71b591d28bacc024e42e8ebe679ab10903583897e072da5c95b,2026-08-06T20:58:55.871088+00:00
Q476,price,T1500,DENSE,"['T1500-1614', 'T1500-1613', 'T1500-1622', 'T1500-1534', 'T1500-1637', 'T1500-0016', 'T1500-1648', 'T1500-1630', 'T1500-0019', 'T1500-1623']","[0.62851167, 0.53920305, 0.53468525, 0.53379536, 0.51679516, 0.51155132, 0.51040673, 0.50692308, 0.50591111, 0.50459683]",1,1,1,1,1,f0f320f9f4809684541052561f403866459eac81a1de141431d22a5897ccbd5a,4b37a5ed9cfdc71b591d28bacc024e42e8ebe679ab10903583897e072da5c95b,2026-08-06T20:58:55.871548+00:00
Q477,price,T1500,DENSE,"['T1500-1530', 'T1500-0097', 'T1500-1583', 'T1500-0128', 'T1500-0067', 'T1500-1531', 'T1500-0074', 'T1500-1623', 'T1500-1622', 'T1500-1533']","[0.66310036, 0.59957457, 0.59545732, 0.58750212, 0.58278167, 0.5818066, 0.57855147, 0.57830524, 0.57561302, 0.57557917]",1,1,1,1,1,376dc4f63296a07b32291634b0bcbef90cf11608649c251590b12d503883a326,4b37a5ed9cfdc71b591d28bacc024e42e8ebe679ab10903583897e072da5c95b,2026-08-06T20:58:55.871977+00:00
Q478,attribute,T1500,DENSE,"['T1500-1608', 'T1500-1607', 'T1500-1591', 'T1500-1590', 'T1500-1623', 'T1500-1618', 'T1500-1534', 'T1500-1611', 'T1500-1634', 'T1500-1630']","[0.60803425, 0.60387921, 0.59321725, 0.58992982, 0.58328021, 0.57899415, 0.57887012, 0.57743359, 0.57612503, 0.57574636]",2,0,1,1,1,4c83ccf81bf260962a8c0864ca854a0400bc0c40a9aef6cec741bd155373adb3,4b37a5ed9cfdc71b591d28bacc024e42e8ebe679ab10903583897e072da5c95b,2026-08-06T20:58:55.872466+00:00
Q479,attribute,T1500,DENSE,"['T1500-0026', 'T1500-0025', 'T1500-0029', 'T1500-0027', 'T1500-1534', 'T1500-0030', 'T1500-0028', 'T1500-0301', 'T1500-2094', 'T1500-2098']","[0.6340391, 0.56780058, 0.56213188, 0.54486918, 0.51500428, 0.5125342, 0.51113337, 0.50893939, 0.49753901, 0.49516356]",1,1,1,1,1,40bf022ef9f39b5f03ee405f3e431387e503632b012c3d07943587fa4bcb5ca0,4b37a5ed9cfdc71b591d28bacc024e42e8ebe679ab10903583897e072da5c95b,2026-08-06T20:58:55.872902+00:00
Q480,price,T1500,DENSE,"['T1500-0346', 'T1500-0348', 'T1500-0873', 'T1500-0374', 'T1500-0341', 'T1500-0337', 'T1500-0335', 'T1500-0538', 'T1500-0881', 'T1500-0375']","[0.55560368, 0.54134119, 0.54116291, 0.53948718, 0.53907371, 0.5378961, 0.53707027, 0.53697896, 0.53431684, 0.53385127]",5,0,0,1,1,65cb7fd047031f6e1f366b31e62a1cead7da013280b8e8d6fcd9f123632b279f,4b37a5ed9cfdc71b591d28bacc024e42e8ebe679ab10903583897e072da5c95b,2026-08-06T20:58:55.873351+00:00
Q481,attribute,T1500,DENSE,"['T1500-1226', 'T1500-1225', 'T1500-1224', 'T1500-1227', 'T1500-1110', 'T1500-1793', 'T1500-1094', 'T1500-1223', 'T1500-1788', 'T1500-1121']","[0.68270659, 0.66727209, 0.66173637, 0.64926624, 0.61910665, 0.61588049, 0.61458373, 0.61418873, 0.61418402, 0.61415982]",,0,0,0,0,80acd1633ba494e4f9bdd0ab96137eded1dd3592aadfc21c40f94f1e6129e52f,4b37a5ed9cfdc71b591d28bacc024e42e8ebe679ab10903583897e072da5c95b,2026-08-06T20:58:55.873844+00:00
Q482,attribute,T1500,DENSE,"['T1500-1621', 'T1500-0062', 'T1500-0110', 'T1500-0070', 'T1500-0074', 'T1500-1533', 'T1500-1565', 'T1500-0308', 'T1500-0109', 'T1500-0041']","[0.63712168, 0.62728512, 0.61518461, 0.60810566, 0.60635418, 0.60416269, 0.60035813, 0.59695721, 0.58557338, 0.58513588]",1,1,1,1,1,3d4529f4def529f94dbd165e7434569d60e515c06be4b19e22d819281f1bd546,4b37a5ed9cfdc71b591d28bacc024e42e8ebe679ab10903583897e072da5c95b,2026-08-06T20:58:55.874351+00:00
Q483,attribute,T1500,DENSE,"['T1500-1836', 'T1500-1835', 'T1500-1838', 'T1500-1755', 'T1500-0616', 'T1500-0555', 'T1500-1832', 'T1500-1833', 'T1500-1752', 'T1500-0554']","[0.60626435, 0.57042241, 0.55247307, 0.53334665, 0.51497495, 0.51398921, 0.51393461, 0.51252806, 0.51218224, 0.5120101]",,0,0,0,0,27f3f591f45e00481bcb238536ef9d120fe74985a41bf4d3b890cbf8abdf4345,4b37a5ed9cfdc71b591d28bacc024e42e8ebe679ab10903583897e072da5c95b,2026-08-06T20:58:55.874821+00:00
Q484,attribute,T1500,DENSE,"['T1500-1614', 'T1500-1749', 'T1500-0301', 'T1500-0089', 'T1500-0299', 'T1500-0304', 'T1500-0305', 'T1500-0300', 'T1500-1534', 'T1500-0302']","[0.60771281, 0.56030071, 0.54853469, 0.54377311, 0.54181898, 0.54108018, 0.53574324, 0.53478789, 0.53295708, 0.5274632]",1,1,1,1,1,9cdcd9f9220984a598fa688e551b0f03c234ec261e108e47f95faf3b0c6d1100,4b37a5ed9cfdc71b591d28bacc024e42e8ebe679ab10903583897e072da5c95b,2026-08-06T20:58:55.875357+00:00
Q485,price,T1500,DENSE,"['T1500-1964', 'T1500-1967', 'T1500-1965', 'T1500-1805', 'T1500-1976', 'T1500-1867', 'T1500-1975', 'T1500-1947', 'T1500-1870', 'T1500-1920']","[0.68940496, 0.68472588, 0.68420851, 0.65624696, 0.6524967, 0.6512419, 0.64950228, 0.64633882, 0.64551544, 0.64257705]",2,0,1,1,1,ea3f1e1a24092c53ba61dc84d1a0a7ab0bf064b8b904868091786af516739ac5,4b37a5ed9cfdc71b591d28bacc024e42e8ebe679ab10903583897e072da5c95b,2026-08-06T20:58:55.875851+00:00
Q486,attribute,T1500,DENSE,"['T1500-1952', 'T1500-1951', 'T1500-1954', 'T1500-1025', 'T1500-1949', 'T1500-1948', 'T1500-1028', 'T1500-1024', 'T1500-1026', 'T1500-1021']","[0.70574206, 0.69459319, 0.69166553, 0.68240201, 0.68024027, 0.67933571, 0.67776239, 0.67697203, 0.6723792, 0.66946679]",4,0,0,1,1,26a59ff30d4b7a4e24968fac1809ce13ebacff53de51e8650787d2e978dd555c,4b37a5ed9cfdc71b591d28bacc024e42e8ebe679ab10903583897e072da5c95b,2026-08-06T20:58:55.876425+00:00
Q487,attribute,T1500,DENSE,"['T1500-0159', 'T1500-0158', 'T1500-0400', 'T1500-0394', 'T1500-1254', 'T1500-0383', 'T1500-0424', 'T1500-0392', 'T1500-0381', 'T1500-0372']","[0.50782311, 0.48502702, 0.4796074, 0.47596109, 0.47588012, 0.47380912, 0.4718729, 0.47078341, 0.470411, 0.46961349]",,0,0,0,0,330b9cdbe6ac70d25a6e65697f4313c966363dbdcdd9e54d2b9837f5b1c55b77,4b37a5ed9cfdc71b591d28bacc024e42e8ebe679ab10903583897e072da5c95b,2026-08-06T20:58:55.876874+00:00
Q488,price,T1500,DENSE,"['T1500-1601', 'T1500-1602', 'T1500-1599', 'T1500-1598', 'T1500-1605', 'T1500-1597', 'T1500-1613', 'T1500-1537', 'T1500-1604', 'T1500-1534']","[0.68695188, 0.66508675, 0.63774145, 0.63109356, 0.6264708, 0.59877896, 0.59504044, 0.59030801, 0.58868504, 0.58385468]",1,1,1,1,1,bc5f310c408ed0e10de74fab5834c1f222f92d719494a9c7583948c39549fd28,4b37a5ed9cfdc71b591d28bacc024e42e8ebe679ab10903583897e072da5c95b,2026-08-06T20:58:55.877334+00:00
Q489,price,T1500,DENSE,"['T1500-1729', 'T1500-1730', 'T1500-1366', 'T1500-1723', 'T1500-1722', 'T1500-1214', 'T1500-1355', 'T1500-1351', 'T1500-1373', 'T1500-1529']","[0.70090085, 0.65890282, 0.62390202, 0.61696768, 0.59164035, 0.59119344, 0.58352506, 0.5821802, 0.57347256, 0.56961238]",1,1,1,1,1,341febbc65c444616d0c103df1d0499acbd632a4215352808ede0354d660b6f3,4b37a5ed9cfdc71b591d28bacc024e42e8ebe679ab10903583897e072da5c95b,2026-08-06T20:58:55.877765+00:00
Q490,price,T1500,DENSE,"['T1500-1534', 'T1500-1605', 'T1500-1538', 'T1500-1537', 'T1500-1634', 'T1500-1539', 'T1500-1599', 'T1500-1535', 'T1500-1601', 'T1500-1633']","[0.50502777, 0.48432094, 0.4841758, 0.48395407, 0.48350021, 0.48271745, 0.48150703, 0.47714067, 0.47330695, 0.47248942]",10,0,0,0,1,8c9bf01316a86091ae26871e139618fe7544354db82a523dc652da0a9d3ae047,4b37a5ed9cfdc71b591d28bacc024e42e8ebe679ab10903583897e072da5c95b,2026-08-06T20:58:55.878195+00:00
Q491,price,T1500,DENSE,"['T1500-1604', 'T1500-1534', 'T1500-1602', 'T1500-1537', 'T1500-1605', 'T1500-1538', 'T1500-1623', 'T1500-1626', 'T1500-0097', 'T1500-1601']","[0.58355522, 0.58007395, 0.53594446, 0.53492802, 0.53331399, 0.52566981, 0.52350718, 0.51998985, 0.51581502, 0.51388323]",1,1,1,1,1,afb5e844578a08b5b506fc48c38b8cfd8e0d14ce605392ed80997aed39315c6d,4b37a5ed9cfdc71b591d28bacc024e42e8ebe679ab10903583897e072da5c95b,2026-08-06T20:58:55.878644+00:00
Q492,attribute,T1500,DENSE,"['T1500-0437', 'T1500-0531', 'T1500-0532', 'T1500-0436', 'T1500-0876', 'T1500-0534', 'T1500-0438', 'T1500-0533', 'T1500-0441', 'T1500-0537']","[0.67246145, 0.6715011, 0.6638453, 0.66374624, 0.66374433, 0.66193366, 0.65989661, 0.65967661, 0.65892935, 0.65841258]",1,1,1,1,1,27fd7761356e16b95d4cc4113a81fbf412939f6b5e19957e198f07d59c0d6364,4b37a5ed9cfdc71b591d28bacc024e42e8ebe679ab10903583897e072da5c95b,2026-08-06T20:58:55.879082+00:00
Q493,price,T1500,DENSE,"['T1500-1627', 'T1500-1633', 'T1500-1623', 'T1500-1604', 'T1500-1537', 'T1500-1613', 'T1500-1629', 'T1500-1630', 'T1500-1648', 'T1500-1538']","[0.5634895, 0.55317062, 0.54738784, 0.5375911, 0.5354805, 0.53419363, 0.53278834, 0.5322628, 0.5298633, 0.52460927]",,0,0,0,0,00ed3334cbf8f4912755532812a66a54d06e8282c18a5a2c6d2ae82d5e880f06,4b37a5ed9cfdc71b591d28bacc024e42e8ebe679ab10903583897e072da5c95b,2026-08-06T20:58:55.879560+00:00
Q494,price,T1500,DENSE,"['T1500-0697', 'T1500-0688', 'T1500-0693', 'T1500-0694', 'T1500-0685', 'T1500-0695', 'T1500-0686', 'T1500-0700', 'T1500-0704', 'T1500-0691']","[0.58136547, 0.57380033, 0.56994981, 0.568748, 0.56848836, 0.56602901, 0.56440008, 0.56297415, 0.56264973, 0.56081688]",2,0,1,1,1,5bb163288ec7bfbb65e8f1e52b42e18579cd7410d05b2aa4c2ab996bafdec165,4b37a5ed9cfdc71b591d28bacc024e42e8ebe679ab10903583897e072da5c95b,2026-08-06T20:58:55.880006+00:00
Q495,price,T1500,DENSE,"['T1500-1952', 'T1500-1947', 'T1500-1949', 'T1500-1951', 'T1500-1920', 'T1500-1203', 'T1500-1976', 'T1500-1954', 'T1500-1975', 'T1500-1805']","[0.64299071, 0.64219534, 0.64120841, 0.64081872, 0.6363017, 0.63627744, 0.63462126, 0.63247669, 0.63226867, 0.62768364]",6,0,0,0,1,a41d30c44906e7b426ea7a4b01ae411cdd210ebb2b595d8e7790846c199ac8ed,4b37a5ed9cfdc71b591d28bacc024e42e8ebe679ab10903583897e072da5c95b,2026-08-06T20:58:55.880483+00:00
Q496,attribute,T1500,DENSE,"['T1500-1097', 'T1500-1098', 'T1500-1995', 'T1500-0965', 'T1500-1192', 'T1500-0982', 'T1500-0973', 'T1500-0978', 'T1500-0977', 'T1500-0972']","[0.67311168, 0.6629504, 0.63754928, 0.61199296, 0.61184347, 0.6103605, 0.60886693, 0.60783267, 0.60764849, 0.60702503]",1,1,1,1,1,df8afd89b9549f0d733105004283ea271032f152ac93ab35994ed6ccba2b1d32,4b37a5ed9cfdc71b591d28bacc024e42e8ebe679ab10903583897e072da5c95b,2026-08-06T20:58:55.880963+00:00
Q497,attribute,T1500,DENSE,"['T1500-1205', 'T1500-1204', 'T1500-1995', 'T1500-1168', 'T1500-1169', 'T1500-1171', 'T1500-1181', 'T1500-1201', 'T1500-1172', 'T1500-1179']","[0.68137765, 0.65632725, 0.65214348, 0.64753485, 0.64388955, 0.64384907, 0.6433847, 0.64275002, 0.64269865, 0.6425128]",1,1,1,1,1,d624437601eb743254f92b6ffa4311b9d2f9d431af08d47a576686184927aed8,4b37a5ed9cfdc71b591d28bacc024e42e8ebe679ab10903583897e072da5c95b,2026-08-06T20:58:55.881693+00:00
Q498,attribute,T1500,DENSE,"['T1500-1366', 'T1500-1351', 'T1500-1347', 'T1500-1355', 'T1500-1367', 'T1500-1348', 'T1500-0020', 'T1500-0251', 'T1500-1383', 'T1500-1352']","[0.66830218, 0.65415609, 0.64917833, 0.6384632, 0.63287818, 0.62534267, 0.62435424, 0.62131172, 0.61969012, 0.61870652]",1,1,1,1,1,14adace0c7af92ce76a0812b61f8b88a57711487c5700386f8741a980778e785,4b37a5ed9cfdc71b591d28bacc024e42e8ebe679ab10903583897e072da5c95b,2026-08-06T20:58:55.882166+00:00
Q499,price,T1500,DENSE,"['T1500-0990', 'T1500-0996', 'T1500-0991', 'T1500-0997', 'T1500-0995', 'T1500-0989', 'T1500-0994', 'T1500-1964', 'T1500-1006', 'T1500-1967']","[0.67952454, 0.66703486, 0.65824914, 0.65770173, 0.65343535, 0.64325833, 0.61725467, 0.6095531, 0.60692453, 0.60653639]",6,0,0,0,1,f735bfc655124d0e69aa156b978220f0585e8ca4e08938b0a2290645dccc2f17,4b37a5ed9cfdc71b591d28bacc024e42e8ebe679ab10903583897e072da5c95b,2026-08-06T20:58:55.882638+00:00
Q500,price,T1500,DENSE,"['T1500-1622', 'T1500-1621', 'T1500-1534', 'T1500-1648', 'T1500-1539', 'T1500-1623', 'T1500-0097', 'T1500-1617', 'T1500-1638', 'T1500-0065']","[0.64593661, 0.61956716, 0.58846283, 0.57600379, 0.57496673, 0.56705713, 0.565889, 0.5595898, 0.55852592, 0.558218]",1,1,1,1,1,7aa93253ff9d9759d103cd2c7582072a4b46776346d96f2aa44a2ae32d11c2a9,4b37a5ed9cfdc71b591d28bacc024e42e8ebe679ab10903583897e072da5c95b,2026-08-06T20:58:55.883085+00:00
Q001,price,R1500,DENSE,"['R1500-0688', 'R1500-0722', 'R1500-0733', 'R1500-0700', 'R1500-0704', 'R1500-0484', 'R1500-0664', 'R1500-0452', 'R1500-0705', 'R1500-0713']","[0.64296603, 0.63721436, 0.63337171, 0.63038313, 0.62809587, 0.62664437, 0.62616217, 0.62546706, 0.61991799, 0.61942101]",5,0,0,1,1,48c9980aff888ec99ed03914aac8b562d47217d267f9095a5f7a0e512803d1b8,ef9f27141658502ed1cce3a9b2f8c98443b6bbdea16cb1e1dff03c7ce07b1cb1,2026-08-06T20:58:56.198851+00:00
Q002,price,R1500,DENSE,"['R1500-0621', 'R1500-0616', 'R1500-0025', 'R1500-0619', 'R1500-0622', 'R1500-0620', 'R1500-0624', 'R1500-0031', 'R1500-0615', 'R1500-0038']","[0.61609614, 0.57627618, 0.57192212, 0.56776059, 0.56312013, 0.562765, 0.55837202, 0.55805981, 0.55683482, 0.55515087]",1,1,1,1,1,3be65393ec725ae6bb36e4428f29fc1a95c0fcf13b5d9668829d0e4329e9948f,ef9f27141658502ed1cce3a9b2f8c98443b6bbdea16cb1e1dff03c7ce07b1cb1,2026-08-06T20:58:56.199030+00:00
Q003,attribute,R1500,DENSE,"['R1500-0262', 'R1500-0261', 'R1500-0260', 'R1500-0268', 'R1500-0266', 'R1500-0270', 'R1500-0238', 'R1500-0241', 'R1500-0265', 'R1500-0249']","[0.65409577, 0.60618496, 0.59341335, 0.58743972, 0.58176088, 0.58006716, 0.57778841, 0.57539397, 0.56950414, 0.56765783]",1,1,1,1,1,b28db1aada14e327e7ab73fa1f02c7de0c86dc6b589a0d245c16299671ea7533,ef9f27141658502ed1cce3a9b2f8c98443b6bbdea16cb1e1dff03c7ce07b1cb1,2026-08-06T20:58:56.199230+00:00
Q004,attribute,R1500,DENSE,"['R1500-0046', 'R1500-0085', 'R1500-0045', 'R1500-0616', 'R1500-0594', 'R1500-0031', 'R1500-0040', 'R1500-0044', 'R1500-0030', 'R1500-0619']","[0.60892349, 0.58571935, 0.58297372, 0.58277154, 0.58075684, 0.57800102, 0.57202983, 0.57101601, 0.57078803, 0.56890231]",7,0,0,0,1,81eb045c663f0afa7e3fa42b9b1c61168e8ef0933a04883c7d097729f9beca57,ef9f27141658502ed1cce3a9b2f8c98443b6bbdea16cb1e1dff03c7ce07b1cb1,2026-08-06T20:58:56.199422+00:00
Q005,attribute,R1500,DENSE,"['R1500-0599', 'R1500-0597', 'R1500-0596', 'R1500-0600', 'R1500-0598', 'R1500-0035', 'R1500-0604', 'R1500-0616', 'R1500-0618', 'R1500-0033']","[0.57817018, 0.56496334, 0.56360435, 0.56235766, 0.55987328, 0.5318836, 0.51512384, 0.51298636, 0.51178658, 0.51165175]",1,1,1,1,1,92ceefe6b7735b49e461723bd2e9c52dd37a292609400267774536457843a2e6,ef9f27141658502ed1cce3a9b2f8c98443b6bbdea16cb1e1dff03c7ce07b1cb1,2026-08-06T20:58:56.199580+00:00
Q006,price,R1500,DENSE,"['R1500-0142', 'R1500-0005', 'R1500-0651', 'R1500-0744', 'R1500-0570', 'R1500-0553', 'R1500-0549', 'R1500-0636', 'R1500-0591', 'R1500-0548']","[0.63599825, 0.58071226, 0.56622893, 0.54434961, 0.53425175, 0.53325224, 0.5237397, 0.52307326, 0.52218139, 0.52186549]",1,1,1,1,1,758c8cdd2e473ba80e1e094c8a062e55b0a1813d79493841a5b0dc41af4d7f51,ef9f27141658502ed1cce3a9b2f8c98443b6bbdea16cb1e1dff03c7ce07b1cb1,2026-08-06T20:58:56.199739+00:00
Q007,attribute,R1500,DENSE,"['R1500-0600', 'R1500-0608', 'R1500-0616', 'R1500-0030', 'R1500-0601', 'R1500-0604', 'R1500-0595', 'R1500-0622', 'R1500-0647', 'R1500-0597']","[0.56892079, 0.56408995, 0.55292255, 0.55211723, 0.54661262, 0.54388893, 0.53856409, 0.53595608, 0.5352813, 0.53425211]",3,0,1,1,1,4b7c7532a94594844061c797ba4cb1657ae84c54e804faa49e6c99350b41f834,ef9f27141658502ed1cce3a9b2f8c98443b6bbdea16cb1e1dff03c7ce07b1cb1,2026-08-06T20:58:56.199920+00:00
Q008,attribute,R1500,DENSE,"['R1500-0046', 'R1500-0619', 'R1500-0031', 'R1500-0085', 'R1500-0616', 'R1500-0038', 'R1500-0040', 'R1500-0624', 'R1500-0620', 'R1500-0621']","[0.61304557, 0.60996908, 0.60079187, 0.60076898, 0.59807873, 0.59656286, 0.58617198, 0.58012921, 0.5741387, 0.57212543]",5,0,0,1,1,c221246c809e91c9f7959fd6099aa8489b464b26fb136419e1b3b64926ed2d90,ef9f27141658502ed1cce3a9b2f8c98443b6bbdea16cb1e1dff03c7ce07b1cb1,2026-08-06T20:58:56.200099+00:00
Q009,price,R1500,DENSE,"['R1500-0603', 'R1500-0602', 'R1500-0616', 'R1500-0604', 'R1500-0619', 'R1500-0618', 'R1500-0601', 'R1500-0083', 'R1500-0049', 'R1500-0015']","[0.64570481, 0.58893788, 0.57397246, 0.55462492, 0.54586101, 0.53443259, 0.53252262, 0.52643299, 0.5259887, 0.52124584]",1,1,1,1,1,1e041530cbdd16f4c649a79b9be701cac9342d113a97477922a048088a0b6f46,ef9f27141658502ed1cce3a9b2f8c98443b6bbdea16cb1e1dff03c7ce07b1cb1,2026-08-06T20:58:56.200270+00:00
Q010,attribute,R1500,DENSE,"['R1500-0213', 'R1500-0187', 'R1500-0188', 'R1500-0214', 'R1500-0215', 'R1500-0189', 'R1500-0186', 'R1500-0190', 'R1500-0216', 'R1500-0191']","[0.68362081, 0.6702137, 0.6694355, 0.66884816, 0.66768974, 0.66631341, 0.66426122, 0.66321838, 0.66130239, 0.65164125]",1,1,1,1,1,8464b0207cdff8f9cacdaa62103085147699817cb78f292c57b610d70ea5695d,ef9f27141658502ed1cce3a9b2f8c98443b6bbdea16cb1e1dff03c7ce07b1cb1,2026-08-06T20:58:56.200449+00:00
Q011,price,R1500,DENSE,"['R1500-0556', 'R1500-0021', 'R1500-0550', 'R1500-0020', 'R1500-0549', 'R1500-0140', 'R1500-0019', 'R1500-0555', 'R1500-0087', 'R1500-0082']","[0.65822792, 0.62724239, 0.59049737, 0.57932079, 0.55446684, 0.55232799, 0.54453635, 0.53346044, 0.52183223, 0.50711769]",,0,0,0,0,98e8263dea4c229e5ab838825bf5597870c2864f07ba19a8d82c75f825e1489b,ef9f27141658502ed1cce3a9b2f8c98443b6bbdea16cb1e1dff03c7ce07b1cb1,2026-08-06T20:58:56.200598+00:00
Q012,attribute,R1500,DENSE,"['R1500-0176', 'R1500-0511', 'R1500-0174', 'R1500-0177', 'R1500-0175', 'R1500-0505', 'R1500-0496', 'R1500-0630', 'R1500-0415', 'R1500-0733']","[0.52107358, 0.51727045, 0.5138098, 0.51332915, 0.51316148, 0.51279438, 0.50822151, 0.50770211, 0.50648808, 0.50531989]",,0,0,0,0,bd0396f9677602e4f9c984ff699b54f47edd2ff10824aaffb00d280e56a11d98,ef9f27141658502ed1cce3a9b2f8c98443b6bbdea16cb1e1dff03c7ce07b1cb1,2026-08-06T20:58:56.200779+00:00
Q013,attribute,R1500,DENSE,"['R1500-0161', 'R1500-0160', 'R1500-0159', 'R1500-0162', 'R1500-0164', 'R1500-0158', 'R1500-0156', 'R1500-0165', 'R1500-0305', 'R1500-0232']","[0.67890686, 0.64974207, 0.63342446, 0.62077272, 0.60860431, 0.60351694, 0.60240638, 0.59633064, 0.58460391, 0.56090838]",,0,0,0,0,27c188fcfa0a8df3a7ef9db7371a765b775aa7f7f7ca65556b1d4135f4972286,ef9f27141658502ed1cce3a9b2f8c98443b6bbdea16cb1e1dff03c7ce07b1cb1,2026-08-06T20:58:56.200956+00:00
Q014,price,R1500,DENSE,"['R1500-0593', 'R1500-0541', 'R1500-0640', 'R1500-0543', 'R1500-0552', 'R1500-0624', 'R1500-0547', 'R1500-0544', 'R1500-0614', 'R1500-0633']","[0.44982257, 0.44007611, 0.43323481, 0.43295607, 0.43135944, 0.43052229, 0.43015906, 0.42899388, 0.42809087, 0.42463255]",1,1,1,1,1,a2916f8e16349cacfb064af98e283b2f6c2e4e4b510f6fe50a432d68b4b00377,ef9f27141658502ed1cce3a9b2f8c98443b6bbdea16cb1e1dff03c7ce07b1cb1,2026-08-06T20:58:56.201111+00:00
Q015,price,R1500,DENSE,"['R1500-0490', 'R1500-0488', 'R1500-0492', 'R1500-0489', 'R1500-0491', 'R1500-0510', 'R1500-0734', 'R1500-0511', 'R1500-0722', 'R1500-0673']","[0.71925032, 0.70568168, 0.68576431, 0.66645038, 0.66391373, 0.64555669, 0.61482811, 0.61146361, 0.60920358, 0.60391855]",1,1,1,1,1,a80003d6ae3ff295c093f2404ae8ac063ef9ef346b56a84c0acdd65111ef1ef6,ef9f27141658502ed1cce3a9b2f8c98443b6bbdea16cb1e1dff03c7ce07b1cb1,2026-08-06T20:58:56.201451+00:00
Q016,attribute,R1500,DENSE,"['R1500-0382', 'R1500-0383', 'R1500-0427', 'R1500-0381', 'R1500-0429', 'R1500-0426', 'R1500-0434', 'R1500-0428', 'R1500-0438', 'R1500-0439']","[0.67748594, 0.66080576, 0.62384415, 0.62155443, 0.61420482, 0.61341977, 0.6035344, 0.60341775, 0.59957147, 0.5969404]",,0,0,0,0,21739205be7d9c316a2dbba2c4f6d14b94259cdd3ec7916da0cef16d9236040c,ef9f27141658502ed1cce3a9b2f8c98443b6bbdea16cb1e1dff03c7ce07b1cb1,2026-08-06T20:58:56.202848+00:00
Q017,attribute,R1500,DENSE,"['R1500-0733', 'R1500-0361', 'R1500-0399', 'R1500-0343', 'R1500-0456', 'R1500-0360', 'R1500-0666', 'R1500-0357', 'R1500-0338', 'R1500-0359']","[0.62759161, 0.62417758, 0.62344515, 0.61786008, 0.61719334, 0.61524808, 0.61459202, 0.61404264, 0.61355156, 0.61179364]",,0,0,0,0,2a321e0a7b0a1c70ea5bea197d15654b1e9a19355309bd6fe61cd258d9d72ecf,ef9f27141658502ed1cce3a9b2f8c98443b6bbdea16cb1e1dff03c7ce07b1cb1,2026-08-06T20:58:56.204864+00:00
Q018,attribute,R1500,DENSE,"['R1500-0595', 'R1500-0328', 'R1500-0620', 'R1500-0621', 'R1500-0604', 'R1500-0160', 'R1500-0594', 'R1500-0613', 'R1500-0146', 'R1500-0445']","[0.53277779, 0.47768572, 0.47767156, 0.47699702, 0.47403803, 0.46800953, 0.46414655, 0.46127608, 0.45883363, 0.45678231]",,0,0,0,0,be3cbea80945eab697f8baa07af46d043cc2722f3f4ae56debc891ae0b791e59,ef9f27141658502ed1cce3a9b2f8c98443b6bbdea16cb1e1dff03c7ce07b1cb1,2026-08-06T20:58:56.205058+00:00
Q019,attribute,R1500,DENSE,"['R1500-0622', 'R1500-0604', 'R1500-0619', 'R1500-0048', 'R1500-0608', 'R1500-0031', 'R1500-0591', 'R1500-0647', 'R1500-0615', 'R1500-0035']","[0.57415307, 0.53440386, 0.53147942, 0.53012085, 0.52720737, 0.52706826, 0.52502477, 0.52222806, 0.51749098, 0.51543498]",3,0,1,1,1,0a91a2bcee55e662d66c3b1497721adcebf68fe2c48ff4511961ef6769b6c3fd,ef9f27141658502ed1cce3a9b2f8c98443b6bbdea16cb1e1dff03c7ce07b1cb1,2026-08-06T20:58:56.205251+00:00
Q020,attribute,R1500,DENSE,"['R1500-0601', 'R1500-0084', 'R1500-0624', 'R1500-0038', 'R1500-0327', 'R1500-0025', 'R1500-0083', 'R1500-0599', 'R1500-0653', 'R1500-0616']","[0.4834094, 0.47585142, 0.47550979, 0.47510374, 0.47029987, 0.45893249, 0.4584046, 0.45617467, 0.45500112, 0.45476437]",9,0,0,0,1,116dba510243e25bd48d2da2c803a1ab6e9a42b3f657cd5f841b66f79c948450,ef9f27141658502ed1cce3a9b2f8c98443b6bbdea16cb1e1dff03c7ce07b1cb1,2026-08-06T20:58:56.205468+00:00
Q021,price,R1500,DENSE,"['R1500-0385', 'R1500-0387', 'R1500-0384', 'R1500-0714', 'R1500-0388', 'R1500-0389', 'R1500-0391', 'R1500-0393', 'R1500-0390', 'R1500-0392']","[0.68676412, 0.66958779, 0.66746867, 0.66323161, 0.66147548, 0.66133994, 0.66097474, 0.65572715, 0.65313238, 0.64173138]",3,0,1,1,1,f2cb3755b85f79c59b1932f7894e9268ed857ce3743ea20932f2af2f7dd821c6,ef9f27141658502ed1cce3a9b2f8c98443b6bbdea16cb1e1dff03c7ce07b1cb1,2026-08-06T20:58:56.205624+00:00
Q022,price,R1500,DENSE,"['R1500-0214', 'R1500-0187', 'R1500-0188', 'R1500-0186', 'R1500-0170', 'R1500-0213', 'R1500-0190', 'R1500-0189', 'R1500-0216', 'R1500-0215']","[0.669182, 0.66768527, 0.66690987, 0.66453475, 0.65487576, 0.6546244, 0.65357232, 0.65146708, 0.64952183, 0.64743173]",1,1,1,1,1,7249145d51f8167d9f214f805ca9c4a91dd247d69b2a057cd8e2f0e395210604,ef9f27141658502ed1cce3a9b2f8c98443b6bbdea16cb1e1dff03c7ce07b1cb1,2026-08-06T20:58:56.205780+00:00
Q023,price,R1500,DENSE,"['R1500-0385', 'R1500-0387', 'R1500-0714', 'R1500-0390', 'R1500-0699', 'R1500-0391', 'R1500-0393', 'R1500-0722', 'R1500-0392', 'R1500-0389']","[0.64026368, 0.62380338, 0.61579823, 0.61438215, 0.6097753, 0.60652244, 0.60627484, 0.60276937, 0.59947324, 0.59577847]",3,0,1,1,1,e1b1f126f0537effb5ec452a2812469cef2362c0b0c655356b693ce95c16f2c4,ef9f27141658502ed1cce3a9b2f8c98443b6bbdea16cb1e1dff03c7ce07b1cb1,2026-08-06T20:58:56.205932+00:00
Q024,attribute,R1500,DENSE,"['R1500-0177', 'R1500-0174', 'R1500-0773', 'R1500-0759', 'R1500-0176', 'R1500-0175', 'R1500-0171', 'R1500-0172', 'R1500-0475', 'R1500-0178']","[0.57922399, 0.57352757, 0.55030894, 0.54825759, 0.53589296, 0.53496921, 0.5348767, 0.53066528, 0.52406371, 0.52303255]",2,0,1,1,1,6411c0d0819a8766ef1738c514c22f1182d5a7fe2bc1bb1b1cf0d67402e4f12b,ef9f27141658502ed1cce3a9b2f8c98443b6bbdea16cb1e1dff03c7ce07b1cb1,2026-08-06T20:58:56.206105+00:00
Q025,price,R1500,DENSE,"['R1500-0750', 'R1500-0544', 'R1500-0633', 'R1500-0004', 'R1500-0642', 'R1500-0647', 'R1500-0640', 'R1500-0752', 'R1500-0636', 'R1500-0747']","[0.5522387, 0.54094332, 0.516285, 0.51565814, 0.51144636, 0.51109266, 0.51045519, 0.50709319, 0.50677305, 0.50660324]",2,0,1,1,1,2696fcf86e3b8362430147c56b3b97df4c690f6d605c598f36e3aa39cfbad58b,ef9f27141658502ed1cce3a9b2f8c98443b6bbdea16cb1e1dff03c7ce07b1cb1,2026-08-06T20:58:56.207241+00:00
Q026,price,R1500,DENSE,"['R1500-0553', 'R1500-0547', 'R1500-0552', 'R1500-0548', 'R1500-0556', 'R1500-0141', 'R1500-0550', 'R1500-0549', 'R1500-0551', 'R1500-0021']","[0.64137197, 0.62843484, 0.62152195, 0.59523851, 0.58999199, 0.58815837, 0.58255994, 0.57201171, 0.57127929, 0.56419247]",1,1,1,1,1,46f459bde31a4ba025c5f7763d0abe3c98be6ddb8ca9144db9e53140e344bac6,ef9f27141658502ed1cce3a9b2f8c98443b6bbdea16cb1e1dff03c7ce07b1cb1,2026-08-06T20:58:56.207394+00:00
Q027,price,R1500,DENSE,"['R1500-0570', 'R1500-0495', 'R1500-0561', 'R1500-0668', 'R1500-0682', 'R1500-0710', 'R1500-0674', 'R1500-0552', 'R1500-0678', 'R1500-0567']","[0.53861666, 0.53414464, 0.53027534, 0.52923048, 0.52498162, 0.52114153, 0.51940286, 0.51936191, 0.51864439, 0.51841772]",5,0,0,1,1,36b50107fa62ce56aa7e9d51ce36363b7e4f987c46a5b435ce913b93f98d734b,ef9f27141658502ed1cce3a9b2f8c98443b6bbdea16cb1e1dff03c7ce07b1cb1,2026-08-06T20:58:56.207553+00:00
Q028,attribute,R1500,DENSE,"['R1500-0761', 'R1500-0758', 'R1500-0775', 'R1500-0759', 'R1500-0773', 'R1500-0762', 'R1500-0769', 'R1500-0623', 'R1500-0039', 'R1500-0772']","[0.58713561, 0.57633698, 0.57191062, 0.56995821, 0.55763912, 0.55324233, 0.54730296, 0.54709935, 0.5467701, 0.54469287]",1,1,1,1,1,d07d4735ecc3432fbfc4c2573233e98a6c9043bd046c73e17eba253369c4be5a,ef9f27141658502ed1cce3a9b2f8c98443b6bbdea16cb1e1dff03c7ce07b1cb1,2026-08-06T20:58:56.207724+00:00
Q029,price,R1500,DENSE,"['R1500-0631', 'R1500-0029', 'R1500-0624', 'R1500-0544', 'R1500-0630', 'R1500-0543', 'R1500-0620', 'R1500-0616', 'R1500-0594', 'R1500-0621']","[0.45988685, 0.45952106, 0.43649536, 0.43404457, 0.43394268, 0.43051684, 0.430363, 0.42871946, 0.42405984, 0.42361468]",2,0,1,1,1,faee91e538ef045c568482ad1643dfc84568e9601e5f6ce7f80e94d3f11bf3ed,ef9f27141658502ed1cce3a9b2f8c98443b6bbdea16cb1e1dff03c7ce07b1cb1,2026-08-06T20:58:56.207880+00:00
Q030,attribute,R1500,DENSE,"['R1500-0174', 'R1500-0177', 'R1500-0773', 'R1500-0171', 'R1500-0759', 'R1500-0172', 'R1500-0771', 'R1500-0180', 'R1500-0366', 'R1500-0182']","[0.59470403, 0.59016114, 0.567442, 0.55302459, 0.54958725, 0.54783416, 0.54315037, 0.53963566, 0.53695542, 0.53684932]",1,1,1,1,1,da30b530434ef5e203a443d0bfe3239bf6469b43df6365b32edd327b9043f02e,ef9f27141658502ed1cce3a9b2f8c98443b6bbdea16cb1e1dff03c7ce07b1cb1,2026-08-06T20:58:56.208053+00:00
Q031,attribute,R1500,DENSE,"['R1500-0724', 'R1500-0725', 'R1500-0492', 'R1500-0488', 'R1500-0510', 'R1500-0490', 'R1500-0346', 'R1500-0432', 'R1500-0344', 'R1500-0733']","[0.61001325, 0.58337301, 0.57648349, 0.57401997, 0.5591557, 0.55680525, 0.55354047, 0.55344325, 0.55292714, 0.55202663]",1,1,1,1,1,df2debf9e71566709d26a751b166490f2c236248091ea5556c5623f7d1813e27,ef9f27141658502ed1cce3a9b2f8c98443b6bbdea16cb1e1dff03c7ce07b1cb1,2026-08-06T20:58:56.208258+00:00
Q032,price,R1500,DENSE,"['R1500-0677', 'R1500-0679', 'R1500-0668', 'R1500-0495', 'R1500-0700', 'R1500-0678', 'R1500-0674', 'R1500-0712', 'R1500-0688', 'R1500-0446']","[0.63498902, 0.59838784, 0.59805715, 0.59804773, 0.59642017, 0.5939132, 0.59138942, 0.58985871, 0.58738506, 0.58701527]",6,0,0,0,1,e2c015ee70445ff59a146cec92e2498b780971fa144351ed0f2a63e3ba419293,ef9f27141658502ed1cce3a9b2f8c98443b6bbdea16cb1e1dff03c7ce07b1cb1,2026-08-06T20:58:56.208419+00:00
Q033,attribute,R1500,DENSE,"['R1500-0596', 'R1500-0600', 'R1500-0598', 'R1500-0597', 'R1500-0599', 'R1500-0611', 'R1500-0604', 'R1500-0616', 'R1500-0615', 'R1500-0601']","[0.60994881, 0.59788388, 0.56728715, 0.5667572, 0.54931623, 0.54386216, 0.53938675, 0.53092074, 0.51474077, 0.51116586]",1,1,1,1,1,785d8a4f035c54da8b460fe4cff17cda0f2f588bc3a1d2adb29ecfd8ee9b453f,ef9f27141658502ed1cce3a9b2f8c98443b6bbdea16cb1e1dff03c7ce07b1cb1,2026-08-06T20:58:56.208610+00:00
Q034,attribute,R1500,DENSE,"['R1500-0722', 'R1500-0452', 'R1500-0455', 'R1500-0733', 'R1500-0456', 'R1500-0391', 'R1500-0393', 'R1500-0338', 'R1500-0361', 'R1500-0385']","[0.66814047, 0.64162362, 0.63250816, 0.63153285, 0.63028044, 0.62942684, 0.62920725, 0.62895775, 0.62832671, 0.62763166]",1,1,1,1,1,2d10b2fbecfefab06a308d79ab14ee0ed5278559760abb1a402688d98914a590,ef9f27141658502ed1cce3a9b2f8c98443b6bbdea16cb1e1dff03c7ce07b1cb1,2026-08-06T20:58:56.208782+00:00
Q035,attribute,R1500,DENSE,"['R1500-0617', 'R1500-0618', 'R1500-0611', 'R1500-0619', 'R1500-0616', 'R1500-0620', 'R1500-0029', 'R1500-0621', 'R1500-0595', 'R1500-0594']","[0.57724202, 0.57054013, 0.55173308, 0.55090725, 0.54654992, 0.53323436, 0.5321883, 0.5319925, 0.5303275, 0.52505636]",1,1,1,1,1,1d9f881d89be94760c950ff65a96f44cf37d6199abf4065274c3893d478d79ab,ef9f27141658502ed1cce3a9b2f8c98443b6bbdea16cb1e1dff03c7ce07b1cb1,2026-08-06T20:58:56.208978+00:00
Q036,attribute,R1500,DENSE,"['R1500-0611', 'R1500-0029', 'R1500-0031', 'R1500-0601', 'R1500-0616', 'R1500-0619', 'R1500-0594', 'R1500-0595', 'R1500-0621', 'R1500-0610']","[0.56924903, 0.56743485, 0.55789614, 0.55536747, 0.55391848, 0.54594123, 0.54525995, 0.54303002, 0.53449905, 0.53219205]",2,0,1,1,1,f8049b4cf2016a6aa570a641371de444215928ca645467a1307210ce014613d6,ef9f27141658502ed1cce3a9b2f8c98443b6bbdea16cb1e1dff03c7ce07b1cb1,2026-08-06T20:58:56.209152+00:00
Q037,attribute,R1500,DENSE,"['R1500-0477', 'R1500-0399', 'R1500-0338', 'R1500-0344', 'R1500-0335', 'R1500-0336', 'R1500-0349', 'R1500-0346', 'R1500-0337', 'R1500-0345']","[0.63707888, 0.61513728, 0.61493474, 0.61445081, 0.61400533, 0.6116513, 0.60988247, 0.60964656, 0.60946774, 0.60841775]",,0,0,0,0,dd46f2ca6d03301dec3323cb4a87a0737212959ee1d2df56f7b6b35850c2a2b2,ef9f27141658502ed1cce3a9b2f8c98443b6bbdea16cb1e1dff03c7ce07b1cb1,2026-08-06T20:58:56.210194+00:00
Q038,attribute,R1500,DENSE,"['R1500-0625', 'R1500-0025', 'R1500-0031', 'R1500-0626', 'R1500-0621', 'R1500-0611', 'R1500-0619', 'R1500-0616', 'R1500-0622', 'R1500-0620']","[0.58250219, 0.54688907, 0.53411293, 0.53096056, 0.52790773, 0.52470398, 0.52033025, 0.51829302, 0.51560163, 0.50955015]",1,1,1,1,1,4c0079661935c4c0355919a3856cb84e349440087da04292506da535b6cee0c9,ef9f27141658502ed1cce3a9b2f8c98443b6bbdea16cb1e1dff03c7ce07b1cb1,2026-08-06T20:58:56.210382+00:00
Q039,price,R1500,DENSE,"['R1500-0651', 'R1500-0544', 'R1500-0543', 'R1500-0542', 'R1500-0642', 'R1500-0633', 'R1500-0148', 'R1500-0593', 'R1500-0541', 'R1500-0640']","[0.46965203, 0.46575958, 0.46322483, 0.45181519, 0.44906598, 0.44550231, 0.4425329, 0.44193876, 0.44180632, 0.44091737]",,0,0,0,0,a68dc22430bd70b962ac044241cb2ede627f78f54b327972be36635a7dde78a0,ef9f27141658502ed1cce3a9b2f8c98443b6bbdea16cb1e1dff03c7ce07b1cb1,2026-08-06T20:58:56.210536+00:00
Q040,attribute,R1500,DENSE,"['R1500-0651', 'R1500-0144', 'R1500-0143', 'R1500-0142', 'R1500-0148', 'R1500-0652', 'R1500-0146', 'R1500-0005', 'R1500-0556', 'R1500-0147']","[0.69965231, 0.67820841, 0.65038955, 0.64328378, 0.59160137, 0.58637154, 0.5688417, 0.55116677, 0.54915899, 0.53449535]",,0,0,0,0,60dd4723eb92301208520043ff4b454b0669e8cfa856d62c6127e8c8baa26774,ef9f27141658502ed1cce3a9b2f8c98443b6bbdea16cb1e1dff03c7ce07b1cb1,2026-08-06T20:58:56.210715+00:00
Q041,attribute,R1500,DENSE,"['R1500-0640', 'R1500-0631', 'R1500-0309', 'R1500-0637', 'R1500-0312', 'R1500-0641', 'R1500-0310', 'R1500-0768', 'R1500-0320', 'R1500-0313']","[0.60856915, 0.60149658, 0.59422189, 0.59375763, 0.57101095, 0.56968254, 0.56775248, 0.56328374, 0.56187057, 0.55748945]",1,1,1,1,1,9677590218dee84df7d35781a840d58479b82c2818ae72218839906cf7046d15,ef9f27141658502ed1cce3a9b2f8c98443b6bbdea16cb1e1dff03c7ce07b1cb1,2026-08-06T20:58:56.210890+00:00
Q042,attribute,R1500,DENSE,"['R1500-0620', 'R1500-0619', 'R1500-0621', 'R1500-0029', 'R1500-0595', 'R1500-0031', 'R1500-0616', 'R1500-0622', 'R1500-0604', 'R1500-0046']","[0.61657929, 0.58316535, 0.58036005, 0.57600188, 0.57139164, 0.56547505, 0.56079137, 0.54830885, 0.54823738, 0.54750544]",7,0,0,0,1,5b4483356d58b9e1336d9ca4eec05777697977337e71b2259a4308167d6a0e88,ef9f27141658502ed1cce3a9b2f8c98443b6bbdea16cb1e1dff03c7ce07b1cb1,2026-08-06T20:58:56.211070+00:00
Q043,attribute,R1500,DENSE,"['R1500-0213', 'R1500-0215', 'R1500-0187', 'R1500-0188', 'R1500-0186', 'R1500-0214', 'R1500-0189', 'R1500-0190', 'R1500-0216', 'R1500-0191']","[0.69581074, 0.68281114, 0.68091017, 0.68031818, 0.67809695, 0.67782879, 0.67746812, 0.66863644, 0.66732192, 0.66181815]",1,1,1,1,1,882ab44efeef7d0cb1ed01601b6aeaf4c73b8f387dec9efa5ab788fea1c101ba,ef9f27141658502ed1cce3a9b2f8c98443b6bbdea16cb1e1dff03c7ce07b1cb1,2026-08-06T20:58:56.211250+00:00
Q044,attribute,R1500,DENSE,"['R1500-0097', 'R1500-0096', 'R1500-0382', 'R1500-0494', 'R1500-0649', 'R1500-0486', 'R1500-0098', 'R1500-0423', 'R1500-0426', 'R1500-0429']","[0.61808228, 0.59077322, 0.55138838, 0.55005932, 0.54861748, 0.54168296, 0.54097337, 0.53789127, 0.53608453, 0.53173238]",1,1,1,1,1,12b2ccb66d0f679501540c1665f4ba38028868b21e3077bdfaa443cf926a7f6a,ef9f27141658502ed1cce3a9b2f8c98443b6bbdea16cb1e1dff03c7ce07b1cb1,2026-08-06T20:58:56.211429+00:00
Q045,price,R1500,DENSE,"['R1500-0617', 'R1500-0651', 'R1500-0593', 'R1500-0144', 'R1500-0543', 'R1500-0552', 'R1500-0619', 'R1500-0624', 'R1500-0544', 'R1500-0548']","[0.619802, 0.5424552, 0.5208745, 0.5159291, 0.51359266, 0.51270819, 0.51034606, 0.50851053, 0.50766301, 0.50153637]",1,1,1,1,1,ed56217445d145c023017f4a42f7f22078b0f2a05e61142ed090bcc46bf9c72e,ef9f27141658502ed1cce3a9b2f8c98443b6bbdea16cb1e1dff03c7ce07b1cb1,2026-08-06T20:58:56.211581+00:00
Q046,price,R1500,DENSE,"['R1500-0620', 'R1500-0621', 'R1500-0594', 'R1500-0033', 'R1500-0610', 'R1500-0624', 'R1500-0616', 'R1500-0619', 'R1500-0622', 'R1500-0604']","[0.63868737, 0.62847257, 0.62429905, 0.60553664, 0.60364527, 0.60328472, 0.60297412, 0.59110367, 0.58616686, 0.57909077]",,0,0,0,0,b3ae3f9c270615662398a303643e69920d1202163d7112b0eff81b39a55214df,ef9f27141658502ed1cce3a9b2f8c98443b6bbdea16cb1e1dff03c7ce07b1cb1,2026-08-06T20:58:56.211740+00:00
Q047,attribute,R1500,DENSE,"['R1500-0385', 'R1500-0388', 'R1500-0387', 'R1500-0391', 'R1500-0390', 'R1500-0384', 'R1500-0389', 'R1500-0393', 'R1500-0714', 'R1500-0392']","[0.68143648, 0.67288303, 0.67245513, 0.65981436, 0.65946019, 0.65814614, 0.65703875, 0.65599871, 0.64801562, 0.64754778]",1,1,1,1,1,031b79b565ab7a7d3f92fe9b9762ac4331438962a66f76ddfad387e21abdb995,ef9f27141658502ed1cce3a9b2f8c98443b6bbdea16cb1e1dff03c7ce07b1cb1,2026-08-06T20:58:56.211920+00:00
Q048,price,R1500,DENSE,"['R1500-0723', 'R1500-0722', 'R1500-0724', 'R1500-0733', 'R1500-0687', 'R1500-0719', 'R1500-0725', 'R1500-0452', 'R1500-0700', 'R1500-0726']","[0.6719988, 0.62643981, 0.61655545, 0.61643428, 0.61291587, 0.61223245, 0.60407525, 0.60238326, 0.60158217, 0.60008276]",1,1,1,1,1,33030868eb141530542a49270613474d36ad3747c568df15ef7680c2687d4665,ef9f27141658502ed1cce3a9b2f8c98443b6bbdea16cb1e1dff03c7ce07b1cb1,2026-08-06T20:58:56.212082+00:00
Q049,attribute,R1500,DENSE,"['R1500-0435', 'R1500-0437', 'R1500-0433', 'R1500-0721', 'R1500-0438', 'R1500-0439', 'R1500-0440', 'R1500-0434', 'R1500-0659', 'R1500-0660']","[0.63085246, 0.62929064, 0.62277091, 0.62053049, 0.61560982, 0.61504495, 0.61362487, 0.60016441, 0.59971201, 0.58671677]",1,1,1,1,1,661c1a740d8efc1c1ad8949d6844bc356882ff19cb0eb12eca423d800d2a8ebe,ef9f27141658502ed1cce3a9b2f8c98443b6bbdea16cb1e1dff03c7ce07b1cb1,2026-08-06T20:58:56.212274+00:00
Q050,price,R1500,DENSE,"['R1500-0492', 'R1500-0725', 'R1500-0722', 'R1500-0673', 'R1500-0491', 'R1500-0724', 'R1500-0490', 'R1500-0488', 'R1500-0346', 'R1500-0719']","[0.59351969, 0.56696677, 0.56227487, 0.54712045, 0.53490281, 0.53333843, 0.53187943, 0.52866006, 0.52791405, 0.52743113]",3,0,1,1,1,d65ddba4bebd758abca9e6387c0a087a8160922e59f052a30a2a93d121d306bb,ef9f27141658502ed1cce3a9b2f8c98443b6bbdea16cb1e1dff03c7ce07b1cb1,2026-08-06T20:58:56.213194+00:00
Q051,attribute,R1500,DENSE,"['R1500-0488', 'R1500-0492', 'R1500-0490', 'R1500-0491', 'R1500-0489', 'R1500-0510', 'R1500-0511', 'R1500-0725', 'R1500-0432', 'R1500-0476']","[0.69255865, 0.67806339, 0.65632176, 0.64902067, 0.64056027, 0.62356883, 0.59507298, 0.57346815, 0.57204384, 0.57013029]",1,1,1,1,1,dc9752bdc4dbafe3d716ab933ee28319f1ca874f14c7675d1ba3d3e69021b612,ef9f27141658502ed1cce3a9b2f8c98443b6bbdea16cb1e1dff03c7ce07b1cb1,2026-08-06T20:58:56.214911+00:00
Q052,attribute,R1500,DENSE,"['R1500-0456', 'R1500-0722', 'R1500-0385', 'R1500-0393', 'R1500-0391', 'R1500-0387', 'R1500-0389', 'R1500-0719', 'R1500-0458', 'R1500-0733']","[0.6982336, 0.66806865, 0.66336811, 0.66295755, 0.66128433, 0.65244281, 0.64277595, 0.6403473, 0.63816142, 0.63096648]",3,0,1,1,1,3e0c19e366df16d1eed0f9dc657ffcb558575af3d4b2ed4fbb8a3f6883786c4f,ef9f27141658502ed1cce3a9b2f8c98443b6bbdea16cb1e1dff03c7ce07b1cb1,2026-08-06T20:58:56.215117+00:00
Q053,price,R1500,DENSE,"['R1500-0324', 'R1500-0630', 'R1500-0288', 'R1500-0506', 'R1500-0285', 'R1500-0548', 'R1500-0289', 'R1500-0507', 'R1500-0632', 'R1500-0651']","[0.50966465, 0.49042079, 0.47342986, 0.47270286, 0.47053993, 0.4684478, 0.46805733, 0.46449506, 0.46393546, 0.46331832]",1,1,1,1,1,c084fa28cd981b1dc4afd0a791b090ac7a9a69115a1f817225d5218475b9a982,ef9f27141658502ed1cce3a9b2f8c98443b6bbdea16cb1e1dff03c7ce07b1cb1,2026-08-06T20:58:56.215293+00:00
Q054,attribute,R1500,DENSE,"['R1500-0452', 'R1500-0447', 'R1500-0451', 'R1500-0446', 'R1500-0450', 'R1500-0455', 'R1500-0449', 'R1500-0399', 'R1500-0454', 'R1500-0453']","[0.70466048, 0.67209065, 0.6690011, 0.66845727, 0.64985764, 0.63910568, 0.62809575, 0.62186259, 0.61836624, 0.61797112]",,0,0,0,0,fcce046289cf5ea17529a4eb6f4af971164ac8c36f2162c9e803958aa7da1aa7,ef9f27141658502ed1cce3a9b2f8c98443b6bbdea16cb1e1dff03c7ce07b1cb1,2026-08-06T20:58:56.215475+00:00
Q055,price,R1500,DENSE,"['R1500-0413', 'R1500-0414', 'R1500-0492', 'R1500-0488', 'R1500-0490', 'R1500-0733', 'R1500-0412', 'R1500-0722', 'R1500-0484', 'R1500-0724']","[0.64654255, 0.61707377, 0.60802561, 0.60648084, 0.60533357, 0.60398507, 0.60086679, 0.59536147, 0.5883466, 0.58784509]",2,0,1,1,1,9c23361414860d97d655d8647a3e2819f44b0d06174592683773cb3479c89276,ef9f27141658502ed1cce3a9b2f8c98443b6bbdea16cb1e1dff03c7ce07b1cb1,2026-08-06T20:58:56.215630+00:00
Q056,price,R1500,DENSE,"['R1500-0651', 'R1500-0144', 'R1500-0143', 'R1500-0142', 'R1500-0148', 'R1500-0652', 'R1500-0146', 'R1500-0149', 'R1500-0147', 'R1500-0150']","[0.69960719, 0.69273978, 0.68165177, 0.62385333, 0.61513555, 0.58658522, 0.552764, 0.54632699, 0.54403573, 0.54347825]",3,0,1,1,1,b88e7b5c06d7e9432120b429b9ad11b6fa9e323f55323aa1faeaed303226d9ab,ef9f27141658502ed1cce3a9b2f8c98443b6bbdea16cb1e1dff03c7ce07b1cb1,2026-08-06T20:58:56.215785+00:00
Q057,price,R1500,DENSE,"['R1500-0325', 'R1500-0674', 'R1500-0707', 'R1500-0327', 'R1500-0712', 'R1500-0560', 'R1500-0324', 'R1500-0644', 'R1500-0673', 'R1500-0677']","[0.54912335, 0.53161365, 0.51816046, 0.51330107, 0.51290059, 0.51053995, 0.50978923, 0.50619507, 0.50358903, 0.50272954]",1,1,1,1,1,5a9204327ca943122223305c25821bee0bd45763870943b35719fd9e6584f949,ef9f27141658502ed1cce3a9b2f8c98443b6bbdea16cb1e1dff03c7ce07b1cb1,2026-08-06T20:58:56.215968+00:00
Q058,attribute,R1500,DENSE,"['R1500-0618', 'R1500-0616', 'R1500-0619', 'R1500-0615', 'R1500-0038', 'R1500-0593', 'R1500-0623', 'R1500-0621', 'R1500-0031', 'R1500-0604']","[0.60946333, 0.59510094, 0.5938729, 0.58045328, 0.58009952, 0.57522929, 0.5716601, 0.57101798, 0.56672037, 0.56465489]",2,0,1,1,1,94aaaf6613c41265964d259ad2b5d9190a330f4b3279d97460fa5bda283e694b,ef9f27141658502ed1cce3a9b2f8c98443b6bbdea16cb1e1dff03c7ce07b1cb1,2026-08-06T20:58:56.216163+00:00
Q059,price,R1500,DENSE,"['R1500-0578', 'R1500-0543', 'R1500-0545', 'R1500-0586', 'R1500-0590', 'R1500-0546', 'R1500-0541', 'R1500-0585', 'R1500-0548', 'R1500-0577']","[0.49665979, 0.49158877, 0.48149192, 0.47836173, 0.4753679, 0.47386503, 0.47352618, 0.47314999, 0.47199839, 0.47183406]",,0,0,0,0,fe86a6a9ffd76f2441a0885aae52db72a4c56cf21f427769b1c5f7a4e8fa75f3,ef9f27141658502ed1cce3a9b2f8c98443b6bbdea16cb1e1dff03c7ce07b1cb1,2026-08-06T20:58:56.216347+00:00
Q060,price,R1500,DENSE,"['R1500-0097', 'R1500-0096', 'R1500-0098', 'R1500-0099', 'R1500-0619', 'R1500-0645', 'R1500-0544', 'R1500-0543', 'R1500-0603', 'R1500-0642']","[0.65402228, 0.56693304, 0.52510703, 0.51153171, 0.50457668, 0.49846825, 0.49459147, 0.49430108, 0.49304381, 0.48941636]",1,1,1,1,1,54c604dcdffd88c41eea5be5fb4e31d957f909ac771a1d5942ac4c07d7563b2e,ef9f27141658502ed1cce3a9b2f8c98443b6bbdea16cb1e1dff03c7ce07b1cb1,2026-08-06T20:58:56.216506+00:00
Q061,attribute,R1500,DENSE,"['R1500-0601', 'R1500-0600', 'R1500-0027', 'R1500-0616', 'R1500-0603', 'R1500-0030', 'R1500-0604', 'R1500-0025', 'R1500-0084', 'R1500-0595']","[0.55570114, 0.53763795, 0.50663143, 0.49712285, 0.49623287, 0.49247211, 0.49216726, 0.49010646, 0.48972318, 0.48857033]",4,0,0,1,1,f61c960bf55513f58a4ce5bfa4b66875fd72b79029d33e94765cc9706fb7808f,ef9f27141658502ed1cce3a9b2f8c98443b6bbdea16cb1e1dff03c7ce07b1cb1,2026-08-06T20:58:56.216683+00:00
Q062,attribute,R1500,DENSE,"['R1500-0774', 'R1500-0759', 'R1500-0773', 'R1500-0775', 'R1500-0227', 'R1500-0787', 'R1500-0201', 'R1500-0241', 'R1500-0243', 'R1500-0771']","[0.55616498, 0.5534699, 0.55176485, 0.54721332, 0.53622925, 0.53494561, 0.53446311, 0.53296578, 0.53085899, 0.53045195]",,0,0,0,0,5c8adef11b7f9f14fdaf3f2b05f4bf2eade2fd127cc06c168c30d5a264f2e19b,ef9f27141658502ed1cce3a9b2f8c98443b6bbdea16cb1e1dff03c7ce07b1cb1,2026-08-06T20:58:56.216876+00:00
Q063,attribute,R1500,DENSE,"['R1500-0084', 'R1500-0025', 'R1500-0601', 'R1500-0031', 'R1500-0085', 'R1500-0616', 'R1500-0619', 'R1500-0030', 'R1500-0033', 'R1500-0051']","[0.58636057, 0.58181822, 0.58171856, 0.58143687, 0.58094192, 0.57907856, 0.57901585, 0.57771891, 0.57729244, 0.57596916]",1,1,1,1,1,2fcb8f74fb288a267371bea041e2ef92fecbf40c3afefeadee4eedb4b37a4b7d,ef9f27141658502ed1cce3a9b2f8c98443b6bbdea16cb1e1dff03c7ce07b1cb1,2026-08-06T20:58:56.217041+00:00
Q064,price,R1500,DENSE,"['R1500-0241', 'R1500-0270', 'R1500-0266', 'R1500-0243', 'R1500-0262', 'R1500-0264', 'R1500-0268', 'R1500-0630', 'R1500-0247', 'R1500-0240']","[0.54509348, 0.53654665, 0.53625333, 0.53012872, 0.52815646, 0.52615023, 0.52081376, 0.51890361, 0.51627445, 0.50911558]",,0,0,0,0,b62bbb3caaebfa64c64403faf2829200275bb07c63c054534fd50e9d8116f3cf,ef9f27141658502ed1cce3a9b2f8c98443b6bbdea16cb1e1dff03c7ce07b1cb1,2026-08-06T20:58:56.217197+00:00
Q065,price,R1500,DENSE,"['R1500-0665', 'R1500-0452', 'R1500-0700', 'R1500-0719', 'R1500-0395', 'R1500-0453', 'R1500-0449', 'R1500-0397', 'R1500-0701', 'R1500-0704']","[0.65839541, 0.62924558, 0.62135082, 0.59878588, 0.59723425, 0.58702803, 0.58511728, 0.58340394, 0.57919669, 0.57712048]",1,1,1,1,1,0946c2b0edc6e35b71765e99fa35342b581ce1d4ca3cc6f5a90b51f99d8ed5f0,ef9f27141658502ed1cce3a9b2f8c98443b6bbdea16cb1e1dff03c7ce07b1cb1,2026-08-06T20:58:56.218751+00:00
Q066,price,R1500,DENSE,"['R1500-0618', 'R1500-0619', 'R1500-0617', 'R1500-0611', 'R1500-0624', 'R1500-0593', 'R1500-0543', 'R1500-0616', 'R1500-0599', 'R1500-0597']","[0.56605256, 0.53290331, 0.53201228, 0.52418375, 0.51970291, 0.50906372, 0.50197256, 0.49956155, 0.49807256, 0.49795443]",1,1,1,1,1,39cabc2d4618c65602c74069cf838df5aec06eb59c9fee6d33c2d04eba6b55ba,ef9f27141658502ed1cce3a9b2f8c98443b6bbdea16cb1e1dff03c7ce07b1cb1,2026-08-06T20:58:56.218909+00:00
Q067,price,R1500,DENSE,"['R1500-0156', 'R1500-0158', 'R1500-0160', 'R1500-0162', 'R1500-0157', 'R1500-0170', 'R1500-0159', 'R1500-0155', 'R1500-0163', 'R1500-0161']","[0.64553225, 0.640149, 0.63102126, 0.62165964, 0.62114531, 0.6177547, 0.61029416, 0.60984427, 0.60951507, 0.6081804]",1,1,1,1,1,4fbeb0d3561fca0da8c4845058189be42e655f261b015252a30d2e669b679146,ef9f27141658502ed1cce3a9b2f8c98443b6bbdea16cb1e1dff03c7ce07b1cb1,2026-08-06T20:58:56.219056+00:00
Q068,price,R1500,DENSE,"['R1500-0618', 'R1500-0616', 'R1500-0593', 'R1500-0598', 'R1500-0596', 'R1500-0623', 'R1500-0624', 'R1500-0541', 'R1500-0620', 'R1500-0619']","[0.53303683, 0.4947038, 0.48781848, 0.48632634, 0.4860051, 0.47890764, 0.47707668, 0.47607678, 0.47475374, 0.4732691]",1,1,1,1,1,16b6a385479043c13164937fb1b2ecc6a79d8d9a6d4de83b9a3100d45cf1579b,ef9f27141658502ed1cce3a9b2f8c98443b6bbdea16cb1e1dff03c7ce07b1cb1,2026-08-06T20:58:56.219221+00:00
Q069,attribute,R1500,DENSE,"['R1500-0505', 'R1500-0169', 'R1500-0476', 'R1500-0510', 'R1500-0120', 'R1500-0382', 'R1500-0508', 'R1500-0573', 'R1500-0415', 'R1500-0495']","[0.5366298, 0.52859545, 0.52809221, 0.52678347, 0.52659965, 0.52499503, 0.52424145, 0.52393383, 0.52357829, 0.52043408]",,0,0,0,0,7c1b1722837dd6c135fa736bb1976d0162527707dca96900bef101bb1d9ffc87,ef9f27141658502ed1cce3a9b2f8c98443b6bbdea16cb1e1dff03c7ce07b1cb1,2026-08-06T20:58:56.219401+00:00
Q070,price,R1500,DENSE,"['R1500-0062', 'R1500-0061', 'R1500-0674', 'R1500-0152', 'R1500-0673', 'R1500-0710', 'R1500-0668', 'R1500-0680', 'R1500-0707', 'R1500-0670']","[0.55399829, 0.5285033, 0.51390034, 0.49998629, 0.49566409, 0.49326903, 0.49259406, 0.49099994, 0.48693272, 0.48568445]",1,1,1,1,1,448f241fd305ade36c04f3c45fa21450017097d9dd853ec5a1a778f3cbaf0c22,ef9f27141658502ed1cce3a9b2f8c98443b6bbdea16cb1e1dff03c7ce07b1cb1,2026-08-06T20:58:56.219556+00:00
Q071,attribute,R1500,DENSE,"['R1500-0616', 'R1500-0031', 'R1500-0619', 'R1500-0038', 'R1500-0593', 'R1500-0618', 'R1500-0046', 'R1500-0594', 'R1500-0617', 'R1500-0615']","[0.60992789, 0.58717173, 0.58449715, 0.58135724, 0.58061343, 0.57850349, 0.57810742, 0.57632005, 0.57628959, 0.5733158]",,0,0,0,0,bfffbe93a1080674ab56c5ed9ee85acb26fda9c08dec35c35a8a507c6195cf92,ef9f27141658502ed1cce3a9b2f8c98443b6bbdea16cb1e1dff03c7ce07b1cb1,2026-08-06T20:58:56.219728+00:00
Q072,attribute,R1500,DENSE,"['R1500-0772', 'R1500-0710', 'R1500-0232', 'R1500-0494', 'R1500-0177', 'R1500-0025', 'R1500-0708', 'R1500-0181', 'R1500-0771', 'R1500-0786']","[0.45888847, 0.45121968, 0.45073199, 0.45011032, 0.45000172, 0.44940662, 0.44878334, 0.44791293, 0.44585317, 0.44293088]",2,0,1,1,1,93bbb53ae5b88ede9b16f0bcc2984adcab6fdfb76083b5eaa374616f4bd938fd,ef9f27141658502ed1cce3a9b2f8c98443b6bbdea16cb1e1dff03c7ce07b1cb1,2026-08-06T20:58:56.219906+00:00
Q073,attribute,R1500,DENSE,"['R1500-0494', 'R1500-0365', 'R1500-0475', 'R1500-0773', 'R1500-0759', 'R1500-0775', 'R1500-0499', 'R1500-0485', 'R1500-0090', 'R1500-0177']","[0.62285376, 0.6036123, 0.59576392, 0.59031844, 0.58898699, 0.58019066, 0.57599699, 0.57439631, 0.57148957, 0.57086152]",2,0,1,1,1,a21798215057da92677e93d19b984f45adb740e2e0c46c68a159bccbaebc2026,ef9f27141658502ed1cce3a9b2f8c98443b6bbdea16cb1e1dff03c7ce07b1cb1,2026-08-06T20:58:56.220103+00:00
Q074,attribute,R1500,DENSE,"['R1500-0552', 'R1500-0547', 'R1500-0554', 'R1500-0550', 'R1500-0494', 'R1500-0784', 'R1500-0553', 'R1500-0783', 'R1500-0495', 'R1500-0548']","[0.61997634, 0.61659282, 0.5955072, 0.59111392, 0.58956003, 0.58848184, 0.57596672, 0.57317758, 0.56955522, 0.56889176]",,0,0,0,0,b87d12fd26d3ba196ab6c5cebef1a236e3aa0034e2467907aa2e5fee1ff4e357,ef9f27141658502ed1cce3a9b2f8c98443b6bbdea16cb1e1dff03c7ce07b1cb1,2026-08-06T20:58:56.222291+00:00
Q075,price,R1500,DENSE,"['R1500-0619', 'R1500-0624', 'R1500-0616', 'R1500-0038', 'R1500-0031', 'R1500-0029', 'R1500-0621', 'R1500-0625', 'R1500-0620', 'R1500-0593']","[0.5492152, 0.54553294, 0.54100943, 0.5376153, 0.53476834, 0.53206968, 0.53149289, 0.52281976, 0.52065134, 0.51986235]",8,0,0,0,1,9d1d2d484d9036bef4cac724d6492e6d47a1610035542de6885381a988a7f0ba,ef9f27141658502ed1cce3a9b2f8c98443b6bbdea16cb1e1dff03c7ce07b1cb1,2026-08-06T20:58:56.222444+00:00
Q076,attribute,R1500,DENSE,"['R1500-0608', 'R1500-0640', 'R1500-0542', 'R1500-0548', 'R1500-0642', 'R1500-0647', 'R1500-0636', 'R1500-0637', 'R1500-0633', 'R1500-0619']","[0.60074294, 0.53880519, 0.52079034, 0.51722181, 0.51676679, 0.51387358, 0.5117054, 0.50715202, 0.50554448, 0.50472224]",,0,0,0,0,542dd2c610ac347a3f296c3a0fa38c358f57443ccdc9edae1a2d10fd889dd6c2,ef9f27141658502ed1cce3a9b2f8c98443b6bbdea16cb1e1dff03c7ce07b1cb1,2026-08-06T20:58:56.222623+00:00
Q077,price,R1500,DENSE,"['R1500-0597', 'R1500-0598', 'R1500-0595', 'R1500-0600', 'R1500-0624', 'R1500-0596', 'R1500-0601', 'R1500-0616', 'R1500-0618', 'R1500-0604']","[0.62682241, 0.60945475, 0.58835423, 0.58451712, 0.57779622, 0.57599807, 0.57122749, 0.57066256, 0.56988561, 0.56632471]",2,0,1,1,1,ea6cec30bd2063961606711ed52523a21fb3d485dcfcbb18b5d45fd7a954eac8,ef9f27141658502ed1cce3a9b2f8c98443b6bbdea16cb1e1dff03c7ce07b1cb1,2026-08-06T20:58:56.222777+00:00
Q078,price,R1500,DENSE,"['R1500-0719', 'R1500-0385', 'R1500-0452', 'R1500-0720', 'R1500-0687', 'R1500-0714', 'R1500-0688', 'R1500-0484', 'R1500-0490', 'R1500-0387']","[0.73176724, 0.6784265, 0.67307705, 0.66372526, 0.66190511, 0.65959138, 0.65896052, 0.65668225, 0.65247941, 0.65073609]",1,1,1,1,1,fc873e1dcc9000570de62d94a2214779d1e9bafbde0aa7e0756b5ac228f60e08,ef9f27141658502ed1cce3a9b2f8c98443b6bbdea16cb1e1dff03c7ce07b1cb1,2026-08-06T20:58:56.222931+00:00
Q079,attribute,R1500,DENSE,"['R1500-0327', 'R1500-0084', 'R1500-0640', 'R1500-0545', 'R1500-0624', 'R1500-0038', 'R1500-0543', 'R1500-0653', 'R1500-0750', 'R1500-0542']","[0.48762017, 0.48445052, 0.47408184, 0.47156763, 0.47042429, 0.4677304, 0.46738565, 0.46560082, 0.46244594, 0.4618206]",8,0,0,0,1,ed953d21a16c62da20720634367cf8606681e6b2279069688dd9dcf59c07940d,ef9f27141658502ed1cce3a9b2f8c98443b6bbdea16cb1e1dff03c7ce07b1cb1,2026-08-06T20:58:56.223108+00:00
Q080,attribute,R1500,DENSE,"['R1500-0385', 'R1500-0387', 'R1500-0393', 'R1500-0388', 'R1500-0389', 'R1500-0391', 'R1500-0384', 'R1500-0456', 'R1500-0392', 'R1500-0390']","[0.7096526, 0.700297, 0.69689536, 0.6953876, 0.69428742, 0.69071007, 0.6851846, 0.67787492, 0.67557847, 0.67484242]",1,1,1,1,1,26f5eca35905436c06e41e3a185b5442ea1980d82bb31c81884675035a79626b,ef9f27141658502ed1cce3a9b2f8c98443b6bbdea16cb1e1dff03c7ce07b1cb1,2026-08-06T20:58:56.223299+00:00
Q081,price,R1500,DENSE,"['R1500-0452', 'R1500-0451', 'R1500-0450', 'R1500-0447', 'R1500-0446', 'R1500-0449', 'R1500-0454', 'R1500-0453', 'R1500-0733', 'R1500-0385']","[0.69899195, 0.68258715, 0.67030621, 0.66539776, 0.65109783, 0.64372593, 0.62274987, 0.62066853, 0.59978873, 0.59887397]",2,0,1,1,1,93e08fb64a3064cb417f5542f325d90c621d6804e71cbcf703d73e0ea58ea43a,ef9f27141658502ed1cce3a9b2f8c98443b6bbdea16cb1e1dff03c7ce07b1cb1,2026-08-06T20:58:56.223447+00:00
Q082,attribute,R1500,DENSE,"['R1500-0604', 'R1500-0768', 'R1500-0552', 'R1500-0603', 'R1500-0772', 'R1500-0591', 'R1500-0494', 'R1500-0554', 'R1500-0773', 'R1500-0495']","[0.52885306, 0.52597189, 0.52368319, 0.52191377, 0.52176327, 0.51999444, 0.51649129, 0.51643604, 0.51443267, 0.50832546]",1,1,1,1,1,8ca3b65200fdf1a357365a65a56a9186cc4c373dc757eb64d69dbf2e5200eee1,ef9f27141658502ed1cce3a9b2f8c98443b6bbdea16cb1e1dff03c7ce07b1cb1,2026-08-06T20:58:56.223619+00:00
Q083,attribute,R1500,DENSE,"['R1500-0303', 'R1500-0197', 'R1500-0222', 'R1500-0195', 'R1500-0223', 'R1500-0194', 'R1500-0196', 'R1500-0220', 'R1500-0221', 'R1500-0224']","[0.63519144, 0.61227787, 0.59000838, 0.5882051, 0.58622944, 0.58234143, 0.58122629, 0.58018124, 0.57758397, 0.57178819]",8,0,0,0,1,4b9d9334944a6e85fcb640a35cb2ad35161a1dc531510f9b31b1a65c0eca0c14,ef9f27141658502ed1cce3a9b2f8c98443b6bbdea16cb1e1dff03c7ce07b1cb1,2026-08-06T20:58:56.223792+00:00
Q084,attribute,R1500,DENSE,"['R1500-0031', 'R1500-0619', 'R1500-0038', 'R1500-0046', 'R1500-0045', 'R1500-0593', 'R1500-0624', 'R1500-0025', 'R1500-0085', 'R1500-0616']","[0.66652727, 0.65156758, 0.65014648, 0.64287275, 0.64248323, 0.62743986, 0.62246108, 0.61846644, 0.61814725, 0.61621964]",2,0,1,1,1,0452b3930eb8f92f27287b6634e5044b6eedfc85ffb7527a9b2ab26255ebebb6,ef9f27141658502ed1cce3a9b2f8c98443b6bbdea16cb1e1dff03c7ce07b1cb1,2026-08-06T20:58:56.223965+00:00
Q085,attribute,R1500,DENSE,"['R1500-0027', 'R1500-0049', 'R1500-0028', 'R1500-0591', 'R1500-0026', 'R1500-0084', 'R1500-0030', 'R1500-0083', 'R1500-0625', 'R1500-0036']","[0.55431432, 0.55350667, 0.54351318, 0.54175508, 0.52525216, 0.52442908, 0.51947021, 0.51613796, 0.51064253, 0.51051927]",,0,0,0,0,72fd26f2620adc949eec1422a9cfc04a1bf87a992cbbf5f3829b18ae6ac25fd1,ef9f27141658502ed1cce3a9b2f8c98443b6bbdea16cb1e1dff03c7ce07b1cb1,2026-08-06T20:58:56.224148+00:00
Q086,attribute,R1500,DENSE,"['R1500-0426', 'R1500-0429', 'R1500-0425', 'R1500-0428', 'R1500-0427', 'R1500-0487', 'R1500-0424', 'R1500-0486', 'R1500-0423', 'R1500-0383']","[0.60187215, 0.59809482, 0.59645689, 0.59643483, 0.59149075, 0.59022605, 0.57535642, 0.57305282, 0.55752265, 0.54618812]",,0,0,0,0,1e1ccaa368c1de37643e9441fecdf4c57f48fef4d9c24ac5a88fa6a5a698c84f,ef9f27141658502ed1cce3a9b2f8c98443b6bbdea16cb1e1dff03c7ce07b1cb1,2026-08-06T20:58:56.224335+00:00
Q087,price,R1500,DENSE,"['R1500-0424', 'R1500-0426', 'R1500-0544', 'R1500-0543', 'R1500-0644', 'R1500-0429', 'R1500-0427', 'R1500-0541', 'R1500-0677', 'R1500-0428']","[0.54979408, 0.53261554, 0.53111231, 0.51835263, 0.51744723, 0.51533055, 0.512752, 0.5105924, 0.50833189, 0.50766575]",2,0,1,1,1,d239a027d017e98a3689ffdc5b526c1c2c4cd57e25617291536bd757dd2e8036,ef9f27141658502ed1cce3a9b2f8c98443b6bbdea16cb1e1dff03c7ce07b1cb1,2026-08-06T20:58:56.224485+00:00
Q088,attribute,R1500,DENSE,"['R1500-0562', 'R1500-0648', 'R1500-0495', 'R1500-0497', 'R1500-0552', 'R1500-0547', 'R1500-0496', 'R1500-0644', 'R1500-0640', 'R1500-0494']","[0.5431909, 0.53106713, 0.53072083, 0.5294162, 0.52758086, 0.52623141, 0.52577907, 0.52563316, 0.52469313, 0.51738703]",6,0,0,0,1,01977f9cbfe28fa1b4feacdebe225291ea0b0cc95017ebaa53f862be749aba96,ef9f27141658502ed1cce3a9b2f8c98443b6bbdea16cb1e1dff03c7ce07b1cb1,2026-08-06T20:58:56.224662+00:00
Q089,attribute,R1500,DENSE,"['R1500-0712', 'R1500-0453', 'R1500-0733', 'R1500-0488', 'R1500-0394', 'R1500-0400', 'R1500-0510', 'R1500-0399', 'R1500-0397', 'R1500-0664']","[0.6507104, 0.62687856, 0.61580205, 0.61469364, 0.60760939, 0.60571355, 0.60519034, 0.60510856, 0.6015957, 0.6014902]",,0,0,0,0,41a4be0fd333336e60fdc0752120f5e1e677857fd06999e33447652e45b42b19,ef9f27141658502ed1cce3a9b2f8c98443b6bbdea16cb1e1dff03c7ce07b1cb1,2026-08-06T20:58:56.224838+00:00
Q090,attribute,R1500,DENSE,"['R1500-0591', 'R1500-0028', 'R1500-0597', 'R1500-0027', 'R1500-0592', 'R1500-0026', 'R1500-0604', 'R1500-0761', 'R1500-0599', 'R1500-0598']","[0.57644403, 0.55818218, 0.54755008, 0.54574132, 0.54495162, 0.5368526, 0.53133857, 0.52796531, 0.52005321, 0.51367903]",1,1,1,1,1,c71be014ca61c475c8778980ea20f8f4631966967e1025d97e402ca8750ebc0b,ef9f27141658502ed1cce3a9b2f8c98443b6bbdea16cb1e1dff03c7ce07b1cb1,2026-08-06T20:58:56.225009+00:00
Q091,attribute,R1500,DENSE,"['R1500-0189', 'R1500-0214', 'R1500-0213', 'R1500-0188', 'R1500-0187', 'R1500-0215', 'R1500-0186', 'R1500-0190', 'R1500-0216', 'R1500-0170']","[0.65978503, 0.65550894, 0.65527642, 0.65464675, 0.65425289, 0.65213132, 0.64954245, 0.64466393, 0.64396, 0.63159728]",3,0,1,1,1,81cd09d3ba23fac5560b9f45d0abe84bf9bbae4c3c84f95c4725e2cd2965c591,ef9f27141658502ed1cce3a9b2f8c98443b6bbdea16cb1e1dff03c7ce07b1cb1,2026-08-06T20:58:56.225182+00:00
Q092,price,R1500,DENSE,"['R1500-0675', 'R1500-0676', 'R1500-0410', 'R1500-0509', 'R1500-0173', 'R1500-0445', 'R1500-0141', 'R1500-0382', 'R1500-0166', 'R1500-0305']","[0.57211858, 0.56141841, 0.55582857, 0.54327041, 0.54078352, 0.52763879, 0.52538121, 0.52240491, 0.51450497, 0.51098478]",1,1,1,1,1,40f44dea97edd6da4b1cdad8eb61c02224d4e5d5b6bfdeb4fd8208425455b1a6,ef9f27141658502ed1cce3a9b2f8c98443b6bbdea16cb1e1dff03c7ce07b1cb1,2026-08-06T20:58:56.227124+00:00
Q093,price,R1500,DENSE,"['R1500-0658', 'R1500-0439', 'R1500-0438', 'R1500-0657', 'R1500-0721', 'R1500-0659', 'R1500-0661', 'R1500-0585', 'R1500-0660', 'R1500-0630']","[0.58210468, 0.58178049, 0.56152499, 0.55225295, 0.54990983, 0.52735096, 0.52359557, 0.52217239, 0.51952827, 0.51736832]",3,0,1,1,1,e6ea363016cdbf5d3dcda05ee04db4e86a0015345cf7e71ecb8636fd92c1f626,ef9f27141658502ed1cce3a9b2f8c98443b6bbdea16cb1e1dff03c7ce07b1cb1,2026-08-06T20:58:56.227287+00:00
Q094,attribute,R1500,DENSE,"['R1500-0621', 'R1500-0620', 'R1500-0033', 'R1500-0624', 'R1500-0616', 'R1500-0594', 'R1500-0622', 'R1500-0038', 'R1500-0615', 'R1500-0619']","[0.61900043, 0.58656222, 0.58335221, 0.57768059, 0.57565546, 0.56767547, 0.55943209, 0.556409, 0.55493969, 0.55392838]",1,1,1,1,1,b145825622bd1f7f13de9f56ac001f4bb3aa46a4b42840b7680056ed484bca8e,ef9f27141658502ed1cce3a9b2f8c98443b6bbdea16cb1e1dff03c7ce07b1cb1,2026-08-06T20:58:56.227459+00:00
Q095,attribute,R1500,DENSE,"['R1500-0494', 'R1500-0365', 'R1500-0475', 'R1500-0177', 'R1500-0171', 'R1500-0485', 'R1500-0496', 'R1500-0500', 'R1500-0499', 'R1500-0642']","[0.66987002, 0.65826774, 0.63711202, 0.63253742, 0.62072456, 0.61794746, 0.61663419, 0.61554039, 0.61528993, 0.61360371]",,0,0,0,0,9eb280340efed1b584663218b7efcf8fd5cc82a53bb4af42fc8fa5f011a4de02,ef9f27141658502ed1cce3a9b2f8c98443b6bbdea16cb1e1dff03c7ce07b1cb1,2026-08-06T20:58:56.227622+00:00
Q096,attribute,R1500,DENSE,"['R1500-0649', 'R1500-0046', 'R1500-0030', 'R1500-0594', 'R1500-0504', 'R1500-0027', 'R1500-0339', 'R1500-0471', 'R1500-0722', 'R1500-0038']","[0.55953676, 0.53287649, 0.5322485, 0.53220463, 0.5250982, 0.52489704, 0.52412999, 0.51913667, 0.51872325, 0.51816499]",1,1,1,1,1,c194ae1720d9977b7d02353887f607b5723032f71a7e6f028c257be3a3712ffe,ef9f27141658502ed1cce3a9b2f8c98443b6bbdea16cb1e1dff03c7ce07b1cb1,2026-08-06T20:58:56.227801+00:00
Q097,attribute,R1500,DENSE,"['R1500-0640', 'R1500-0636', 'R1500-0633', 'R1500-0031', 'R1500-0619', 'R1500-0005', 'R1500-0608', 'R1500-0637', 'R1500-0639', 'R1500-0651']","[0.54977095, 0.53186911, 0.52624041, 0.52588373, 0.5240733, 0.52399606, 0.51607794, 0.51415682, 0.50755012, 0.50602126]",,0,0,0,0,57643ed3091e09daa86267441d43825b0764e7294dd55f1cf189f9beb4aca7b4,ef9f27141658502ed1cce3a9b2f8c98443b6bbdea16cb1e1dff03c7ce07b1cb1,2026-08-06T20:58:56.227974+00:00
Q098,price,R1500,DENSE,"['R1500-0214', 'R1500-0187', 'R1500-0188', 'R1500-0186', 'R1500-0170', 'R1500-0213', 'R1500-0189', 'R1500-0215', 'R1500-0190', 'R1500-0216']","[0.6595757, 0.65069753, 0.64948857, 0.6381852, 0.63570219, 0.6343447, 0.63348544, 0.63320613, 0.62635309, 0.62511182]",1,1,1,1,1,83802b2e2b5f5c8c762ab7da7fa50553e6f83c7e51e620854e7c974cdd3025d6,ef9f27141658502ed1cce3a9b2f8c98443b6bbdea16cb1e1dff03c7ce07b1cb1,2026-08-06T20:58:56.228124+00:00
Q099,price,R1500,DENSE,"['R1500-0383', 'R1500-0427', 'R1500-0429', 'R1500-0382', 'R1500-0426', 'R1500-0428', 'R1500-0487', 'R1500-0381', 'R1500-0425', 'R1500-0486']","[0.68538404, 0.68119985, 0.67727995, 0.672809, 0.6681698, 0.65115333, 0.60798097, 0.60516346, 0.59989911, 0.58568835]",2,0,1,1,1,feef7e50071355503e33bead40b3a873a63303d80e610532b70b715224b07919,ef9f27141658502ed1cce3a9b2f8c98443b6bbdea16cb1e1dff03c7ce07b1cb1,2026-08-06T20:58:56.228947+00:00
Q100,price,R1500,DENSE,"['R1500-0495', 'R1500-0169', 'R1500-0630', 'R1500-0642', 'R1500-0170', 'R1500-0418', 'R1500-0321', 'R1500-0677', 'R1500-0365', 'R1500-0554']","[0.59772331, 0.56307018, 0.55891061, 0.55712759, 0.55009884, 0.54410952, 0.54297984, 0.54288572, 0.53905588, 0.53834182]",1,1,1,1,1,1bc2f80c0114736bf878d65f14abb8d9b606b9be13715263bbc1f9f5b9e538fe,ef9f27141658502ed1cce3a9b2f8c98443b6bbdea16cb1e1dff03c7ce07b1cb1,2026-08-06T20:58:56.229814+00:00
Q101,price,R1500,DENSE,"['R1500-0488', 'R1500-0492', 'R1500-0490', 'R1500-0489', 'R1500-0491', 'R1500-0510', 'R1500-0733', 'R1500-0401', 'R1500-0722', 'R1500-0727']","[0.70627367, 0.6886692, 0.66687828, 0.66173959, 0.65432471, 0.63350308, 0.62056011, 0.6188584, 0.61596435, 0.61103368]",4,0,0,1,1,3dfa73ce270bce1c609cd3a1b659d7658ec7bbfc5790a4cb1e0c1e67af5e465b,ef9f27141658502ed1cce3a9b2f8c98443b6bbdea16cb1e1dff03c7ce07b1cb1,2026-08-06T20:58:56.229962+00:00
Q102,attribute,R1500,DENSE,"['R1500-0619', 'R1500-0593', 'R1500-0039', 'R1500-0604', 'R1500-0608', 'R1500-0616', 'R1500-0030', 'R1500-0013', 'R1500-0046', 'R1500-0027']","[0.59655088, 0.58951467, 0.58859897, 0.58718026, 0.58584809, 0.58269256, 0.58171308, 0.58054328, 0.57711923, 0.57388359]",1,1,1,1,1,2fc2187a8808915ece4b89d74d6f186293be5c2db9356c9c69d281dee2016e34,ef9f27141658502ed1cce3a9b2f8c98443b6bbdea16cb1e1dff03c7ce07b1cb1,2026-08-06T20:58:56.230134+00:00
Q103,price,R1500,DENSE,"['R1500-0495', 'R1500-0640', 'R1500-0678', 'R1500-0552', 'R1500-0547', 'R1500-0734', 'R1500-0711', 'R1500-0668', 'R1500-0667', 'R1500-0367']","[0.61651587, 0.59843659, 0.59382582, 0.58934647, 0.58703369, 0.58614844, 0.58585989, 0.58231676, 0.58163774, 0.58058941]",7,0,0,0,1,775535b727f374237ca640ce830a5739473aa99381245763c78a3fb326546d0f,ef9f27141658502ed1cce3a9b2f8c98443b6bbdea16cb1e1dff03c7ce07b1cb1,2026-08-06T20:58:56.230646+00:00
Q104,attribute,R1500,DENSE,"['R1500-0622', 'R1500-0615', 'R1500-0604', 'R1500-0608', 'R1500-0030', 'R1500-0035', 'R1500-0616', 'R1500-0762', 'R1500-0594', 'R1500-0421']","[0.56796753, 0.55197537, 0.53711653, 0.52503526, 0.51290327, 0.50962114, 0.50369763, 0.50145268, 0.49771443, 0.49769351]",1,1,1,1,1,073b5ccbbb5d12df864a1203cc6edbf8f8229328e151851fa3e26b64b4fbe5c4,ef9f27141658502ed1cce3a9b2f8c98443b6bbdea16cb1e1dff03c7ce07b1cb1,2026-08-06T20:58:56.231133+00:00
Q105,attribute,R1500,DENSE,"['R1500-0552', 'R1500-0554', 'R1500-0784', 'R1500-0553', 'R1500-0547', 'R1500-0783', 'R1500-0475', 'R1500-0494', 'R1500-0786', 'R1500-0019']","[0.63462293, 0.63416851, 0.62290108, 0.6200546, 0.61168647, 0.61074543, 0.60702008, 0.6041913, 0.60058296, 0.59672624]",1,1,1,1,1,30fccae8d08079515190429ec1ce426195208b39625cae98ae70b7075f7c9ae6,ef9f27141658502ed1cce3a9b2f8c98443b6bbdea16cb1e1dff03c7ce07b1cb1,2026-08-06T20:58:56.231307+00:00
Q106,attribute,R1500,DENSE,"['R1500-0705', 'R1500-0510', 'R1500-0344', 'R1500-0399', 'R1500-0345', 'R1500-0733', 'R1500-0349', 'R1500-0338', 'R1500-0346', 'R1500-0335']","[0.64631748, 0.64308727, 0.64159423, 0.63653898, 0.63494825, 0.63223767, 0.63223189, 0.63192761, 0.62961709, 0.62798452]",,0,0,0,0,9b2cb844fe1d46d1c6b2585188ad5cd9e861f3d8a3597c47a16848f14aa9d1c0,ef9f27141658502ed1cce3a9b2f8c98443b6bbdea16cb1e1dff03c7ce07b1cb1,2026-08-06T20:58:56.231481+00:00
Q107,price,R1500,DENSE,"['R1500-0303', 'R1500-0197', 'R1500-0196', 'R1500-0173', 'R1500-0223', 'R1500-0195', 'R1500-0302', 'R1500-0220', 'R1500-0222', 'R1500-0194']","[0.63953817, 0.62750679, 0.62086785, 0.61378264, 0.59219688, 0.58965194, 0.58574772, 0.58299685, 0.57873821, 0.57758546]",3,0,1,1,1,ecfe8a4b08ccdbf10d87b0674ca3a6ee004d6cfcefbd40a7f2fde68e2cf6f484,ef9f27141658502ed1cce3a9b2f8c98443b6bbdea16cb1e1dff03c7ce07b1cb1,2026-08-06T20:58:56.231638+00:00
Q108,attribute,R1500,DENSE,"['R1500-0723', 'R1500-0478', 'R1500-0399', 'R1500-0722', 'R1500-0432', 'R1500-0452', 'R1500-0344', 'R1500-0345', 'R1500-0343', 'R1500-0338']","[0.66435009, 0.63622957, 0.63240147, 0.62557775, 0.62470043, 0.62324965, 0.62252247, 0.62223971, 0.62222922, 0.62056059]",4,0,0,1,1,96f67eb8e648187bf4d081f291f6615fc8eff182e554114e400a82bc1863e6df,ef9f27141658502ed1cce3a9b2f8c98443b6bbdea16cb1e1dff03c7ce07b1cb1,2026-08-06T20:58:56.231808+00:00
Q109,price,R1500,DENSE,"['R1500-0452', 'R1500-0453', 'R1500-0449', 'R1500-0450', 'R1500-0451', 'R1500-0447', 'R1500-0448', 'R1500-0446', 'R1500-0700', 'R1500-0394']","[0.74738187, 0.71809399, 0.67774367, 0.67354035, 0.66011906, 0.65553749, 0.64890027, 0.64599836, 0.64592308, 0.64287794]",1,1,1,1,1,a87513a21da239ee80707417e2d5e28bb0e2d0c25bcc707dabfd2551b9833ce6,ef9f27141658502ed1cce3a9b2f8c98443b6bbdea16cb1e1dff03c7ce07b1cb1,2026-08-06T20:58:56.231991+00:00
Q110,price,R1500,DENSE,"['R1500-0146', 'R1500-0652', 'R1500-0145', 'R1500-0509', 'R1500-0173', 'R1500-0309', 'R1500-0186', 'R1500-0220', 'R1500-0170', 'R1500-0165']","[0.67675245, 0.66060686, 0.64659971, 0.58431625, 0.58224678, 0.5684936, 0.5680635, 0.55958551, 0.55949378, 0.55764091]",1,1,1,1,1,4f47ce968956ec1b9dcfa6fb89d16e695a7903720db30a29461dc3242eafa943,ef9f27141658502ed1cce3a9b2f8c98443b6bbdea16cb1e1dff03c7ce07b1cb1,2026-08-06T20:58:56.232171+00:00
Q111,attribute,R1500,DENSE,"['R1500-0664', 'R1500-0510', 'R1500-0733', 'R1500-0722', 'R1500-0399', 'R1500-0447', 'R1500-0448', 'R1500-0714', 'R1500-0345', 'R1500-0699']","[0.64213347, 0.63479686, 0.62614363, 0.62390274, 0.62056887, 0.62038064, 0.61767739, 0.61016405, 0.60797012, 0.60779583]",1,1,1,1,1,00e1a44afcc90d43d2582e730e2ece89e06e7b8caaa68d9122bcde5dd443c4fe,ef9f27141658502ed1cce3a9b2f8c98443b6bbdea16cb1e1dff03c7ce07b1cb1,2026-08-06T20:58:56.232402+00:00
Q112,price,R1500,DENSE,"['R1500-0197', 'R1500-0303', 'R1500-0194', 'R1500-0195', 'R1500-0196', 'R1500-0557', 'R1500-0566', 'R1500-0222', 'R1500-0223', 'R1500-0220']","[0.61590546, 0.60282528, 0.60262334, 0.59257305, 0.58602107, 0.58446282, 0.56543064, 0.56519198, 0.5643065, 0.56135166]",3,0,1,1,1,d4a200f7c79abfadaabdfc1911cd4429b157c6abde39b1305f85d1ec0811767d,ef9f27141658502ed1cce3a9b2f8c98443b6bbdea16cb1e1dff03c7ce07b1cb1,2026-08-06T20:58:56.232553+00:00
Q113,price,R1500,DENSE,"['R1500-0664', 'R1500-0712', 'R1500-0510', 'R1500-0453', 'R1500-0722', 'R1500-0699', 'R1500-0701', 'R1500-0700', 'R1500-0704', 'R1500-0733']","[0.68435663, 0.63870811, 0.62876117, 0.62465608, 0.62139308, 0.61843967, 0.61812615, 0.61102867, 0.60999244, 0.60949862]",1,1,1,1,1,6bb4a27e2d029f166f1958687a4afd70c10587e5b99a71471173da86451e17ab,ef9f27141658502ed1cce3a9b2f8c98443b6bbdea16cb1e1dff03c7ce07b1cb1,2026-08-06T20:58:56.232701+00:00
Q114,price,R1500,DENSE,"['R1500-0148', 'R1500-0093', 'R1500-0092', 'R1500-0651', 'R1500-0608', 'R1500-0543', 'R1500-0640', 'R1500-0541', 'R1500-0542', 'R1500-0607']","[0.50186622, 0.49952471, 0.4875136, 0.47749722, 0.46128067, 0.45841056, 0.45016229, 0.4479261, 0.44760585, 0.44734663]",3,0,1,1,1,9691c026bc4bea91f64a899878df11e7db1e4bce6b4a7f60afe37ecca89f6f64,ef9f27141658502ed1cce3a9b2f8c98443b6bbdea16cb1e1dff03c7ce07b1cb1,2026-08-06T20:58:56.232847+00:00
Q115,price,R1500,DENSE,"['R1500-0724', 'R1500-0725', 'R1500-0673', 'R1500-0674', 'R1500-0492', 'R1500-0707', 'R1500-0667', 'R1500-0722', 'R1500-0700', 'R1500-0664']","[0.59300458, 0.53288853, 0.52107859, 0.51868963, 0.50188506, 0.49941868, 0.49770394, 0.49691948, 0.49689639, 0.49262333]",1,1,1,1,1,2e1b099df3e03cb9b343938d4b186ae61af215efa56e01e984ce04ab8aba526b,ef9f27141658502ed1cce3a9b2f8c98443b6bbdea16cb1e1dff03c7ce07b1cb1,2026-08-06T20:58:56.232998+00:00
Q116,price,R1500,DENSE,"['R1500-0547', 'R1500-0644', 'R1500-0550', 'R1500-0552', 'R1500-0324', 'R1500-0642', 'R1500-0646', 'R1500-0551', 'R1500-0554', 'R1500-0548']","[0.48737144, 0.48025304, 0.47900829, 0.47732422, 0.47667015, 0.47477257, 0.4695285, 0.46829093, 0.46618211, 0.46056291]",5,0,0,1,1,973d56c38a9c431edd989310f37b3e7e33c4aa20e78d648d92632c62bc319e55,ef9f27141658502ed1cce3a9b2f8c98443b6bbdea16cb1e1dff03c7ce07b1cb1,2026-08-06T20:58:56.233149+00:00
Q117,price,R1500,DENSE,"['R1500-0424', 'R1500-0425', 'R1500-0426', 'R1500-0428', 'R1500-0429', 'R1500-0427', 'R1500-0487', 'R1500-0486', 'R1500-0383', 'R1500-0651']","[0.5224337, 0.50344586, 0.49966371, 0.49331009, 0.48923722, 0.48258245, 0.47474444, 0.46858716, 0.45968506, 0.45855629]",3,0,1,1,1,5609e748e6565211c6854d9da53b6a2f0d89f74cfe73a4b44430f44dcce6d882,ef9f27141658502ed1cce3a9b2f8c98443b6bbdea16cb1e1dff03c7ce07b1cb1,2026-08-06T20:58:56.233578+00:00
Q118,attribute,R1500,DENSE,"['R1500-0438', 'R1500-0439', 'R1500-0440', 'R1500-0437', 'R1500-0434', 'R1500-0721', 'R1500-0659', 'R1500-0433', 'R1500-0435', 'R1500-0660']","[0.65366673, 0.64473987, 0.63016915, 0.6150353, 0.5950166, 0.58846402, 0.5845049, 0.58297783, 0.57654482, 0.55578786]",1,1,1,1,1,9a6d95e707906a22be115e683f0f8195e5c4d47bae1b7a6c8eee99479e63fd5e,ef9f27141658502ed1cce3a9b2f8c98443b6bbdea16cb1e1dff03c7ce07b1cb1,2026-08-06T20:58:56.234200+00:00
Q119,price,R1500,DENSE,"['R1500-0619', 'R1500-0031', 'R1500-0618', 'R1500-0616', 'R1500-0038', 'R1500-0624', 'R1500-0593', 'R1500-0621', 'R1500-0613', 'R1500-0614']","[0.60509276, 0.58214188, 0.57051015, 0.56663239, 0.56036592, 0.55793804, 0.55628848, 0.55577749, 0.55421716, 0.55186421]",7,0,0,0,1,dae9e176af9e63f7ca77e382bc0ff6010e0f46e3f648a0f351bddad5d9e15c11,ef9f27141658502ed1cce3a9b2f8c98443b6bbdea16cb1e1dff03c7ce07b1cb1,2026-08-06T20:58:56.234390+00:00
Q120,price,R1500,DENSE,"['R1500-0380', 'R1500-0378', 'R1500-0377', 'R1500-0379', 'R1500-0368', 'R1500-0373', 'R1500-0375', 'R1500-0700', 'R1500-0376', 'R1500-0345']","[0.65844911, 0.6390413, 0.63643253, 0.62612104, 0.58306199, 0.55932343, 0.55649853, 0.55556935, 0.55179811, 0.55131775]",4,0,0,1,1,f5d51c683fab70ca719bbc64cc698ad47437a0b33c7e40b373408d369e2d66a5,ef9f27141658502ed1cce3a9b2f8c98443b6bbdea16cb1e1dff03c7ce07b1cb1,2026-08-06T20:58:56.234538+00:00
Q121,price,R1500,DENSE,"['R1500-0571', 'R1500-0644', 'R1500-0544', 'R1500-0572', 'R1500-0547', 'R1500-0570', 'R1500-0542', 'R1500-0623', 'R1500-0590', 'R1500-0078']","[0.53081679, 0.47269049, 0.47228062, 0.47124827, 0.46917361, 0.4678846, 0.46571934, 0.46162692, 0.46058035, 0.45878744]",1,1,1,1,1,552191e84c5c679c754387e93cc1776085f91b9f84a6f57cc9e77dd292c9d8e6,ef9f27141658502ed1cce3a9b2f8c98443b6bbdea16cb1e1dff03c7ce07b1cb1,2026-08-06T20:58:56.234690+00:00
Q122,price,R1500,DENSE,"['R1500-0555', 'R1500-0556', 'R1500-0550', 'R1500-0087', 'R1500-0553', 'R1500-0021', 'R1500-0022', 'R1500-0549', 'R1500-0548', 'R1500-0086']","[0.59981024, 0.59338248, 0.58469445, 0.56345862, 0.55781424, 0.55587262, 0.55527109, 0.55026954, 0.55025446, 0.55015308]",1,1,1,1,1,3bd0c461db5f4eb09e428b5cb253afbf4fcedf9e6aa2d8afe02e3f7634bacb57,ef9f27141658502ed1cce3a9b2f8c98443b6bbdea16cb1e1dff03c7ce07b1cb1,2026-08-06T20:58:56.234844+00:00
Q123,attribute,R1500,DENSE,"['R1500-0013', 'R1500-0030', 'R1500-0616', 'R1500-0594', 'R1500-0604', 'R1500-0031', 'R1500-0619', 'R1500-0044', 'R1500-0015', 'R1500-0048']","[0.65181631, 0.63706195, 0.63521045, 0.62350392, 0.60838044, 0.60394192, 0.60159993, 0.60138899, 0.59306842, 0.59144992]",1,1,1,1,1,56fcd27e00ef9aef2b112a433f47dc209c9b4eeca75b8367b88929642ad0afe2,ef9f27141658502ed1cce3a9b2f8c98443b6bbdea16cb1e1dff03c7ce07b1cb1,2026-08-06T20:58:56.235437+00:00
Q124,attribute,R1500,DENSE,"['R1500-0030', 'R1500-0616', 'R1500-0594', 'R1500-0046', 'R1500-0044', 'R1500-0619', 'R1500-0043', 'R1500-0095', 'R1500-0604', 'R1500-0027']","[0.56872541, 0.56289816, 0.55383801, 0.54739696, 0.54097688, 0.53485674, 0.52539361, 0.514777, 0.51092911, 0.50865048]",1,1,1,1,1,e2663a8a7b1c0af68f47c8237b45e970eaf0b49915bf06892b7498f8bf20d8ae,ef9f27141658502ed1cce3a9b2f8c98443b6bbdea16cb1e1dff03c7ce07b1cb1,2026-08-06T20:58:56.237341+00:00
Q125,attribute,R1500,DENSE,"['R1500-0190', 'R1500-0216', 'R1500-0188', 'R1500-0215', 'R1500-0189', 'R1500-0214', 'R1500-0187', 'R1500-0213', 'R1500-0186', 'R1500-0191']","[0.70124972, 0.7007162, 0.68429267, 0.67984056, 0.67943424, 0.67930317, 0.6786474, 0.67376411, 0.6405164, 0.63774461]",1,1,1,1,1,0e701a71d0e6771b3da40836f2b239dad9c55d76e85ad8802dc2bde3df036fa5,ef9f27141658502ed1cce3a9b2f8c98443b6bbdea16cb1e1dff03c7ce07b1cb1,2026-08-06T20:58:56.237513+00:00
Q126,price,R1500,DENSE,"['R1500-0051', 'R1500-0624', 'R1500-0593', 'R1500-0619', 'R1500-0595', 'R1500-0621', 'R1500-0620', 'R1500-0640', 'R1500-0614', 'R1500-0544']","[0.44887799, 0.43759602, 0.43646806, 0.43027085, 0.42751402, 0.42658469, 0.4252871, 0.42148066, 0.41882882, 0.41669744]",,0,0,0,0,1f5c5a873218d0a08387e1ced4f689cd006ff0b18d8e9ead4eea0dc27a2d6eda,ef9f27141658502ed1cce3a9b2f8c98443b6bbdea16cb1e1dff03c7ce07b1cb1,2026-08-06T20:58:56.237664+00:00
Q127,price,R1500,DENSE,"['R1500-0492', 'R1500-0719', 'R1500-0721', 'R1500-0720', 'R1500-0722', 'R1500-0700', 'R1500-0491', 'R1500-0385', 'R1500-0714', 'R1500-0347']","[0.63037938, 0.62299287, 0.62223852, 0.62084132, 0.60882103, 0.60724926, 0.60592586, 0.60588849, 0.60191685, 0.59967434]",3,0,1,1,1,7a859cdd59887ef1fa0bb873d69171929c221848125094a1714b587ebb9de06e,ef9f27141658502ed1cce3a9b2f8c98443b6bbdea16cb1e1dff03c7ce07b1cb1,2026-08-06T20:58:56.237848+00:00
Q128,price,R1500,DENSE,"['R1500-0170', 'R1500-0101', 'R1500-0173', 'R1500-0552', 'R1500-0006', 'R1500-0633', 'R1500-0543', 'R1500-0651', 'R1500-0637', 'R1500-0644']","[0.52057719, 0.51895678, 0.50403333, 0.50154054, 0.50057733, 0.4980028, 0.49192509, 0.48975202, 0.48796597, 0.48632786]",2,0,1,1,1,c3c474d4183f4eda9620d59c995838738351dde95d662cef616da1e537db7d59,ef9f27141658502ed1cce3a9b2f8c98443b6bbdea16cb1e1dff03c7ce07b1cb1,2026-08-06T20:58:56.238006+00:00
Q129,price,R1500,DENSE,"['R1500-0505', 'R1500-0630', 'R1500-0644', 'R1500-0629', 'R1500-0509', 'R1500-0104', 'R1500-0173', 'R1500-0547', 'R1500-0552', 'R1500-0218']","[0.53600466, 0.5212763, 0.51756793, 0.51615965, 0.514094, 0.51007754, 0.50991857, 0.50914705, 0.50793779, 0.50432581]",1,1,1,1,1,67a84a8fc181bcbaf09d3a142372a5aa193aecd6c497215c7c128c4621dee0d6,ef9f27141658502ed1cce3a9b2f8c98443b6bbdea16cb1e1dff03c7ce07b1cb1,2026-08-06T20:58:56.238179+00:00
Q130,attribute,R1500,DENSE,"['R1500-0090', 'R1500-0089', 'R1500-0088', 'R1500-0644', 'R1500-0494', 'R1500-0642', 'R1500-0475', 'R1500-0562', 'R1500-0091', 'R1500-0630']","[0.62240994, 0.60091501, 0.58983004, 0.58772886, 0.5782901, 0.56943369, 0.56527668, 0.54117519, 0.5387851, 0.53867853]",1,1,1,1,1,2e1b18bd4a4882a5f2522c226cd89bce81719a76b7ac82e5067e62eb735c77fe,ef9f27141658502ed1cce3a9b2f8c98443b6bbdea16cb1e1dff03c7ce07b1cb1,2026-08-06T20:58:56.238364+00:00
Q131,attribute,R1500,DENSE,"['R1500-0724', 'R1500-0725', 'R1500-0722', 'R1500-0492', 'R1500-0488', 'R1500-0727', 'R1500-0389', 'R1500-0402', 'R1500-0721', 'R1500-0432']","[0.60905409, 0.58142477, 0.56154817, 0.55043435, 0.54273617, 0.53982008, 0.53777897, 0.53712094, 0.53423131, 0.53403914]",1,1,1,1,1,bb572e1146128a322b087235cd3c1fbc13b0f97c04e315748e680b07d45b57cb,ef9f27141658502ed1cce3a9b2f8c98443b6bbdea16cb1e1dff03c7ce07b1cb1,2026-08-06T20:58:56.238539+00:00
Q132,price,R1500,DENSE,"['R1500-0191', 'R1500-0192', 'R1500-0217', 'R1500-0675', 'R1500-0218', 'R1500-0676', 'R1500-0644', 'R1500-0173', 'R1500-0677', 'R1500-0547']","[0.56481695, 0.56433547, 0.55223358, 0.52725148, 0.52361077, 0.50861716, 0.50787258, 0.50770682, 0.5052014, 0.50518376]",1,1,1,1,1,580de183adfc2d31b3ccb2472e70096c18ecd17ffcbca8b8ce471e99fde0d534,ef9f27141658502ed1cce3a9b2f8c98443b6bbdea16cb1e1dff03c7ce07b1cb1,2026-08-06T20:58:56.238683+00:00
Q133,attribute,R1500,DENSE,"['R1500-0511', 'R1500-0177', 'R1500-0174', 'R1500-0176', 'R1500-0403', 'R1500-0488', 'R1500-0435', 'R1500-0175', 'R1500-0721', 'R1500-0475']","[0.50870109, 0.50016868, 0.49680626, 0.49312204, 0.49039209, 0.48936462, 0.48222136, 0.48014838, 0.47928607, 0.47821677]",,0,0,0,0,a128862140f64219e9d9451410eb723a9f97823d3cbab486be378117636e3e05,ef9f27141658502ed1cce3a9b2f8c98443b6bbdea16cb1e1dff03c7ce07b1cb1,2026-08-06T20:58:56.238854+00:00
Q134,attribute,R1500,DENSE,"['R1500-0452', 'R1500-0665', 'R1500-0397', 'R1500-0399', 'R1500-0700', 'R1500-0449', 'R1500-0733', 'R1500-0719', 'R1500-0361', 'R1500-0450']","[0.67363191, 0.65816158, 0.6547364, 0.63832921, 0.63654971, 0.63321888, 0.63094765, 0.63052988, 0.62523639, 0.62441611]",,0,0,0,0,bf138cceeef05d87e7675c3a9284facbeddd15679df9238e7e8fe860651d29f8,ef9f27141658502ed1cce3a9b2f8c98443b6bbdea16cb1e1dff03c7ce07b1cb1,2026-08-06T20:58:56.239040+00:00
Q135,attribute,R1500,DENSE,"['R1500-0722', 'R1500-0492', 'R1500-0343', 'R1500-0349', 'R1500-0348', 'R1500-0456', 'R1500-0338', 'R1500-0346', 'R1500-0347', 'R1500-0391']","[0.68161702, 0.67945635, 0.66431761, 0.65971071, 0.65657127, 0.65650076, 0.65180492, 0.65147805, 0.65137577, 0.64826697]",1,1,1,1,1,858d1b8e5ab94eec7d1fa940c84e3a451e68b4f997069493c95064b64318eb4d,ef9f27141658502ed1cce3a9b2f8c98443b6bbdea16cb1e1dff03c7ce07b1cb1,2026-08-06T20:58:56.239229+00:00
Q136,attribute,R1500,DENSE,"['R1500-0666', 'R1500-0452', 'R1500-0407', 'R1500-0346', 'R1500-0338', 'R1500-0345', 'R1500-0456', 'R1500-0349', 'R1500-0344', 'R1500-0733']","[0.64589703, 0.64404529, 0.64155722, 0.63763708, 0.63756847, 0.63468862, 0.63372481, 0.63363433, 0.63334769, 0.63269866]",,0,0,0,0,bd6b7874a4bfe44a0ff8e9f997c645733522a53760259eb0d86603cc7707f110,ef9f27141658502ed1cce3a9b2f8c98443b6bbdea16cb1e1dff03c7ce07b1cb1,2026-08-06T20:58:56.239784+00:00
Q137,price,R1500,DENSE,"['R1500-0303', 'R1500-0197', 'R1500-0196', 'R1500-0173', 'R1500-0195', 'R1500-0223', 'R1500-0302', 'R1500-0194', 'R1500-0222', 'R1500-0220']","[0.64427698, 0.63917744, 0.63446569, 0.61829865, 0.60315031, 0.6018641, 0.59427863, 0.5916723, 0.58787757, 0.58758295]",3,0,1,1,1,c8611d6569b38fcadefabce87af243085047e4a12884607241704344c2ada889,ef9f27141658502ed1cce3a9b2f8c98443b6bbdea16cb1e1dff03c7ce07b1cb1,2026-08-06T20:58:56.239945+00:00
Q138,price,R1500,DENSE,"['R1500-0618', 'R1500-0617', 'R1500-0593', 'R1500-0622', 'R1500-0651', 'R1500-0621', 'R1500-0623', 'R1500-0619', 'R1500-0591', 'R1500-0616']","[0.57971489, 0.53910398, 0.52138162, 0.49747288, 0.49657172, 0.49561799, 0.49424535, 0.4925724, 0.49184942, 0.49110299]",1,1,1,1,1,cc888b125a1c9f6987e91c1c5fac3f08c3c7b54eca3161a0701487fef0f7fd1f,ef9f27141658502ed1cce3a9b2f8c98443b6bbdea16cb1e1dff03c7ce07b1cb1,2026-08-06T20:58:56.240103+00:00
Q139,price,R1500,DENSE,"['R1500-0057', 'R1500-0060', 'R1500-0058', 'R1500-0731', 'R1500-0062', 'R1500-0059', 'R1500-0673', 'R1500-0656', 'R1500-0674', 'R1500-0441']","[0.5503341, 0.51474094, 0.47625598, 0.47543788, 0.4742738, 0.46848619, 0.46651646, 0.46526518, 0.46065238, 0.46013212]",1,1,1,1,1,0fb640fdb62e3f50507524b42edc18402f980791cbde7ed538d223391a25b54c,ef9f27141658502ed1cce3a9b2f8c98443b6bbdea16cb1e1dff03c7ce07b1cb1,2026-08-06T20:58:56.240279+00:00
Q140,price,R1500,DENSE,"['R1500-0170', 'R1500-0187', 'R1500-0188', 'R1500-0186', 'R1500-0214', 'R1500-0190', 'R1500-0213', 'R1500-0189', 'R1500-0216', 'R1500-0215']","[0.67864561, 0.66964382, 0.6692152, 0.66671598, 0.66489816, 0.66220284, 0.65589321, 0.65374815, 0.6483345, 0.64766169]",1,1,1,1,1,cff6357be7e261a834dcc91c99e801a69badf28ebf6eb2709c19dd776b6f8d73,ef9f27141658502ed1cce3a9b2f8c98443b6bbdea16cb1e1dff03c7ce07b1cb1,2026-08-06T20:58:56.240433+00:00
Q141,price,R1500,DENSE,"['R1500-0385', 'R1500-0714', 'R1500-0393', 'R1500-0387', 'R1500-0390', 'R1500-0391', 'R1500-0392', 'R1500-0716', 'R1500-0719', 'R1500-0389']","[0.70414358, 0.66989499, 0.6691798, 0.66777766, 0.66094863, 0.65797639, 0.64921796, 0.64881963, 0.64828563, 0.64193797]",5,0,0,1,1,088cf0826aa589b40ad1370eb7e7fb5126236983f32d53ab13890912d49304c9,ef9f27141658502ed1cce3a9b2f8c98443b6bbdea16cb1e1dff03c7ce07b1cb1,2026-08-06T20:58:56.240597+00:00
Q142,price,R1500,DENSE,"['R1500-0159', 'R1500-0158', 'R1500-0160', 'R1500-0170', 'R1500-0157', 'R1500-0163', 'R1500-0162', 'R1500-0173', 'R1500-0305', 'R1500-0186']","[0.60564339, 0.59201789, 0.59193963, 0.59171021, 0.58644348, 0.58618534, 0.5854646, 0.56718546, 0.56496382, 0.56412691]",1,1,1,1,1,859f4c3f7abb4b1a58bd44af303f213d32118322651715979c9352ffe122e8c4,ef9f27141658502ed1cce3a9b2f8c98443b6bbdea16cb1e1dff03c7ce07b1cb1,2026-08-06T20:58:56.240742+00:00
Q143,attribute,R1500,DENSE,"['R1500-0495', 'R1500-0669', 'R1500-0678', 'R1500-0670', 'R1500-0722', 'R1500-0668', 'R1500-0488', 'R1500-0710', 'R1500-0667', 'R1500-0679']","[0.61296159, 0.60670698, 0.59816337, 0.58901596, 0.5807727, 0.57720983, 0.57648832, 0.57355285, 0.56865895, 0.56782496]",4,0,0,1,1,f4dee4305190b093ee11875ef6813cf5ce3e1f97d7e2eeffdf459f1e32d8d1ee,ef9f27141658502ed1cce3a9b2f8c98443b6bbdea16cb1e1dff03c7ce07b1cb1,2026-08-06T20:58:56.240907+00:00
Q144,price,R1500,DENSE,"['R1500-0170', 'R1500-0188', 'R1500-0214', 'R1500-0187', 'R1500-0304', 'R1500-0186', 'R1500-0213', 'R1500-0190', 'R1500-0173', 'R1500-0189']","[0.65091109, 0.64472926, 0.64339805, 0.64259291, 0.63263333, 0.629825, 0.62895191, 0.62571967, 0.62516081, 0.62119687]",2,0,1,1,1,aeba23ebee74275402ae92bc0ce998ae9ec0b0a09ea8d5b5c604b6ac39b7c941,ef9f27141658502ed1cce3a9b2f8c98443b6bbdea16cb1e1dff03c7ce07b1cb1,2026-08-06T20:58:56.241049+00:00
Q145,attribute,R1500,DENSE,"['R1500-0146', 'R1500-0652', 'R1500-0145', 'R1500-0309', 'R1500-0640', 'R1500-0147', 'R1500-0173', 'R1500-0160', 'R1500-0186', 'R1500-0312']","[0.70380425, 0.6491707, 0.63696837, 0.58484066, 0.57132268, 0.55583262, 0.55488539, 0.54942077, 0.54768395, 0.54336739]",,0,0,0,0,6f03cbacb4eaa978ffb3d648a5ddb3014f246d61ca171872ee7584194ff28f5c,ef9f27141658502ed1cce3a9b2f8c98443b6bbdea16cb1e1dff03c7ce07b1cb1,2026-08-06T20:58:56.241236+00:00
Q146,price,R1500,DENSE,"['R1500-0603', 'R1500-0619', 'R1500-0616', 'R1500-0601', 'R1500-0618', 'R1500-0593', 'R1500-0624', 'R1500-0604', 'R1500-0621', 'R1500-0608']","[0.60198075, 0.55418068, 0.54361039, 0.53908843, 0.5369646, 0.51350224, 0.50937188, 0.50419897, 0.5022403, 0.50222176]",1,1,1,1,1,c15f28e5838eb5540b54e2dd7c7e4e9a1b06fdaa6a121d046f1a436c299248d5,ef9f27141658502ed1cce3a9b2f8c98443b6bbdea16cb1e1dff03c7ce07b1cb1,2026-08-06T20:58:56.242942+00:00
Q147,price,R1500,DENSE,"['R1500-0631', 'R1500-0640', 'R1500-0637', 'R1500-0636', 'R1500-0635', 'R1500-0309', 'R1500-0633', 'R1500-0639', 'R1500-0750', 'R1500-0634']","[0.64417994, 0.62361628, 0.61517835, 0.60242081, 0.5958128, 0.58430165, 0.58298707, 0.57857931, 0.57359135, 0.56697202]",1,1,1,1,1,f42bf362a9bae1680e3a777eb05b3a2d932f677cdac92a69c987cf802102410c,ef9f27141658502ed1cce3a9b2f8c98443b6bbdea16cb1e1dff03c7ce07b1cb1,2026-08-06T20:58:56.243112+00:00
Q148,price,R1500,DENSE,"['R1500-0547', 'R1500-0552', 'R1500-0550', 'R1500-0548', 'R1500-0551', 'R1500-0644', 'R1500-0553', 'R1500-0554', 'R1500-0141', 'R1500-0549']","[0.63530213, 0.61829883, 0.60863447, 0.60540044, 0.58355087, 0.58262026, 0.57999086, 0.57272846, 0.56239986, 0.55934823]",4,0,0,1,1,5888de19506654fc70581631b57245fa02d092deaffa1656a3370e2d7ea61305,ef9f27141658502ed1cce3a9b2f8c98443b6bbdea16cb1e1dff03c7ce07b1cb1,2026-08-06T20:58:56.243296+00:00
Q149,attribute,R1500,DENSE,"['R1500-0031', 'R1500-0620', 'R1500-0619', 'R1500-0621', 'R1500-0029', 'R1500-0616', 'R1500-0594', 'R1500-0085', 'R1500-0051', 'R1500-0624']","[0.60672402, 0.60465389, 0.60214436, 0.59571826, 0.59372866, 0.59295642, 0.57793534, 0.57458425, 0.57129282, 0.57032281]",6,0,0,0,1,79475664a4455679bb720f433b5ba06e7c2d3970663bfb507d7351c736a6b8bc,ef9f27141658502ed1cce3a9b2f8c98443b6bbdea16cb1e1dff03c7ce07b1cb1,2026-08-06T20:58:56.243467+00:00
Q150,attribute,R1500,DENSE,"['R1500-0056', 'R1500-0055', 'R1500-0054', 'R1500-0019', 'R1500-0139', 'R1500-0550', 'R1500-0057', 'R1500-0552', 'R1500-0053', 'R1500-0087']","[0.68434328, 0.60697317, 0.60672462, 0.59227002, 0.58574504, 0.56844723, 0.55908275, 0.55881965, 0.5583638, 0.55511987]",1,1,1,1,1,b8f085dada031f1ea66c9d944462b56aee8572c5af9a7e7984c8ae7495558b69,ef9f27141658502ed1cce3a9b2f8c98443b6bbdea16cb1e1dff03c7ce07b1cb1,2026-08-06T20:58:56.243634+00:00
Q151,price,R1500,DENSE,"['R1500-0099', 'R1500-0100', 'R1500-0646', 'R1500-0106', 'R1500-0017', 'R1500-0321', 'R1500-0647', 'R1500-0553', 'R1500-0101', 'R1500-0637']","[0.64195323, 0.57097042, 0.51412618, 0.50874615, 0.50464094, 0.50166106, 0.49977279, 0.49973103, 0.4992266, 0.49743503]",2,0,1,1,1,1208b1974eadda76d85e26db629c6220d4d1bb38780cf86a332fe08c84665024,ef9f27141658502ed1cce3a9b2f8c98443b6bbdea16cb1e1dff03c7ce07b1cb1,2026-08-06T20:58:56.243798+00:00
Q152,price,R1500,DENSE,"['R1500-0713', 'R1500-0679', 'R1500-0664', 'R1500-0700', 'R1500-0712', 'R1500-0667', 'R1500-0706', 'R1500-0705', 'R1500-0722', 'R1500-0672']","[0.6588614, 0.60519612, 0.60145193, 0.58630586, 0.58541942, 0.58040035, 0.5790782, 0.5755347, 0.57158816, 0.5698694]",1,1,1,1,1,d9e6297f3fecf4c1c603a640c391f92d24f351446e6705767c34a5ab413ba92b,ef9f27141658502ed1cce3a9b2f8c98443b6bbdea16cb1e1dff03c7ce07b1cb1,2026-08-06T20:58:56.243949+00:00
Q153,attribute,R1500,DENSE,"['R1500-0429', 'R1500-0428', 'R1500-0427', 'R1500-0426', 'R1500-0383', 'R1500-0382', 'R1500-0381', 'R1500-0423', 'R1500-0487', 'R1500-0425']","[0.65873599, 0.65829313, 0.65281886, 0.62666959, 0.61531115, 0.60229021, 0.59727776, 0.59451294, 0.59238458, 0.58079231]",,0,0,0,0,82576ad3f6bd4cf70fcfbacbbf31f827037615ada32da1b939038002e6a02f54,ef9f27141658502ed1cce3a9b2f8c98443b6bbdea16cb1e1dff03c7ce07b1cb1,2026-08-06T20:58:56.244128+00:00
Q154,attribute,R1500,DENSE,"['R1500-0289', 'R1500-0290', 'R1500-0288', 'R1500-0292', 'R1500-0284', 'R1500-0285', 'R1500-0287', 'R1500-0291', 'R1500-0286', 'R1500-0283']","[0.67367876, 0.64393485, 0.63713855, 0.60457236, 0.59286499, 0.58350956, 0.58270198, 0.57647359, 0.55725181, 0.54997522]",1,1,1,1,1,8139bc1e47a7a976c43c0a25a49f5db646947f321276d02658c39c3197b2db6c,ef9f27141658502ed1cce3a9b2f8c98443b6bbdea16cb1e1dff03c7ce07b1cb1,2026-08-06T20:58:56.244332+00:00
Q155,price,R1500,DENSE,"['R1500-0493', 'R1500-0630', 'R1500-0642', 'R1500-0494', 'R1500-0365', 'R1500-0633', 'R1500-0631', 'R1500-0322', 'R1500-0636', 'R1500-0680']","[0.54168022, 0.53191614, 0.52415681, 0.52386993, 0.52202415, 0.52106917, 0.52081251, 0.51975864, 0.51726365, 0.51669401]",1,1,1,1,1,145344b903cb304a974134d4fd4bdc8df403ca8749d1c64c78e70f5c2229b2f4,ef9f27141658502ed1cce3a9b2f8c98443b6bbdea16cb1e1dff03c7ce07b1cb1,2026-08-06T20:58:56.244484+00:00
Q156,price,R1500,DENSE,"['R1500-0578', 'R1500-0543', 'R1500-0544', 'R1500-0642', 'R1500-0541', 'R1500-0585', 'R1500-0630', 'R1500-0176', 'R1500-0631', 'R1500-0638']","[0.51038969, 0.50573134, 0.50427175, 0.49741, 0.49647921, 0.49572709, 0.49557409, 0.49455008, 0.49050349, 0.4886198]",8,0,0,0,1,34ba5c07e9f2b615884e32fef110095e7cdb1ba763f23b0e96c40a08d5515f68,ef9f27141658502ed1cce3a9b2f8c98443b6bbdea16cb1e1dff03c7ce07b1cb1,2026-08-06T20:58:56.244629+00:00
Q157,attribute,R1500,DENSE,"['R1500-0493', 'R1500-0415', 'R1500-0570', 'R1500-0453', 'R1500-0590', 'R1500-0560', 'R1500-0138', 'R1500-0573', 'R1500-0496', 'R1500-0498']","[0.63568914, 0.55310428, 0.55228961, 0.54908633, 0.54463983, 0.54076356, 0.53752315, 0.53665715, 0.53560412, 0.53249139]",,0,0,0,0,d86aab20083ae85a6169e6a5b95906bdb44fd9f3fb19036130c1e550bc3daf65,ef9f27141658502ed1cce3a9b2f8c98443b6bbdea16cb1e1dff03c7ce07b1cb1,2026-08-06T20:58:56.244799+00:00
Q158,attribute,R1500,DENSE,"['R1500-0475', 'R1500-0171', 'R1500-0494', 'R1500-0172', 'R1500-0642', 'R1500-0177', 'R1500-0495', 'R1500-0169', 'R1500-0485', 'R1500-0759']","[0.61946011, 0.61883962, 0.61042625, 0.60741258, 0.60358989, 0.60305095, 0.60186863, 0.59792382, 0.59747595, 0.59613508]",1,1,1,1,1,ed6cd526ef46ff81b16bf0824ff67afc2d05c3d4c4ed61d1b79a74e2ac3e469b,ef9f27141658502ed1cce3a9b2f8c98443b6bbdea16cb1e1dff03c7ce07b1cb1,2026-08-06T20:58:56.245032+00:00
Q159,attribute,R1500,DENSE,"['R1500-0142', 'R1500-0744', 'R1500-0651', 'R1500-0006', 'R1500-0144', 'R1500-0772', 'R1500-0745', 'R1500-0746', 'R1500-0094', 'R1500-0766']","[0.64351612, 0.55455351, 0.54216313, 0.53154176, 0.53038269, 0.52979201, 0.52168399, 0.52129912, 0.52103376, 0.5195663]",1,1,1,1,1,6c35f07c8628b7e554ba8e6dd393fdac18e782f66f5bff80baadc8a0e51cfa9d,ef9f27141658502ed1cce3a9b2f8c98443b6bbdea16cb1e1dff03c7ce07b1cb1,2026-08-06T20:58:56.246150+00:00
Q160,price,R1500,DENSE,"['R1500-0509', 'R1500-0173', 'R1500-0547', 'R1500-0640', 'R1500-0543', 'R1500-0637', 'R1500-0639', 'R1500-0636', 'R1500-0553', 'R1500-0146']","[0.532444, 0.52651668, 0.52398193, 0.52321625, 0.52294135, 0.52249557, 0.51994717, 0.51941967, 0.51832718, 0.51811492]",,0,0,0,0,47c7d154b536197644096c43b63dac86d420c45e98eed7898afd275936793696,ef9f27141658502ed1cce3a9b2f8c98443b6bbdea16cb1e1dff03c7ce07b1cb1,2026-08-06T20:58:56.247050+00:00
Q161,attribute,R1500,DENSE,"['R1500-0649', 'R1500-0570', 'R1500-0568', 'R1500-0569', 'R1500-0504', 'R1500-0005', 'R1500-0650', 'R1500-0640', 'R1500-0562', 'R1500-0619']","[0.58972085, 0.54951847, 0.54106724, 0.53070438, 0.52365226, 0.51946604, 0.51783413, 0.5160355, 0.5156641, 0.51204848]",,0,0,0,0,4d81036ecab29f102a952871a035c25c4bf999fe1dafc3fde449adb0ce3a1fe7,ef9f27141658502ed1cce3a9b2f8c98443b6bbdea16cb1e1dff03c7ce07b1cb1,2026-08-06T20:58:56.248296+00:00
Q162,price,R1500,DENSE,"['R1500-0373', 'R1500-0371', 'R1500-0368', 'R1500-0370', 'R1500-0369', 'R1500-0380', 'R1500-0375', 'R1500-0377', 'R1500-0376', 'R1500-0378']","[0.70491415, 0.68549609, 0.68405879, 0.65669835, 0.62271976, 0.61743176, 0.61321807, 0.6026985, 0.60083199, 0.5985024]",1,1,1,1,1,c88ac06881715d43d6838c742b9d6c65af0375301d6d7466b575bd0c7dd076c8,ef9f27141658502ed1cce3a9b2f8c98443b6bbdea16cb1e1dff03c7ce07b1cb1,2026-08-06T20:58:56.249315+00:00
Q163,attribute,R1500,DENSE,"['R1500-0151', 'R1500-0238', 'R1500-0773', 'R1500-0759', 'R1500-0330', 'R1500-0774', 'R1500-0262', 'R1500-0283', 'R1500-0241', 'R1500-0244']","[0.62341905, 0.59169537, 0.58207297, 0.57068837, 0.56974268, 0.56791621, 0.5665006, 0.56482393, 0.56449705, 0.56424475]",1,1,1,1,1,9f54acb68ee3f31899db786d9a4077865283380827d4ae03ae3308f9e0ecc9f1,ef9f27141658502ed1cce3a9b2f8c98443b6bbdea16cb1e1dff03c7ce07b1cb1,2026-08-06T20:58:56.249893+00:00
Q164,price,R1500,DENSE,"['R1500-0677', 'R1500-0495', 'R1500-0446', 'R1500-0679', 'R1500-0667', 'R1500-0678', 'R1500-0710', 'R1500-0712', 'R1500-0700', 'R1500-0734']","[0.65723968, 0.6101011, 0.59503847, 0.59128058, 0.58850497, 0.58444262, 0.58014327, 0.57809544, 0.57633543, 0.57360661]",1,1,1,1,1,08cfca2e76e6e7bb076b1339eeabbcc4fbaadaf24b2c07ebd9749305a97620c6,ef9f27141658502ed1cce3a9b2f8c98443b6bbdea16cb1e1dff03c7ce07b1cb1,2026-08-06T20:58:56.250051+00:00
Q165,price,R1500,DENSE,"['R1500-0292', 'R1500-0290', 'R1500-0291', 'R1500-0288', 'R1500-0289', 'R1500-0192', 'R1500-0287', 'R1500-0293', 'R1500-0285', 'R1500-0284']","[0.7166537, 0.6504637, 0.62755394, 0.58436143, 0.57066727, 0.53448266, 0.52682233, 0.52067196, 0.51943141, 0.51244825]",8,0,0,0,1,8274cb4311a5c9d11ce7665b7f42d11f9acb66a6648f0902d9c92e3ba583da7e,ef9f27141658502ed1cce3a9b2f8c98443b6bbdea16cb1e1dff03c7ce07b1cb1,2026-08-06T20:58:56.250228+00:00
Q166,price,R1500,DENSE,"['R1500-0625', 'R1500-0626', 'R1500-0645', 'R1500-0621', 'R1500-0553', 'R1500-0640', 'R1500-0619', 'R1500-0622', 'R1500-0133', 'R1500-0631']","[0.57970095, 0.5741443, 0.52980858, 0.51706326, 0.51609147, 0.50708479, 0.50398421, 0.49745205, 0.49635834, 0.49518874]",2,0,1,1,1,b604181784cb0b75852fc717cd2057753abbdc44029f50653d4984425297f6b9,ef9f27141658502ed1cce3a9b2f8c98443b6bbdea16cb1e1dff03c7ce07b1cb1,2026-08-06T20:58:56.250402+00:00
Q167,price,R1500,DENSE,"['R1500-0303', 'R1500-0197', 'R1500-0194', 'R1500-0221', 'R1500-0195', 'R1500-0220', 'R1500-0302', 'R1500-0196', 'R1500-0173', 'R1500-0223']","[0.64340413, 0.63626319, 0.63151884, 0.61911869, 0.60768604, 0.60272205, 0.60267651, 0.59868145, 0.59116012, 0.58993065]",3,0,1,1,1,d7f7fcc2f0354f903893ab08d1ce1f8a8ca30c9d6bfec443c7eaa167a433a3c9,ef9f27141658502ed1cce3a9b2f8c98443b6bbdea16cb1e1dff03c7ce07b1cb1,2026-08-06T20:58:56.250581+00:00
Q168,price,R1500,DENSE,"['R1500-0157', 'R1500-0158', 'R1500-0160', 'R1500-0170', 'R1500-0172', 'R1500-0173', 'R1500-0163', 'R1500-0171', 'R1500-0214', 'R1500-0303']","[0.63613594, 0.62689012, 0.6097157, 0.60471511, 0.60223454, 0.59361237, 0.5836845, 0.58305132, 0.57199645, 0.57084644]",1,1,1,1,1,b5657d9b11f81754ed5eee5acb7b8ec5a41b4e8453ee76c732ec404e472b6305,ef9f27141658502ed1cce3a9b2f8c98443b6bbdea16cb1e1dff03c7ce07b1cb1,2026-08-06T20:58:56.250727+00:00
Q169,attribute,R1500,DENSE,"['R1500-0614', 'R1500-0031', 'R1500-0051', 'R1500-0619', 'R1500-0029', 'R1500-0046', 'R1500-0621', 'R1500-0045', 'R1500-0624', 'R1500-0085']","[0.62281358, 0.59247637, 0.58098924, 0.58065116, 0.57087958, 0.56767434, 0.56301308, 0.55715144, 0.55549836, 0.55088091]",,0,0,0,0,0c560f050d3d82d81b766004f347a5e71ca4ea110260e5583597c52a5381549a,ef9f27141658502ed1cce3a9b2f8c98443b6bbdea16cb1e1dff03c7ce07b1cb1,2026-08-06T20:58:56.250909+00:00
Q170,price,R1500,DENSE,"['R1500-0100', 'R1500-0098', 'R1500-0099', 'R1500-0097', 'R1500-0626', 'R1500-0625', 'R1500-0645', 'R1500-0619', 'R1500-0621', 'R1500-0624']","[0.49512434, 0.4864971, 0.47988865, 0.47781926, 0.47735345, 0.47542006, 0.46992069, 0.46891165, 0.46847284, 0.4681406]",1,1,1,1,1,5a07536463b4d54efe28d0e6c0f32e9c94809a24cdd5251ea1543f512c0df37b,ef9f27141658502ed1cce3a9b2f8c98443b6bbdea16cb1e1dff03c7ce07b1cb1,2026-08-06T20:58:56.251069+00:00
Q171,price,R1500,DENSE,"['R1500-0176', 'R1500-0175', 'R1500-0174', 'R1500-0544', 'R1500-0177', 'R1500-0627', 'R1500-0630', 'R1500-0172', 'R1500-0642', 'R1500-0543']","[0.51286513, 0.49878341, 0.49650472, 0.49054816, 0.49039239, 0.48491713, 0.48438665, 0.48209202, 0.48166144, 0.48005795]",1,1,1,1,1,1fd2863e165e49da72af6f725925cbfce5b231b08afd325c3bc968951e0f65ec,ef9f27141658502ed1cce3a9b2f8c98443b6bbdea16cb1e1dff03c7ce07b1cb1,2026-08-06T20:58:56.251233+00:00
Q172,attribute,R1500,DENSE,"['R1500-0427', 'R1500-0429', 'R1500-0426', 'R1500-0428', 'R1500-0383', 'R1500-0382', 'R1500-0381', 'R1500-0487', 'R1500-0425', 'R1500-0434']","[0.65760469, 0.65069419, 0.63627636, 0.63619554, 0.62675416, 0.62307644, 0.61390448, 0.59329003, 0.5840559, 0.5840134]",,0,0,0,0,18e8e967ff54f9941f6b4d6e8eada3c224f728834692f8ac7888c80b6b926045,ef9f27141658502ed1cce3a9b2f8c98443b6bbdea16cb1e1dff03c7ce07b1cb1,2026-08-06T20:58:56.251415+00:00
Q173,attribute,R1500,DENSE,"['R1500-0030', 'R1500-0619', 'R1500-0594', 'R1500-0616', 'R1500-0095', 'R1500-0604', 'R1500-0046', 'R1500-0013', 'R1500-0623', 'R1500-0085']","[0.60424721, 0.55756664, 0.55663979, 0.5565843, 0.55242312, 0.55002409, 0.54932004, 0.54740709, 0.54284698, 0.53914142]",,0,0,0,0,f720b80185ea88f4589b0ec29b30eee21c5c1f5b041aed448386586ac399167e,ef9f27141658502ed1cce3a9b2f8c98443b6bbdea16cb1e1dff03c7ce07b1cb1,2026-08-06T20:58:56.251614+00:00
Q174,price,R1500,DENSE,"['R1500-0477', 'R1500-0385', 'R1500-0490', 'R1500-0722', 'R1500-0733', 'R1500-0726', 'R1500-0727', 'R1500-0725', 'R1500-0492', 'R1500-0452']","[0.66228163, 0.60183942, 0.59699762, 0.59392536, 0.59371507, 0.59334004, 0.59332973, 0.59239668, 0.58944666, 0.58512139]",1,1,1,1,1,bb6c71a041434ac31f023f5b03934264177c1695dec56b4445ea81f8bd9cc8fd,ef9f27141658502ed1cce3a9b2f8c98443b6bbdea16cb1e1dff03c7ce07b1cb1,2026-08-06T20:58:56.251763+00:00
Q175,attribute,R1500,DENSE,"['R1500-0616', 'R1500-0649', 'R1500-0620', 'R1500-0619', 'R1500-0621', 'R1500-0615', 'R1500-0622', 'R1500-0618', 'R1500-0611', 'R1500-0031']","[0.57324731, 0.56741911, 0.56302881, 0.56039828, 0.56027073, 0.55828398, 0.55695683, 0.55675149, 0.55139035, 0.54962373]",5,0,0,1,1,485fcaa7cd1c30c0cea992dd715523efb1683ba26cfe1e304d2e381257e647dc,ef9f27141658502ed1cce3a9b2f8c98443b6bbdea16cb1e1dff03c7ce07b1cb1,2026-08-06T20:58:56.251940+00:00
Q176,attribute,R1500,DENSE,"['R1500-0492', 'R1500-0490', 'R1500-0719', 'R1500-0338', 'R1500-0347', 'R1500-0349', 'R1500-0348', 'R1500-0456', 'R1500-0345', 'R1500-0346']","[0.70132643, 0.68221533, 0.67269993, 0.65994734, 0.65527773, 0.65305024, 0.6509279, 0.65043551, 0.65030032, 0.64858902]",1,1,1,1,1,9bc5fb1b493a312da75f9bf55d34c8577054eaf7e53da5c535dec95e426fbb1e,ef9f27141658502ed1cce3a9b2f8c98443b6bbdea16cb1e1dff03c7ce07b1cb1,2026-08-06T20:58:56.252095+00:00
Q177,price,R1500,DENSE,"['R1500-0187', 'R1500-0213', 'R1500-0170', 'R1500-0186', 'R1500-0214', 'R1500-0188', 'R1500-0190', 'R1500-0189', 'R1500-0216', 'R1500-0215']","[0.68471777, 0.67097735, 0.66661394, 0.66593599, 0.66383088, 0.66054982, 0.6554383, 0.65499526, 0.65351439, 0.64891034]",1,1,1,1,1,38ae8f755770f5e95f7b32b98ee6ed1e765c677b95c409c89c9e263617e93491,ef9f27141658502ed1cce3a9b2f8c98443b6bbdea16cb1e1dff03c7ce07b1cb1,2026-08-06T20:58:56.252258+00:00
Q178,attribute,R1500,DENSE,"['R1500-0651', 'R1500-0144', 'R1500-0143', 'R1500-0142', 'R1500-0148', 'R1500-0652', 'R1500-0146', 'R1500-0005', 'R1500-0556', 'R1500-0006']","[0.70990419, 0.66707671, 0.64152664, 0.63973916, 0.58354795, 0.56970155, 0.54970521, 0.54649222, 0.53481567, 0.52373743]",,0,0,0,0,540656bb0228de7f959eb5e1dc4040f4b8c6417f8a18dcef98275f0e708b1ccf,ef9f27141658502ed1cce3a9b2f8c98443b6bbdea16cb1e1dff03c7ce07b1cb1,2026-08-06T20:58:56.252437+00:00
Q179,attribute,R1500,DENSE,"['R1500-0303', 'R1500-0323', 'R1500-0262', 'R1500-0238', 'R1500-0170', 'R1500-0277', 'R1500-0505', 'R1500-0509', 'R1500-0316', 'R1500-0192']","[0.55084419, 0.54258662, 0.5348537, 0.5273726, 0.52450716, 0.52001345, 0.52001023, 0.51943547, 0.5187602, 0.51579535]",9,0,0,0,1,7a28fa828b4dc6ebce6bc589484bcc8529ee1a8d772c1c1515be867b487a98b2,ef9f27141658502ed1cce3a9b2f8c98443b6bbdea16cb1e1dff03c7ce07b1cb1,2026-08-06T20:58:56.252617+00:00
Q180,price,R1500,DENSE,"['R1500-0545', 'R1500-0546', 'R1500-0543', 'R1500-0542', 'R1500-0541', 'R1500-0623', 'R1500-0617', 'R1500-0544', 'R1500-0562', 'R1500-0618']","[0.48057872, 0.47884125, 0.47581452, 0.47561455, 0.46581274, 0.46550477, 0.45942935, 0.45005149, 0.44887856, 0.44878292]",6,0,0,0,1,00acbe99e5c9680d4477e5a714fb0614b6f6977126a994b796e0620009ed31cf,ef9f27141658502ed1cce3a9b2f8c98443b6bbdea16cb1e1dff03c7ce07b1cb1,2026-08-06T20:58:56.252770+00:00
Q181,price,R1500,DENSE,"['R1500-0616', 'R1500-0618', 'R1500-0619', 'R1500-0624', 'R1500-0621', 'R1500-0593', 'R1500-0615', 'R1500-0043', 'R1500-0591', 'R1500-0620']","[0.57387269, 0.56944501, 0.56936663, 0.53675836, 0.53597462, 0.53422439, 0.53237343, 0.5312109, 0.51735437, 0.51457965]",,0,0,0,0,37be64013a7a3f7fd42e8bf659ae20751ae69cc47ef7409134872421a09770e3,ef9f27141658502ed1cce3a9b2f8c98443b6bbdea16cb1e1dff03c7ce07b1cb1,2026-08-06T20:58:56.252923+00:00
Q182,attribute,R1500,DENSE,"['R1500-0439', 'R1500-0438', 'R1500-0440', 'R1500-0437', 'R1500-0721', 'R1500-0434', 'R1500-0659', 'R1500-0433', 'R1500-0435', 'R1500-0660']","[0.64333963, 0.64217675, 0.61639476, 0.60153538, 0.58235419, 0.57433456, 0.56804037, 0.565014, 0.5597235, 0.54752636]",1,1,1,1,1,a3aa9aac8bf600816c7f35761c1a15bbebb4c6cd67584a37774a52a3840d91b1,ef9f27141658502ed1cce3a9b2f8c98443b6bbdea16cb1e1dff03c7ce07b1cb1,2026-08-06T20:58:56.253099+00:00
Q183,price,R1500,DENSE,"['R1500-0382', 'R1500-0383', 'R1500-0426', 'R1500-0427', 'R1500-0658', 'R1500-0429', 'R1500-0486', 'R1500-0487', 'R1500-0721', 'R1500-0428']","[0.67555499, 0.66263384, 0.61953104, 0.61680156, 0.61570537, 0.61416864, 0.61393571, 0.6120435, 0.61112022, 0.60338676]",1,1,1,1,1,66e4183d888044f3ee77a6c1dae63bd73d86a02f4aa57d5dfcca0fd9ec8fc246,ef9f27141658502ed1cce3a9b2f8c98443b6bbdea16cb1e1dff03c7ce07b1cb1,2026-08-06T20:58:56.253271+00:00
Q184,price,R1500,DENSE,"['R1500-0158', 'R1500-0157', 'R1500-0170', 'R1500-0173', 'R1500-0160', 'R1500-0172', 'R1500-0159', 'R1500-0305', 'R1500-0186', 'R1500-0188']","[0.65281951, 0.62106138, 0.60698062, 0.60127985, 0.59588253, 0.58795345, 0.58385366, 0.58129811, 0.58002329, 0.5760957]",1,1,1,1,1,05ef6497d4a47b77eda854d91601c598f4c145169d1f38abee00897b47aea875,ef9f27141658502ed1cce3a9b2f8c98443b6bbdea16cb1e1dff03c7ce07b1cb1,2026-08-06T20:58:56.253423+00:00
Q185,price,R1500,DENSE,"['R1500-0153', 'R1500-0061', 'R1500-0152', 'R1500-0154', 'R1500-0677', 'R1500-0062', 'R1500-0675', 'R1500-0611', 'R1500-0620', 'R1500-0329']","[0.66194898, 0.57860065, 0.55444419, 0.54054821, 0.50050819, 0.49315137, 0.48619246, 0.48566237, 0.46939889, 0.46910509]",1,1,1,1,1,484bd02904eebaaca6a24ac76c548933864654162222f8f5c1410326de30b223,ef9f27141658502ed1cce3a9b2f8c98443b6bbdea16cb1e1dff03c7ce07b1cb1,2026-08-06T20:58:56.253580+00:00
Q186,price,R1500,DENSE,"['R1500-0158', 'R1500-0160', 'R1500-0157', 'R1500-0162', 'R1500-0170', 'R1500-0163', 'R1500-0173', 'R1500-0189', 'R1500-0215', 'R1500-0159']","[0.62373149, 0.61475837, 0.61360288, 0.60300279, 0.60206294, 0.59445918, 0.59194481, 0.58446121, 0.58000517, 0.57755053]",4,0,0,1,1,d9e0686023eb4751de6897089db1bbc5ce4fb0c169f2abe576870fd0556ae332,ef9f27141658502ed1cce3a9b2f8c98443b6bbdea16cb1e1dff03c7ce07b1cb1,2026-08-06T20:58:56.253731+00:00
Q187,attribute,R1500,DENSE,"['R1500-0640', 'R1500-0631', 'R1500-0309', 'R1500-0312', 'R1500-0317', 'R1500-0320', 'R1500-0310', 'R1500-0313', 'R1500-0315', 'R1500-0314']","[0.61236107, 0.60269213, 0.59781849, 0.57473791, 0.56405723, 0.55597568, 0.55156863, 0.55112183, 0.53689504, 0.53612274]",1,1,1,1,1,7b67e2f0295e978b5492fb14023ee3eb7960b0bdfb53bfa3a1f0bb2dbdab8bd0,ef9f27141658502ed1cce3a9b2f8c98443b6bbdea16cb1e1dff03c7ce07b1cb1,2026-08-06T20:58:56.253911+00:00
Q188,price,R1500,DENSE,"['R1500-0720', 'R1500-0719', 'R1500-0492', 'R1500-0687', 'R1500-0346', 'R1500-0722', 'R1500-0698', 'R1500-0700', 'R1500-0452', 'R1500-0491']","[0.65769553, 0.64945549, 0.62897855, 0.61066884, 0.60938096, 0.60772252, 0.60764295, 0.60750139, 0.60744476, 0.60342127]",1,1,1,1,1,9f262b156d7549e6f9d28c84d37621d9c6ec10ad988576b6e0b63b44cf82076f,ef9f27141658502ed1cce3a9b2f8c98443b6bbdea16cb1e1dff03c7ce07b1cb1,2026-08-06T20:58:56.254060+00:00
Q189,attribute,R1500,DENSE,"['R1500-0758', 'R1500-0094', 'R1500-0759', 'R1500-0775', 'R1500-0766', 'R1500-0006', 'R1500-0095', 'R1500-0772', 'R1500-0320', 'R1500-0765']","[0.54162967, 0.5398286, 0.53124845, 0.52594525, 0.52235591, 0.52110183, 0.51848984, 0.51276606, 0.51040494, 0.50877512]",,0,0,0,0,e20effc3456128d462be0c0ac7e56b1b92261be5914b673819e9409e6115ed3c,ef9f27141658502ed1cce3a9b2f8c98443b6bbdea16cb1e1dff03c7ce07b1cb1,2026-08-06T20:58:56.254244+00:00
Q190,price,R1500,DENSE,"['R1500-0659', 'R1500-0658', 'R1500-0650', 'R1500-0721', 'R1500-0674', 'R1500-0660', 'R1500-0382', 'R1500-0508', 'R1500-0675', 'R1500-0570']","[0.59718424, 0.58448589, 0.58288014, 0.57967579, 0.57758677, 0.57650638, 0.57417941, 0.57300979, 0.57271421, 0.56943047]",1,1,1,1,1,99ec604dc9b63d285e7362ab8949dfa0b1cb3def88256b6ac54dff678d360a0f,ef9f27141658502ed1cce3a9b2f8c98443b6bbdea16cb1e1dff03c7ce07b1cb1,2026-08-06T20:58:56.254397+00:00
Q191,price,R1500,DENSE,"['R1500-0667', 'R1500-0688', 'R1500-0700', 'R1500-0687', 'R1500-0670', 'R1500-0722', 'R1500-0446', 'R1500-0714', 'R1500-0673', 'R1500-0692']","[0.70080745, 0.66139412, 0.65685821, 0.64489108, 0.64287364, 0.63946795, 0.63738739, 0.63679504, 0.63339847, 0.62884516]",1,1,1,1,1,153412c3651d27b33bf87760cac0ae1afe053b93d731acd024e987b52f579365,ef9f27141658502ed1cce3a9b2f8c98443b6bbdea16cb1e1dff03c7ce07b1cb1,2026-08-06T20:58:56.254548+00:00
Q192,attribute,R1500,DENSE,"['R1500-0487', 'R1500-0486', 'R1500-0426', 'R1500-0657', 'R1500-0429', 'R1500-0383', 'R1500-0427', 'R1500-0663', 'R1500-0428', 'R1500-0434']","[0.70421165, 0.66338217, 0.6346401, 0.62012583, 0.62004137, 0.61954081, 0.6177063, 0.61613846, 0.61412752, 0.61347413]",,0,0,0,0,ccfbbe3e80a2bc50e98dfee9aaaac05ba2cd13ad69f062bbda722f71cdedf4e9,ef9f27141658502ed1cce3a9b2f8c98443b6bbdea16cb1e1dff03c7ce07b1cb1,2026-08-06T20:58:56.254746+00:00
Q193,attribute,R1500,DENSE,"['R1500-0613', 'R1500-0614', 'R1500-0619', 'R1500-0031', 'R1500-0029', 'R1500-0621', 'R1500-0612', 'R1500-0624', 'R1500-0051', 'R1500-0595']","[0.60229087, 0.593364, 0.582735, 0.57294363, 0.56893653, 0.56747258, 0.56720138, 0.56032425, 0.56021905, 0.55381882]",7,0,0,0,1,f92ae9e9028a81b594e445a6cddca57dedd30484ba53f3504f52631b96f5d198,ef9f27141658502ed1cce3a9b2f8c98443b6bbdea16cb1e1dff03c7ce07b1cb1,2026-08-06T20:58:56.254920+00:00
Q194,price,R1500,DENSE,"['R1500-0546', 'R1500-0543', 'R1500-0545', 'R1500-0620', 'R1500-0642', 'R1500-0640', 'R1500-0541', 'R1500-0624', 'R1500-0544', 'R1500-0631']","[0.5089469, 0.50442803, 0.49811256, 0.49386179, 0.48295224, 0.48016721, 0.47920048, 0.4719553, 0.47121173, 0.47040069]",,0,0,0,0,361032195462dbb55a9f1f674cea5e3304ae46f54e59752c751f214ec5bc0730,ef9f27141658502ed1cce3a9b2f8c98443b6bbdea16cb1e1dff03c7ce07b1cb1,2026-08-06T20:58:56.255133+00:00
Q195,attribute,R1500,DENSE,"['R1500-0085', 'R1500-0030', 'R1500-0594', 'R1500-0031', 'R1500-0616', 'R1500-0044', 'R1500-0095', 'R1500-0042', 'R1500-0604', 'R1500-0046']","[0.53980231, 0.53882164, 0.5215764, 0.51955134, 0.51898026, 0.5182941, 0.51429117, 0.50675416, 0.50631058, 0.50135183]",1,1,1,1,1,a4dede8f167a5bf5832d2f1c66f466899c46e4a2712cd309e4d5af11d0c2b244,ef9f27141658502ed1cce3a9b2f8c98443b6bbdea16cb1e1dff03c7ce07b1cb1,2026-08-06T20:58:56.255362+00:00
Q196,attribute,R1500,DENSE,"['R1500-0619', 'R1500-0045', 'R1500-0031', 'R1500-0046', 'R1500-0034', 'R1500-0593', 'R1500-0033', 'R1500-0038', 'R1500-0035', 'R1500-0616']","[0.63799739, 0.62733448, 0.62372363, 0.62073028, 0.61777616, 0.61125147, 0.60675919, 0.6038326, 0.59924382, 0.58971494]",1,1,1,1,1,12cd0f4e89658a83f2c33333c7c18647c9a79aad04d2122f5536c06d9fc25435,ef9f27141658502ed1cce3a9b2f8c98443b6bbdea16cb1e1dff03c7ce07b1cb1,2026-08-06T20:58:56.255542+00:00
Q197,price,R1500,DENSE,"['R1500-0424', 'R1500-0426', 'R1500-0429', 'R1500-0486', 'R1500-0428', 'R1500-0427', 'R1500-0544', 'R1500-0487', 'R1500-0425', 'R1500-0658']","[0.54131609, 0.52151746, 0.51063263, 0.51046538, 0.51027226, 0.50066948, 0.49744505, 0.49613574, 0.49589211, 0.49154839]",2,0,1,1,1,d7b836d5783c7ad5561e8b4e9ecab4c20e50eeadd8cca5d00dfd37d78be18e1a,ef9f27141658502ed1cce3a9b2f8c98443b6bbdea16cb1e1dff03c7ce07b1cb1,2026-08-06T20:58:56.255695+00:00
Q198,attribute,R1500,DENSE,"['R1500-0082', 'R1500-0785', 'R1500-0081', 'R1500-0021', 'R1500-0020', 'R1500-0556', 'R1500-0019', 'R1500-0550', 'R1500-0056', 'R1500-0179']","[0.55618942, 0.5459705, 0.544209, 0.54134274, 0.5385946, 0.53781295, 0.53769195, 0.50719547, 0.50520849, 0.504619]",1,1,1,1,1,6b3e39b9f1f68bed68a37f11abf5ebf249cc4b407c019ba3898d7b9af6962884,ef9f27141658502ed1cce3a9b2f8c98443b6bbdea16cb1e1dff03c7ce07b1cb1,2026-08-06T20:58:56.255877+00:00
Q199,attribute,R1500,DENSE,"['R1500-0493', 'R1500-0494', 'R1500-0590', 'R1500-0498', 'R1500-0500', 'R1500-0475', 'R1500-0499', 'R1500-0642', 'R1500-0789', 'R1500-0321']","[0.61843568, 0.58011341, 0.57745337, 0.57087815, 0.56556398, 0.55890191, 0.5543716, 0.55000615, 0.54772139, 0.54748249]",1,1,1,1,1,d25bf94ad957903283aa048c32e3a69fe540905b32397ede56a24313fafe2e77,ef9f27141658502ed1cce3a9b2f8c98443b6bbdea16cb1e1dff03c7ce07b1cb1,2026-08-06T20:58:56.256036+00:00
Q200,attribute,R1500,DENSE,"['R1500-0759', 'R1500-0184', 'R1500-0243', 'R1500-0774', 'R1500-0266', 'R1500-0773', 'R1500-0270', 'R1500-0178', 'R1500-0241', 'R1500-0307']","[0.52012444, 0.51643127, 0.51596212, 0.51434255, 0.51301754, 0.51222372, 0.51149189, 0.51070404, 0.51013112, 0.5098604]",,0,0,0,0,9dd53381e2e1fc9a00eb5e84fe72da5f73f6a61e6a7ebb7c884fdd981394a7fb,ef9f27141658502ed1cce3a9b2f8c98443b6bbdea16cb1e1dff03c7ce07b1cb1,2026-08-06T20:58:56.256219+00:00
Q201,attribute,R1500,DENSE,"['R1500-0156', 'R1500-0158', 'R1500-0161', 'R1500-0160', 'R1500-0164', 'R1500-0162', 'R1500-0159', 'R1500-0157', 'R1500-0165', 'R1500-0155']","[0.65640855, 0.63117605, 0.62249541, 0.61975116, 0.61949456, 0.61249453, 0.60927552, 0.60103315, 0.59258538, 0.58990908]",10,0,0,0,1,50ab218a07aa3375ce6f3a6ae16cccc925fb441194edda7e4d93ac81c4b446c1,ef9f27141658502ed1cce3a9b2f8c98443b6bbdea16cb1e1dff03c7ce07b1cb1,2026-08-06T20:58:56.256395+00:00
Q202,price,R1500,DENSE,"['R1500-0679', 'R1500-0667', 'R1500-0664', 'R1500-0671', 'R1500-0702', 'R1500-0672', 'R1500-0700', 'R1500-0447', 'R1500-0510', 'R1500-0722']","[0.67621976, 0.65184951, 0.64700246, 0.64465743, 0.64416945, 0.6370213, 0.63519657, 0.63465726, 0.62947404, 0.62771237]",2,0,1,1,1,be9602af7227908068974d7fcfe13275b0e5ec649f44c39aa96797da7739c363,ef9f27141658502ed1cce3a9b2f8c98443b6bbdea16cb1e1dff03c7ce07b1cb1,2026-08-06T20:58:56.256546+00:00
Q203,price,R1500,DENSE,"['R1500-0164', 'R1500-0161', 'R1500-0159', 'R1500-0158', 'R1500-0162', 'R1500-0165', 'R1500-0160', 'R1500-0156', 'R1500-0157', 'R1500-0163']","[0.62511623, 0.6224578, 0.61554694, 0.61390668, 0.60090542, 0.59141791, 0.58901674, 0.56524265, 0.56420302, 0.56281316]",6,0,0,0,1,c28d0482b945d5405048a8dc7d050df1a759b481dca8b720ecd59a97a88a457b,ef9f27141658502ed1cce3a9b2f8c98443b6bbdea16cb1e1dff03c7ce07b1cb1,2026-08-06T20:58:56.256697+00:00
Q204,attribute,R1500,DENSE,"['R1500-0385', 'R1500-0714', 'R1500-0387', 'R1500-0384', 'R1500-0386', 'R1500-0389', 'R1500-0391', 'R1500-0393', 'R1500-0390', 'R1500-0392']","[0.68523932, 0.67449784, 0.66872323, 0.6603114, 0.65968192, 0.65629631, 0.65442675, 0.6541543, 0.65245605, 0.64892477]",1,1,1,1,1,b68200a59ce021c14b382a48279823d131664ab1e3941ed8e80ac9cb0f1f8431,ef9f27141658502ed1cce3a9b2f8c98443b6bbdea16cb1e1dff03c7ce07b1cb1,2026-08-06T20:58:56.256876+00:00
Q205,attribute,R1500,DENSE,"['R1500-0455', 'R1500-0714', 'R1500-0456', 'R1500-0722', 'R1500-0733', 'R1500-0476', 'R1500-0727', 'R1500-0490', 'R1500-0488', 'R1500-0348']","[0.63755363, 0.63755196, 0.63585418, 0.63572586, 0.63360757, 0.62683749, 0.62529594, 0.62262344, 0.62248182, 0.62204641]",,0,0,0,0,d432d406d385d2fe86c4181b87c235fbacbc83e91b679770d0f3afbfda61283a,ef9f27141658502ed1cce3a9b2f8c98443b6bbdea16cb1e1dff03c7ce07b1cb1,2026-08-06T20:58:56.257051+00:00
Q206,attribute,R1500,DENSE,"['R1500-0383', 'R1500-0382', 'R1500-0426', 'R1500-0434', 'R1500-0427', 'R1500-0429', 'R1500-0438', 'R1500-0381', 'R1500-0428', 'R1500-0437']","[0.74545312, 0.74529874, 0.67948985, 0.67255378, 0.66756618, 0.66444987, 0.65934169, 0.6492157, 0.64551044, 0.64309609]",1,1,1,1,1,15fff97d06cb4d5a4cc72f368b86edfac969ed33b425746d04309371844ab48d,ef9f27141658502ed1cce3a9b2f8c98443b6bbdea16cb1e1dff03c7ce07b1cb1,2026-08-06T20:58:56.257198+00:00
Q207,price,R1500,DENSE,"['R1500-0021', 'R1500-0552', 'R1500-0087', 'R1500-0120', 'R1500-0550', 'R1500-0553', 'R1500-0019', 'R1500-0554', 'R1500-0556', 'R1500-0626']","[0.57895947, 0.55518889, 0.54844666, 0.54419023, 0.53871548, 0.53865129, 0.535671, 0.53546113, 0.53382742, 0.52685136]",2,0,1,1,1,b5ed553180767810d3ad0325dc7aff5af11dcda04f5e7fe220e01f000fa3d1fb,ef9f27141658502ed1cce3a9b2f8c98443b6bbdea16cb1e1dff03c7ce07b1cb1,2026-08-06T20:58:56.257368+00:00
Q208,attribute,R1500,DENSE,"['R1500-0146', 'R1500-0652', 'R1500-0145', 'R1500-0309', 'R1500-0509', 'R1500-0173', 'R1500-0186', 'R1500-0147', 'R1500-0640', 'R1500-0160']","[0.69084281, 0.6509428, 0.64998609, 0.57835579, 0.57281578, 0.57059163, 0.5661943, 0.56393605, 0.55694866, 0.55411321]",,0,0,0,0,24582c24a9d70709cfd7a3c64b28d92102d91d059cecd27c6a9625f9a1292bf2,ef9f27141658502ed1cce3a9b2f8c98443b6bbdea16cb1e1dff03c7ce07b1cb1,2026-08-06T20:58:56.257544+00:00
Q209,attribute,R1500,DENSE,"['R1500-0439', 'R1500-0440', 'R1500-0438', 'R1500-0437', 'R1500-0434', 'R1500-0433', 'R1500-0435', 'R1500-0659', 'R1500-0721', 'R1500-0487']","[0.64907074, 0.62148881, 0.61843467, 0.5660497, 0.56474012, 0.55357075, 0.55166584, 0.54435116, 0.54251307, 0.53479779]",1,1,1,1,1,1ea981605dbe131ddb475bb1d35d18d06eb792a36f20052e265d34897d16724b,ef9f27141658502ed1cce3a9b2f8c98443b6bbdea16cb1e1dff03c7ce07b1cb1,2026-08-06T20:58:56.257718+00:00
Q210,attribute,R1500,DENSE,"['R1500-0619', 'R1500-0616', 'R1500-0046', 'R1500-0045', 'R1500-0085', 'R1500-0040', 'R1500-0033', 'R1500-0031', 'R1500-0038', 'R1500-0051']","[0.64025748, 0.63526279, 0.63331187, 0.63097632, 0.63054138, 0.62940252, 0.62715566, 0.62171459, 0.61475724, 0.61413324]",1,1,1,1,1,7ad7de06b8f0741f8f1a3bf5cb527091b49e3d5698a077d3c4bef311075e409c,ef9f27141658502ed1cce3a9b2f8c98443b6bbdea16cb1e1dff03c7ce07b1cb1,2026-08-06T20:58:56.257898+00:00
Q211,attribute,R1500,DENSE,"['R1500-0542', 'R1500-0608', 'R1500-0640', 'R1500-0025', 'R1500-0644', 'R1500-0543', 'R1500-0006', 'R1500-0642', 'R1500-0595', 'R1500-0544']","[0.55113482, 0.53995323, 0.53706443, 0.53624266, 0.51939541, 0.51909584, 0.51823807, 0.51698458, 0.51288706, 0.51162148]",,0,0,0,0,08e62148b1f1234c9c950a3917178da4f5fab591ffc9dff554f600a0d17822ce,ef9f27141658502ed1cce3a9b2f8c98443b6bbdea16cb1e1dff03c7ce07b1cb1,2026-08-06T20:58:56.258077+00:00
Q212,attribute,R1500,DENSE,"['R1500-0059', 'R1500-0060', 'R1500-0152', 'R1500-0062', 'R1500-0061', 'R1500-0057', 'R1500-0644', 'R1500-0562', 'R1500-0651', 'R1500-0620']","[0.51287329, 0.48975819, 0.48699513, 0.48180604, 0.47741592, 0.47625113, 0.4756265, 0.47429088, 0.47404134, 0.47355136]",1,1,1,1,1,389162e823cc23d864b07d6d657b0a6a13e48c14e4dc97360bf2f4447e2b6a62,ef9f27141658502ed1cce3a9b2f8c98443b6bbdea16cb1e1dff03c7ce07b1cb1,2026-08-06T20:58:56.258255+00:00
Q213,attribute,R1500,DENSE,"['R1500-0488', 'R1500-0492', 'R1500-0490', 'R1500-0491', 'R1500-0489', 'R1500-0338', 'R1500-0345', 'R1500-0339', 'R1500-0335', 'R1500-0722']","[0.73362392, 0.70957619, 0.70595306, 0.68366241, 0.68071449, 0.65651369, 0.65458131, 0.65247548, 0.65154415, 0.65095252]",1,1,1,1,1,15fa11fd69abb1cb341c7d4c7a4bfd626614c66ee6aa905d7d3e186e1a782a30,ef9f27141658502ed1cce3a9b2f8c98443b6bbdea16cb1e1dff03c7ce07b1cb1,2026-08-06T20:58:56.258431+00:00
Q214,attribute,R1500,DENSE,"['R1500-0612', 'R1500-0613', 'R1500-0595', 'R1500-0621', 'R1500-0620', 'R1500-0592', 'R1500-0029', 'R1500-0619', 'R1500-0624', 'R1500-0616']","[0.63713181, 0.61823761, 0.55618292, 0.55161691, 0.54650867, 0.54364169, 0.54136699, 0.53861666, 0.53841907, 0.5377543]",1,1,1,1,1,a90b0a8e2ca186eb28ec5b43d52b946cd541d486067a2b81eb7265873475aa94,ef9f27141658502ed1cce3a9b2f8c98443b6bbdea16cb1e1dff03c7ce07b1cb1,2026-08-06T20:58:56.258624+00:00
Q215,attribute,R1500,DENSE,"['R1500-0104', 'R1500-0103', 'R1500-0102', 'R1500-0759', 'R1500-0494', 'R1500-0773', 'R1500-0475', 'R1500-0758', 'R1500-0420', 'R1500-0761']","[0.62090099, 0.59675688, 0.54990578, 0.5419786, 0.53036678, 0.52973819, 0.51674271, 0.51659256, 0.51226419, 0.50930226]",1,1,1,1,1,ab7b7855d54983f4522bd5a1dd95f6eaaccb5202aa58f3bb9237869930956b74,ef9f27141658502ed1cce3a9b2f8c98443b6bbdea16cb1e1dff03c7ce07b1cb1,2026-08-06T20:58:56.258795+00:00
Q216,attribute,R1500,DENSE,"['R1500-0619', 'R1500-0031', 'R1500-0038', 'R1500-0085', 'R1500-0616', 'R1500-0046', 'R1500-0624', 'R1500-0621', 'R1500-0025', 'R1500-0049']","[0.61116987, 0.61012161, 0.59355295, 0.58928984, 0.5874095, 0.58285797, 0.57878989, 0.57603091, 0.5759871, 0.57099426]",5,0,0,1,1,21b656ddc5873369d6ac3c30fbdda9307f698a0dda063bb872bc3b634fd0e9f6,ef9f27141658502ed1cce3a9b2f8c98443b6bbdea16cb1e1dff03c7ce07b1cb1,2026-08-06T20:58:56.258982+00:00
Q217,attribute,R1500,DENSE,"['R1500-0594', 'R1500-0029', 'R1500-0031', 'R1500-0616', 'R1500-0619', 'R1500-0620', 'R1500-0621', 'R1500-0051', 'R1500-0041', 'R1500-0042']","[0.60850453, 0.59392798, 0.59194922, 0.58903635, 0.58537364, 0.58277076, 0.58148974, 0.5796141, 0.5783934, 0.57750058]",,0,0,0,0,5505062d463e2de630503bcca13a60cf6d50fb1497625fa168e0cccd971d7d3a,ef9f27141658502ed1cce3a9b2f8c98443b6bbdea16cb1e1dff03c7ce07b1cb1,2026-08-06T20:58:56.259169+00:00
Q218,price,R1500,DENSE,"['R1500-0674', 'R1500-0681', 'R1500-0721', 'R1500-0658', 'R1500-0508', 'R1500-0709', 'R1500-0722', 'R1500-0403', 'R1500-0675', 'R1500-0405']","[0.54805708, 0.54452467, 0.52183461, 0.51729161, 0.51239777, 0.51128006, 0.51066077, 0.50939846, 0.50818771, 0.50752121]",10,0,0,0,1,530df9bc1aa2d6d4936ad161d162ee62abafd9607bcbb19afb7a90c2080c9686,ef9f27141658502ed1cce3a9b2f8c98443b6bbdea16cb1e1dff03c7ce07b1cb1,2026-08-06T20:58:56.259389+00:00
Q219,price,R1500,DENSE,"['R1500-0160', 'R1500-0161', 'R1500-0159', 'R1500-0162', 'R1500-0158', 'R1500-0164', 'R1500-0165', 'R1500-0156', 'R1500-0305', 'R1500-0157']","[0.67575186, 0.67566299, 0.64436042, 0.63943064, 0.62600273, 0.61901158, 0.60857081, 0.59742045, 0.58362615, 0.57479852]",4,0,0,1,1,15a198265f28c047fecdef71f8372569ea1b7f26f710a416e10fa0b5cdf114a5,ef9f27141658502ed1cce3a9b2f8c98443b6bbdea16cb1e1dff03c7ce07b1cb1,2026-08-06T20:58:56.259586+00:00
Q220,price,R1500,DENSE,"['R1500-0369', 'R1500-0370', 'R1500-0373', 'R1500-0368', 'R1500-0371', 'R1500-0380', 'R1500-0377', 'R1500-0376', 'R1500-0375', 'R1500-0374']","[0.70403874, 0.69180477, 0.66407096, 0.64826906, 0.64127046, 0.63201153, 0.63188839, 0.63140506, 0.63023758, 0.62980491]",1,1,1,1,1,220b9e1e4b8e15e1c5cd5867b4f233bdf4f022c2ec5797135c3e6e0a0b033975,ef9f27141658502ed1cce3a9b2f8c98443b6bbdea16cb1e1dff03c7ce07b1cb1,2026-08-06T20:58:56.259744+00:00
Q221,price,R1500,DENSE,"['R1500-0289', 'R1500-0288', 'R1500-0284', 'R1500-0285', 'R1500-0290', 'R1500-0287', 'R1500-0292', 'R1500-0286', 'R1500-0291', 'R1500-0293']","[0.66752809, 0.61249077, 0.58162785, 0.57250786, 0.57150054, 0.55928898, 0.54689646, 0.52564621, 0.52124703, 0.51300037]",1,1,1,1,1,54ee2ca749781fd048ac993a487e6e1600fc258eedb0afc2bec15a0155db8d73,ef9f27141658502ed1cce3a9b2f8c98443b6bbdea16cb1e1dff03c7ce07b1cb1,2026-08-06T20:58:56.259896+00:00
Q222,attribute,R1500,DENSE,"['R1500-0723', 'R1500-0478', 'R1500-0722', 'R1500-0399', 'R1500-0391', 'R1500-0452', 'R1500-0338', 'R1500-0345', 'R1500-0344', 'R1500-0343']","[0.65866077, 0.64974958, 0.64548314, 0.63520026, 0.63463044, 0.63414431, 0.63370109, 0.63275027, 0.63128304, 0.6307779]",3,0,1,1,1,11c63dc600ae6a4726004bea9fc05fcf2fe829ddca3b41921fc5edb476f672b8,ef9f27141658502ed1cce3a9b2f8c98443b6bbdea16cb1e1dff03c7ce07b1cb1,2026-08-06T20:58:56.260156+00:00
Q223,price,R1500,DENSE,"['R1500-0676', 'R1500-0644', 'R1500-0544', 'R1500-0562', 'R1500-0173', 'R1500-0542', 'R1500-0673', 'R1500-0546', 'R1500-0680', 'R1500-0305']","[0.47010946, 0.43964726, 0.43571252, 0.43525034, 0.4351002, 0.43337959, 0.43213832, 0.42740208, 0.42636296, 0.42631659]",1,1,1,1,1,6195f45e4149882e9c793b2bc91e36bf5f0ce6859a9b4f3da6d1ec133b87476f,ef9f27141658502ed1cce3a9b2f8c98443b6bbdea16cb1e1dff03c7ce07b1cb1,2026-08-06T20:58:56.260414+00:00
Q224,attribute,R1500,DENSE,"['R1500-0725', 'R1500-0724', 'R1500-0492', 'R1500-0488', 'R1500-0673', 'R1500-0490', 'R1500-0722', 'R1500-0721', 'R1500-0406', 'R1500-0484']","[0.60468495, 0.59491944, 0.5865342, 0.56232738, 0.55771482, 0.55389798, 0.54745567, 0.54287249, 0.53568423, 0.53485]",2,0,1,1,1,befa012ccacd7fab43b55d1121fcb96aed38aad7099aa7a0834d40dee3e4b550,ef9f27141658502ed1cce3a9b2f8c98443b6bbdea16cb1e1dff03c7ce07b1cb1,2026-08-06T20:58:56.260678+00:00
Q225,attribute,R1500,DENSE,"['R1500-0538', 'R1500-0644', 'R1500-0640', 'R1500-0494', 'R1500-0750', 'R1500-0542', 'R1500-0184', 'R1500-0504', 'R1500-0746', 'R1500-0178']","[0.50352645, 0.49885148, 0.49065042, 0.48973095, 0.48965058, 0.48633432, 0.48337197, 0.48325312, 0.48266476, 0.48177397]",1,1,1,1,1,b2b50826a13063e4169c90e5b83940226d655999a1e3e20b0c9605c2f4b32966,ef9f27141658502ed1cce3a9b2f8c98443b6bbdea16cb1e1dff03c7ce07b1cb1,2026-08-06T20:58:56.260970+00:00
Q226,price,R1500,DENSE,"['R1500-0380', 'R1500-0377', 'R1500-0378', 'R1500-0379', 'R1500-0368', 'R1500-0376', 'R1500-0373', 'R1500-0371', 'R1500-0375', 'R1500-0370']","[0.65325665, 0.64699423, 0.6448732, 0.62556946, 0.59656423, 0.5627721, 0.56121558, 0.55650568, 0.55332929, 0.55203992]",2,0,1,1,1,1d410d42d7f306ddef1dda63128b4ed410ad02a1056b84aa4178074c6e831607,ef9f27141658502ed1cce3a9b2f8c98443b6bbdea16cb1e1dff03c7ce07b1cb1,2026-08-06T20:58:56.261311+00:00
Q227,attribute,R1500,DENSE,"['R1500-0393', 'R1500-0391', 'R1500-0385', 'R1500-0392', 'R1500-0387', 'R1500-0389', 'R1500-0456', 'R1500-0390', 'R1500-0716', 'R1500-0714']","[0.71342486, 0.70218772, 0.70155686, 0.70036077, 0.69793588, 0.6881665, 0.68480825, 0.68468189, 0.67874157, 0.67664063]",1,1,1,1,1,b320ec926bbe8e754974d57dfb820db6411c3ba0c70d2225acbf8a9389270259,ef9f27141658502ed1cce3a9b2f8c98443b6bbdea16cb1e1dff03c7ce07b1cb1,2026-08-06T20:58:56.261664+00:00
Q228,attribute,R1500,DENSE,"['R1500-0090', 'R1500-0088', 'R1500-0494', 'R1500-0642', 'R1500-0644', 'R1500-0089', 'R1500-0475', 'R1500-0102', 'R1500-0103', 'R1500-0552']","[0.57646906, 0.57069564, 0.56279135, 0.56200439, 0.55603158, 0.54096234, 0.5403291, 0.53751385, 0.52843308, 0.52402645]",1,1,1,1,1,835c2730b131ab9b9a8c5be654ebf5d18f5f90f944a60708bf11ec9d729076d5,ef9f27141658502ed1cce3a9b2f8c98443b6bbdea16cb1e1dff03c7ce07b1cb1,2026-08-06T20:58:56.261985+00:00
Q229,attribute,R1500,DENSE,"['R1500-0054', 'R1500-0551', 'R1500-0141', 'R1500-0122', 'R1500-0556', 'R1500-0140', 'R1500-0138', 'R1500-0053', 'R1500-0131', 'R1500-0550']","[0.6373266, 0.60840547, 0.60793483, 0.60196567, 0.5972178, 0.59681141, 0.59418428, 0.59132648, 0.58984613, 0.5888356]",10,0,0,0,1,4060509329a5a762a92ef76590163b48a91a99281576432ddaf3418db20d23fd,ef9f27141658502ed1cce3a9b2f8c98443b6bbdea16cb1e1dff03c7ce07b1cb1,2026-08-06T20:58:56.262602+00:00
Q230,attribute,R1500,DENSE,"['R1500-0391', 'R1500-0385', 'R1500-0387', 'R1500-0393', 'R1500-0390', 'R1500-0392', 'R1500-0456', 'R1500-0389', 'R1500-0714', 'R1500-0384']","[0.6980139, 0.69604194, 0.69222909, 0.69058412, 0.6814326, 0.68006945, 0.67979383, 0.67812937, 0.66410714, 0.65832376]",1,1,1,1,1,c6032ece2b5437dcf9ab19ab7cf2f5410e8ba5197b914aad2f37e659515af830,ef9f27141658502ed1cce3a9b2f8c98443b6bbdea16cb1e1dff03c7ce07b1cb1,2026-08-06T20:58:56.262814+00:00
Q231,price,R1500,DENSE,"['R1500-0612', 'R1500-0613', 'R1500-0614', 'R1500-0624', 'R1500-0619', 'R1500-0621', 'R1500-0031', 'R1500-0051', 'R1500-0615', 'R1500-0032']","[0.66400307, 0.62199557, 0.586851, 0.55075055, 0.54368484, 0.53951144, 0.53562874, 0.53368235, 0.53118616, 0.5265913]",1,1,1,1,1,ef6b3d301d90687b741991e0d8f3de1d57d12cf7049203fa6efb23654ba3f776,ef9f27141658502ed1cce3a9b2f8c98443b6bbdea16cb1e1dff03c7ce07b1cb1,2026-08-06T20:58:56.262966+00:00
Q232,attribute,R1500,DENSE,"['R1500-0621', 'R1500-0620', 'R1500-0033', 'R1500-0619', 'R1500-0622', 'R1500-0624', 'R1500-0032', 'R1500-0031', 'R1500-0038', 'R1500-0616']","[0.63413519, 0.58869892, 0.57411397, 0.57150114, 0.56730962, 0.56575084, 0.56164819, 0.56070048, 0.56048453, 0.55959421]",3,0,1,1,1,3e4ae7cdd538a47183303b7e8262eafb7968af064bad4fdc162bd84d426fd3ca,ef9f27141658502ed1cce3a9b2f8c98443b6bbdea16cb1e1dff03c7ce07b1cb1,2026-08-06T20:58:56.263137+00:00
Q233,attribute,R1500,DENSE,"['R1500-0733', 'R1500-0385', 'R1500-0391', 'R1500-0452', 'R1500-0432', 'R1500-0338', 'R1500-0361', 'R1500-0343', 'R1500-0389', 'R1500-0722']","[0.64437234, 0.64413595, 0.64091629, 0.63724411, 0.63440275, 0.63412917, 0.63372457, 0.63367701, 0.6322788, 0.63225758]",,0,0,0,0,783221339a7f8eee64df5acd42c066ae78261a3a6a70cb8dffc1fc051339d134,ef9f27141658502ed1cce3a9b2f8c98443b6bbdea16cb1e1dff03c7ce07b1cb1,2026-08-06T20:58:56.263360+00:00
Q234,price,R1500,DENSE,"['R1500-0508', 'R1500-0681', 'R1500-0674', 'R1500-0507', 'R1500-0659', 'R1500-0411', 'R1500-0684', 'R1500-0403', 'R1500-0680', 'R1500-0658']","[0.66670054, 0.59652257, 0.58323854, 0.56586707, 0.54792523, 0.53673744, 0.53527218, 0.53291225, 0.53106272, 0.53105342]",1,1,1,1,1,32cc73887048e0b83ad1738c5a02a34a9603d0b7f58bb1e281779db6c6c95364,ef9f27141658502ed1cce3a9b2f8c98443b6bbdea16cb1e1dff03c7ce07b1cb1,2026-08-06T20:58:56.263512+00:00
Q235,attribute,R1500,DENSE,"['R1500-0550', 'R1500-0019', 'R1500-0056', 'R1500-0551', 'R1500-0556', 'R1500-0140', 'R1500-0054', 'R1500-0122', 'R1500-0549', 'R1500-0055']","[0.63431752, 0.60879636, 0.60218096, 0.5978452, 0.58488524, 0.58354789, 0.57768989, 0.57726407, 0.57174015, 0.56956494]",1,1,1,1,1,73e9af368820ef454c452186c1eb3c9fefa29296665dd28bd6f36f4c2dbf701c,ef9f27141658502ed1cce3a9b2f8c98443b6bbdea16cb1e1dff03c7ce07b1cb1,2026-08-06T20:58:56.263711+00:00
Q236,price,R1500,DENSE,"['R1500-0156', 'R1500-0158', 'R1500-0160', 'R1500-0162', 'R1500-0170', 'R1500-0157', 'R1500-0161', 'R1500-0155', 'R1500-0163', 'R1500-0164']","[0.6437819, 0.63683742, 0.62940884, 0.62555051, 0.61787647, 0.61749023, 0.61315429, 0.61064541, 0.60785264, 0.60573262]",1,1,1,1,1,6de5e3809ba19d8f37e028b94c76b2d973caa0f0d0f1723f0e656e237e1a4a9c,ef9f27141658502ed1cce3a9b2f8c98443b6bbdea16cb1e1dff03c7ce07b1cb1,2026-08-06T20:58:56.263862+00:00
Q237,attribute,R1500,DENSE,"['R1500-0456', 'R1500-0722', 'R1500-0455', 'R1500-0733', 'R1500-0704', 'R1500-0452', 'R1500-0385', 'R1500-0393', 'R1500-0387', 'R1500-0719']","[0.6588493, 0.63558429, 0.63543612, 0.62763202, 0.62616169, 0.62501162, 0.62430447, 0.62176156, 0.62152028, 0.61963737]",,0,0,0,0,dfae0030807738bb563baf2bb15caffbab84f036aedcbe14c92d1efdf9e0951c,ef9f27141658502ed1cce3a9b2f8c98443b6bbdea16cb1e1dff03c7ce07b1cb1,2026-08-06T20:58:56.264038+00:00
Q238,attribute,R1500,DENSE,"['R1500-0005', 'R1500-0433', 'R1500-0006', 'R1500-0435', 'R1500-0095', 'R1500-0381', 'R1500-0758', 'R1500-0437', 'R1500-0759', 'R1500-0320']","[0.58176041, 0.54072565, 0.52787113, 0.52783346, 0.5235852, 0.52322412, 0.52285749, 0.51679498, 0.51339382, 0.51327229]",1,1,1,1,1,7655a3dd139237ea65e91f5fc818e370480b3b355a844a9024f0afe32747108f,ef9f27141658502ed1cce3a9b2f8c98443b6bbdea16cb1e1dff03c7ce07b1cb1,2026-08-06T20:58:56.264215+00:00
Q239,attribute,R1500,DENSE,"['R1500-0570', 'R1500-0562', 'R1500-0573', 'R1500-0066', 'R1500-0559', 'R1500-0065', 'R1500-0075', 'R1500-0650', 'R1500-0069', 'R1500-0071']","[0.5043239, 0.49362898, 0.47098246, 0.47063971, 0.46107149, 0.46001261, 0.45973355, 0.45547852, 0.45416504, 0.45149404]",,0,0,0,0,7c9e5713d6240edca97215fa14eb820cf542931a37dd028fecb4c7aef0ab8b13,ef9f27141658502ed1cce3a9b2f8c98443b6bbdea16cb1e1dff03c7ce07b1cb1,2026-08-06T20:58:56.264394+00:00
Q240,price,R1500,DENSE,"['R1500-0099', 'R1500-0098', 'R1500-0100', 'R1500-0553', 'R1500-0097', 'R1500-0494', 'R1500-0646', 'R1500-0552', 'R1500-0321', 'R1500-0108']","[0.65708387, 0.5162673, 0.50212526, 0.48216459, 0.47672361, 0.47366357, 0.47226512, 0.4694559, 0.46891752, 0.46657479]",3,0,1,1,1,45bc33147b0ec5f67ef7325568f441bba1fdd3060a452b4b72188102a66a9387,ef9f27141658502ed1cce3a9b2f8c98443b6bbdea16cb1e1dff03c7ce07b1cb1,2026-08-06T20:58:56.264545+00:00
Q241,attribute,R1500,DENSE,"['R1500-0047', 'R1500-0760', 'R1500-0770', 'R1500-0590', 'R1500-0788', 'R1500-0562', 'R1500-0789', 'R1500-0076', 'R1500-0589', 'R1500-0560']","[0.62222677, 0.61474806, 0.58723629, 0.58545685, 0.57964373, 0.57792664, 0.56991017, 0.5678485, 0.56398332, 0.55719322]",1,1,1,1,1,c0483b5bf948bfddb77d9f329862d3164eac412eb9c0d2fade3e44f315066be0,ef9f27141658502ed1cce3a9b2f8c98443b6bbdea16cb1e1dff03c7ce07b1cb1,2026-08-06T20:58:56.264719+00:00
Q242,price,R1500,DENSE,"['R1500-0665', 'R1500-0700', 'R1500-0452', 'R1500-0719', 'R1500-0688', 'R1500-0701', 'R1500-0704', 'R1500-0734', 'R1500-0453', 'R1500-0449']","[0.67308259, 0.63685012, 0.63274956, 0.61318958, 0.61174315, 0.61116308, 0.60389674, 0.60222495, 0.59800768, 0.59458208]",1,1,1,1,1,27d7a0db131d979925f31c76b343684155434241b53a98d77993bd64911e8169,ef9f27141658502ed1cce3a9b2f8c98443b6bbdea16cb1e1dff03c7ce07b1cb1,2026-08-06T20:58:56.264875+00:00
Q243,attribute,R1500,DENSE,"['R1500-0158', 'R1500-0159', 'R1500-0161', 'R1500-0160', 'R1500-0164', 'R1500-0156', 'R1500-0162', 'R1500-0181', 'R1500-0165', 'R1500-0173']","[0.62141013, 0.61932689, 0.59701484, 0.56984204, 0.56640053, 0.55424035, 0.53892934, 0.53694224, 0.53611851, 0.52743065]",,0,0,0,0,06efcda30d556a9c918af2125bfe517801eab6c543335f5afc26000f90d9d11b,ef9f27141658502ed1cce3a9b2f8c98443b6bbdea16cb1e1dff03c7ce07b1cb1,2026-08-06T20:58:56.265054+00:00
Q244,price,R1500,DENSE,"['R1500-0550', 'R1500-0547', 'R1500-0573', 'R1500-0551', 'R1500-0570', 'R1500-0552', 'R1500-0548', 'R1500-0554', 'R1500-0553', 'R1500-0574']","[0.53834844, 0.53707755, 0.52326155, 0.51532346, 0.51329935, 0.51272362, 0.51218587, 0.50864905, 0.50642192, 0.50006139]",1,1,1,1,1,292e21f05c44497033cb671fda44b1bb4157a7929e102b0e7ccaa064d0ba5e48,ef9f27141658502ed1cce3a9b2f8c98443b6bbdea16cb1e1dff03c7ce07b1cb1,2026-08-06T20:58:56.265216+00:00
Q245,attribute,R1500,DENSE,"['R1500-0551', 'R1500-0056', 'R1500-0550', 'R1500-0552', 'R1500-0141', 'R1500-0019', 'R1500-0087', 'R1500-0054', 'R1500-0086', 'R1500-0139']","[0.62566012, 0.6154964, 0.60273993, 0.59646082, 0.58763027, 0.58761269, 0.5842973, 0.58212459, 0.57818061, 0.57483882]",1,1,1,1,1,a10f3b475e74f635b5bf544e5466b072b64a10254227eb0fdc5d808333b584ae,ef9f27141658502ed1cce3a9b2f8c98443b6bbdea16cb1e1dff03c7ce07b1cb1,2026-08-06T20:58:56.265410+00:00
Q246,price,R1500,DENSE,"['R1500-0602', 'R1500-0603', 'R1500-0601', 'R1500-0027', 'R1500-0618', 'R1500-0619', 'R1500-0609', 'R1500-0083', 'R1500-0608', 'R1500-0150']","[0.64782745, 0.63805187, 0.58639741, 0.58049971, 0.57358515, 0.5548557, 0.55200016, 0.54830468, 0.54751599, 0.53352952]",1,1,1,1,1,48ed2270a5d5a6f7f46acf712a779b9987ac3fcf9bfae82cec079551599b56ea,ef9f27141658502ed1cce3a9b2f8c98443b6bbdea16cb1e1dff03c7ce07b1cb1,2026-08-06T20:58:56.265573+00:00
Q247,attribute,R1500,DENSE,"['R1500-0651', 'R1500-0144', 'R1500-0143', 'R1500-0142', 'R1500-0148', 'R1500-0652', 'R1500-0146', 'R1500-0005', 'R1500-0556', 'R1500-0006']","[0.70399427, 0.66845858, 0.63787091, 0.63544595, 0.57828844, 0.5723573, 0.55728674, 0.55218178, 0.54086524, 0.52336055]",,0,0,0,0,e2b4eeaf2970cee9012f59eb6acb50bacaab5d789ba70ba5989c3f80bf71d9ae,ef9f27141658502ed1cce3a9b2f8c98443b6bbdea16cb1e1dff03c7ce07b1cb1,2026-08-06T20:58:56.265761+00:00
Q248,price,R1500,DENSE,"['R1500-0187', 'R1500-0214', 'R1500-0188', 'R1500-0186', 'R1500-0213', 'R1500-0190', 'R1500-0189', 'R1500-0170', 'R1500-0215', 'R1500-0216']","[0.67298448, 0.66731775, 0.66590488, 0.66232216, 0.65872073, 0.65851569, 0.65831918, 0.65566343, 0.65534133, 0.65317547]",,0,0,0,0,a0c5b5b30899ec865c04588e4683cfe1c5cb85aacbc3aecab3d953c18d719289,ef9f27141658502ed1cce3a9b2f8c98443b6bbdea16cb1e1dff03c7ce07b1cb1,2026-08-06T20:58:56.265913+00:00
Q249,price,R1500,DENSE,"['R1500-0679', 'R1500-0713', 'R1500-0688', 'R1500-0667', 'R1500-0700', 'R1500-0447', 'R1500-0714', 'R1500-0673', 'R1500-0672', 'R1500-0722']","[0.60633528, 0.575688, 0.55905843, 0.55387068, 0.55366325, 0.55285591, 0.55191243, 0.55166793, 0.54957497, 0.54492915]",1,1,1,1,1,16f1cd1a97cb8fcd804f3983ffcc4431c940296b0e9aa8548ca1c3325cc0a85d,ef9f27141658502ed1cce3a9b2f8c98443b6bbdea16cb1e1dff03c7ce07b1cb1,2026-08-06T20:58:56.266065+00:00
Q250,price,R1500,DENSE,"['R1500-0369', 'R1500-0370', 'R1500-0373', 'R1500-0368', 'R1500-0375', 'R1500-0371', 'R1500-0376', 'R1500-0380', 'R1500-0374', 'R1500-0377']","[0.69651407, 0.68719369, 0.65701163, 0.63604999, 0.62933666, 0.62920594, 0.62494373, 0.62467527, 0.62009597, 0.61403239]",1,1,1,1,1,c4603fd5979ca02d5a5c7c95024d46fe51bca39c8f992f00c479798480b1abf1,ef9f27141658502ed1cce3a9b2f8c98443b6bbdea16cb1e1dff03c7ce07b1cb1,2026-08-06T20:58:56.266221+00:00
Q251,price,R1500,DENSE,"['R1500-0578', 'R1500-0543', 'R1500-0585', 'R1500-0545', 'R1500-0559', 'R1500-0581', 'R1500-0541', 'R1500-0546', 'R1500-0577', 'R1500-0544']","[0.51486886, 0.50372291, 0.50009221, 0.49816686, 0.49468839, 0.49089646, 0.48998183, 0.48996592, 0.48817056, 0.48561418]",,0,0,0,0,43afbb3375ee95e510d52b270df85b3c886ba4152836f7a4c39ff841daeb4cef,ef9f27141658502ed1cce3a9b2f8c98443b6bbdea16cb1e1dff03c7ce07b1cb1,2026-08-06T20:58:56.266369+00:00
Q252,price,R1500,DENSE,"['R1500-0651', 'R1500-0543', 'R1500-0006', 'R1500-0005', 'R1500-0544', 'R1500-0633', 'R1500-0542', 'R1500-0541', 'R1500-0546', 'R1500-0144']","[0.53174144, 0.51424789, 0.50640136, 0.50226104, 0.5001238, 0.47865, 0.4776392, 0.47750551, 0.47608131, 0.4753989]",3,0,1,1,1,c5e071a2d597fc3c343a794c2e9ffb626855f5c5b8d58509680d19cd9dbb9b43,ef9f27141658502ed1cce3a9b2f8c98443b6bbdea16cb1e1dff03c7ce07b1cb1,2026-08-06T20:58:56.266518+00:00
Q253,attribute,R1500,DENSE,"['R1500-0620', 'R1500-0616', 'R1500-0621', 'R1500-0594', 'R1500-0611', 'R1500-0029', 'R1500-0031', 'R1500-0085', 'R1500-0619', 'R1500-0030']","[0.61002862, 0.60045677, 0.60024095, 0.59160185, 0.58903688, 0.58719063, 0.58561587, 0.5831939, 0.58052528, 0.57570803]",2,0,1,1,1,8bd32eccd62f03f44dd03b40c2e531aec3f7c0d1c4e905e40b7196a16b9247bb,ef9f27141658502ed1cce3a9b2f8c98443b6bbdea16cb1e1dff03c7ce07b1cb1,2026-08-06T20:58:56.266696+00:00
Q254,attribute,R1500,DENSE,"['R1500-0160', 'R1500-0157', 'R1500-0187', 'R1500-0213', 'R1500-0163', 'R1500-0162', 'R1500-0158', 'R1500-0161', 'R1500-0189', 'R1500-0171']","[0.70719451, 0.67138779, 0.66743308, 0.66350555, 0.65475005, 0.6504032, 0.64838237, 0.64562488, 0.64457375, 0.64102173]",1,1,1,1,1,94d8ffd52b45b4e2f2d2bad9a2268ffa3bcf3733fdecebfdf9f6360ce680f0a3,ef9f27141658502ed1cce3a9b2f8c98443b6bbdea16cb1e1dff03c7ce07b1cb1,2026-08-06T20:58:56.266855+00:00
Q255,attribute,R1500,DENSE,"['R1500-0161', 'R1500-0159', 'R1500-0165', 'R1500-0162', 'R1500-0158', 'R1500-0160', 'R1500-0164', 'R1500-0156', 'R1500-0305', 'R1500-0157']","[0.71444762, 0.69064033, 0.68736571, 0.68213266, 0.68053842, 0.67156351, 0.66282845, 0.65563953, 0.64804202, 0.64431942]",1,1,1,1,1,403eaa50d364df8c83c7d0b22cc6db5197e7106819068022b6adf7a2a9fdbc1c,ef9f27141658502ed1cce3a9b2f8c98443b6bbdea16cb1e1dff03c7ce07b1cb1,2026-08-06T20:58:56.267010+00:00
Q256,price,R1500,DENSE,"['R1500-0494', 'R1500-0485', 'R1500-0365', 'R1500-0732', 'R1500-0642', 'R1500-0630', 'R1500-0497', 'R1500-0475', 'R1500-0486', 'R1500-0552']","[0.63626844, 0.62637305, 0.62442899, 0.59825969, 0.58457512, 0.58059973, 0.57630116, 0.57283306, 0.56944537, 0.56668389]",,0,0,0,0,5e381f29e44adb7ea0049161a9c4811910131abb00c7c54af78267879c4c54b6,ef9f27141658502ed1cce3a9b2f8c98443b6bbdea16cb1e1dff03c7ce07b1cb1,2026-08-06T20:58:56.267157+00:00
Q257,attribute,R1500,DENSE,"['R1500-0293', 'R1500-0298', 'R1500-0299', 'R1500-0300', 'R1500-0296', 'R1500-0294', 'R1500-0295', 'R1500-0301', 'R1500-0288', 'R1500-0297']","[0.69908816, 0.69634879, 0.69067991, 0.67609954, 0.64830136, 0.64761531, 0.64251101, 0.64093387, 0.63016462, 0.61411351]",1,1,1,1,1,74101f53328f8f529b77d4f556daa2602dc83ffd73ab9ab97d85c08100a5782d,ef9f27141658502ed1cce3a9b2f8c98443b6bbdea16cb1e1dff03c7ce07b1cb1,2026-08-06T20:58:56.267320+00:00
Q258,price,R1500,DENSE,"['R1500-0485', 'R1500-0494', 'R1500-0365', 'R1500-0732', 'R1500-0642', 'R1500-0497', 'R1500-0630', 'R1500-0552', 'R1500-0088', 'R1500-0486']","[0.63526481, 0.62701046, 0.62537128, 0.60730147, 0.58952314, 0.58339548, 0.57782727, 0.5757153, 0.57555032, 0.57430691]",,0,0,0,0,fb91a240461776300aa444b8fe491db8a314b273a1446ebdeb430ef94f54262c,ef9f27141658502ed1cce3a9b2f8c98443b6bbdea16cb1e1dff03c7ce07b1cb1,2026-08-06T20:58:56.267469+00:00
Q259,attribute,R1500,DENSE,"['R1500-0144', 'R1500-0149', 'R1500-0147', 'R1500-0150', 'R1500-0652', 'R1500-0015', 'R1500-0022', 'R1500-0148', 'R1500-0647', 'R1500-0623']","[0.61810589, 0.58969289, 0.58837646, 0.57383478, 0.54367405, 0.54038042, 0.53664613, 0.53413957, 0.53212649, 0.53144449]",1,1,1,1,1,0baaa0cd0483eb59c7af60edb37d4bfca25556661b647316838e04f7fa274549,ef9f27141658502ed1cce3a9b2f8c98443b6bbdea16cb1e1dff03c7ce07b1cb1,2026-08-06T20:58:56.267643+00:00
Q260,attribute,R1500,DENSE,"['R1500-0049', 'R1500-0616', 'R1500-0621', 'R1500-0620', 'R1500-0604', 'R1500-0594', 'R1500-0031', 'R1500-0030', 'R1500-0032', 'R1500-0013']","[0.54954207, 0.52312577, 0.52007514, 0.51950681, 0.51291156, 0.51215327, 0.50619441, 0.50296974, 0.50087571, 0.50061399]",1,1,1,1,1,80442b5f11d82e2ada7df3ecb6c758876d0398ea64914a850e71250c9b83a50b,ef9f27141658502ed1cce3a9b2f8c98443b6bbdea16cb1e1dff03c7ce07b1cb1,2026-08-06T20:58:56.267817+00:00
Q261,price,R1500,DENSE,"['R1500-0262', 'R1500-0250', 'R1500-0630', 'R1500-0169', 'R1500-0251', 'R1500-0238', 'R1500-0241', 'R1500-0644', 'R1500-0252', 'R1500-0255']","[0.52589399, 0.51326185, 0.50772166, 0.50583464, 0.50575054, 0.50319314, 0.49705437, 0.49541336, 0.49509135, 0.49403262]",10,0,0,0,1,c9a0770598f1ccc9a71d386043b62ab4329b650761a0304df151dc5be5d336f4,ef9f27141658502ed1cce3a9b2f8c98443b6bbdea16cb1e1dff03c7ce07b1cb1,2026-08-06T20:58:56.267971+00:00
Q262,price,R1500,DENSE,"['R1500-0677', 'R1500-0640', 'R1500-0631', 'R1500-0553', 'R1500-0636', 'R1500-0495', 'R1500-0552', 'R1500-0630', 'R1500-0637', 'R1500-0680']","[0.60383511, 0.56258649, 0.55950689, 0.53406781, 0.53380322, 0.53336608, 0.52977139, 0.52923059, 0.52774763, 0.52550209]",1,1,1,1,1,ace406b5f12b72f13f33ba20784bd4d4060df3a071a460406b7fc391ddde99f8,ef9f27141658502ed1cce3a9b2f8c98443b6bbdea16cb1e1dff03c7ce07b1cb1,2026-08-06T20:58:56.268118+00:00
Q263,price,R1500,DENSE,"['R1500-0702', 'R1500-0700', 'R1500-0701', 'R1500-0699', 'R1500-0704', 'R1500-0705', 'R1500-0722', 'R1500-0385', 'R1500-0719', 'R1500-0664']","[0.68227625, 0.63245457, 0.61903173, 0.61819768, 0.60982329, 0.60846019, 0.59977496, 0.59903342, 0.5987938, 0.59743237]",1,1,1,1,1,d5b007f625155a246d0fb81a2026e4095b220ebd4b169150915383b3fd7669bf,ef9f27141658502ed1cce3a9b2f8c98443b6bbdea16cb1e1dff03c7ce07b1cb1,2026-08-06T20:58:56.268276+00:00
Q264,price,R1500,DENSE,"['R1500-0621', 'R1500-0620', 'R1500-0591', 'R1500-0622', 'R1500-0625', 'R1500-0619', 'R1500-0616', 'R1500-0615', 'R1500-0028', 'R1500-0542']","[0.5328967, 0.52763808, 0.52026653, 0.51947701, 0.51207173, 0.51146621, 0.51050687, 0.50923407, 0.50814861, 0.50208211]",9,0,0,0,1,740408ef8e195cda29a094fa491e9e25d70a2252dfb28919bab209dd146428e6,ef9f27141658502ed1cce3a9b2f8c98443b6bbdea16cb1e1dff03c7ce07b1cb1,2026-08-06T20:58:56.268429+00:00
Q265,price,R1500,DENSE,"['R1500-0676', 'R1500-0192', 'R1500-0640', 'R1500-0170', 'R1500-0653', 'R1500-0642', 'R1500-0677', 'R1500-0544', 'R1500-0173', 'R1500-0639']","[0.55120265, 0.53467858, 0.53340542, 0.51952177, 0.51437986, 0.51282704, 0.50853699, 0.50739408, 0.5053091, 0.50218976]",3,0,1,1,1,0a3b5d9135124f741191c48fdd8135f0066b8a9c2d05a9425580c32b2e161050,ef9f27141658502ed1cce3a9b2f8c98443b6bbdea16cb1e1dff03c7ce07b1cb1,2026-08-06T20:58:56.268577+00:00
Q266,attribute,R1500,DENSE,"['R1500-0600', 'R1500-0601', 'R1500-0597', 'R1500-0599', 'R1500-0603', 'R1500-0034', 'R1500-0083', 'R1500-0596', 'R1500-0604', 'R1500-0608']","[0.58195424, 0.56547868, 0.54301679, 0.53576958, 0.53262031, 0.52172375, 0.51948977, 0.51790833, 0.5172596, 0.51706249]",1,1,1,1,1,fdcf5428a45bbc17df1c9909172cb26bcdc350fccd3aaf54adee67ca6724b60f,ef9f27141658502ed1cce3a9b2f8c98443b6bbdea16cb1e1dff03c7ce07b1cb1,2026-08-06T20:58:56.268768+00:00
Q267,price,R1500,DENSE,"['R1500-0676', 'R1500-0210', 'R1500-0236', 'R1500-0192', 'R1500-0677', 'R1500-0219', 'R1500-0305', 'R1500-0159', 'R1500-0644', 'R1500-0173']","[0.60318524, 0.54561406, 0.52339274, 0.51896763, 0.51739156, 0.51587629, 0.5155741, 0.51060629, 0.504089, 0.495325]",1,1,1,1,1,819fb627b2f0b07aa44c0e26a5cf99a153afdbd0803495faacc115700d363a15,ef9f27141658502ed1cce3a9b2f8c98443b6bbdea16cb1e1dff03c7ce07b1cb1,2026-08-06T20:58:56.268941+00:00
Q268,attribute,R1500,DENSE,"['R1500-0055', 'R1500-0056', 'R1500-0054', 'R1500-0053', 'R1500-0139', 'R1500-0019', 'R1500-0087', 'R1500-0052', 'R1500-0086', 'R1500-0138']","[0.65523577, 0.65340346, 0.6493305, 0.62753254, 0.62744749, 0.60651803, 0.60514981, 0.59441364, 0.59090102, 0.58703268]",1,1,1,1,1,0f43aa41d9c33eb9a9477a90482d6089aa6b4c2c44f25f98a08f73f536fe1cb4,ef9f27141658502ed1cce3a9b2f8c98443b6bbdea16cb1e1dff03c7ce07b1cb1,2026-08-06T20:58:56.269104+00:00
Q269,attribute,R1500,DENSE,"['R1500-0422', 'R1500-0420', 'R1500-0421', 'R1500-0174', 'R1500-0773', 'R1500-0208', 'R1500-0504', 'R1500-0759', 'R1500-0303', 'R1500-0220']","[0.6409803, 0.63860238, 0.57149506, 0.56529373, 0.56295609, 0.56189245, 0.55391324, 0.55345058, 0.55305076, 0.55217612]",2,0,1,1,1,a91f77176181a23ebf42194b9f5a7a5f90f70d7d4176086834e75fa51423dab7,ef9f27141658502ed1cce3a9b2f8c98443b6bbdea16cb1e1dff03c7ce07b1cb1,2026-08-06T20:58:56.269275+00:00
Q270,price,R1500,DENSE,"['R1500-0492', 'R1500-0722', 'R1500-0452', 'R1500-0349', 'R1500-0346', 'R1500-0719', 'R1500-0490', 'R1500-0484', 'R1500-0344', 'R1500-0362']","[0.66746217, 0.62657762, 0.62039649, 0.62000507, 0.6159749, 0.6142903, 0.61196649, 0.61169767, 0.60747755, 0.60591328]",1,1,1,1,1,8fa54c6a7716ada95893a4ea51e0aeb2dccc980c5fe7a0e07421c185a808572c,ef9f27141658502ed1cce3a9b2f8c98443b6bbdea16cb1e1dff03c7ce07b1cb1,2026-08-06T20:58:56.269424+00:00
Q271,price,R1500,DENSE,"['R1500-0703', 'R1500-0701', 'R1500-0704', 'R1500-0664', 'R1500-0702', 'R1500-0700', 'R1500-0699', 'R1500-0510', 'R1500-0705', 'R1500-0719']","[0.67372596, 0.65970027, 0.6557532, 0.65440428, 0.6503706, 0.63053882, 0.61583954, 0.60988331, 0.60782933, 0.59646177]",1,1,1,1,1,7a00fa0b6d6de4c344a7692c51b3751bf8224f9b1afd7a7ffb8a3ca53e5ea8bc,ef9f27141658502ed1cce3a9b2f8c98443b6bbdea16cb1e1dff03c7ce07b1cb1,2026-08-06T20:58:56.269572+00:00
Q272,attribute,R1500,DENSE,"['R1500-0090', 'R1500-0089', 'R1500-0759', 'R1500-0091', 'R1500-0494', 'R1500-0773', 'R1500-0475', 'R1500-0642', 'R1500-0172', 'R1500-0320']","[0.62327975, 0.6053077, 0.58656204, 0.57847178, 0.57609522, 0.57475448, 0.57451117, 0.55885649, 0.55521417, 0.5520575]",1,1,1,1,1,37a267cb181928f198fdc6010ac3ae0e2eb35ccb110546382eb21187727b142f,ef9f27141658502ed1cce3a9b2f8c98443b6bbdea16cb1e1dff03c7ce07b1cb1,2026-08-06T20:58:56.269745+00:00
Q273,attribute,R1500,DENSE,"['R1500-0150', 'R1500-0147', 'R1500-0149', 'R1500-0609', 'R1500-0014', 'R1500-0146', 'R1500-0652', 'R1500-0015', 'R1500-0759', 'R1500-0094']","[0.67096144, 0.57948542, 0.5605973, 0.5506618, 0.54528487, 0.5308876, 0.52809042, 0.52677774, 0.52582181, 0.51677191]",1,1,1,1,1,a0fdac8e6b66fd11c504a249b6333654b5de684320e0883d497afc35b253a00b,ef9f27141658502ed1cce3a9b2f8c98443b6bbdea16cb1e1dff03c7ce07b1cb1,2026-08-06T20:58:56.269940+00:00
Q274,attribute,R1500,DENSE,"['R1500-0624', 'R1500-0619', 'R1500-0031', 'R1500-0045', 'R1500-0625', 'R1500-0038', 'R1500-0025', 'R1500-0593', 'R1500-0622', 'R1500-0051']","[0.65351778, 0.64447147, 0.63200337, 0.6317637, 0.62312615, 0.62001687, 0.6147573, 0.61096275, 0.61024499, 0.60953963]",1,1,1,1,1,f9156061b97e32df72e2c68595f2a7ac72902b91b5c5b3f5b3d11934dbf61c3e,ef9f27141658502ed1cce3a9b2f8c98443b6bbdea16cb1e1dff03c7ce07b1cb1,2026-08-06T20:58:56.270099+00:00
Q275,price,R1500,DENSE,"['R1500-0658', 'R1500-0487', 'R1500-0486', 'R1500-0721', 'R1500-0439', 'R1500-0585', 'R1500-0507', 'R1500-0630', 'R1500-0707', 'R1500-0657']","[0.56788266, 0.55652237, 0.55061865, 0.54723287, 0.54418963, 0.54356146, 0.53798151, 0.53733587, 0.52499199, 0.52404642]",,0,0,0,0,9737acf704628a2f7910cb2953288465e15ae2c1a40d597c506dc2414bae66e9,ef9f27141658502ed1cce3a9b2f8c98443b6bbdea16cb1e1dff03c7ce07b1cb1,2026-08-06T20:58:56.270255+00:00
Q276,attribute,R1500,DENSE,"['R1500-0334', 'R1500-0333', 'R1500-0666', 'R1500-0345', 'R1500-0719', 'R1500-0733', 'R1500-0358', 'R1500-0361', 'R1500-0452', 'R1500-0332']","[0.63981253, 0.637411, 0.63479888, 0.63417482, 0.6318652, 0.63143599, 0.63000506, 0.62943238, 0.62894547, 0.62875211]",,0,0,0,0,132f92928a4be4ad7b0006f21a58ab338e79fead18762c74f164ff152693cae0,ef9f27141658502ed1cce3a9b2f8c98443b6bbdea16cb1e1dff03c7ce07b1cb1,2026-08-06T20:58:56.270441+00:00
Q277,attribute,R1500,DENSE,"['R1500-0596', 'R1500-0600', 'R1500-0598', 'R1500-0597', 'R1500-0595', 'R1500-0604', 'R1500-0605', 'R1500-0048', 'R1500-0599', 'R1500-0616']","[0.5814333, 0.57012737, 0.568483, 0.56484318, 0.56102282, 0.5557633, 0.51616186, 0.51159185, 0.50850314, 0.50634587]",1,1,1,1,1,336f42ef78790de6c0651bc7439b5ebe47d8499bf3be8c36c209323ba3e9f681,ef9f27141658502ed1cce3a9b2f8c98443b6bbdea16cb1e1dff03c7ce07b1cb1,2026-08-06T20:58:56.270625+00:00
Q278,price,R1500,DENSE,"['R1500-0562', 'R1500-0708', 'R1500-0553', 'R1500-0558', 'R1500-0552', 'R1500-0570', 'R1500-0589', 'R1500-0547', 'R1500-0559', 'R1500-0640']","[0.50492454, 0.50005221, 0.49735206, 0.49338195, 0.48011193, 0.47773302, 0.4756209, 0.46938759, 0.46658486, 0.46500304]",2,0,1,1,1,caec35fb36541551fbe63bfd3887a5d06e09f7e2c5ced31a4e29e31ed6bfff05,ef9f27141658502ed1cce3a9b2f8c98443b6bbdea16cb1e1dff03c7ce07b1cb1,2026-08-06T20:58:56.270777+00:00
Q279,price,R1500,DENSE,"['R1500-0482', 'R1500-0483', 'R1500-0484', 'R1500-0719', 'R1500-0733', 'R1500-0345', 'R1500-0338', 'R1500-0488', 'R1500-0452', 'R1500-0700']","[0.63742918, 0.63311374, 0.59080583, 0.58930987, 0.5854215, 0.58526886, 0.58474892, 0.58347869, 0.58157676, 0.58125484]",2,0,1,1,1,63250b987b9de8ee1b4f551ec01098016e83ccda1bbe03cc89ed96bdbfe4013b,ef9f27141658502ed1cce3a9b2f8c98443b6bbdea16cb1e1dff03c7ce07b1cb1,2026-08-06T20:58:56.270982+00:00
Q280,price,R1500,DENSE,"['R1500-0009', 'R1500-0008', 'R1500-0010', 'R1500-0619', 'R1500-0014', 'R1500-0621', 'R1500-0593', 'R1500-0624', 'R1500-0604', 'R1500-0149']","[0.59679264, 0.53455883, 0.52950317, 0.5271641, 0.51691878, 0.50699955, 0.50657189, 0.50425881, 0.50067556, 0.49850094]",2,0,1,1,1,bb072e1755fa0687729aba0cad1d6595a44466c5018f98c527c8b90c8fd85d4e,ef9f27141658502ed1cce3a9b2f8c98443b6bbdea16cb1e1dff03c7ce07b1cb1,2026-08-06T20:58:56.271151+00:00
Q281,price,R1500,DENSE,"['R1500-0439', 'R1500-0440', 'R1500-0658', 'R1500-0487', 'R1500-0486', 'R1500-0438', 'R1500-0663', 'R1500-0721', 'R1500-0659', 'R1500-0382']","[0.62632143, 0.57033902, 0.56524336, 0.55965126, 0.55259103, 0.5502435, 0.54996538, 0.54657984, 0.53923571, 0.53831053]",2,0,1,1,1,7a590a367bd7ed4ea4a85cd46c1d514d05bd622554a9c7261489e330f5164334,ef9f27141658502ed1cce3a9b2f8c98443b6bbdea16cb1e1dff03c7ce07b1cb1,2026-08-06T20:58:56.271311+00:00
Q282,attribute,R1500,DENSE,"['R1500-0100', 'R1500-0098', 'R1500-0101', 'R1500-0025', 'R1500-0382', 'R1500-0320', 'R1500-0423', 'R1500-0428', 'R1500-0427', 'R1500-0220']","[0.59339631, 0.53719318, 0.53690052, 0.51418817, 0.51357698, 0.51235271, 0.50850582, 0.50821328, 0.5057925, 0.5057416]",,0,0,0,0,eab64e4a55fd9b7f9031841abf5ea74547f0bc2462f3bb8c239c50eee07b0ef0,ef9f27141658502ed1cce3a9b2f8c98443b6bbdea16cb1e1dff03c7ce07b1cb1,2026-08-06T20:58:56.271510+00:00
Q283,price,R1500,DENSE,"['R1500-0405', 'R1500-0674', 'R1500-0657', 'R1500-0680', 'R1500-0673', 'R1500-0658', 'R1500-0683', 'R1500-0734', 'R1500-0411', 'R1500-0707']","[0.55155098, 0.53017986, 0.52102619, 0.51590753, 0.51492202, 0.50367641, 0.50219333, 0.49884057, 0.49857718, 0.49574387]",1,1,1,1,1,9052bef2c0ffe1476a0a0008b121b868b254e3665e79bedb8bd208769cd99155,ef9f27141658502ed1cce3a9b2f8c98443b6bbdea16cb1e1dff03c7ce07b1cb1,2026-08-06T20:58:56.271659+00:00
Q284,attribute,R1500,DENSE,"['R1500-0493', 'R1500-0138', 'R1500-0415', 'R1500-0570', 'R1500-0500', 'R1500-0498', 'R1500-0499', 'R1500-0494', 'R1500-0574', 'R1500-0590']","[0.6525169, 0.54576212, 0.54506624, 0.54371607, 0.54332519, 0.54228365, 0.53781402, 0.53750455, 0.53351891, 0.53247106]",,0,0,0,0,89410a439a63026dbbf8cb77a29d3f17213763ca5087c731bd38a3e9681a6291,ef9f27141658502ed1cce3a9b2f8c98443b6bbdea16cb1e1dff03c7ce07b1cb1,2026-08-06T20:58:56.271831+00:00
Q285,price,R1500,DENSE,"['R1500-0382', 'R1500-0383', 'R1500-0657', 'R1500-0426', 'R1500-0429', 'R1500-0658', 'R1500-0427', 'R1500-0661', 'R1500-0486', 'R1500-0381']","[0.65002573, 0.63374925, 0.60157645, 0.59161282, 0.58948654, 0.58947635, 0.58735454, 0.58679748, 0.5864374, 0.57795066]",1,1,1,1,1,34a82774337e36c9c98a01de5e77f640740dcd6d1e5f1434b120ffe013a273b2,ef9f27141658502ed1cce3a9b2f8c98443b6bbdea16cb1e1dff03c7ce07b1cb1,2026-08-06T20:58:56.271982+00:00
Q286,attribute,R1500,DENSE,"['R1500-0030', 'R1500-0043', 'R1500-0594', 'R1500-0044', 'R1500-0604', 'R1500-0033', 'R1500-0616', 'R1500-0046', 'R1500-0042', 'R1500-0013']","[0.56229401, 0.56070316, 0.55421525, 0.54969543, 0.54872489, 0.54703438, 0.54669529, 0.54182422, 0.53985667, 0.53773785]",2,0,1,1,1,beb6144faaaca18075a5c2d3c53c63cd7bec0bd1d3e980fd6e478bb41ebba916,ef9f27141658502ed1cce3a9b2f8c98443b6bbdea16cb1e1dff03c7ce07b1cb1,2026-08-06T20:58:56.272165+00:00
Q287,price,R1500,DENSE,"['R1500-0673', 'R1500-0671', 'R1500-0670', 'R1500-0680', 'R1500-0722', 'R1500-0488', 'R1500-0674', 'R1500-0490', 'R1500-0709', 'R1500-0667']","[0.50891274, 0.49450967, 0.49418494, 0.49263334, 0.49259526, 0.49013564, 0.48806852, 0.48650503, 0.48359427, 0.47824022]",2,0,1,1,1,bc0e8a15739220c027609087799c8367b9ca72320652b9186c6ebc35ef719cda,ef9f27141658502ed1cce3a9b2f8c98443b6bbdea16cb1e1dff03c7ce07b1cb1,2026-08-06T20:58:56.272323+00:00
Q288,price,R1500,DENSE,"['R1500-0401', 'R1500-0399', 'R1500-0397', 'R1500-0699', 'R1500-0733', 'R1500-0492', 'R1500-0700', 'R1500-0394', 'R1500-0722', 'R1500-0408']","[0.64865816, 0.63128853, 0.62414938, 0.61838174, 0.61353159, 0.61306083, 0.61234182, 0.61204773, 0.61180604, 0.61081636]",,0,0,0,0,10092b1bc6528066a01541de3f9ebc262d93f7455ddad63d72523adeebb3b4a1,ef9f27141658502ed1cce3a9b2f8c98443b6bbdea16cb1e1dff03c7ce07b1cb1,2026-08-06T20:58:56.272468+00:00
Q289,price,R1500,DENSE,"['R1500-0164', 'R1500-0165', 'R1500-0159', 'R1500-0161', 'R1500-0158', 'R1500-0163', 'R1500-0162', 'R1500-0229', 'R1500-0160', 'R1500-0173']","[0.68384814, 0.66362429, 0.64011538, 0.6361236, 0.62582028, 0.61983466, 0.61195058, 0.61012632, 0.59806645, 0.59749699]",1,1,1,1,1,00f1b94cbfc23a7b13064bbb776dea8d514b7cb9f249ac7a1870c4d1e18b5894,ef9f27141658502ed1cce3a9b2f8c98443b6bbdea16cb1e1dff03c7ce07b1cb1,2026-08-06T20:58:56.272614+00:00
Q290,attribute,R1500,DENSE,"['R1500-0612', 'R1500-0613', 'R1500-0614', 'R1500-0032', 'R1500-0031', 'R1500-0064', 'R1500-0619', 'R1500-0033', 'R1500-0594', 'R1500-0045']","[0.65220171, 0.59686249, 0.54825455, 0.54223788, 0.53535318, 0.5233379, 0.52099466, 0.50900543, 0.50792998, 0.50725234]",1,1,1,1,1,b52c90f4066d3585bee5b59e229f02eca4e7b3e6494e552d76556a033c59f268,ef9f27141658502ed1cce3a9b2f8c98443b6bbdea16cb1e1dff03c7ce07b1cb1,2026-08-06T20:58:56.272781+00:00
Q291,price,R1500,DENSE,"['R1500-0034', 'R1500-0621', 'R1500-0593', 'R1500-0622', 'R1500-0619', 'R1500-0624', 'R1500-0620', 'R1500-0618', 'R1500-0035', 'R1500-0601']","[0.63029951, 0.60812855, 0.60090482, 0.59791303, 0.5933286, 0.5850634, 0.5792855, 0.57911515, 0.57650602, 0.57228136]",2,0,1,1,1,cfad673ba521cb9687239182c38ddedd2e87561a3bea651cff011ae441b08582,ef9f27141658502ed1cce3a9b2f8c98443b6bbdea16cb1e1dff03c7ce07b1cb1,2026-08-06T20:58:56.272932+00:00
Q292,price,R1500,DENSE,"['R1500-0699', 'R1500-0733', 'R1500-0700', 'R1500-0452', 'R1500-0719', 'R1500-0724', 'R1500-0484', 'R1500-0399', 'R1500-0705', 'R1500-0446']","[0.60974854, 0.60104835, 0.59523034, 0.59252965, 0.5882504, 0.58574402, 0.58134389, 0.57951891, 0.57601213, 0.57415551]",1,1,1,1,1,4cb9630f7df18d529ef45091646eeac1770621a19e98fae447f2322ec3e3fdcd,ef9f27141658502ed1cce3a9b2f8c98443b6bbdea16cb1e1dff03c7ce07b1cb1,2026-08-06T20:58:56.273079+00:00
Q293,price,R1500,DENSE,"['R1500-0383', 'R1500-0427', 'R1500-0429', 'R1500-0382', 'R1500-0426', 'R1500-0428', 'R1500-0487', 'R1500-0381', 'R1500-0486', 'R1500-0425']","[0.68479478, 0.67903507, 0.67058188, 0.66547787, 0.66270638, 0.65641785, 0.61345917, 0.60690069, 0.60203958, 0.6019814]",2,0,1,1,1,a044b376b4ba34dc99b3ef524a16930e67a495e7078cce422ed916bd354cdf12,ef9f27141658502ed1cce3a9b2f8c98443b6bbdea16cb1e1dff03c7ce07b1cb1,2026-08-06T20:58:56.273246+00:00
Q294,attribute,R1500,DENSE,"['R1500-0037', 'R1500-0036', 'R1500-0063', 'R1500-0594', 'R1500-0022', 'R1500-0616', 'R1500-0029', 'R1500-0570', 'R1500-0573', 'R1500-0612']","[0.5916667, 0.56184119, 0.48021892, 0.46545041, 0.45657796, 0.4535076, 0.45201716, 0.44792664, 0.44561943, 0.44435522]",2,0,1,1,1,ab8cba48bd7ab433f9b9f795df6227abb8d98e7743281943769a0a4ae1dd6d3f,ef9f27141658502ed1cce3a9b2f8c98443b6bbdea16cb1e1dff03c7ce07b1cb1,2026-08-06T20:58:56.273414+00:00
Q295,attribute,R1500,DENSE,"['R1500-0487', 'R1500-0486', 'R1500-0383', 'R1500-0426', 'R1500-0438', 'R1500-0439', 'R1500-0382', 'R1500-0425', 'R1500-0429', 'R1500-0434']","[0.73506153, 0.69478226, 0.68518531, 0.68437755, 0.66976225, 0.6638099, 0.65494525, 0.65413278, 0.65265107, 0.65263903]",1,1,1,1,1,62437b0827404e711f5ff48a3449b1e63b2e2f5d191ac65742dc1de43f6cf538,ef9f27141658502ed1cce3a9b2f8c98443b6bbdea16cb1e1dff03c7ce07b1cb1,2026-08-06T20:58:56.273562+00:00
Q296,price,R1500,DENSE,"['R1500-0734', 'R1500-0659', 'R1500-0684', 'R1500-0658', 'R1500-0680', 'R1500-0722', 'R1500-0675', 'R1500-0674', 'R1500-0657', 'R1500-0673']","[0.52432156, 0.51253009, 0.51181954, 0.50823301, 0.50659388, 0.50208741, 0.49762571, 0.49682045, 0.49491027, 0.4935838]",,0,0,0,0,fa2d1c8aa56c8fa5bbd10c1f9db9af1ed6da864e9d46cada3212f48db1fb9118,ef9f27141658502ed1cce3a9b2f8c98443b6bbdea16cb1e1dff03c7ce07b1cb1,2026-08-06T20:58:56.273708+00:00
Q297,attribute,R1500,DENSE,"['R1500-0608', 'R1500-0609', 'R1500-0647', 'R1500-0640', 'R1500-0644', 'R1500-0034', 'R1500-0030', 'R1500-0542', 'R1500-0668', 'R1500-0135']","[0.57601136, 0.53566778, 0.52131391, 0.49867791, 0.49312913, 0.49142563, 0.48292953, 0.48192418, 0.4797321, 0.47473633]",6,0,0,0,1,7a560e17e0bafcc6c3a5c9da384cbd162f4c4477102ad252abd092c80148af67,ef9f27141658502ed1cce3a9b2f8c98443b6bbdea16cb1e1dff03c7ce07b1cb1,2026-08-06T20:58:56.273888+00:00
Q298,price,R1500,DENSE,"['R1500-0414', 'R1500-0413', 'R1500-0724', 'R1500-0484', 'R1500-0722', 'R1500-0733', 'R1500-0385', 'R1500-0349', 'R1500-0492', 'R1500-0393']","[0.72366142, 0.65581357, 0.6370647, 0.63512743, 0.63428783, 0.6333766, 0.63272679, 0.62869108, 0.62801516, 0.62798613]",1,1,1,1,1,0d407309c6981d7e3af28760f5ef1910dbb69a64848985a93d8209f01a84da1a,ef9f27141658502ed1cce3a9b2f8c98443b6bbdea16cb1e1dff03c7ce07b1cb1,2026-08-06T20:58:56.274039+00:00
Q299,attribute,R1500,DENSE,"['R1500-0028', 'R1500-0591', 'R1500-0049', 'R1500-0027', 'R1500-0026', 'R1500-0621', 'R1500-0036', 'R1500-0603', 'R1500-0025', 'R1500-0031']","[0.55857271, 0.55350518, 0.5487715, 0.54606718, 0.53941941, 0.5307669, 0.52915132, 0.52842987, 0.52483445, 0.51677418]",,0,0,0,0,83c75edc61b4da92bcc2228aee4f739eac5a1039c5d860ccba1c2a0846b1a79c,ef9f27141658502ed1cce3a9b2f8c98443b6bbdea16cb1e1dff03c7ce07b1cb1,2026-08-06T20:58:56.274235+00:00
Q300,attribute,R1500,DENSE,"['R1500-0640', 'R1500-0320', 'R1500-0554', 'R1500-0552', 'R1500-0309', 'R1500-0644', 'R1500-0321', 'R1500-0310', 'R1500-0006', 'R1500-0307']","[0.56306291, 0.55278873, 0.55123371, 0.54710853, 0.54183304, 0.53379655, 0.5333057, 0.52960873, 0.52924204, 0.5279938]",,0,0,0,0,05bfeac807835d1bab09976561c36b14b2271171a6e1656a304bd3456a260e84,ef9f27141658502ed1cce3a9b2f8c98443b6bbdea16cb1e1dff03c7ce07b1cb1,2026-08-06T20:58:56.274403+00:00
Q301,attribute,R1500,DENSE,"['R1500-0724', 'R1500-0725', 'R1500-0722', 'R1500-0492', 'R1500-0389', 'R1500-0488', 'R1500-0339', 'R1500-0721', 'R1500-0348', 'R1500-0490']","[0.6195544, 0.59085131, 0.56784654, 0.55368215, 0.55204576, 0.5478121, 0.54612488, 0.5432331, 0.54250264, 0.54241914]",1,1,1,1,1,9adc9d73e8d3e67c5d64ed666b719c8d6255e7c38514c006cb946f92e1cbb19b,ef9f27141658502ed1cce3a9b2f8c98443b6bbdea16cb1e1dff03c7ce07b1cb1,2026-08-06T20:58:56.274581+00:00
Q302,price,R1500,DENSE,"['R1500-0712', 'R1500-0711', 'R1500-0495', 'R1500-0453', 'R1500-0679', 'R1500-0664', 'R1500-0674', 'R1500-0667', 'R1500-0670', 'R1500-0722']","[0.65725118, 0.61620903, 0.60160756, 0.59994149, 0.59196776, 0.58469588, 0.58373487, 0.58135986, 0.57930565, 0.57587111]",1,1,1,1,1,27129bc48922808a25522f9c2c051ca47ad0c4fa265cd68fe9b87051c071b7cd,ef9f27141658502ed1cce3a9b2f8c98443b6bbdea16cb1e1dff03c7ce07b1cb1,2026-08-06T20:58:56.274729+00:00
Q303,price,R1500,DENSE,"['R1500-0341', 'R1500-0334', 'R1500-0338', 'R1500-0484', 'R1500-0332', 'R1500-0340', 'R1500-0346', 'R1500-0349', 'R1500-0348', 'R1500-0385']","[0.67229271, 0.66943818, 0.66765463, 0.66721797, 0.66404361, 0.66400778, 0.66359353, 0.66065782, 0.659468, 0.6576944]",,0,0,0,0,b28399772c1cd2b98767a69d8e2f193a4dbd1b060f92ac59a6e6ddc3eb0d735a,ef9f27141658502ed1cce3a9b2f8c98443b6bbdea16cb1e1dff03c7ce07b1cb1,2026-08-06T20:58:56.274878+00:00
Q304,attribute,R1500,DENSE,"['R1500-0426', 'R1500-0425', 'R1500-0429', 'R1500-0427', 'R1500-0428', 'R1500-0487', 'R1500-0424', 'R1500-0423', 'R1500-0486', 'R1500-0381']","[0.57049894, 0.55781746, 0.55518985, 0.55045211, 0.5495739, 0.54714382, 0.53486472, 0.52236778, 0.51845872, 0.51145422]",,0,0,0,0,fa025cffbdb14ff7f7a7900382eeba9ce4f5ced11f2091590e7fd3845f4e18d7,ef9f27141658502ed1cce3a9b2f8c98443b6bbdea16cb1e1dff03c7ce07b1cb1,2026-08-06T20:58:56.275059+00:00
Q305,price,R1500,DENSE,"['R1500-0750', 'R1500-0004', 'R1500-0544', 'R1500-0747', 'R1500-0752', 'R1500-0545', 'R1500-0543', 'R1500-0744', 'R1500-0541', 'R1500-0751']","[0.64875686, 0.58464831, 0.57820523, 0.55639625, 0.55472052, 0.55213594, 0.54922724, 0.54706061, 0.53976637, 0.53415847]",5,0,0,1,1,a1a31e76f97a7166331b43035215009c80146da2f64e577bb888954e4db5a770,ef9f27141658502ed1cce3a9b2f8c98443b6bbdea16cb1e1dff03c7ce07b1cb1,2026-08-06T20:58:56.275232+00:00
Q306,price,R1500,DENSE,"['R1500-0033', 'R1500-0620', 'R1500-0621', 'R1500-0616', 'R1500-0594', 'R1500-0622', 'R1500-0605', 'R1500-0619', 'R1500-0618', 'R1500-0624']","[0.6031782, 0.58637697, 0.57720351, 0.54366893, 0.53847408, 0.53630286, 0.53195131, 0.52884132, 0.52770305, 0.5266763]",1,1,1,1,1,f4e4689838bd128860c85df76280d33ff2b31b72c141d4fb6cb19baa72684948,ef9f27141658502ed1cce3a9b2f8c98443b6bbdea16cb1e1dff03c7ce07b1cb1,2026-08-06T20:58:56.275381+00:00
Q307,attribute,R1500,DENSE,"['R1500-0429', 'R1500-0428', 'R1500-0427', 'R1500-0426', 'R1500-0383', 'R1500-0381', 'R1500-0382', 'R1500-0425', 'R1500-0487', 'R1500-0423']","[0.65228635, 0.65175045, 0.65019435, 0.62242335, 0.61733162, 0.59557241, 0.5911957, 0.58480191, 0.58457142, 0.58289754]",,0,0,0,0,be1c9bdf7de3cd53c6050971d0de81f26069ea1ad4817d5b756e4a2a57fb28f7,ef9f27141658502ed1cce3a9b2f8c98443b6bbdea16cb1e1dff03c7ce07b1cb1,2026-08-06T20:58:56.275550+00:00
Q308,attribute,R1500,DENSE,"['R1500-0387', 'R1500-0385', 'R1500-0389', 'R1500-0393', 'R1500-0391', 'R1500-0386', 'R1500-0716', 'R1500-0392', 'R1500-0714', 'R1500-0390']","[0.70774913, 0.70409697, 0.70191538, 0.69161308, 0.69046724, 0.68881357, 0.67808354, 0.67791915, 0.67397714, 0.67108285]",1,1,1,1,1,0872355f642db69b0c876f9034820dcf8067dc91d8f14332347d0754372f26f8,ef9f27141658502ed1cce3a9b2f8c98443b6bbdea16cb1e1dff03c7ce07b1cb1,2026-08-06T20:58:56.275730+00:00
Q309,price,R1500,DENSE,"['R1500-0678', 'R1500-0669', 'R1500-0552', 'R1500-0677', 'R1500-0668', 'R1500-0547', 'R1500-0644', 'R1500-0544', 'R1500-0637', 'R1500-0548']","[0.62721521, 0.56980646, 0.50427556, 0.50395715, 0.50229651, 0.49851844, 0.49687451, 0.49217129, 0.48883536, 0.48750785]",1,1,1,1,1,58dd5c49d6c70e674e8c60006885bf01211c998a0fb11e1ef6f1906330a1b5f2,ef9f27141658502ed1cce3a9b2f8c98443b6bbdea16cb1e1dff03c7ce07b1cb1,2026-08-06T20:58:56.275887+00:00
Q310,price,R1500,DENSE,"['R1500-0596', 'R1500-0600', 'R1500-0598', 'R1500-0542', 'R1500-0543', 'R1500-0541', 'R1500-0599', 'R1500-0618', 'R1500-0544', 'R1500-0597']","[0.48787022, 0.47681576, 0.46911615, 0.46519017, 0.46467075, 0.46172345, 0.45926112, 0.45907038, 0.45446897, 0.44869989]",,0,0,0,0,2822552af09f2546d4435c96492cfac279367209cb213eaf3a5a6cc440c330d9,ef9f27141658502ed1cce3a9b2f8c98443b6bbdea16cb1e1dff03c7ce07b1cb1,2026-08-06T20:58:56.276037+00:00
Q311,price,R1500,DENSE,"['R1500-0615', 'R1500-0616', 'R1500-0619', 'R1500-0618', 'R1500-0624', 'R1500-0031', 'R1500-0621', 'R1500-0051', 'R1500-0038', 'R1500-0622']","[0.64803767, 0.6245476, 0.61442435, 0.59665596, 0.59481025, 0.59210956, 0.59175134, 0.5831089, 0.57698548, 0.57427782]",1,1,1,1,1,2d0091b72360793485e397b3b7470b6b496c91dbc89ab536559f27b4074e4927,ef9f27141658502ed1cce3a9b2f8c98443b6bbdea16cb1e1dff03c7ce07b1cb1,2026-08-06T20:58:56.276188+00:00
Q312,price,R1500,DENSE,"['R1500-0631', 'R1500-0544', 'R1500-0321', 'R1500-0647', 'R1500-0543', 'R1500-0636', 'R1500-0639', 'R1500-0637', 'R1500-0322', 'R1500-0633']","[0.54438031, 0.53934282, 0.52725244, 0.52680326, 0.52431798, 0.52406609, 0.52371895, 0.51778734, 0.51671988, 0.51626623]",,0,0,0,0,1f209d8c4d9c038cc58a39be08b732353ed7bafe4bfea75203ff9b9b9370143e,ef9f27141658502ed1cce3a9b2f8c98443b6bbdea16cb1e1dff03c7ce07b1cb1,2026-08-06T20:58:56.276439+00:00
Q313,price,R1500,DENSE,"['R1500-0385', 'R1500-0484', 'R1500-0430', 'R1500-0688', 'R1500-0727', 'R1500-0387', 'R1500-0724', 'R1500-0719', 'R1500-0452', 'R1500-0700']","[0.63232529, 0.61903358, 0.61690003, 0.61639214, 0.61551893, 0.60855067, 0.60602552, 0.60469615, 0.60179365, 0.59936452]",3,0,1,1,1,67b3032f376209fda1467839d5d4563f485c2786d13120755c199040dc5643e8,ef9f27141658502ed1cce3a9b2f8c98443b6bbdea16cb1e1dff03c7ce07b1cb1,2026-08-06T20:58:56.276586+00:00
Q314,price,R1500,DENSE,"['R1500-0547', 'R1500-0550', 'R1500-0552', 'R1500-0548', 'R1500-0551', 'R1500-0554', 'R1500-0553', 'R1500-0549', 'R1500-0644', 'R1500-0556']","[0.63706124, 0.63291252, 0.60799479, 0.60284162, 0.59040385, 0.58494961, 0.57965308, 0.57601726, 0.55429745, 0.54626852]",4,0,0,1,1,c65744e82be39c5270f003b83f97300b64ec9f4810326731b9b638898a3d6c0d,ef9f27141658502ed1cce3a9b2f8c98443b6bbdea16cb1e1dff03c7ce07b1cb1,2026-08-06T20:58:56.276732+00:00
Q315,attribute,R1500,DENSE,"['R1500-0387', 'R1500-0385', 'R1500-0391', 'R1500-0389', 'R1500-0393', 'R1500-0714', 'R1500-0386', 'R1500-0392', 'R1500-0390', 'R1500-0384']","[0.69791967, 0.69056058, 0.68860787, 0.68573505, 0.68518412, 0.68223584, 0.67934555, 0.67596769, 0.67174268, 0.66990006]",1,1,1,1,1,0d19f2db957377765c62cfc963229fd5c7388605c2e245dc34fc4e6420d47e6b,ef9f27141658502ed1cce3a9b2f8c98443b6bbdea16cb1e1dff03c7ce07b1cb1,2026-08-06T20:58:56.276914+00:00
Q316,price,R1500,DENSE,"['R1500-0345', 'R1500-0344', 'R1500-0346', 'R1500-0347', 'R1500-0348', 'R1500-0349', 'R1500-0334', 'R1500-0338', 'R1500-0385', 'R1500-0343']","[0.69287682, 0.6915589, 0.68522197, 0.6812712, 0.68049961, 0.67960048, 0.66553652, 0.66424716, 0.66298258, 0.66204792]",10,0,0,0,1,1ed82cf0b277e7cddfc707361f1095864a60ea31ce992815a9e6f3a67bce6eb5,ef9f27141658502ed1cce3a9b2f8c98443b6bbdea16cb1e1dff03c7ce07b1cb1,2026-08-06T20:58:56.277063+00:00
Q317,attribute,R1500,DENSE,"['R1500-0571', 'R1500-0078', 'R1500-0572', 'R1500-0071', 'R1500-0075', 'R1500-0067', 'R1500-0065', 'R1500-0573', 'R1500-0066', 'R1500-0069']","[0.70562375, 0.63970912, 0.63378978, 0.63235807, 0.62778264, 0.62466359, 0.62323028, 0.62260532, 0.61896396, 0.61829507]",2,0,1,1,1,ba6fab909a13e43c3dc7d2a817fd734689fef91454a869cdbcb42e4442e2e29d,ef9f27141658502ed1cce3a9b2f8c98443b6bbdea16cb1e1dff03c7ce07b1cb1,2026-08-06T20:58:56.277255+00:00
Q318,price,R1500,DENSE,"['R1500-0619', 'R1500-0618', 'R1500-0621', 'R1500-0593', 'R1500-0616', 'R1500-0624', 'R1500-0622', 'R1500-0608', 'R1500-0031', 'R1500-0615']","[0.60103488, 0.58777928, 0.58264828, 0.58259106, 0.57860839, 0.5760392, 0.57247365, 0.56960452, 0.56664109, 0.56580853]",8,0,0,0,1,92f8ec3f3435248a219b9d6736a7f4a1cb9deeac6cb6aeed69824897bee310aa,ef9f27141658502ed1cce3a9b2f8c98443b6bbdea16cb1e1dff03c7ce07b1cb1,2026-08-06T20:58:56.277423+00:00
Q319,price,R1500,DENSE,"['R1500-0146', 'R1500-0652', 'R1500-0145', 'R1500-0509', 'R1500-0173', 'R1500-0220', 'R1500-0309', 'R1500-0165', 'R1500-0160', 'R1500-0637']","[0.70655096, 0.67515874, 0.64792228, 0.59861511, 0.58585274, 0.57776248, 0.57567644, 0.57538104, 0.5747143, 0.57403451]",2,0,1,1,1,ccbc31df63fe0a20061ab173367cc2f8722d9d800dce313685334c90568c7a9a,ef9f27141658502ed1cce3a9b2f8c98443b6bbdea16cb1e1dff03c7ce07b1cb1,2026-08-06T20:58:56.277584+00:00
Q320,attribute,R1500,DENSE,"['R1500-0597', 'R1500-0773', 'R1500-0604', 'R1500-0283', 'R1500-0504', 'R1500-0652', 'R1500-0030', 'R1500-0619', 'R1500-0761', 'R1500-0281']","[0.57840246, 0.56329602, 0.55500942, 0.55372417, 0.55146241, 0.54993582, 0.54966044, 0.54874444, 0.54827631, 0.54625773]",1,1,1,1,1,c27701da65ba58e03d85402f60fd2fe18eca8e15b9d1b0fc54e85bba1115b71f,ef9f27141658502ed1cce3a9b2f8c98443b6bbdea16cb1e1dff03c7ce07b1cb1,2026-08-06T20:58:56.277771+00:00
Q321,price,R1500,DENSE,"['R1500-0187', 'R1500-0186', 'R1500-0213', 'R1500-0188', 'R1500-0214', 'R1500-0189', 'R1500-0190', 'R1500-0216', 'R1500-0215', 'R1500-0170']","[0.66836548, 0.66423166, 0.66005075, 0.6578089, 0.65768784, 0.6480152, 0.64428347, 0.64395976, 0.64121079, 0.63955086]",1,1,1,1,1,f1b63e98252d9dcd35e3d30d29cc67608f101d47cfb9ed148ad239f5839a4824,ef9f27141658502ed1cce3a9b2f8c98443b6bbdea16cb1e1dff03c7ce07b1cb1,2026-08-06T20:58:56.277919+00:00
Q322,attribute,R1500,DENSE,"['R1500-0646', 'R1500-0644', 'R1500-0154', 'R1500-0186', 'R1500-0554', 'R1500-0017', 'R1500-0552', 'R1500-0647', 'R1500-0078', 'R1500-0307']","[0.67196763, 0.59111577, 0.56903863, 0.53042108, 0.52994859, 0.52837086, 0.52503455, 0.52495658, 0.52294815, 0.52181357]",,0,0,0,0,3d5e36b6048732ac450c2ff0856b49d8d9c79e8164977c74b95bb2c7a7415900,ef9f27141658502ed1cce3a9b2f8c98443b6bbdea16cb1e1dff03c7ce07b1cb1,2026-08-06T20:58:56.278112+00:00
Q323,price,R1500,DENSE,"['R1500-0640', 'R1500-0031', 'R1500-0025', 'R1500-0630', 'R1500-0619', 'R1500-0552', 'R1500-0642', 'R1500-0148', 'R1500-0633', 'R1500-0544']","[0.51941836, 0.50964093, 0.48009592, 0.47836679, 0.4749189, 0.47263923, 0.47239238, 0.46992934, 0.46976942, 0.46920294]",2,0,1,1,1,4d0bb0a73f0a0d34558175f33b3f3cab7bdd923ccf8cf6102c3a0a23a1012e83,ef9f27141658502ed1cce3a9b2f8c98443b6bbdea16cb1e1dff03c7ce07b1cb1,2026-08-06T20:58:56.278276+00:00
Q324,attribute,R1500,DENSE,"['R1500-0373', 'R1500-0371', 'R1500-0368', 'R1500-0380', 'R1500-0344', 'R1500-0370', 'R1500-0349', 'R1500-0345', 'R1500-0348', 'R1500-0347']","[0.70028079, 0.68468094, 0.67579174, 0.6686458, 0.65643823, 0.65474451, 0.65294182, 0.65255994, 0.64867628, 0.64850903]",3,0,1,1,1,b2e523f499cdaf1579f95302a59781eb8b1407aad26b46f7741b4380d5f8a663,ef9f27141658502ed1cce3a9b2f8c98443b6bbdea16cb1e1dff03c7ce07b1cb1,2026-08-06T20:58:56.278472+00:00
Q325,price,R1500,DENSE,"['R1500-0495', 'R1500-0677', 'R1500-0670', 'R1500-0668', 'R1500-0678', 'R1500-0680', 'R1500-0669', 'R1500-0674', 'R1500-0710', 'R1500-0547']","[0.60407054, 0.59649462, 0.59508663, 0.58822322, 0.57916766, 0.5742718, 0.57027406, 0.56995022, 0.5696007, 0.56609303]",7,0,0,0,1,10010cb369645ed3049e85cbaf2f75f49f6d8cdf078ecc2c87ffd924807e3ddd,ef9f27141658502ed1cce3a9b2f8c98443b6bbdea16cb1e1dff03c7ce07b1cb1,2026-08-06T20:58:56.278621+00:00
Q326,attribute,R1500,DENSE,"['R1500-0056', 'R1500-0054', 'R1500-0055', 'R1500-0019', 'R1500-0139', 'R1500-0053', 'R1500-0552', 'R1500-0138', 'R1500-0086', 'R1500-0549']","[0.65415448, 0.61238682, 0.61130297, 0.59734392, 0.5906809, 0.576666, 0.57399094, 0.5739212, 0.5715782, 0.56520569]",1,1,1,1,1,8c86d8535ab4aeea0f263db9eccb8493d84f00b48fcb513672849ff467689851,ef9f27141658502ed1cce3a9b2f8c98443b6bbdea16cb1e1dff03c7ce07b1cb1,2026-08-06T20:58:56.278784+00:00
Q327,attribute,R1500,DENSE,"['R1500-0177', 'R1500-0174', 'R1500-0176', 'R1500-0175', 'R1500-0773', 'R1500-0171', 'R1500-0759', 'R1500-0172', 'R1500-0179', 'R1500-0178']","[0.60988206, 0.60444689, 0.56826723, 0.56700158, 0.56361318, 0.55525625, 0.55503297, 0.54697669, 0.54032385, 0.53355211]",2,0,1,1,1,bdaff64d53de2fb82eab86e212d77c57ee3b80e9be7f0379e1b687b215b3cb5f,ef9f27141658502ed1cce3a9b2f8c98443b6bbdea16cb1e1dff03c7ce07b1cb1,2026-08-06T20:58:56.278956+00:00
Q328,attribute,R1500,DENSE,"['R1500-0598', 'R1500-0599', 'R1500-0596', 'R1500-0600', 'R1500-0595', 'R1500-0616', 'R1500-0611', 'R1500-0615', 'R1500-0619', 'R1500-0621']","[0.56878066, 0.54075062, 0.52306324, 0.52284437, 0.50957996, 0.50845039, 0.50686848, 0.50199592, 0.49779567, 0.49766812]",6,0,0,0,1,f602f76ac7b7051f5f90e86abb47b97a2004259d349a67e849e4becf972b7597,ef9f27141658502ed1cce3a9b2f8c98443b6bbdea16cb1e1dff03c7ce07b1cb1,2026-08-06T20:58:56.279136+00:00
Q329,attribute,R1500,DENSE,"['R1500-0349', 'R1500-0344', 'R1500-0346', 'R1500-0348', 'R1500-0431', 'R1500-0345', 'R1500-0347', 'R1500-0452', 'R1500-0432', 'R1500-0338']","[0.63579589, 0.63221097, 0.63149452, 0.62956238, 0.6275419, 0.62573898, 0.6249103, 0.62490702, 0.61107278, 0.60879147]",,0,0,0,0,1e7616508b32f2d818c0d9dc9fc6287471702286e642c6482b50983e1904112d,ef9f27141658502ed1cce3a9b2f8c98443b6bbdea16cb1e1dff03c7ce07b1cb1,2026-08-06T20:58:56.279325+00:00
Q330,price,R1500,DENSE,"['R1500-0616', 'R1500-0619', 'R1500-0624', 'R1500-0621', 'R1500-0620', 'R1500-0051', 'R1500-0031', 'R1500-0029', 'R1500-0618', 'R1500-0594']","[0.59960836, 0.5994392, 0.59943229, 0.59560019, 0.58088809, 0.57864076, 0.57428974, 0.57132339, 0.57025093, 0.56631804]",,0,0,0,0,ae8cf346d2a1316693d34e15959eae354fccdd0362a40d9c532dcf2cbca9aad6,ef9f27141658502ed1cce3a9b2f8c98443b6bbdea16cb1e1dff03c7ce07b1cb1,2026-08-06T20:58:56.279477+00:00
Q331,price,R1500,DENSE,"['R1500-0190', 'R1500-0216', 'R1500-0170', 'R1500-0214', 'R1500-0188', 'R1500-0187', 'R1500-0172', 'R1500-0304', 'R1500-0213', 'R1500-0215']","[0.63639051, 0.63403368, 0.61599088, 0.613446, 0.61319053, 0.60612893, 0.6057719, 0.60452437, 0.60368961, 0.60014725]",1,1,1,1,1,064ba5a4ffc5eb3e1d39fca584f4d6821134e7ddb30853aa488b39b839d7f0db,ef9f27141658502ed1cce3a9b2f8c98443b6bbdea16cb1e1dff03c7ce07b1cb1,2026-08-06T20:58:56.279629+00:00
Q332,attribute,R1500,DENSE,"['R1500-0593', 'R1500-0022', 'R1500-0619', 'R1500-0049', 'R1500-0616', 'R1500-0034', 'R1500-0031', 'R1500-0624', 'R1500-0621', 'R1500-0035']","[0.62748539, 0.59654057, 0.59347355, 0.58934081, 0.58676445, 0.58537495, 0.58423585, 0.58237249, 0.58233786, 0.58144444]",,0,0,0,0,b141b73621c5dc5c3f41ebc83ae431143c3f43769f378d87896282c69a0ab41f,ef9f27141658502ed1cce3a9b2f8c98443b6bbdea16cb1e1dff03c7ce07b1cb1,2026-08-06T20:58:56.279785+00:00
Q333,attribute,R1500,DENSE,"['R1500-0618', 'R1500-0619', 'R1500-0616', 'R1500-0621', 'R1500-0601', 'R1500-0049', 'R1500-0083', 'R1500-0604', 'R1500-0027', 'R1500-0031']","[0.59531832, 0.58908087, 0.58825362, 0.58196127, 0.57450956, 0.56760412, 0.56604278, 0.56022823, 0.55864406, 0.55698216]",1,1,1,1,1,c30c6896315e8906bed6039d7b60d2ecd2901861d1e5c5c5d942a67ed26287c0,ef9f27141658502ed1cce3a9b2f8c98443b6bbdea16cb1e1dff03c7ce07b1cb1,2026-08-06T20:58:56.279962+00:00
Q334,price,R1500,DENSE,"['R1500-0060', 'R1500-0059', 'R1500-0061', 'R1500-0057', 'R1500-0062', 'R1500-0058', 'R1500-0651', 'R1500-0630', 'R1500-0552', 'R1500-0644']","[0.60844421, 0.57997203, 0.54116791, 0.53249347, 0.52420139, 0.5018127, 0.49973908, 0.49211028, 0.49170023, 0.48581237]",1,1,1,1,1,a3a6a3682125315db8eb859a6d011c3855fae10fc5196f6a30a32b8b8ed07371,ef9f27141658502ed1cce3a9b2f8c98443b6bbdea16cb1e1dff03c7ce07b1cb1,2026-08-06T20:58:56.280114+00:00
Q335,price,R1500,DENSE,"['R1500-0543', 'R1500-0578', 'R1500-0632', 'R1500-0708', 'R1500-0585', 'R1500-0638', 'R1500-0633', 'R1500-0674', 'R1500-0544', 'R1500-0577']","[0.44630772, 0.43852729, 0.43839377, 0.43617225, 0.42882463, 0.42872471, 0.42626041, 0.42370057, 0.42236704, 0.4207325]",,0,0,0,0,f5843abd97c45706725337ecc3c8d53d63c19e38f5d1611183c22debc8574002,ef9f27141658502ed1cce3a9b2f8c98443b6bbdea16cb1e1dff03c7ce07b1cb1,2026-08-06T20:58:56.280276+00:00
Q336,attribute,R1500,DENSE,"['R1500-0141', 'R1500-0552', 'R1500-0122', 'R1500-0131', 'R1500-0019', 'R1500-0054', 'R1500-0138', 'R1500-0107', 'R1500-0554', 'R1500-0124']","[0.64974165, 0.61688244, 0.60577166, 0.59921658, 0.59821695, 0.59590638, 0.59373116, 0.59023106, 0.58923113, 0.58777952]",,0,0,0,0,a69e1b5cfdae06ac247198c0166e7b97f9d18f13fe172c209e6acdcca196f898,ef9f27141658502ed1cce3a9b2f8c98443b6bbdea16cb1e1dff03c7ce07b1cb1,2026-08-06T20:58:56.280461+00:00
Q337,price,R1500,DENSE,"['R1500-0664', 'R1500-0679', 'R1500-0700', 'R1500-0702', 'R1500-0705', 'R1500-0510', 'R1500-0706', 'R1500-0448', 'R1500-0447', 'R1500-0671']","[0.68037409, 0.65004456, 0.63910735, 0.63801306, 0.63278878, 0.62642729, 0.62498635, 0.62414598, 0.62258101, 0.62238145]",1,1,1,1,1,e5bd21345b6ba19e7c972dfb0898121288746c0e31027334f99a291b2927aaeb,ef9f27141658502ed1cce3a9b2f8c98443b6bbdea16cb1e1dff03c7ce07b1cb1,2026-08-06T20:58:56.280611+00:00
Q338,attribute,R1500,DENSE,"['R1500-0146', 'R1500-0652', 'R1500-0145', 'R1500-0147', 'R1500-0165', 'R1500-0309', 'R1500-0186', 'R1500-0303', 'R1500-0773', 'R1500-0509']","[0.73145729, 0.67613983, 0.65543926, 0.58899546, 0.5851748, 0.58332634, 0.57632524, 0.57330573, 0.57022297, 0.57018745]",2,0,1,1,1,1b07423bb3ab53a586d15422cba5524c7cd700394f04a3521937ec67c22cf222,ef9f27141658502ed1cce3a9b2f8c98443b6bbdea16cb1e1dff03c7ce07b1cb1,2026-08-06T20:58:56.280787+00:00
Q339,attribute,R1500,DENSE,"['R1500-0554', 'R1500-0644', 'R1500-0548', 'R1500-0646', 'R1500-0134', 'R1500-0552', 'R1500-0640', 'R1500-0547', 'R1500-0553', 'R1500-0550']","[0.6122582, 0.57039493, 0.5649901, 0.55527741, 0.54255962, 0.54241806, 0.5422045, 0.53898108, 0.53672689, 0.5306803]",9,0,0,0,1,7c7d59e058953de1096feabd99dd1bcceb1096932e7e67b7f0c81666e522e4d8,ef9f27141658502ed1cce3a9b2f8c98443b6bbdea16cb1e1dff03c7ce07b1cb1,2026-08-06T20:58:56.280977+00:00
Q340,price,R1500,DENSE,"['R1500-0238', 'R1500-0251', 'R1500-0250', 'R1500-0262', 'R1500-0252', 'R1500-0264', 'R1500-0169', 'R1500-0288', 'R1500-0285', 'R1500-0241']","[0.58725166, 0.56946158, 0.56939453, 0.56597102, 0.56142241, 0.55288464, 0.54475302, 0.53905141, 0.53582793, 0.53535402]",3,0,1,1,1,14eba615c0737030ff97c793fe91652569f57bc6704f93f2dd2131d3c2670c14,ef9f27141658502ed1cce3a9b2f8c98443b6bbdea16cb1e1dff03c7ce07b1cb1,2026-08-06T20:58:56.281126+00:00
Q341,attribute,R1500,DENSE,"['R1500-0623', 'R1500-0617', 'R1500-0608', 'R1500-0604', 'R1500-0647', 'R1500-0593', 'R1500-0615', 'R1500-0605', 'R1500-0616', 'R1500-0542']","[0.54948533, 0.52278018, 0.51307672, 0.50141633, 0.49751645, 0.49562675, 0.49235025, 0.48856628, 0.48701602, 0.48553675]",2,0,1,1,1,c65445c8b6b7e9b1879c1d5183b56d44e2bcda9935011efbf1d60a43cacb608a,ef9f27141658502ed1cce3a9b2f8c98443b6bbdea16cb1e1dff03c7ce07b1cb1,2026-08-06T20:58:56.281379+00:00
Q342,price,R1500,DENSE,"['R1500-0208', 'R1500-0235', 'R1500-0207', 'R1500-0209', 'R1500-0234', 'R1500-0173', 'R1500-0166', 'R1500-0165', 'R1500-0186', 'R1500-0212']","[0.68921632, 0.67900878, 0.66885185, 0.66275263, 0.65870535, 0.64389038, 0.64386117, 0.63448632, 0.61484706, 0.60318577]",3,0,1,1,1,5073ffe8dacb32fc11f42cb31a21168dc488137cb591cf5314c91a145b17214b,ef9f27141658502ed1cce3a9b2f8c98443b6bbdea16cb1e1dff03c7ce07b1cb1,2026-08-06T20:58:56.281532+00:00
Q343,attribute,R1500,DENSE,"['R1500-0712', 'R1500-0453', 'R1500-0733', 'R1500-0488', 'R1500-0400', 'R1500-0397', 'R1500-0664', 'R1500-0446', 'R1500-0401', 'R1500-0510']","[0.6603902, 0.63970792, 0.62065184, 0.6152494, 0.61502957, 0.61400163, 0.61170149, 0.6091603, 0.60839081, 0.60671246]",,0,0,0,0,805ebad3b905a7ca7e218a3f8fed2a5d3575abce918736bc7aa5c50d45ab2b79,ef9f27141658502ed1cce3a9b2f8c98443b6bbdea16cb1e1dff03c7ce07b1cb1,2026-08-06T20:58:56.281709+00:00
Q344,attribute,R1500,DENSE,"['R1500-0649', 'R1500-0573', 'R1500-0570', 'R1500-0556', 'R1500-0562', 'R1500-0120', 'R1500-0122', 'R1500-0504', 'R1500-0077', 'R1500-0086']","[0.5942896, 0.58872676, 0.58474195, 0.57003069, 0.56614286, 0.55892557, 0.5551734, 0.55376518, 0.55344003, 0.55215311]",,0,0,0,0,493739218c413b7ea79c5e6879fe3354d8c69dac607436ec965d35285bddba15,ef9f27141658502ed1cce3a9b2f8c98443b6bbdea16cb1e1dff03c7ce07b1cb1,2026-08-06T20:58:56.281918+00:00
Q345,attribute,R1500,DENSE,"['R1500-0616', 'R1500-0030', 'R1500-0604', 'R1500-0594', 'R1500-0033', 'R1500-0083', 'R1500-0620', 'R1500-0085', 'R1500-0046', 'R1500-0592']","[0.60192657, 0.58967483, 0.58556831, 0.58291936, 0.57729781, 0.5524348, 0.55187649, 0.55032146, 0.54989088, 0.54878759]",1,1,1,1,1,43adda0ff8ce5038cf2c2fa334b0356e39e2d7cde0f2524039565db817752413,ef9f27141658502ed1cce3a9b2f8c98443b6bbdea16cb1e1dff03c7ce07b1cb1,2026-08-06T20:58:56.282100+00:00
Q346,price,R1500,DENSE,"['R1500-0158', 'R1500-0157', 'R1500-0192', 'R1500-0173', 'R1500-0185', 'R1500-0170', 'R1500-0630', 'R1500-0494', 'R1500-0642', 'R1500-0562']","[0.54806519, 0.52823365, 0.52274835, 0.51180017, 0.51094902, 0.51067531, 0.50402951, 0.50317687, 0.50098962, 0.49961126]",2,0,1,1,1,c0ac538fa569d1480d1775e748ef864689c35df8834fcb35cb0704e1c558f907,ef9f27141658502ed1cce3a9b2f8c98443b6bbdea16cb1e1dff03c7ce07b1cb1,2026-08-06T20:58:56.282261+00:00
Q347,attribute,R1500,DENSE,"['R1500-0612', 'R1500-0613', 'R1500-0614', 'R1500-0031', 'R1500-0619', 'R1500-0045', 'R1500-0033', 'R1500-0046', 'R1500-0051', 'R1500-0032']","[0.671826, 0.65030479, 0.60706842, 0.59116936, 0.58940077, 0.5799433, 0.57822549, 0.57452846, 0.57217348, 0.57033396]",1,1,1,1,1,8c2892c728e2cff288754576f03f94f956e5e37dd47e2ae68672e54cb3f81f1a,ef9f27141658502ed1cce3a9b2f8c98443b6bbdea16cb1e1dff03c7ce07b1cb1,2026-08-06T20:58:56.282429+00:00
Q348,attribute,R1500,DENSE,"['R1500-0773', 'R1500-0769', 'R1500-0774', 'R1500-0653', 'R1500-0059', 'R1500-0179', 'R1500-0165', 'R1500-0232', 'R1500-0178', 'R1500-0761']","[0.53383225, 0.52893054, 0.52106023, 0.51918834, 0.51678771, 0.50874764, 0.5060091, 0.50526798, 0.5046128, 0.50436121]",2,0,1,1,1,0c48093325940ecca8317504060443ea1d0ecfa7e80486c9d98c5b0940d9e738,ef9f27141658502ed1cce3a9b2f8c98443b6bbdea16cb1e1dff03c7ce07b1cb1,2026-08-06T20:58:56.282594+00:00
Q349,price,R1500,DENSE,"['R1500-0711', 'R1500-0667', 'R1500-0679', 'R1500-0700', 'R1500-0701', 'R1500-0712', 'R1500-0710', 'R1500-0722', 'R1500-0495', 'R1500-0673']","[0.65175903, 0.61686838, 0.60911143, 0.60582542, 0.60436022, 0.59958899, 0.59751993, 0.59711611, 0.59665942, 0.59643221]",1,1,1,1,1,596b9c57e65eef19225361de3f4707ac99f662f4273057473e05c782d3a1af65,ef9f27141658502ed1cce3a9b2f8c98443b6bbdea16cb1e1dff03c7ce07b1cb1,2026-08-06T20:58:56.282745+00:00
Q350,attribute,R1500,DENSE,"['R1500-0619', 'R1500-0623', 'R1500-0640', 'R1500-0538', 'R1500-0608', 'R1500-0593', 'R1500-0637', 'R1500-0617', 'R1500-0039', 'R1500-0621']","[0.56064302, 0.56031966, 0.55374205, 0.55219555, 0.5489282, 0.54804003, 0.54502261, 0.54364038, 0.54350245, 0.53685498]",4,0,0,1,1,e803b6c0ae62d49711f5717aae17bef72d044bf77414e23b5ae8de1f0e162960,ef9f27141658502ed1cce3a9b2f8c98443b6bbdea16cb1e1dff03c7ce07b1cb1,2026-08-06T20:58:56.282922+00:00
Q351,price,R1500,DENSE,"['R1500-0593', 'R1500-0640', 'R1500-0624', 'R1500-0541', 'R1500-0633', 'R1500-0552', 'R1500-0637', 'R1500-0543', 'R1500-0547', 'R1500-0642']","[0.46643656, 0.4580234, 0.45458677, 0.45393366, 0.45360768, 0.45142159, 0.45097288, 0.45093912, 0.44991571, 0.44921365]",1,1,1,1,1,fb76b6ce6a99ac43c0e4dff11c6fa0e4bbeb3041b4eddf709ae3cf1d466bbae5,ef9f27141658502ed1cce3a9b2f8c98443b6bbdea16cb1e1dff03c7ce07b1cb1,2026-08-06T20:58:56.283068+00:00
Q352,attribute,R1500,DENSE,"['R1500-0731', 'R1500-0344', 'R1500-0367', 'R1500-0349', 'R1500-0343', 'R1500-0730', 'R1500-0363', 'R1500-0346', 'R1500-0503', 'R1500-0432']","[0.63485396, 0.59351575, 0.58903158, 0.58801818, 0.58795512, 0.58630764, 0.58569294, 0.58567941, 0.58507895, 0.58334959]",,0,0,0,0,140d1703c4240edc7070153af6b42e01513c36e6cc39a898ef1954580508b61a,ef9f27141658502ed1cce3a9b2f8c98443b6bbdea16cb1e1dff03c7ce07b1cb1,2026-08-06T20:58:56.283264+00:00
Q353,price,R1500,DENSE,"['R1500-0241', 'R1500-0630', 'R1500-0238', 'R1500-0262', 'R1500-0644', 'R1500-0169', 'R1500-0243', 'R1500-0264', 'R1500-0554', 'R1500-0629']","[0.56360531, 0.55770785, 0.55266678, 0.53688991, 0.5336346, 0.53286535, 0.52576041, 0.52477843, 0.52201831, 0.52094316]",,0,0,0,0,9353f36aebb338463c468548cfed16ea6d5fd6c0b63f4eca95a752bd76617379,ef9f27141658502ed1cce3a9b2f8c98443b6bbdea16cb1e1dff03c7ce07b1cb1,2026-08-06T20:58:56.283415+00:00
Q354,attribute,R1500,DENSE,"['R1500-0617', 'R1500-0651', 'R1500-0144', 'R1500-0623', 'R1500-0148', 'R1500-0608', 'R1500-0597', 'R1500-0593', 'R1500-0611', 'R1500-0624']","[0.66349757, 0.57949543, 0.55268288, 0.54555702, 0.52748311, 0.52704108, 0.52570951, 0.52562141, 0.52104306, 0.51989973]",1,1,1,1,1,526a835f40986a130603147c647b1b75f7dbf35d16326e26a9ac0f654c43e397,ef9f27141658502ed1cce3a9b2f8c98443b6bbdea16cb1e1dff03c7ce07b1cb1,2026-08-06T20:58:56.283591+00:00
Q355,price,R1500,DENSE,"['R1500-0382', 'R1500-0383', 'R1500-0658', 'R1500-0663', 'R1500-0434', 'R1500-0439', 'R1500-0662', 'R1500-0661', 'R1500-0438', 'R1500-0518']","[0.64665651, 0.63986635, 0.63923645, 0.63923162, 0.6213969, 0.6183269, 0.61511356, 0.61345661, 0.60916227, 0.60194266]",4,0,0,1,1,4e11b8406d2bda16df74c03341bbeaca2d420d3665247bc637fa6bc2241a9be4,ef9f27141658502ed1cce3a9b2f8c98443b6bbdea16cb1e1dff03c7ce07b1cb1,2026-08-06T20:58:56.283743+00:00
Q356,price,R1500,DENSE,"['R1500-0619', 'R1500-0621', 'R1500-0049', 'R1500-0552', 'R1500-0031', 'R1500-0624', 'R1500-0051', 'R1500-0045', 'R1500-0616', 'R1500-0548']","[0.53490871, 0.53412569, 0.53091025, 0.51631296, 0.51454127, 0.51357281, 0.5135498, 0.50916934, 0.50497288, 0.50463462]",3,0,1,1,1,bf2c173e3a29cc93d92ab397d5d00dff78bc32ea2dfac28607bbf0a99fbf925a,ef9f27141658502ed1cce3a9b2f8c98443b6bbdea16cb1e1dff03c7ce07b1cb1,2026-08-06T20:58:56.283892+00:00
Q357,price,R1500,DENSE,"['R1500-0624', 'R1500-0619', 'R1500-0593', 'R1500-0031', 'R1500-0625', 'R1500-0618', 'R1500-0051', 'R1500-0621', 'R1500-0616', 'R1500-0614']","[0.70683825, 0.63440573, 0.60626864, 0.5946281, 0.59296441, 0.59084558, 0.59070134, 0.58724868, 0.58335799, 0.576011]",1,1,1,1,1,1a3c1789c2e4c2a743ad96e9a0d7ee460c179ff6e34bb86a0eb8ae25ecae3d63,ef9f27141658502ed1cce3a9b2f8c98443b6bbdea16cb1e1dff03c7ce07b1cb1,2026-08-06T20:58:56.284036+00:00
Q358,price,R1500,DENSE,"['R1500-0732', 'R1500-0644', 'R1500-0731', 'R1500-0090', 'R1500-0642', 'R1500-0630', 'R1500-0494', 'R1500-0552', 'R1500-0495', 'R1500-0554']","[0.6597017, 0.63990575, 0.63786042, 0.63437688, 0.63158381, 0.62899864, 0.6173718, 0.60722899, 0.60720485, 0.60501403]",1,1,1,1,1,09841874d8aad7596937581d66a6492edc07e41a3b921c9831704de123bc167a,ef9f27141658502ed1cce3a9b2f8c98443b6bbdea16cb1e1dff03c7ce07b1cb1,2026-08-06T20:58:56.284184+00:00
Q359,attribute,R1500,DENSE,"['R1500-0367', 'R1500-0366', 'R1500-0733', 'R1500-0476', 'R1500-0496', 'R1500-0364', 'R1500-0345', 'R1500-0346', 'R1500-0344', 'R1500-0349']","[0.66686535, 0.6088444, 0.60853899, 0.60367876, 0.60351872, 0.60156196, 0.60153562, 0.59948742, 0.59878767, 0.59713507]",1,1,1,1,1,55a001a0cc227373a215992d94780bd6f1133cd9f493c9b70890a89cfc918ae4,ef9f27141658502ed1cce3a9b2f8c98443b6bbdea16cb1e1dff03c7ce07b1cb1,2026-08-06T20:58:56.284382+00:00
Q360,attribute,R1500,DENSE,"['R1500-0069', 'R1500-0071', 'R1500-0067', 'R1500-0072', 'R1500-0075', 'R1500-0570', 'R1500-0070', 'R1500-0573', 'R1500-0068', 'R1500-0066']","[0.6860013, 0.66810799, 0.63933802, 0.63553959, 0.63386095, 0.63119066, 0.61913955, 0.61675781, 0.61593568, 0.61569482]",1,1,1,1,1,3a029404d90bc1ffbbdd354a5ed2528bdc48bf690c720be0c152fdb39cc78a50,ef9f27141658502ed1cce3a9b2f8c98443b6bbdea16cb1e1dff03c7ce07b1cb1,2026-08-06T20:58:56.284555+00:00
Q361,attribute,R1500,DENSE,"['R1500-0420', 'R1500-0422', 'R1500-0421', 'R1500-0773', 'R1500-0208', 'R1500-0759', 'R1500-0177', 'R1500-0235', 'R1500-0174', 'R1500-0220']","[0.6463573, 0.63297105, 0.57345229, 0.56614089, 0.56450909, 0.56410563, 0.55827141, 0.55783308, 0.55573469, 0.55512094]",1,1,1,1,1,c9385a83105777d120d375e5d1e0e498051255328865865c24238e0703a27be9,ef9f27141658502ed1cce3a9b2f8c98443b6bbdea16cb1e1dff03c7ce07b1cb1,2026-08-06T20:58:56.284721+00:00
Q362,price,R1500,DENSE,"['R1500-0600', 'R1500-0599', 'R1500-0596', 'R1500-0598', 'R1500-0597', 'R1500-0616', 'R1500-0601', 'R1500-0604', 'R1500-0611', 'R1500-0615']","[0.58939695, 0.58403087, 0.56843078, 0.56829524, 0.56089795, 0.5450086, 0.52722871, 0.50548458, 0.50465906, 0.50419486]",3,0,1,1,1,1438d3c38b64e080c8cfa9e763d70624d0d704c512916e878fe6cae143e459b6,ef9f27141658502ed1cce3a9b2f8c98443b6bbdea16cb1e1dff03c7ce07b1cb1,2026-08-06T20:58:56.284875+00:00
Q363,attribute,R1500,DENSE,"['R1500-0600', 'R1500-0604', 'R1500-0048', 'R1500-0030', 'R1500-0622', 'R1500-0608', 'R1500-0597', 'R1500-0616', 'R1500-0014', 'R1500-0596']","[0.59875357, 0.59246314, 0.58397746, 0.57233822, 0.55885363, 0.55418408, 0.55009055, 0.5452894, 0.5445599, 0.54247874]",1,1,1,1,1,24f7b84e2c31bf82918115899b203dd5dcfcb172f658b7f81ac464086879e46f,ef9f27141658502ed1cce3a9b2f8c98443b6bbdea16cb1e1dff03c7ce07b1cb1,2026-08-06T20:58:56.285062+00:00
Q364,attribute,R1500,DENSE,"['R1500-0187', 'R1500-0213', 'R1500-0214', 'R1500-0190', 'R1500-0216', 'R1500-0188', 'R1500-0189', 'R1500-0215', 'R1500-0186', 'R1500-0157']","[0.68508273, 0.68110055, 0.67851341, 0.65931642, 0.65758389, 0.65439647, 0.64984876, 0.64803404, 0.63041925, 0.62996161]",2,0,1,1,1,4a6073eb2dc32c4534635768acafcfe58a8d92ee96940ee6605b21e8437d79ca,ef9f27141658502ed1cce3a9b2f8c98443b6bbdea16cb1e1dff03c7ce07b1cb1,2026-08-06T20:58:56.285241+00:00
Q365,attribute,R1500,DENSE,"['R1500-0623', 'R1500-0144', 'R1500-0758', 'R1500-0147', 'R1500-0766', 'R1500-0608', 'R1500-0094', 'R1500-0772', 'R1500-0014', 'R1500-0045']","[0.62450302, 0.6191082, 0.6032176, 0.5995031, 0.59806752, 0.5980469, 0.58938146, 0.58824313, 0.58514869, 0.58191144]",1,1,1,1,1,866b702992b2b72d3cdad0586ec15547f0cac87bb66c30d7beb5139554b41c84,ef9f27141658502ed1cce3a9b2f8c98443b6bbdea16cb1e1dff03c7ce07b1cb1,2026-08-06T20:58:56.285411+00:00
Q366,price,R1500,DENSE,"['R1500-0330', 'R1500-0543', 'R1500-0651', 'R1500-0542', 'R1500-0212', 'R1500-0544', 'R1500-0630', 'R1500-0642', 'R1500-0650', 'R1500-0327']","[0.58134496, 0.50139838, 0.48776039, 0.48405629, 0.48226145, 0.4816547, 0.47758195, 0.47676545, 0.4725036, 0.47247362]",1,1,1,1,1,15bfd5a7dec4f6a43b24b3e3509fc6d0561130f1d1aae4c9e35d61593bd634a2,ef9f27141658502ed1cce3a9b2f8c98443b6bbdea16cb1e1dff03c7ce07b1cb1,2026-08-06T20:58:56.285562+00:00
Q367,price,R1500,DENSE,"['R1500-0619', 'R1500-0618', 'R1500-0624', 'R1500-0616', 'R1500-0593', 'R1500-0031', 'R1500-0621', 'R1500-0038', 'R1500-0025', 'R1500-0615']","[0.63273364, 0.62861192, 0.61695695, 0.6133914, 0.60049528, 0.59761751, 0.59119368, 0.58984977, 0.58038509, 0.57953227]",3,0,1,1,1,da2b584e7c1dab2e94e99bb6364850cdc26af9019ffb1f61a2b9bb7438547847,ef9f27141658502ed1cce3a9b2f8c98443b6bbdea16cb1e1dff03c7ce07b1cb1,2026-08-06T20:58:56.285713+00:00
Q368,price,R1500,DENSE,"['R1500-0488', 'R1500-0492', 'R1500-0490', 'R1500-0489', 'R1500-0491', 'R1500-0630', 'R1500-0510', 'R1500-0511', 'R1500-0493', 'R1500-0509']","[0.65463066, 0.62344825, 0.6117081, 0.6098792, 0.60312271, 0.60249519, 0.5953058, 0.57749331, 0.57518542, 0.56902134]",2,0,1,1,1,e284e429e37cb68eb5ea032aca23124dfaf8849df2f60dcb13b5d33592dd479c,ef9f27141658502ed1cce3a9b2f8c98443b6bbdea16cb1e1dff03c7ce07b1cb1,2026-08-06T20:58:56.285866+00:00
Q369,attribute,R1500,DENSE,"['R1500-0604', 'R1500-0616', 'R1500-0619', 'R1500-0046', 'R1500-0030', 'R1500-0618', 'R1500-0085', 'R1500-0045', 'R1500-0593', 'R1500-0035']","[0.57132041, 0.56293917, 0.56198108, 0.56115329, 0.55921936, 0.55622995, 0.55541146, 0.54952741, 0.54740733, 0.54596806]",3,0,1,1,1,e8147fc66a16a42feace2540dd05a626eceaac60ec9a730386a6ad4fd215cbcf,ef9f27141658502ed1cce3a9b2f8c98443b6bbdea16cb1e1dff03c7ce07b1cb1,2026-08-06T20:58:56.286034+00:00
Q370,attribute,R1500,DENSE,"['R1500-0069', 'R1500-0066', 'R1500-0065', 'R1500-0068', 'R1500-0070', 'R1500-0075', 'R1500-0064', 'R1500-0071', 'R1500-0648', 'R1500-0067']","[0.53245312, 0.5228014, 0.51923406, 0.5165689, 0.5153985, 0.51215982, 0.51140487, 0.51113272, 0.50989825, 0.50811779]",,0,0,0,0,aeb3fe328715042f4a239ca8fda9366ed5456861f2250ba8accfcf077b739383,ef9f27141658502ed1cce3a9b2f8c98443b6bbdea16cb1e1dff03c7ce07b1cb1,2026-08-06T20:58:56.286218+00:00
Q371,attribute,R1500,DENSE,"['R1500-0619', 'R1500-0044', 'R1500-0618', 'R1500-0026', 'R1500-0030', 'R1500-0616', 'R1500-0621', 'R1500-0046', 'R1500-0038', 'R1500-0027']","[0.59839594, 0.58481234, 0.57276827, 0.56460881, 0.55875361, 0.55531061, 0.54855239, 0.54833275, 0.54797417, 0.54790515]",5,0,0,1,1,0c79872e74278b132bf4fc98db800eaf44f37fb1ba0cd3f996f3afd07cdd5702,ef9f27141658502ed1cce3a9b2f8c98443b6bbdea16cb1e1dff03c7ce07b1cb1,2026-08-06T20:58:56.286393+00:00
Q372,attribute,R1500,DENSE,"['R1500-0399', 'R1500-0699', 'R1500-0395', 'R1500-0397', 'R1500-0722', 'R1500-0478', 'R1500-0338', 'R1500-0335', 'R1500-0336', 'R1500-0452']","[0.61792707, 0.61356938, 0.61065972, 0.60941082, 0.60884875, 0.60878456, 0.60780227, 0.60632288, 0.60559243, 0.60443872]",2,0,1,1,1,638ca51bd46c56c4c3c6c8a6e309ca3d00ceb545c505162d9e43955da0d96aab,ef9f27141658502ed1cce3a9b2f8c98443b6bbdea16cb1e1dff03c7ce07b1cb1,2026-08-06T20:58:56.286585+00:00
Q373,price,R1500,DENSE,"['R1500-0640', 'R1500-0619', 'R1500-0547', 'R1500-0551', 'R1500-0006', 'R1500-0639', 'R1500-0651', 'R1500-0636', 'R1500-0633', 'R1500-0630']","[0.50458813, 0.49347913, 0.49074912, 0.48892635, 0.48548293, 0.48525003, 0.48484582, 0.48353437, 0.48200572, 0.47912985]",,0,0,0,0,607e0ef31d50c2cb5573a634cc21dc4557959de012578c9843e63a166c03690f,ef9f27141658502ed1cce3a9b2f8c98443b6bbdea16cb1e1dff03c7ce07b1cb1,2026-08-06T20:58:56.286738+00:00
Q374,attribute,R1500,DENSE,"['R1500-0571', 'R1500-0078', 'R1500-0066', 'R1500-0017', 'R1500-0065', 'R1500-0067', 'R1500-0069', 'R1500-0572', 'R1500-0075', 'R1500-0071']","[0.6885848, 0.64600933, 0.62997484, 0.62095386, 0.62012732, 0.61924124, 0.61685276, 0.61420321, 0.61010337, 0.60948199]",2,0,1,1,1,d5420d115565cf30691a47c88b3396ec2fe237c712ebd79ddc9c047955cc39e8,ef9f27141658502ed1cce3a9b2f8c98443b6bbdea16cb1e1dff03c7ce07b1cb1,2026-08-06T20:58:56.286912+00:00
Q375,price,R1500,DENSE,"['R1500-0722', 'R1500-0385', 'R1500-0688', 'R1500-0714', 'R1500-0733', 'R1500-0705', 'R1500-0719', 'R1500-0452', 'R1500-0700', 'R1500-0724']","[0.68415022, 0.65062654, 0.64643049, 0.64362442, 0.63859034, 0.63713372, 0.63681948, 0.63331509, 0.63048673, 0.63005877]",1,1,1,1,1,6c17b86ac0524ddfbaf1dadabe8a64d44092c54cb0c38859779307ccb302eb83,ef9f27141658502ed1cce3a9b2f8c98443b6bbdea16cb1e1dff03c7ce07b1cb1,2026-08-06T20:58:56.287057+00:00
Q376,price,R1500,DENSE,"['R1500-0562', 'R1500-0547', 'R1500-0552', 'R1500-0553', 'R1500-0543', 'R1500-0544', 'R1500-0542', 'R1500-0589', 'R1500-0551', 'R1500-0548']","[0.5424943, 0.50394195, 0.50327337, 0.4924823, 0.49228549, 0.49178958, 0.48746932, 0.48745263, 0.48480985, 0.48369786]",,0,0,0,0,f4dff29942c232661e7e2bc7fca6d07997bd26ed36f234064f5e24b03ec53253,ef9f27141658502ed1cce3a9b2f8c98443b6bbdea16cb1e1dff03c7ce07b1cb1,2026-08-06T20:58:56.287213+00:00
Q377,price,R1500,DENSE,"['R1500-0022', 'R1500-0651', 'R1500-0543', 'R1500-0640', 'R1500-0547', 'R1500-0553', 'R1500-0552', 'R1500-0621', 'R1500-0556', 'R1500-0551']","[0.47015965, 0.46664271, 0.4637717, 0.46065161, 0.45932239, 0.45800066, 0.45418775, 0.44895917, 0.44471595, 0.44466677]",,0,0,0,0,dd3048ae7ac6c5f4fe46afdf7a4d37977015df620533b4d43d69400461c34569,ef9f27141658502ed1cce3a9b2f8c98443b6bbdea16cb1e1dff03c7ce07b1cb1,2026-08-06T20:58:56.287368+00:00
Q378,price,R1500,DENSE,"['R1500-0701', 'R1500-0703', 'R1500-0704', 'R1500-0664', 'R1500-0702', 'R1500-0700', 'R1500-0510', 'R1500-0705', 'R1500-0699', 'R1500-0706']","[0.71215868, 0.69071865, 0.68734038, 0.67979681, 0.67114282, 0.66710675, 0.64114803, 0.63609928, 0.63567489, 0.623483]",2,0,1,1,1,c8ac46f7229036a8ff05c8001b94c7f02908a88502f2c3afbfcc658e1ea10887,ef9f27141658502ed1cce3a9b2f8c98443b6bbdea16cb1e1dff03c7ce07b1cb1,2026-08-06T20:58:56.287515+00:00
Q379,price,R1500,DENSE,"['R1500-0619', 'R1500-0618', 'R1500-0624', 'R1500-0616', 'R1500-0621', 'R1500-0031', 'R1500-0051', 'R1500-0038', 'R1500-0085', 'R1500-0049']","[0.63363791, 0.63039356, 0.62727511, 0.59803873, 0.59659016, 0.59482789, 0.59374934, 0.58851796, 0.58791083, 0.58655524]",2,0,1,1,1,51ee09965318aa7c1448b48edd53b310712ecb70f907f539dbf4f2b9d1e6da2b,ef9f27141658502ed1cce3a9b2f8c98443b6bbdea16cb1e1dff03c7ce07b1cb1,2026-08-06T20:58:56.287665+00:00
Q380,price,R1500,DENSE,"['R1500-0681', 'R1500-0674', 'R1500-0508', 'R1500-0658', 'R1500-0661', 'R1500-0403', 'R1500-0721', 'R1500-0660', 'R1500-0659', 'R1500-0662']","[0.64742368, 0.5898512, 0.57610351, 0.55947173, 0.55591285, 0.55314612, 0.55265045, 0.55041379, 0.54256213, 0.53979999]",1,1,1,1,1,cf3bb4c63b5d060b65f6425769b8af1a5f18f4832bba644abe14849260b23dc7,ef9f27141658502ed1cce3a9b2f8c98443b6bbdea16cb1e1dff03c7ce07b1cb1,2026-08-06T20:58:56.287818+00:00
Q381,attribute,R1500,DENSE,"['R1500-0031', 'R1500-0621', 'R1500-0614', 'R1500-0619', 'R1500-0624', 'R1500-0613', 'R1500-0022', 'R1500-0049', 'R1500-0051', 'R1500-0612']","[0.57069075, 0.56282985, 0.55405843, 0.54289973, 0.53553033, 0.53404152, 0.53249568, 0.52528572, 0.52478737, 0.52346933]",7,0,0,0,1,a9b79be1b764ecd0a50a43bcc3bd2cd0b9537d436156f4fdb1d7ec58426fff73,ef9f27141658502ed1cce3a9b2f8c98443b6bbdea16cb1e1dff03c7ce07b1cb1,2026-08-06T20:58:56.287991+00:00
Q382,price,R1500,DENSE,"['R1500-0290', 'R1500-0292', 'R1500-0288', 'R1500-0289', 'R1500-0291', 'R1500-0284', 'R1500-0285', 'R1500-0287', 'R1500-0160', 'R1500-0562']","[0.60656726, 0.59973335, 0.58511758, 0.5740664, 0.55866528, 0.55297101, 0.5295434, 0.50070918, 0.48725629, 0.48425001]",4,0,0,1,1,149f87082fb2f6fad5fe839875c29db5d2fa3a0b8f1b1560de806ea2afe88092,ef9f27141658502ed1cce3a9b2f8c98443b6bbdea16cb1e1dff03c7ce07b1cb1,2026-08-06T20:58:56.288137+00:00
Q383,attribute,R1500,DENSE,"['R1500-0326', 'R1500-0327', 'R1500-0320', 'R1500-0309', 'R1500-0310', 'R1500-0218', 'R1500-0312', 'R1500-0313', 'R1500-0315', 'R1500-0177']","[0.64964229, 0.52153909, 0.50648683, 0.50474453, 0.49937135, 0.49430388, 0.49173841, 0.49027455, 0.4852711, 0.48192739]",,0,0,0,0,41b6ce6c89fe142cd8304fca0c6921bffc2740cd851e6a8cbbd8ff80ab2bcf91,ef9f27141658502ed1cce3a9b2f8c98443b6bbdea16cb1e1dff03c7ce07b1cb1,2026-08-06T20:58:56.288326+00:00
Q384,attribute,R1500,DENSE,"['R1500-0719', 'R1500-0452', 'R1500-0385', 'R1500-0490', 'R1500-0338', 'R1500-0456', 'R1500-0720', 'R1500-0387', 'R1500-0391', 'R1500-0393']","[0.70793724, 0.67872262, 0.667153, 0.65993249, 0.65692925, 0.6562801, 0.6551984, 0.65394098, 0.65153533, 0.6466434]",1,1,1,1,1,daa9dd97919d372e33cc53449242ccc7e56a454ce443532a0a27d9c38573cff4,ef9f27141658502ed1cce3a9b2f8c98443b6bbdea16cb1e1dff03c7ce07b1cb1,2026-08-06T20:58:56.288518+00:00
Q385,attribute,R1500,DENSE,"['R1500-0090', 'R1500-0089', 'R1500-0759', 'R1500-0091', 'R1500-0475', 'R1500-0773', 'R1500-0494', 'R1500-0642', 'R1500-0307', 'R1500-0172']","[0.62037414, 0.59584236, 0.57339585, 0.56829572, 0.56449175, 0.56139743, 0.5566963, 0.55547988, 0.54909885, 0.54301924]",1,1,1,1,1,8f0dc3c19258aed162b866d6cf9a9578aafd3703caa3042117e6cd06ae9e61a4,ef9f27141658502ed1cce3a9b2f8c98443b6bbdea16cb1e1dff03c7ce07b1cb1,2026-08-06T20:58:56.288689+00:00
Q386,price,R1500,DENSE,"['R1500-0656', 'R1500-0170', 'R1500-0542', 'R1500-0655', 'R1500-0644', 'R1500-0654', 'R1500-0543', 'R1500-0677', 'R1500-0544', 'R1500-0590']","[0.51564842, 0.51514208, 0.50456131, 0.50367969, 0.50151205, 0.49950972, 0.49885932, 0.49317199, 0.49273536, 0.49266925]",,0,0,0,0,b0de07344fd77b186a700963ddf5bb7fab9bf6eaa8311dcda642b691d107396a,ef9f27141658502ed1cce3a9b2f8c98443b6bbdea16cb1e1dff03c7ce07b1cb1,2026-08-06T20:58:56.288843+00:00
Q387,price,R1500,DENSE,"['R1500-0544', 'R1500-0651', 'R1500-0148', 'R1500-0543', 'R1500-0552', 'R1500-0640', 'R1500-0551', 'R1500-0593', 'R1500-0642', 'R1500-0619']","[0.44599682, 0.44116175, 0.43160725, 0.4295615, 0.42682135, 0.4251554, 0.42445281, 0.42399812, 0.42086881, 0.42017519]",,0,0,0,0,8f4ec93fb32faf51fc92435c12b740765e91d8abe4071d3dcf50460736128b99,ef9f27141658502ed1cce3a9b2f8c98443b6bbdea16cb1e1dff03c7ce07b1cb1,2026-08-06T20:58:56.288988+00:00
Q388,price,R1500,DENSE,"['R1500-0705', 'R1500-0700', 'R1500-0714', 'R1500-0719', 'R1500-0706', 'R1500-0733', 'R1500-0713', 'R1500-0452', 'R1500-0701', 'R1500-0385']","[0.70264769, 0.67175221, 0.66273522, 0.66018844, 0.65567052, 0.65224135, 0.65092039, 0.64880288, 0.64725047, 0.64682764]",1,1,1,1,1,95208b45a00c95041f5ed5434eb6d97188394c91697cd9a5cec6dc713790c528,ef9f27141658502ed1cce3a9b2f8c98443b6bbdea16cb1e1dff03c7ce07b1cb1,2026-08-06T20:58:56.289130+00:00
Q389,attribute,R1500,DENSE,"['R1500-0438', 'R1500-0439', 'R1500-0440', 'R1500-0437', 'R1500-0434', 'R1500-0721', 'R1500-0659', 'R1500-0433', 'R1500-0435', 'R1500-0722']","[0.64260608, 0.62706971, 0.61546087, 0.60434043, 0.5826354, 0.58063763, 0.57365912, 0.56721509, 0.55978435, 0.54615575]",1,1,1,1,1,6c970798e29e09ab03c43844c37dbb8a58238a92465ab60b42b3089d4f27a423,ef9f27141658502ed1cce3a9b2f8c98443b6bbdea16cb1e1dff03c7ce07b1cb1,2026-08-06T20:58:56.289315+00:00
Q390,attribute,R1500,DENSE,"['R1500-0303', 'R1500-0197', 'R1500-0194', 'R1500-0221', 'R1500-0220', 'R1500-0195', 'R1500-0223', 'R1500-0196', 'R1500-0222', 'R1500-0302']","[0.62726033, 0.60305107, 0.59503978, 0.59467173, 0.57951611, 0.57907748, 0.57252228, 0.57232028, 0.57144248, 0.56889951]",5,0,0,1,1,5a7571d2fb7c176cba783e7bf2706e5697f4141b8f2435938ebc41ba8741ae0b,ef9f27141658502ed1cce3a9b2f8c98443b6bbdea16cb1e1dff03c7ce07b1cb1,2026-08-06T20:58:56.289485+00:00
Q391,attribute,R1500,DENSE,"['R1500-0031', 'R1500-0619', 'R1500-0045', 'R1500-0038', 'R1500-0035', 'R1500-0593', 'R1500-0033', 'R1500-0616', 'R1500-0034', 'R1500-0030']","[0.62351483, 0.62210643, 0.6206376, 0.61723268, 0.60816836, 0.60331374, 0.59447229, 0.58815551, 0.58337593, 0.58046895]",2,0,1,1,1,d80b80599ac0c6e06505136801d7696fe215986793bad0e4a72e7a4cdafb060c,ef9f27141658502ed1cce3a9b2f8c98443b6bbdea16cb1e1dff03c7ce07b1cb1,2026-08-06T20:58:56.289654+00:00
Q392,price,R1500,DENSE,"['R1500-0495', 'R1500-0711', 'R1500-0678', 'R1500-0667', 'R1500-0668', 'R1500-0679', 'R1500-0712', 'R1500-0446', 'R1500-0670', 'R1500-0671']","[0.61782956, 0.60599214, 0.60259426, 0.59932697, 0.59387219, 0.59385026, 0.59303552, 0.59197044, 0.58578324, 0.58507228]",2,0,1,1,1,f9669c5ecc1ec8fd529a5b2a570edfb44b48f3640f6a0f75bc2702760be401d8,ef9f27141658502ed1cce3a9b2f8c98443b6bbdea16cb1e1dff03c7ce07b1cb1,2026-08-06T20:58:56.289805+00:00
Q393,attribute,R1500,DENSE,"['R1500-0775', 'R1500-0097', 'R1500-0494', 'R1500-0099', 'R1500-0096', 'R1500-0423', 'R1500-0320', 'R1500-0773', 'R1500-0171', 'R1500-0475']","[0.5449177, 0.53107655, 0.52596039, 0.50959134, 0.50602967, 0.50540161, 0.50345415, 0.50126457, 0.49876922, 0.49648118]",,0,0,0,0,aa564320f323b166c8633d3921e26003685557ebc2a31fcecfd73ee3dae94b63,ef9f27141658502ed1cce3a9b2f8c98443b6bbdea16cb1e1dff03c7ce07b1cb1,2026-08-06T20:58:56.289973+00:00
Q394,price,R1500,DENSE,"['R1500-0460', 'R1500-0459', 'R1500-0702', 'R1500-0700', 'R1500-0719', 'R1500-0385', 'R1500-0664', 'R1500-0705', 'R1500-0698', 'R1500-0706']","[0.72092748, 0.66882682, 0.66728312, 0.66361547, 0.66171294, 0.6601122, 0.64964694, 0.64697534, 0.64582384, 0.64372963]",1,1,1,1,1,6a61635b28a1b17d635e55e2bb852d295f55aafea0d2cae948fc73ba66f59e38,ef9f27141658502ed1cce3a9b2f8c98443b6bbdea16cb1e1dff03c7ce07b1cb1,2026-08-06T20:58:56.290118+00:00
Q395,price,R1500,DENSE,"['R1500-0492', 'R1500-0488', 'R1500-0491', 'R1500-0490', 'R1500-0510', 'R1500-0489', 'R1500-0725', 'R1500-0630', 'R1500-0721', 'R1500-0511']","[0.67858386, 0.63950562, 0.62258381, 0.61884797, 0.60379273, 0.58135593, 0.578026, 0.57540965, 0.57234216, 0.57015491]",1,1,1,1,1,4cf9a81d607f5632d14f77e8da069841b632caeedb4d78db1ca2b46e4f0e43d7,ef9f27141658502ed1cce3a9b2f8c98443b6bbdea16cb1e1dff03c7ce07b1cb1,2026-08-06T20:58:56.290275+00:00
Q396,attribute,R1500,DENSE,"['R1500-0031', 'R1500-0611', 'R1500-0049', 'R1500-0619', 'R1500-0621', 'R1500-0595', 'R1500-0624', 'R1500-0051', 'R1500-0616', 'R1500-0620']","[0.61436844, 0.61180079, 0.59744543, 0.59708303, 0.58471924, 0.58238685, 0.58174717, 0.58001888, 0.57924604, 0.57591522]",,0,0,0,0,281c3ec011136716a969d601bbba48f778a1a08ecabe5ff07fa83d7df3c60bae,ef9f27141658502ed1cce3a9b2f8c98443b6bbdea16cb1e1dff03c7ce07b1cb1,2026-08-06T20:58:56.290453+00:00
Q397,attribute,R1500,DENSE,"['R1500-0547', 'R1500-0552', 'R1500-0550', 'R1500-0554', 'R1500-0784', 'R1500-0494', 'R1500-0548', 'R1500-0553', 'R1500-0783', 'R1500-0551']","[0.63203859, 0.63006091, 0.60963821, 0.6046313, 0.5992195, 0.59044564, 0.58789676, 0.58773196, 0.57558072, 0.56908643]",,0,0,0,0,610a41e2738b151e948a93fba49f5b434759481be17f0d0c2e4f8d2e6939e9c1,ef9f27141658502ed1cce3a9b2f8c98443b6bbdea16cb1e1dff03c7ce07b1cb1,2026-08-06T20:58:56.290627+00:00
Q398,attribute,R1500,DENSE,"['R1500-0595', 'R1500-0064', 'R1500-0069', 'R1500-0738', 'R1500-0739', 'R1500-0129', 'R1500-0066', 'R1500-0070', 'R1500-0068', 'R1500-0074']","[0.45333308, 0.45209748, 0.45058411, 0.45000771, 0.44549358, 0.44236663, 0.43407995, 0.4325121, 0.42625898, 0.42564261]",,0,0,0,0,45f3b74d76f85f4b4d84730fbbeb987a3259ed96d6e3eea93272ac3ed5a256cb,ef9f27141658502ed1cce3a9b2f8c98443b6bbdea16cb1e1dff03c7ce07b1cb1,2026-08-06T20:58:56.290794+00:00
Q399,price,R1500,DENSE,"['R1500-0601', 'R1500-0622', 'R1500-0027', 'R1500-0619', 'R1500-0616', 'R1500-0618', 'R1500-0084', 'R1500-0603', 'R1500-0621', 'R1500-0034']","[0.6212669, 0.60351288, 0.59775054, 0.59628767, 0.59607518, 0.58867264, 0.58364052, 0.57987344, 0.57893479, 0.57847214]",2,0,1,1,1,154c8ecf125355b8f3f557d9f7e786b8512f89923e39db2efd8a480fa26a0fd3,ef9f27141658502ed1cce3a9b2f8c98443b6bbdea16cb1e1dff03c7ce07b1cb1,2026-08-06T20:58:56.290948+00:00
Q400,attribute,R1500,DENSE,"['R1500-0425', 'R1500-0424', 'R1500-0426', 'R1500-0427', 'R1500-0428', 'R1500-0486', 'R1500-0429', 'R1500-0227', 'R1500-0487', 'R1500-0230']","[0.57657921, 0.56452489, 0.5632453, 0.5259254, 0.52121592, 0.51589584, 0.51572311, 0.51422691, 0.51146948, 0.51046741]",1,1,1,1,1,419e54e52dec16379d81e9f2cbb81b178e7ae2c07fea6662a9dfa02d3b62a464,ef9f27141658502ed1cce3a9b2f8c98443b6bbdea16cb1e1dff03c7ce07b1cb1,2026-08-06T20:58:56.291093+00:00
Q401,attribute,R1500,DENSE,"['R1500-0192', 'R1500-0191', 'R1500-0217', 'R1500-0218', 'R1500-0410', 'R1500-0238', 'R1500-0280', 'R1500-0288', 'R1500-0279', 'R1500-0281']","[0.64782989, 0.64359415, 0.61348695, 0.61102957, 0.60448956, 0.55921543, 0.55622268, 0.55601066, 0.55550361, 0.55465549]",1,1,1,1,1,11a40116050b1c5811e47d39555a430279abbc679e4219232d876464778bf607,ef9f27141658502ed1cce3a9b2f8c98443b6bbdea16cb1e1dff03c7ce07b1cb1,2026-08-06T20:58:56.291259+00:00
Q402,attribute,R1500,DENSE,"['R1500-0439', 'R1500-0438', 'R1500-0440', 'R1500-0437', 'R1500-0659', 'R1500-0435', 'R1500-0433', 'R1500-0434', 'R1500-0721', 'R1500-0663']","[0.71618146, 0.65249026, 0.64966875, 0.61170125, 0.57759619, 0.57707232, 0.57581794, 0.57507116, 0.55902684, 0.5564419]",1,1,1,1,1,ab8320586a39bae1a8a9c391e96f9d5ce632827d5e5e999affa8dbb716c34ab2,ef9f27141658502ed1cce3a9b2f8c98443b6bbdea16cb1e1dff03c7ce07b1cb1,2026-08-06T20:58:56.291434+00:00
Q403,attribute,R1500,DENSE,"['R1500-0034', 'R1500-0035', 'R1500-0766', 'R1500-0609', 'R1500-0030', 'R1500-0604', 'R1500-0600', 'R1500-0593', 'R1500-0013', 'R1500-0758']","[0.58515227, 0.54508519, 0.53240579, 0.53139257, 0.53109723, 0.53091025, 0.52697885, 0.52641404, 0.52557325, 0.52208745]",5,0,0,1,1,2eb302cab2bf7cc5bd4e374de7c0b282b76f63a519925808b7fba93d14f8c648,ef9f27141658502ed1cce3a9b2f8c98443b6bbdea16cb1e1dff03c7ce07b1cb1,2026-08-06T20:58:56.291606+00:00
Q404,price,R1500,DENSE,"['R1500-0613', 'R1500-0614', 'R1500-0612', 'R1500-0619', 'R1500-0624', 'R1500-0618', 'R1500-0031', 'R1500-0592', 'R1500-0593', 'R1500-0621']","[0.65917909, 0.62146187, 0.60933745, 0.58919036, 0.58380032, 0.58092928, 0.57440281, 0.56879771, 0.56237555, 0.56035024]",1,1,1,1,1,b1b488641c16bec9a04fff656e7e54427eb864476ef1364eb0a9c19d55c3062e,ef9f27141658502ed1cce3a9b2f8c98443b6bbdea16cb1e1dff03c7ce07b1cb1,2026-08-06T20:58:56.291757+00:00
Q405,price,R1500,DENSE,"['R1500-0562', 'R1500-0589', 'R1500-0558', 'R1500-0708', 'R1500-0570', 'R1500-0559', 'R1500-0553', 'R1500-0552', 'R1500-0560', 'R1500-0573']","[0.53754711, 0.53211415, 0.52592504, 0.52370501, 0.51547194, 0.51030844, 0.50416154, 0.50141758, 0.49995771, 0.4984116]",,0,0,0,0,16735b8426f43d10b68fd7c4476851e387cf2bb85bdc9e9bda035c3cb47ebde2,ef9f27141658502ed1cce3a9b2f8c98443b6bbdea16cb1e1dff03c7ce07b1cb1,2026-08-06T20:58:56.291907+00:00
Q406,price,R1500,DENSE,"['R1500-0494', 'R1500-0485', 'R1500-0365', 'R1500-0548', 'R1500-0486', 'R1500-0639', 'R1500-0552', 'R1500-0732', 'R1500-0642', 'R1500-0631']","[0.58023745, 0.56883395, 0.55716097, 0.55421889, 0.55323005, 0.55280042, 0.55064929, 0.54925656, 0.54742366, 0.5456205]",,0,0,0,0,fb848346f60bc0cb889c69d8caadddae8545e1a86bba39cd8dd535daa7ef8d58,ef9f27141658502ed1cce3a9b2f8c98443b6bbdea16cb1e1dff03c7ce07b1cb1,2026-08-06T20:58:56.292058+00:00
Q407,price,R1500,DENSE,"['R1500-0611', 'R1500-0085', 'R1500-0084', 'R1500-0083', 'R1500-0677', 'R1500-0022', 'R1500-0051', 'R1500-0552', 'R1500-0610', 'R1500-0616']","[0.48773074, 0.4872486, 0.47211841, 0.4651874, 0.4635765, 0.46201456, 0.45831677, 0.45733717, 0.45605481, 0.45021641]",2,0,1,1,1,6b3a0483550703b78f0fef8956bf6559d47bb6c6ec3bfa71c682ff3918ab797d,ef9f27141658502ed1cce3a9b2f8c98443b6bbdea16cb1e1dff03c7ce07b1cb1,2026-08-06T20:58:56.292213+00:00
Q408,price,R1500,DENSE,"['R1500-0267', 'R1500-0266', 'R1500-0270', 'R1500-0264', 'R1500-0268', 'R1500-0265', 'R1500-0241', 'R1500-0252', 'R1500-0262', 'R1500-0251']","[0.5162133, 0.51544392, 0.51491547, 0.49998134, 0.49872363, 0.49775553, 0.49762103, 0.49735677, 0.496391, 0.49458361]",1,1,1,1,1,17be55ec266eb3fcf20fd7e218e6a0f51f8c013574dcebfa15db6eca5f1f5483,ef9f27141658502ed1cce3a9b2f8c98443b6bbdea16cb1e1dff03c7ce07b1cb1,2026-08-06T20:58:56.292368+00:00
Q409,price,R1500,DENSE,"['R1500-0702', 'R1500-0704', 'R1500-0700', 'R1500-0701', 'R1500-0703', 'R1500-0385', 'R1500-0705', 'R1500-0719', 'R1500-0722', 'R1500-0490']","[0.71842015, 0.65767479, 0.65699041, 0.65661037, 0.63876086, 0.6364395, 0.63522416, 0.63500655, 0.62814224, 0.62612665]",1,1,1,1,1,d3e37d4cb8dedcd11fdc1cde31bdc9230aa4d1582acf74111a13b4d3cf239ce8,ef9f27141658502ed1cce3a9b2f8c98443b6bbdea16cb1e1dff03c7ce07b1cb1,2026-08-06T20:58:56.292514+00:00
Q410,attribute,R1500,DENSE,"['R1500-0494', 'R1500-0365', 'R1500-0497', 'R1500-0499', 'R1500-0500', 'R1500-0768', 'R1500-0496', 'R1500-0772', 'R1500-0554', 'R1500-0498']","[0.60677433, 0.60405385, 0.59967536, 0.59642601, 0.59472221, 0.5944556, 0.59086686, 0.5898428, 0.58740187, 0.58705103]",,0,0,0,0,69ca23fc763dd0d1e764216b9670f8aef4baba85b11ba69f3b2b8b54476d4467,ef9f27141658502ed1cce3a9b2f8c98443b6bbdea16cb1e1dff03c7ce07b1cb1,2026-08-06T20:58:56.292693+00:00
Q411,price,R1500,DENSE,"['R1500-0618', 'R1500-0624', 'R1500-0619', 'R1500-0593', 'R1500-0597', 'R1500-0051', 'R1500-0601', 'R1500-0599', 'R1500-0596', 'R1500-0616']","[0.58133161, 0.57806295, 0.56087917, 0.5595063, 0.54994643, 0.54849839, 0.54299235, 0.53512156, 0.53236926, 0.53214604]",5,0,0,1,1,990a478cfbb944827cbb01cea2517078acb6c1b57c325b443b15c1494c6afa4e,ef9f27141658502ed1cce3a9b2f8c98443b6bbdea16cb1e1dff03c7ce07b1cb1,2026-08-06T20:58:56.292843+00:00
Q412,price,R1500,DENSE,"['R1500-0700', 'R1500-0665', 'R1500-0701', 'R1500-0664', 'R1500-0705', 'R1500-0688', 'R1500-0667', 'R1500-0707', 'R1500-0702', 'R1500-0733']","[0.65838647, 0.64531624, 0.63793802, 0.63671696, 0.62978411, 0.62953871, 0.62871492, 0.62580216, 0.62410629, 0.6239922]",2,0,1,1,1,4403f931f94a4be40f4f3b2fe8465137f37d0063138f717e092f5c93cb25a38b,ef9f27141658502ed1cce3a9b2f8c98443b6bbdea16cb1e1dff03c7ce07b1cb1,2026-08-06T20:58:56.292992+00:00
Q413,attribute,R1500,DENSE,"['R1500-0595', 'R1500-0600', 'R1500-0604', 'R1500-0048', 'R1500-0622', 'R1500-0619', 'R1500-0621', 'R1500-0030', 'R1500-0616', 'R1500-0049']","[0.57272446, 0.56996524, 0.55913657, 0.55648535, 0.55329287, 0.54804075, 0.54633939, 0.54631341, 0.54382044, 0.5429585]",8,0,0,0,1,ed4544f9a83c9e75cb293ea92c8b8340f429cb10e44cf789fb6e69c61ef77522,ef9f27141658502ed1cce3a9b2f8c98443b6bbdea16cb1e1dff03c7ce07b1cb1,2026-08-06T20:58:56.293167+00:00
Q414,price,R1500,DENSE,"['R1500-0619', 'R1500-0551', 'R1500-0633', 'R1500-0651', 'R1500-0677', 'R1500-0593', 'R1500-0640', 'R1500-0636', 'R1500-0552', 'R1500-0005']","[0.50782943, 0.48248115, 0.48161829, 0.4816035, 0.48070815, 0.47308755, 0.47201979, 0.47040281, 0.47033346, 0.46687007]",,0,0,0,0,358f874b3d0ffbfa7c191852b41a429a6495a6383421176a3d252344b00f6598,ef9f27141658502ed1cce3a9b2f8c98443b6bbdea16cb1e1dff03c7ce07b1cb1,2026-08-06T20:58:56.293323+00:00
Q415,price,R1500,DENSE,"['R1500-0620', 'R1500-0084', 'R1500-0621', 'R1500-0085', 'R1500-0611', 'R1500-0610', 'R1500-0033', 'R1500-0083', 'R1500-0594', 'R1500-0616']","[0.55928826, 0.54507637, 0.53582865, 0.53555477, 0.5351584, 0.52734554, 0.52252448, 0.52240241, 0.51615906, 0.51425111]",2,0,1,1,1,987d5cd49b26432baedff5e28ff8a6be7b4063f8fbac8d9411311cfa3ad57992,ef9f27141658502ed1cce3a9b2f8c98443b6bbdea16cb1e1dff03c7ce07b1cb1,2026-08-06T20:58:56.293469+00:00
Q416,price,R1500,DENSE,"['R1500-0562', 'R1500-0557', 'R1500-0590', 'R1500-0553', 'R1500-0047', 'R1500-0575', 'R1500-0077', 'R1500-0589', 'R1500-0560', 'R1500-0570']","[0.53581285, 0.51869512, 0.50928783, 0.50227463, 0.49298459, 0.49045324, 0.49019456, 0.48970097, 0.48647973, 0.48081821]",2,0,1,1,1,7014b5e4858eb21b4207f8dd451dc91fa9a245e2732e254f53113012ae634822,ef9f27141658502ed1cce3a9b2f8c98443b6bbdea16cb1e1dff03c7ce07b1cb1,2026-08-06T20:58:56.293619+00:00
Q417,attribute,R1500,DENSE,"['R1500-0129', 'R1500-0126', 'R1500-0130', 'R1500-0127', 'R1500-0116', 'R1500-0112', 'R1500-0114', 'R1500-0107', 'R1500-0128', 'R1500-0134']","[0.67794299, 0.62588131, 0.61090606, 0.59985125, 0.59669769, 0.58888042, 0.58809388, 0.58579803, 0.58486962, 0.58077264]",1,1,1,1,1,ec3b48a1b81501b2543416f6a8479b01e940c0b9171d439d3b38c6bed7b0d254,ef9f27141658502ed1cce3a9b2f8c98443b6bbdea16cb1e1dff03c7ce07b1cb1,2026-08-06T20:58:56.293804+00:00
Q418,attribute,R1500,DENSE,"['R1500-0189', 'R1500-0215', 'R1500-0216', 'R1500-0187', 'R1500-0188', 'R1500-0213', 'R1500-0190', 'R1500-0214', 'R1500-0191', 'R1500-0186']","[0.69254899, 0.68900454, 0.6859526, 0.6851306, 0.68348408, 0.68157077, 0.68076319, 0.67960835, 0.66728449, 0.6560241]",1,1,1,1,1,ea7b0a073f6efc5e0798eddf29b6ac49df66bc92f7f361e86e30da7e1c11232b,ef9f27141658502ed1cce3a9b2f8c98443b6bbdea16cb1e1dff03c7ce07b1cb1,2026-08-06T20:58:56.293954+00:00
Q419,attribute,R1500,DENSE,"['R1500-0600', 'R1500-0604', 'R1500-0048', 'R1500-0030', 'R1500-0622', 'R1500-0608', 'R1500-0597', 'R1500-0034', 'R1500-0616', 'R1500-0014']","[0.60928404, 0.60543537, 0.58454406, 0.57614869, 0.57336259, 0.56775188, 0.5667637, 0.56019306, 0.55768746, 0.55152786]",1,1,1,1,1,8ceaba495c0b470309710904416cd9dc8fc97a0fd31752ab8590ee0c0a5d501d,ef9f27141658502ed1cce3a9b2f8c98443b6bbdea16cb1e1dff03c7ce07b1cb1,2026-08-06T20:58:56.294146+00:00
Q420,price,R1500,DENSE,"['R1500-0170', 'R1500-0173', 'R1500-0304', 'R1500-0189', 'R1500-0188', 'R1500-0187', 'R1500-0215', 'R1500-0214', 'R1500-0190', 'R1500-0186']","[0.66488063, 0.6495502, 0.64716184, 0.6421032, 0.63831925, 0.63660735, 0.63545907, 0.63060784, 0.63034052, 0.62869132]",3,0,1,1,1,f082549a8161dd32d7337e072269938f4c5bbba6d1c1026dc04db054a94575cd,ef9f27141658502ed1cce3a9b2f8c98443b6bbdea16cb1e1dff03c7ce07b1cb1,2026-08-06T20:58:56.294321+00:00
Q421,attribute,R1500,DENSE,"['R1500-0488', 'R1500-0492', 'R1500-0490', 'R1500-0489', 'R1500-0491', 'R1500-0510', 'R1500-0511', 'R1500-0479', 'R1500-0432', 'R1500-0509']","[0.70810223, 0.66554129, 0.64954662, 0.63918614, 0.62810373, 0.61504716, 0.5925895, 0.56848454, 0.56299937, 0.55841321]",1,1,1,1,1,434d1af4392291b14fb05cde3ebac86810b4ac8ddf3389bf1a8e0ea4eabe7545,ef9f27141658502ed1cce3a9b2f8c98443b6bbdea16cb1e1dff03c7ce07b1cb1,2026-08-06T20:58:56.294493+00:00
Q422,price,R1500,DENSE,"['R1500-0616', 'R1500-0619', 'R1500-0615', 'R1500-0545', 'R1500-0593', 'R1500-0621', 'R1500-0552', 'R1500-0610', 'R1500-0620', 'R1500-0544']","[0.51115316, 0.49978113, 0.49676955, 0.49505922, 0.49429387, 0.49330306, 0.49254724, 0.4915424, 0.49013668, 0.48958069]",,0,0,0,0,9488f58a4a578a54ed1c30bfdc440ad95ee9d04b1cfcb82a91e4de4d007b952d,ef9f27141658502ed1cce3a9b2f8c98443b6bbdea16cb1e1dff03c7ce07b1cb1,2026-08-06T20:58:56.294643+00:00
Q423,attribute,R1500,DENSE,"['R1500-0080', 'R1500-0079', 'R1500-0594', 'R1500-0616', 'R1500-0604', 'R1500-0030', 'R1500-0048', 'R1500-0081', 'R1500-0619', 'R1500-0611']","[0.70561802, 0.58358741, 0.57041138, 0.54896456, 0.54002035, 0.52982736, 0.52225155, 0.51638722, 0.5132339, 0.51126993]",1,1,1,1,1,f0b7f9a1ec581ab6c5a1e9b93e8c113812203ecff0bc970d2edc5450f3380643,ef9f27141658502ed1cce3a9b2f8c98443b6bbdea16cb1e1dff03c7ce07b1cb1,2026-08-06T20:58:56.294825+00:00
Q424,attribute,R1500,DENSE,"['R1500-0719', 'R1500-0490', 'R1500-0456', 'R1500-0385', 'R1500-0387', 'R1500-0393', 'R1500-0720', 'R1500-0488', 'R1500-0484', 'R1500-0452']","[0.72167933, 0.68860769, 0.68775797, 0.68673396, 0.67119908, 0.66861439, 0.66683441, 0.66665053, 0.66449928, 0.6627866]",1,1,1,1,1,e5ca3b6cba42fd565dcecf35a3eea08b0fd90d8c3a4ee55a59095dca55386507,ef9f27141658502ed1cce3a9b2f8c98443b6bbdea16cb1e1dff03c7ce07b1cb1,2026-08-06T20:58:56.294986+00:00
Q425,attribute,R1500,DENSE,"['R1500-0005', 'R1500-0540', 'R1500-0006', 'R1500-0570', 'R1500-0649', 'R1500-0640', 'R1500-0636', 'R1500-0637', 'R1500-0538', 'R1500-0731']","[0.6626749, 0.59821832, 0.55696118, 0.53576028, 0.52460325, 0.52230281, 0.5207082, 0.5130558, 0.51134759, 0.51129532]",2,0,1,1,1,968713910b30d6285ac3d288c6efa4e72de3bf7343e8ed9737b4693adcf6857b,ef9f27141658502ed1cce3a9b2f8c98443b6bbdea16cb1e1dff03c7ce07b1cb1,2026-08-06T20:58:56.295166+00:00
Q426,attribute,R1500,DENSE,"['R1500-0391', 'R1500-0392', 'R1500-0385', 'R1500-0393', 'R1500-0387', 'R1500-0389', 'R1500-0390', 'R1500-0456', 'R1500-0714', 'R1500-0384']","[0.697662, 0.69552875, 0.69265842, 0.69155228, 0.68588895, 0.68503392, 0.67947495, 0.67528999, 0.66472685, 0.6591531]",1,1,1,1,1,cd88cf326289913faae3db527cf6609e38fcc2bbf77ac30602b4226eda266d86,ef9f27141658502ed1cce3a9b2f8c98443b6bbdea16cb1e1dff03c7ce07b1cb1,2026-08-06T20:58:56.295352+00:00
Q427,price,R1500,DENSE,"['R1500-0600', 'R1500-0619', 'R1500-0604', 'R1500-0601', 'R1500-0618', 'R1500-0622', 'R1500-0608', 'R1500-0597', 'R1500-0593', 'R1500-0603']","[0.60185301, 0.59212637, 0.5831064, 0.58264148, 0.5819627, 0.57869589, 0.5786103, 0.56813079, 0.5675025, 0.56650007]",1,1,1,1,1,b5e2e4f03eb164cae46197e32142bd1aa2baf62b84df4445364296c7b0ceb646,ef9f27141658502ed1cce3a9b2f8c98443b6bbdea16cb1e1dff03c7ce07b1cb1,2026-08-06T20:58:56.295501+00:00
Q428,price,R1500,DENSE,"['R1500-0725', 'R1500-0727', 'R1500-0726', 'R1500-0722', 'R1500-0700', 'R1500-0714', 'R1500-0673', 'R1500-0667', 'R1500-0706', 'R1500-0484']","[0.61801422, 0.57365346, 0.57298398, 0.5671435, 0.56697845, 0.56549239, 0.56447947, 0.56033826, 0.55699635, 0.55603504]",1,1,1,1,1,8ac858ebd6439fa9fda0a9912ae1912f629a7eccc1b22908aea95673a1c168d3,ef9f27141658502ed1cce3a9b2f8c98443b6bbdea16cb1e1dff03c7ce07b1cb1,2026-08-06T20:58:56.295650+00:00
Q429,attribute,R1500,DENSE,"['R1500-0649', 'R1500-0504', 'R1500-0503', 'R1500-0722', 'R1500-0569', 'R1500-0046', 'R1500-0758', 'R1500-0568', 'R1500-0766', 'R1500-0650']","[0.57021785, 0.55695707, 0.54134703, 0.54043007, 0.53527224, 0.53379071, 0.52820432, 0.52745354, 0.52294981, 0.52220362]",10,0,0,0,1,ce6aec4df5d81b8e1ed28773ffec0a105e368ca35b61a132b930701236f5a3a1,ef9f27141658502ed1cce3a9b2f8c98443b6bbdea16cb1e1dff03c7ce07b1cb1,2026-08-06T20:58:56.295819+00:00
Q430,price,R1500,DENSE,"['R1500-0031', 'R1500-0619', 'R1500-0621', 'R1500-0593', 'R1500-0633', 'R1500-0544', 'R1500-0640', 'R1500-0636', 'R1500-0624', 'R1500-0045']","[0.53114665, 0.5275355, 0.51036572, 0.50756133, 0.5023641, 0.50052631, 0.4996264, 0.49649402, 0.49442625, 0.4933849]",,0,0,0,0,4edd3668af8bc867b0f41e331661eda7cf8329c3d9928f9275e402a71f5c515e,ef9f27141658502ed1cce3a9b2f8c98443b6bbdea16cb1e1dff03c7ce07b1cb1,2026-08-06T20:58:56.295975+00:00
Q431,price,R1500,DENSE,"['R1500-0664', 'R1500-0705', 'R1500-0702', 'R1500-0679', 'R1500-0700', 'R1500-0699', 'R1500-0719', 'R1500-0447', 'R1500-0714', 'R1500-0713']","[0.67398989, 0.65374511, 0.65309805, 0.64361978, 0.64234561, 0.63715971, 0.63458657, 0.62927961, 0.62617528, 0.62385947]",1,1,1,1,1,8bc3ba553d16b47a22ee55939f80f71c39dc5cfa66d8901ecfb39678c01e3206,ef9f27141658502ed1cce3a9b2f8c98443b6bbdea16cb1e1dff03c7ce07b1cb1,2026-08-06T20:58:56.296126+00:00
Q432,attribute,R1500,DENSE,"['R1500-0429', 'R1500-0529', 'R1500-0428', 'R1500-0427', 'R1500-0528', 'R1500-0426', 'R1500-0425', 'R1500-0437', 'R1500-0423', 'R1500-0487']","[0.64639032, 0.58546311, 0.57983196, 0.57717276, 0.56718022, 0.56279683, 0.55803919, 0.55417109, 0.55059159, 0.55053049]",,0,0,0,0,795e91ba16384747a4305a51d34a9c075b5e42719af1947cf1bc438442dd580e,ef9f27141658502ed1cce3a9b2f8c98443b6bbdea16cb1e1dff03c7ce07b1cb1,2026-08-06T20:58:56.296311+00:00
Q433,price,R1500,DENSE,"['R1500-0603', 'R1500-0619', 'R1500-0601', 'R1500-0604', 'R1500-0036', 'R1500-0621', 'R1500-0622', 'R1500-0144', 'R1500-0551', 'R1500-0045']","[0.5855813, 0.54982024, 0.54756659, 0.54366982, 0.53628206, 0.52453327, 0.51441675, 0.51337588, 0.50659674, 0.50582772]",4,0,0,1,1,67b5e35baa7cd288b27f60272d1cb96cf230186f4223b8a0d161aef6385a6739,ef9f27141658502ed1cce3a9b2f8c98443b6bbdea16cb1e1dff03c7ce07b1cb1,2026-08-06T20:58:56.296459+00:00
Q434,attribute,R1500,DENSE,"['R1500-0158', 'R1500-0157', 'R1500-0160', 'R1500-0170', 'R1500-0188', 'R1500-0186', 'R1500-0305', 'R1500-0172', 'R1500-0213', 'R1500-0215']","[0.64962775, 0.63992023, 0.62908101, 0.60079575, 0.5880686, 0.58628929, 0.58446455, 0.58339739, 0.58195657, 0.58129406]",,0,0,0,0,e46075d0690616b6edf1aea8691a4145110abd99e3304cc57f2b1c9739bb88bc,ef9f27141658502ed1cce3a9b2f8c98443b6bbdea16cb1e1dff03c7ce07b1cb1,2026-08-06T20:58:56.296634+00:00
Q435,price,R1500,DENSE,"['R1500-0556', 'R1500-0553', 'R1500-0552', 'R1500-0640', 'R1500-0644', 'R1500-0554', 'R1500-0586', 'R1500-0557', 'R1500-0626', 'R1500-0562']","[0.52514482, 0.52010155, 0.50676888, 0.50667036, 0.5044136, 0.49608609, 0.49464363, 0.49367386, 0.49283975, 0.4916636]",2,0,1,1,1,8eb6309626904d0e284d6a1ecbda6b0df5b2883efd1d760f0e2c5b08c1e8f3b7,ef9f27141658502ed1cce3a9b2f8c98443b6bbdea16cb1e1dff03c7ce07b1cb1,2026-08-06T20:58:56.296791+00:00
Q436,attribute,R1500,DENSE,"['R1500-0046', 'R1500-0031', 'R1500-0619', 'R1500-0045', 'R1500-0034', 'R1500-0625', 'R1500-0593', 'R1500-0038', 'R1500-0622', 'R1500-0624']","[0.64519, 0.64103621, 0.64053643, 0.63428485, 0.62565088, 0.62230337, 0.62211615, 0.61781847, 0.61105233, 0.60894597]",1,1,1,1,1,05f9fbd34259e212e10f19ae2a22357d288f02fc960aeb858c830f5e55ecb597,ef9f27141658502ed1cce3a9b2f8c98443b6bbdea16cb1e1dff03c7ce07b1cb1,2026-08-06T20:58:56.296964+00:00
Q437,attribute,R1500,DENSE,"['R1500-0292', 'R1500-0290', 'R1500-0291', 'R1500-0288', 'R1500-0289', 'R1500-0287', 'R1500-0298', 'R1500-0284', 'R1500-0293', 'R1500-0285']","[0.74396026, 0.70777291, 0.67384565, 0.63265038, 0.61184806, 0.58048213, 0.56891507, 0.55789226, 0.55734271, 0.55724257]",1,1,1,1,1,c84248c448d27bb580aab7b2660b177572150455ee0c50bdccf645a01c2e2008,ef9f27141658502ed1cce3a9b2f8c98443b6bbdea16cb1e1dff03c7ce07b1cb1,2026-08-06T20:58:56.297155+00:00
Q438,price,R1500,DENSE,"['R1500-0551', 'R1500-0552', 'R1500-0547', 'R1500-0006', 'R1500-0550', 'R1500-0651', 'R1500-0548', 'R1500-0623', 'R1500-0544', 'R1500-0542']","[0.56731629, 0.55293524, 0.54453319, 0.54321122, 0.54053956, 0.53904581, 0.52904606, 0.52733326, 0.51378226, 0.51333302]",8,0,0,0,1,f755fe8a4e523d3794f10ba51fd20c738dc7129acaf300a464b169770dc5a37d,ef9f27141658502ed1cce3a9b2f8c98443b6bbdea16cb1e1dff03c7ce07b1cb1,2026-08-06T20:58:56.297311+00:00
Q439,price,R1500,DENSE,"['R1500-0151', 'R1500-0058', 'R1500-0630', 'R1500-0152', 'R1500-0544', 'R1500-0543', 'R1500-0541', 'R1500-0648', 'R1500-0631', 'R1500-0640']","[0.53727782, 0.49633351, 0.49216112, 0.48644474, 0.4812175, 0.47960287, 0.4706015, 0.46630019, 0.46325141, 0.46223506]",1,1,1,1,1,cd2036e4aa6a794c602a205e665719b223b8fcc72f34d98f8c1cd0b964ed083f,ef9f27141658502ed1cce3a9b2f8c98443b6bbdea16cb1e1dff03c7ce07b1cb1,2026-08-06T20:58:56.297458+00:00
Q440,attribute,R1500,DENSE,"['R1500-0773', 'R1500-0759', 'R1500-0325', 'R1500-0320', 'R1500-0775', 'R1500-0321', 'R1500-0307', 'R1500-0092', 'R1500-0761', 'R1500-0758']","[0.57073283, 0.56633431, 0.56599581, 0.56240946, 0.54603696, 0.54154831, 0.54065418, 0.53893387, 0.53802067, 0.53791904]",,0,0,0,0,009452d41a4b8f9d482d52ae17c672eeb5d3052c39ae93bdce286b6d2db8b388,ef9f27141658502ed1cce3a9b2f8c98443b6bbdea16cb1e1dff03c7ce07b1cb1,2026-08-06T20:58:56.297647+00:00
Q441,price,R1500,DENSE,"['R1500-0298', 'R1500-0300', 'R1500-0293', 'R1500-0296', 'R1500-0299', 'R1500-0301', 'R1500-0294', 'R1500-0295', 'R1500-0297', 'R1500-0288']","[0.65406859, 0.65156531, 0.6477918, 0.64510655, 0.64368987, 0.63314617, 0.6325351, 0.60628188, 0.60407877, 0.57632166]",4,0,0,1,1,bda9abdd1429194a79186388d18619b478567c220196940d2ebc93448f7a6b63,ef9f27141658502ed1cce3a9b2f8c98443b6bbdea16cb1e1dff03c7ce07b1cb1,2026-08-06T20:58:56.297798+00:00
Q442,price,R1500,DENSE,"['R1500-0336', 'R1500-0337', 'R1500-0338', 'R1500-0335', 'R1500-0385', 'R1500-0339', 'R1500-0334', 'R1500-0332', 'R1500-0348', 'R1500-0349']","[0.67552614, 0.67119515, 0.66993314, 0.66310674, 0.6592766, 0.6473664, 0.64608932, 0.6451956, 0.64474046, 0.6447373]",3,0,1,1,1,f596a0ecbc8089f2fd271b9142d4a5da56d676b5924807aaed48a5f94d34f052,ef9f27141658502ed1cce3a9b2f8c98443b6bbdea16cb1e1dff03c7ce07b1cb1,2026-08-06T20:58:56.297948+00:00
Q443,price,R1500,DENSE,"['R1500-0620', 'R1500-0619', 'R1500-0624', 'R1500-0621', 'R1500-0631', 'R1500-0051', 'R1500-0640', 'R1500-0616', 'R1500-0545', 'R1500-0029']","[0.44042134, 0.43943685, 0.43834618, 0.43520319, 0.43486974, 0.43298477, 0.42589861, 0.42489031, 0.42129058, 0.4207412]",,0,0,0,0,79148fdf1e0ed93c08b15b52d9721db1320256bcef241824e26be5dd53640a0a,ef9f27141658502ed1cce3a9b2f8c98443b6bbdea16cb1e1dff03c7ce07b1cb1,2026-08-06T20:58:56.298098+00:00
Q444,attribute,R1500,DENSE,"['R1500-0758', 'R1500-0006', 'R1500-0784', 'R1500-0494', 'R1500-0475', 'R1500-0766', 'R1500-0783', 'R1500-0104', 'R1500-0775', 'R1500-0762']","[0.63070953, 0.62635314, 0.60644066, 0.60304856, 0.59619653, 0.5959394, 0.59484202, 0.59194475, 0.58440739, 0.5789665]",2,0,1,1,1,38f56472aac36a508acfd4e88fe6d6cd09beb28b82e9e25fe558abef3b91589d,ef9f27141658502ed1cce3a9b2f8c98443b6bbdea16cb1e1dff03c7ce07b1cb1,2026-08-06T20:58:56.298292+00:00
Q445,price,R1500,DENSE,"['R1500-0678', 'R1500-0669', 'R1500-0679', 'R1500-0667', 'R1500-0688', 'R1500-0722', 'R1500-0495', 'R1500-0671', 'R1500-0700', 'R1500-0668']","[0.69242585, 0.65009034, 0.59639651, 0.5892632, 0.58863777, 0.58768654, 0.58273208, 0.58000374, 0.57802272, 0.57630056]",2,0,1,1,1,a4085663e396e0874ecc9b8015f7f6e6df15203b467a982aa16fddb78eee4ad5,ef9f27141658502ed1cce3a9b2f8c98443b6bbdea16cb1e1dff03c7ce07b1cb1,2026-08-06T20:58:56.298436+00:00
Q446,price,R1500,DENSE,"['R1500-0156', 'R1500-0158', 'R1500-0161', 'R1500-0160', 'R1500-0162', 'R1500-0164', 'R1500-0159', 'R1500-0155', 'R1500-0163', 'R1500-0305']","[0.66058862, 0.6348533, 0.62210542, 0.61908549, 0.61834049, 0.61316395, 0.60809118, 0.60650456, 0.60067904, 0.59670526]",1,1,1,1,1,414efc0bf76d001428cfeed4f737ab220d252f6e9425173ec435c2d6f428dbb9,ef9f27141658502ed1cce3a9b2f8c98443b6bbdea16cb1e1dff03c7ce07b1cb1,2026-08-06T20:58:56.298583+00:00
Q447,price,R1500,DENSE,"['R1500-0368', 'R1500-0373', 'R1500-0371', 'R1500-0370', 'R1500-0380', 'R1500-0369', 'R1500-0377', 'R1500-0378', 'R1500-0379', 'R1500-0719']","[0.70612395, 0.67710376, 0.65111065, 0.64146817, 0.63011807, 0.6267091, 0.61874402, 0.61111176, 0.60642886, 0.60383362]",6,0,0,0,1,6bd0dabbab360bb94b4124a0fb29abd22c24d71944c395e38edda3a93f4a6239,ef9f27141658502ed1cce3a9b2f8c98443b6bbdea16cb1e1dff03c7ce07b1cb1,2026-08-06T20:58:56.298732+00:00
Q448,attribute,R1500,DENSE,"['R1500-0158', 'R1500-0157', 'R1500-0160', 'R1500-0170', 'R1500-0215', 'R1500-0172', 'R1500-0189', 'R1500-0171', 'R1500-0163', 'R1500-0186']","[0.66226327, 0.66041172, 0.63590544, 0.5993644, 0.58996862, 0.58642656, 0.58531928, 0.58442569, 0.58392972, 0.58340728]",,0,0,0,0,a8831be737b4aa8fb83fc62c3fc200334d03a0609f21cd9923f0232cc69096e8,ef9f27141658502ed1cce3a9b2f8c98443b6bbdea16cb1e1dff03c7ce07b1cb1,2026-08-06T20:58:56.298906+00:00
Q449,price,R1500,DENSE,"['R1500-0677', 'R1500-0495', 'R1500-0446', 'R1500-0679', 'R1500-0678', 'R1500-0712', 'R1500-0734', 'R1500-0667', 'R1500-0700', 'R1500-0710']","[0.66878676, 0.6151489, 0.59515333, 0.59451151, 0.59330499, 0.58950585, 0.58925033, 0.58917284, 0.58845687, 0.58464795]",1,1,1,1,1,934a3bb090077e3d346e1978d9bf73bbb227b5b19c964040d2d8a3bc01b8a636,ef9f27141658502ed1cce3a9b2f8c98443b6bbdea16cb1e1dff03c7ce07b1cb1,2026-08-06T20:58:56.299057+00:00
Q450,price,R1500,DENSE,"['R1500-0142', 'R1500-0651', 'R1500-0744', 'R1500-0542', 'R1500-0005', 'R1500-0543', 'R1500-0544', 'R1500-0144', 'R1500-0006', 'R1500-0633']","[0.63508558, 0.53367162, 0.52972418, 0.51726305, 0.51571369, 0.51278514, 0.51084846, 0.50525844, 0.50064564, 0.49380291]",1,1,1,1,1,2485525f80168789b5017c89a3f461a57b6a3c956edf0ed0252938261c72e1a5,ef9f27141658502ed1cce3a9b2f8c98443b6bbdea16cb1e1dff03c7ce07b1cb1,2026-08-06T20:58:56.299218+00:00
Q451,price,R1500,DENSE,"['R1500-0680', 'R1500-0707', 'R1500-0674', 'R1500-0673', 'R1500-0640', 'R1500-0709', 'R1500-0545', 'R1500-0677', 'R1500-0630', 'R1500-0679']","[0.47798806, 0.47575998, 0.4726786, 0.47157913, 0.46421662, 0.46338934, 0.4538464, 0.44471782, 0.44410053, 0.44335026]",,0,0,0,0,76507186f5505e0c95fd07ebbfce1ee0b128bb5ad3d40a8901842d43ecd22242,ef9f27141658502ed1cce3a9b2f8c98443b6bbdea16cb1e1dff03c7ce07b1cb1,2026-08-06T20:58:56.299363+00:00
Q452,price,R1500,DENSE,"['R1500-0621', 'R1500-0624', 'R1500-0622', 'R1500-0031', 'R1500-0051', 'R1500-0620', 'R1500-0619', 'R1500-0593', 'R1500-0616', 'R1500-0598']","[0.52386212, 0.51024795, 0.50564218, 0.50219154, 0.50195348, 0.50150836, 0.50049448, 0.4988738, 0.49630594, 0.48264241]",3,0,1,1,1,67447b9c626841446745bd19c626b172e2ff7455a1e7c74afa73da51ab6df1d9,ef9f27141658502ed1cce3a9b2f8c98443b6bbdea16cb1e1dff03c7ce07b1cb1,2026-08-06T20:58:56.299510+00:00
Q453,attribute,R1500,DENSE,"['R1500-0165', 'R1500-0164', 'R1500-0163', 'R1500-0161', 'R1500-0159', 'R1500-0187', 'R1500-0158', 'R1500-0162', 'R1500-0160', 'R1500-0156']","[0.7054798, 0.70097864, 0.66280973, 0.64970672, 0.64833772, 0.64404023, 0.64387524, 0.63888943, 0.63810802, 0.63554102]",1,1,1,1,1,1a46b2e5642485ac4a1639a98da20b7873db627340de573007e9021c0ee7333a,ef9f27141658502ed1cce3a9b2f8c98443b6bbdea16cb1e1dff03c7ce07b1cb1,2026-08-06T20:58:56.299664+00:00
Q454,price,R1500,DENSE,"['R1500-0385', 'R1500-0722', 'R1500-0733', 'R1500-0387', 'R1500-0393', 'R1500-0705', 'R1500-0477', 'R1500-0714', 'R1500-0719', 'R1500-0456']","[0.6532346, 0.60773683, 0.60639656, 0.60610884, 0.60455263, 0.60441053, 0.59829438, 0.59683895, 0.59401572, 0.5902788]",,0,0,0,0,117df845693912844f7af1b5f3f2f04b17b13f60b13530d02a2cfbd755a51902,ef9f27141658502ed1cce3a9b2f8c98443b6bbdea16cb1e1dff03c7ce07b1cb1,2026-08-06T20:58:56.299818+00:00
Q455,price,R1500,DENSE,"['R1500-0619', 'R1500-0616', 'R1500-0621', 'R1500-0624', 'R1500-0085', 'R1500-0618', 'R1500-0031', 'R1500-0594', 'R1500-0593', 'R1500-0029']","[0.59963965, 0.59119338, 0.58123004, 0.58022034, 0.57201815, 0.57142961, 0.56965983, 0.56043136, 0.55499363, 0.55236775]",,0,0,0,0,4e8be7ea737941825646c5b2a2a18a68db5225c97acad297c224d67ce76978fd,ef9f27141658502ed1cce3a9b2f8c98443b6bbdea16cb1e1dff03c7ce07b1cb1,2026-08-06T20:58:56.299981+00:00
Q456,price,R1500,DENSE,"['R1500-0031', 'R1500-0621', 'R1500-0616', 'R1500-0619', 'R1500-0610', 'R1500-0615', 'R1500-0624', 'R1500-0618', 'R1500-0620', 'R1500-0622']","[0.54213268, 0.53670359, 0.53663707, 0.53410399, 0.52060902, 0.52038878, 0.5163455, 0.51211303, 0.50393116, 0.50060433]",,0,0,0,0,b5a39ee521768525a274ace392b45b3f575e72ef951b605038742fa1f3a18ab4,ef9f27141658502ed1cce3a9b2f8c98443b6bbdea16cb1e1dff03c7ce07b1cb1,2026-08-06T20:58:56.300130+00:00
Q457,price,R1500,DENSE,"['R1500-0187', 'R1500-0188', 'R1500-0213', 'R1500-0214', 'R1500-0186', 'R1500-0189', 'R1500-0215', 'R1500-0170', 'R1500-0216', 'R1500-0190']","[0.67803818, 0.67638236, 0.67069697, 0.6695199, 0.66448331, 0.65217841, 0.64999598, 0.64937478, 0.64907336, 0.6489504]",2,0,1,1,1,b51c4b65ea8ebaada5b99c76c243be6e0b8aa4c9f554e6f796cd873f3d710802,ef9f27141658502ed1cce3a9b2f8c98443b6bbdea16cb1e1dff03c7ce07b1cb1,2026-08-06T20:58:56.300289+00:00
Q458,price,R1500,DENSE,"['R1500-0619', 'R1500-0031', 'R1500-0621', 'R1500-0624', 'R1500-0611', 'R1500-0033', 'R1500-0620', 'R1500-0051', 'R1500-0622', 'R1500-0618']","[0.65074027, 0.64042997, 0.63001496, 0.62810314, 0.62678552, 0.61146593, 0.61144865, 0.60608208, 0.605959, 0.60545313]",5,0,0,1,1,c2555be49962fadca0853e9ba72c50e0a341d829a2a82574a9bad5467eef8283,ef9f27141658502ed1cce3a9b2f8c98443b6bbdea16cb1e1dff03c7ce07b1cb1,2026-08-06T20:58:56.300435+00:00
Q459,attribute,R1500,DENSE,"['R1500-0404', 'R1500-0403', 'R1500-0405', 'R1500-0721', 'R1500-0437', 'R1500-0681', 'R1500-0433', 'R1500-0435', 'R1500-0659', 'R1500-0440']","[0.68391103, 0.63809168, 0.63377702, 0.61703718, 0.60112345, 0.60076058, 0.60062027, 0.59769201, 0.59526134, 0.59489965]",1,1,1,1,1,2da454e5cd82f19da5235ee71a8f791e666cdf75fca0006dc9370908a079f101,ef9f27141658502ed1cce3a9b2f8c98443b6bbdea16cb1e1dff03c7ce07b1cb1,2026-08-06T20:58:56.300659+00:00
Q460,attribute,R1500,DENSE,"['R1500-0142', 'R1500-0744', 'R1500-0745', 'R1500-0746', 'R1500-0772', 'R1500-0651', 'R1500-0006', 'R1500-0094', 'R1500-0747', 'R1500-0646']","[0.66356742, 0.58551991, 0.53762019, 0.52620262, 0.52464116, 0.51852036, 0.51831669, 0.51742733, 0.51442981, 0.51309872]",1,1,1,1,1,fb689a4bf6a97d5b7593f621c30153543cf10a401dd612b5869e9c195d52bac2,ef9f27141658502ed1cce3a9b2f8c98443b6bbdea16cb1e1dff03c7ce07b1cb1,2026-08-06T20:58:56.300830+00:00
Q461,price,R1500,DENSE,"['R1500-0630', 'R1500-0631', 'R1500-0545', 'R1500-0544', 'R1500-0644', 'R1500-0640', 'R1500-0543', 'R1500-0633', 'R1500-0541', 'R1500-0637']","[0.53849864, 0.5333479, 0.50149643, 0.49512464, 0.4915027, 0.49051431, 0.48776615, 0.48563564, 0.48473978, 0.48277983]",1,1,1,1,1,8fe72ba4e2536fbd25c7f90aa8945cb138ab92b0a76578caa7eb36647fedb346,ef9f27141658502ed1cce3a9b2f8c98443b6bbdea16cb1e1dff03c7ce07b1cb1,2026-08-06T20:58:56.300991+00:00
Q462,attribute,R1500,DENSE,"['R1500-0552', 'R1500-0553', 'R1500-0141', 'R1500-0547', 'R1500-0554', 'R1500-0494', 'R1500-0550', 'R1500-0548', 'R1500-0475', 'R1500-0496']","[0.61805785, 0.60684806, 0.59594399, 0.59512067, 0.58654857, 0.58131182, 0.56439716, 0.56148303, 0.56009519, 0.55929983]",1,1,1,1,1,da43d821099af390d8571be4c0a5287e57a108609d53a0ad93c8ab553d054d01,ef9f27141658502ed1cce3a9b2f8c98443b6bbdea16cb1e1dff03c7ce07b1cb1,2026-08-06T20:58:56.301163+00:00
Q463,attribute,R1500,DENSE,"['R1500-0061', 'R1500-0158', 'R1500-0509', 'R1500-0303', 'R1500-0090', 'R1500-0241', 'R1500-0505', 'R1500-0173', 'R1500-0192', 'R1500-0644']","[0.54000306, 0.50131267, 0.49701548, 0.49168366, 0.49162996, 0.48902175, 0.48848641, 0.48635533, 0.48603398, 0.48576599]",1,1,1,1,1,45ed8992fbe03e5791c019556309deabd763d4844fcde94a87709ef8b53500dd,ef9f27141658502ed1cce3a9b2f8c98443b6bbdea16cb1e1dff03c7ce07b1cb1,2026-08-06T20:58:56.301374+00:00
Q464,attribute,R1500,DENSE,"['R1500-0597', 'R1500-0600', 'R1500-0599', 'R1500-0596', 'R1500-0598', 'R1500-0616', 'R1500-0615', 'R1500-0604', 'R1500-0611', 'R1500-0030']","[0.56414652, 0.55203396, 0.54747987, 0.53764492, 0.53577876, 0.51665449, 0.51484245, 0.51340723, 0.49929908, 0.49826235]",2,0,1,1,1,d3083ba2de4ad1495206a4237349c1a49261187e0a7381e81c6aba7a8593e375,ef9f27141658502ed1cce3a9b2f8c98443b6bbdea16cb1e1dff03c7ce07b1cb1,2026-08-06T20:58:56.301557+00:00
Q465,price,R1500,DENSE,"['R1500-0160', 'R1500-0161', 'R1500-0158', 'R1500-0163', 'R1500-0189', 'R1500-0162', 'R1500-0157', 'R1500-0170', 'R1500-0215', 'R1500-0305']","[0.66941321, 0.61970568, 0.6190483, 0.61863035, 0.61689252, 0.61120069, 0.61017531, 0.60488272, 0.60452402, 0.59986186]",2,0,1,1,1,f8eeb51be50c0b67a0789630924d94f7db36b1bd7ec540fb99777ae3e1c894d8,ef9f27141658502ed1cce3a9b2f8c98443b6bbdea16cb1e1dff03c7ce07b1cb1,2026-08-06T20:58:56.301705+00:00
Q466,price,R1500,DENSE,"['R1500-0601', 'R1500-0600', 'R1500-0603', 'R1500-0597', 'R1500-0599', 'R1500-0618', 'R1500-0619', 'R1500-0608', 'R1500-0604', 'R1500-0616']","[0.62049866, 0.59592354, 0.58086026, 0.56511998, 0.56008267, 0.5588817, 0.55793417, 0.54636121, 0.54355729, 0.54342365]",1,1,1,1,1,8d25ee4aa5d5ad97e8d87696b362111127be2e763acd95e08f6e930f645f10bf,ef9f27141658502ed1cce3a9b2f8c98443b6bbdea16cb1e1dff03c7ce07b1cb1,2026-08-06T20:58:56.301853+00:00
Q467,price,R1500,DENSE,"['R1500-0192', 'R1500-0191', 'R1500-0410', 'R1500-0217', 'R1500-0675', 'R1500-0218', 'R1500-0677', 'R1500-0659', 'R1500-0734', 'R1500-0495']","[0.59306037, 0.59200001, 0.57605302, 0.57422125, 0.57218552, 0.55753648, 0.54891211, 0.53251648, 0.53154022, 0.53048503]",2,0,1,1,1,63cbfbfd181c99e6cc4a6b540057475197db63fc6736175df7356cb8a4e4207e,ef9f27141658502ed1cce3a9b2f8c98443b6bbdea16cb1e1dff03c7ce07b1cb1,2026-08-06T20:58:56.302010+00:00
Q468,price,R1500,DENSE,"['R1500-0492', 'R1500-0488', 'R1500-0490', 'R1500-0491', 'R1500-0510', 'R1500-0489', 'R1500-0725', 'R1500-0733', 'R1500-0722', 'R1500-0511']","[0.71908617, 0.697411, 0.67041516, 0.66263568, 0.63522011, 0.63391393, 0.61106586, 0.60485804, 0.60150814, 0.59811664]",1,1,1,1,1,ddc13b7bab6312922b03a9fb33286a94779e060abffa6acf2a4aec3ffd743f43,ef9f27141658502ed1cce3a9b2f8c98443b6bbdea16cb1e1dff03c7ce07b1cb1,2026-08-06T20:58:56.302158+00:00
Q469,attribute,R1500,DENSE,"['R1500-0431', 'R1500-0452', 'R1500-0432', 'R1500-0723', 'R1500-0722', 'R1500-0338', 'R1500-0733', 'R1500-0479', 'R1500-0478', 'R1500-0451']","[0.635405, 0.60593891, 0.60427737, 0.60249138, 0.59234053, 0.59218061, 0.58764088, 0.58502519, 0.58322245, 0.58163798]",,0,0,0,0,44a0a0bc854059517f1f3bb87fe8432ac95656e455d5912ea8a55cdde9220902,ef9f27141658502ed1cce3a9b2f8c98443b6bbdea16cb1e1dff03c7ce07b1cb1,2026-08-06T20:58:56.302367+00:00
Q470,attribute,R1500,DENSE,"['R1500-0422', 'R1500-0420', 'R1500-0173', 'R1500-0421', 'R1500-0675', 'R1500-0509', 'R1500-0504', 'R1500-0505', 'R1500-0220', 'R1500-0445']","[0.60976827, 0.58701974, 0.54595304, 0.5408988, 0.53895795, 0.53840899, 0.53477192, 0.53291994, 0.52967405, 0.52648711]",,0,0,0,0,cb52571e6080b78de6b60cdf0d5cd887878be6a5db6cf8d65ccb6d6e3afa868b,ef9f27141658502ed1cce3a9b2f8c98443b6bbdea16cb1e1dff03c7ce07b1cb1,2026-08-06T20:58:56.302543+00:00
Q471,price,R1500,DENSE,"['R1500-0724', 'R1500-0673', 'R1500-0674', 'R1500-0722', 'R1500-0725', 'R1500-0667', 'R1500-0484', 'R1500-0704', 'R1500-0734', 'R1500-0492']","[0.6278888, 0.57227683, 0.56100976, 0.55825841, 0.55168259, 0.54897571, 0.54642606, 0.54174435, 0.54073656, 0.53982604]",1,1,1,1,1,f93dcb56839345a079e94eed586a3edd568989cdce66a9e73c0d3b6a72f97721,ef9f27141658502ed1cce3a9b2f8c98443b6bbdea16cb1e1dff03c7ce07b1cb1,2026-08-06T20:58:56.302687+00:00
Q472,price,R1500,DENSE,"['R1500-0678', 'R1500-0669', 'R1500-0552', 'R1500-0547', 'R1500-0548', 'R1500-0677', 'R1500-0551', 'R1500-0544', 'R1500-0644', 'R1500-0668']","[0.58972144, 0.53236532, 0.49640754, 0.49600893, 0.49144918, 0.48491877, 0.48065343, 0.47956517, 0.47681928, 0.47537214]",1,1,1,1,1,7113ad1693c4cbc79226a8b043ef52739dc2e4824359d3d234739ce47bbf09de,ef9f27141658502ed1cce3a9b2f8c98443b6bbdea16cb1e1dff03c7ce07b1cb1,2026-08-06T20:58:56.302839+00:00
Q473,price,R1500,DENSE,"['R1500-0675', 'R1500-0676', 'R1500-0509', 'R1500-0445', 'R1500-0382', 'R1500-0410', 'R1500-0734', 'R1500-0217', 'R1500-0173', 'R1500-0409']","[0.64234567, 0.59705877, 0.57303983, 0.56894767, 0.55715907, 0.55213135, 0.55175471, 0.54482651, 0.54247582, 0.54216921]",1,1,1,1,1,f57a758364ade54addea71fd13da5ba22619fbed0dc462672351516fa9f8f583,ef9f27141658502ed1cce3a9b2f8c98443b6bbdea16cb1e1dff03c7ce07b1cb1,2026-08-06T20:58:56.302989+00:00
Q474,price,R1500,DENSE,"['R1500-0667', 'R1500-0670', 'R1500-0714', 'R1500-0668', 'R1500-0446', 'R1500-0700', 'R1500-0722', 'R1500-0673', 'R1500-0680', 'R1500-0674']","[0.69676858, 0.63675767, 0.63354963, 0.62995577, 0.62927574, 0.62875628, 0.62366903, 0.62022215, 0.61922473, 0.6191169]",1,1,1,1,1,13e24e0b27bacdc6ebf44d3793bb1fd76fe337419234dbc46e713c3cb353c507,ef9f27141658502ed1cce3a9b2f8c98443b6bbdea16cb1e1dff03c7ce07b1cb1,2026-08-06T20:58:56.303139+00:00
Q475,attribute,R1500,DENSE,"['R1500-0439', 'R1500-0438', 'R1500-0440', 'R1500-0434', 'R1500-0437', 'R1500-0659', 'R1500-0433', 'R1500-0435', 'R1500-0487', 'R1500-0658']","[0.64635921, 0.6296283, 0.62684226, 0.59433466, 0.5688864, 0.56801307, 0.55550802, 0.55161691, 0.54431063, 0.54296076]",1,1,1,1,1,acc284581545fad01fc2ff9810522a7bd8a5fbf25488b939cc20a7e9a8e0edb6,ef9f27141658502ed1cce3a9b2f8c98443b6bbdea16cb1e1dff03c7ce07b1cb1,2026-08-06T20:58:56.303302+00:00
Q476,price,R1500,DENSE,"['R1500-0617', 'R1500-0619', 'R1500-0651', 'R1500-0593', 'R1500-0621', 'R1500-0144', 'R1500-0551', 'R1500-0622', 'R1500-0005', 'R1500-0623']","[0.6403296, 0.56653661, 0.52970421, 0.52821678, 0.52416867, 0.52223349, 0.52087539, 0.51971948, 0.519467, 0.5136714]",1,1,1,1,1,f0f320f9f4809684541052561f403866459eac81a1de141431d22a5897ccbd5a,ef9f27141658502ed1cce3a9b2f8c98443b6bbdea16cb1e1dff03c7ce07b1cb1,2026-08-06T20:58:56.303452+00:00
Q477,price,R1500,DENSE,"['R1500-0591', 'R1500-0619', 'R1500-0608', 'R1500-0601', 'R1500-0618', 'R1500-0028', 'R1500-0624', 'R1500-0049', 'R1500-0616', 'R1500-0593']","[0.62104332, 0.61673087, 0.607005, 0.60403061, 0.60175937, 0.60126257, 0.59634507, 0.58982623, 0.58913571, 0.57899475]",1,1,1,1,1,376dc4f63296a07b32291634b0bcbef90cf11608649c251590b12d503883a326,ef9f27141658502ed1cce3a9b2f8c98443b6bbdea16cb1e1dff03c7ce07b1cb1,2026-08-06T20:58:56.303598+00:00
Q478,attribute,R1500,DENSE,"['R1500-0615', 'R1500-0616', 'R1500-0621', 'R1500-0619', 'R1500-0604', 'R1500-0031', 'R1500-0622', 'R1500-0594', 'R1500-0048', 'R1500-0049']","[0.64635295, 0.61797231, 0.59840053, 0.58164769, 0.57113856, 0.5665431, 0.56530929, 0.56483227, 0.56416219, 0.56282449]",1,1,1,1,1,4c83ccf81bf260962a8c0864ca854a0400bc0c40a9aef6cec741bd155373adb3,ef9f27141658502ed1cce3a9b2f8c98443b6bbdea16cb1e1dff03c7ce07b1cb1,2026-08-06T20:58:56.303773+00:00
Q479,attribute,R1500,DENSE,"['R1500-0009', 'R1500-0010', 'R1500-0008', 'R1500-0144', 'R1500-0623', 'R1500-0593', 'R1500-0608', 'R1500-0035', 'R1500-0766', 'R1500-0147']","[0.57148039, 0.54891074, 0.54027402, 0.50577867, 0.50448406, 0.5012874, 0.50066805, 0.49960226, 0.49913368, 0.49806821]",1,1,1,1,1,40bf022ef9f39b5f03ee405f3e431387e503632b012c3d07943587fa4bcb5ca0,ef9f27141658502ed1cce3a9b2f8c98443b6bbdea16cb1e1dff03c7ce07b1cb1,2026-08-06T20:58:56.303927+00:00
Q480,price,R1500,DENSE,"['R1500-0160', 'R1500-0163', 'R1500-0189', 'R1500-0173', 'R1500-0170', 'R1500-0161', 'R1500-0158', 'R1500-0162', 'R1500-0215', 'R1500-0305']","[0.57681096, 0.54879713, 0.54392755, 0.53633624, 0.53533471, 0.53485513, 0.53044015, 0.52995783, 0.52823067, 0.52354431]",6,0,0,0,1,65cb7fd047031f6e1f366b31e62a1cead7da013280b8e8d6fcd9f123632b279f,ef9f27141658502ed1cce3a9b2f8c98443b6bbdea16cb1e1dff03c7ce07b1cb1,2026-08-06T20:58:56.304078+00:00
Q481,attribute,R1500,DENSE,"['R1500-0487', 'R1500-0486', 'R1500-0426', 'R1500-0657', 'R1500-0429', 'R1500-0663', 'R1500-0427', 'R1500-0383', 'R1500-0428', 'R1500-0425']","[0.70650798, 0.66781193, 0.63516152, 0.62294579, 0.62120318, 0.61977077, 0.61945271, 0.61928022, 0.61638135, 0.6145696]",,0,0,0,0,80acd1633ba494e4f9bdd0ab96137eded1dd3592aadfc21c40f94f1e6129e52f,ef9f27141658502ed1cce3a9b2f8c98443b6bbdea16cb1e1dff03c7ce07b1cb1,2026-08-06T20:58:56.304284+00:00
Q482,attribute,R1500,DENSE,"['R1500-0044', 'R1500-0030', 'R1500-0602', 'R1500-0616', 'R1500-0027', 'R1500-0026', 'R1500-0619', 'R1500-0150', 'R1500-0609', 'R1500-0618']","[0.64036644, 0.61106575, 0.59593964, 0.59516203, 0.59029889, 0.58834815, 0.58482862, 0.57745004, 0.57268667, 0.57244623]",2,0,1,1,1,3d4529f4def529f94dbd165e7434569d60e515c06be4b19e22d819281f1bd546,ef9f27141658502ed1cce3a9b2f8c98443b6bbdea16cb1e1dff03c7ce07b1cb1,2026-08-06T20:58:56.304457+00:00
Q483,attribute,R1500,DENSE,"['R1500-0676', 'R1500-0192', 'R1500-0219', 'R1500-0218', 'R1500-0220', 'R1500-0426', 'R1500-0146', 'R1500-0305', 'R1500-0191', 'R1500-0210']","[0.58585829, 0.5234009, 0.51162058, 0.51127446, 0.50674713, 0.50260645, 0.5006842, 0.4923538, 0.49196154, 0.4904168]",,0,0,0,0,27f3f591f45e00481bcb238536ef9d120fe74985a41bf4d3b890cbf8abdf4345,ef9f27141658502ed1cce3a9b2f8c98443b6bbdea16cb1e1dff03c7ce07b1cb1,2026-08-06T20:58:56.304626+00:00
Q484,attribute,R1500,DENSE,"['R1500-0617', 'R1500-0144', 'R1500-0651', 'R1500-0623', 'R1500-0652', 'R1500-0147', 'R1500-0758', 'R1500-0554', 'R1500-0094', 'R1500-0045']","[0.5859015, 0.56331539, 0.55669367, 0.54440892, 0.53974628, 0.53904569, 0.53746605, 0.52521157, 0.52450252, 0.52295661]",,0,0,0,0,9cdcd9f9220984a598fa688e551b0f03c234ec261e108e47f95faf3b0c6d1100,ef9f27141658502ed1cce3a9b2f8c98443b6bbdea16cb1e1dff03c7ce07b1cb1,2026-08-06T20:58:56.304820+00:00
Q485,price,R1500,DENSE,"['R1500-0719', 'R1500-0720', 'R1500-0687', 'R1500-0338', 'R1500-0385', 'R1500-0700', 'R1500-0484', 'R1500-0339', 'R1500-0714', 'R1500-0727']","[0.6773569, 0.63793701, 0.6236527, 0.62093115, 0.61791426, 0.6151613, 0.61353457, 0.61328721, 0.6121403, 0.61117399]",2,0,1,1,1,ea3f1e1a24092c53ba61dc84d1a0a7ab0bf064b8b904868091786af516739ac5,ef9f27141658502ed1cce3a9b2f8c98443b6bbdea16cb1e1dff03c7ce07b1cb1,2026-08-06T20:58:56.304971+00:00
Q486,attribute,R1500,DENSE,"['R1500-0389', 'R1500-0385', 'R1500-0391', 'R1500-0387', 'R1500-0390', 'R1500-0393', 'R1500-0392', 'R1500-0384', 'R1500-0388', 'R1500-0456']","[0.71100736, 0.71022594, 0.70798314, 0.70382166, 0.6975438, 0.69748825, 0.69285154, 0.68514407, 0.6814642, 0.67996073]",1,1,1,1,1,26a59ff30d4b7a4e24968fac1809ce13ebacff53de51e8650787d2e978dd555c,ef9f27141658502ed1cce3a9b2f8c98443b6bbdea16cb1e1dff03c7ce07b1cb1,2026-08-06T20:58:56.305156+00:00
Q487,attribute,R1500,DENSE,"['R1500-0506', 'R1500-0198', 'R1500-0284', 'R1500-0184', 'R1500-0201', 'R1500-0325', 'R1500-0233', 'R1500-0507', 'R1500-0289', 'R1500-0280']","[0.49302003, 0.47635937, 0.46126527, 0.45964694, 0.4548856, 0.45319813, 0.4522419, 0.4466024, 0.44605446, 0.44602633]",,0,0,0,0,330b9cdbe6ac70d25a6e65697f4313c966363dbdcdd9e54d2b9837f5b1c55b77,ef9f27141658502ed1cce3a9b2f8c98443b6bbdea16cb1e1dff03c7ce07b1cb1,2026-08-06T20:58:56.305327+00:00
Q488,price,R1500,DENSE,"['R1500-0612', 'R1500-0613', 'R1500-0614', 'R1500-0619', 'R1500-0616', 'R1500-0615', 'R1500-0621', 'R1500-0624', 'R1500-0051', 'R1500-0029']","[0.66702366, 0.64552033, 0.6149435, 0.59103769, 0.57955474, 0.57655066, 0.57230139, 0.57007384, 0.56895208, 0.56313682]",2,0,1,1,1,bc5f310c408ed0e10de74fab5834c1f222f92d719494a9c7583948c39549fd28,ef9f27141658502ed1cce3a9b2f8c98443b6bbdea16cb1e1dff03c7ce07b1cb1,2026-08-06T20:58:56.305478+00:00
Q489,price,R1500,DENSE,"['R1500-0646', 'R1500-0644', 'R1500-0552', 'R1500-0154', 'R1500-0550', 'R1500-0630', 'R1500-0554', 'R1500-0547', 'R1500-0553', 'R1500-0551']","[0.6671769, 0.63034719, 0.59888113, 0.58487701, 0.57212865, 0.57004309, 0.5643701, 0.55974358, 0.55432492, 0.54756081]",1,1,1,1,1,341febbc65c444616d0c103df1d0499acbd632a4215352808ede0354d660b6f3,ef9f27141658502ed1cce3a9b2f8c98443b6bbdea16cb1e1dff03c7ce07b1cb1,2026-08-06T20:58:56.305627+00:00
Q490,price,R1500,DENSE,"['R1500-0025', 'R1500-0622', 'R1500-0603', 'R1500-0548', 'R1500-0651', 'R1500-0552', 'R1500-0148', 'R1500-0624', 'R1500-0593', 'R1500-0640']","[0.47415274, 0.47412166, 0.47098574, 0.47035092, 0.46828258, 0.46706545, 0.46678483, 0.46492693, 0.46077424, 0.45994997]",2,0,1,1,1,8c9bf01316a86091ae26871e139618fe7544354db82a523dc652da0a9d3ae047,ef9f27141658502ed1cce3a9b2f8c98443b6bbdea16cb1e1dff03c7ce07b1cb1,2026-08-06T20:58:56.305773+00:00
Q491,price,R1500,DENSE,"['R1500-0614', 'R1500-0613', 'R1500-0619', 'R1500-0624', 'R1500-0593', 'R1500-0592', 'R1500-0618', 'R1500-0025', 'R1500-0612', 'R1500-0616']","[0.56288922, 0.55442524, 0.54561812, 0.53943527, 0.53685498, 0.52930021, 0.50917804, 0.50882769, 0.50692952, 0.50482231]",1,1,1,1,1,afb5e844578a08b5b506fc48c38b8cfd8e0d14ce605392ed80997aed39315c6d,ef9f27141658502ed1cce3a9b2f8c98443b6bbdea16cb1e1dff03c7ce07b1cb1,2026-08-06T20:58:56.305921+00:00
Q492,attribute,R1500,DENSE,"['R1500-0188', 'R1500-0187', 'R1500-0214', 'R1500-0213', 'R1500-0215', 'R1500-0189', 'R1500-0190', 'R1500-0216', 'R1500-0186', 'R1500-0191']","[0.69776189, 0.6974144, 0.68624133, 0.68120432, 0.67585176, 0.67264664, 0.67048776, 0.66481453, 0.64982462, 0.6472187]",1,1,1,1,1,27fd7761356e16b95d4cc4113a81fbf412939f6b5e19957e198f07d59c0d6364,ef9f27141658502ed1cce3a9b2f8c98443b6bbdea16cb1e1dff03c7ce07b1cb1,2026-08-06T20:58:56.306069+00:00
Q493,price,R1500,DENSE,"['R1500-0621', 'R1500-0620', 'R1500-0619', 'R1500-0624', 'R1500-0029', 'R1500-0616', 'R1500-0031', 'R1500-0594', 'R1500-0622', 'R1500-0593']","[0.57745647, 0.57682669, 0.57525426, 0.54799509, 0.5461756, 0.54363507, 0.53377306, 0.53281176, 0.53118873, 0.52553248]",,0,0,0,0,00ed3334cbf8f4912755532812a66a54d06e8282c18a5a2c6d2ae82d5e880f06,ef9f27141658502ed1cce3a9b2f8c98443b6bbdea16cb1e1dff03c7ce07b1cb1,2026-08-06T20:58:56.306227+00:00
Q494,price,R1500,DENSE,"['R1500-0251', 'R1500-0252', 'R1500-0238', 'R1500-0264', 'R1500-0250', 'R1500-0262', 'R1500-0241', 'R1500-0263', 'R1500-0253', 'R1500-0266']","[0.57479572, 0.57180691, 0.56584215, 0.56005985, 0.55730194, 0.55310255, 0.54633725, 0.54480088, 0.53618503, 0.53049731]",1,1,1,1,1,5bb163288ec7bfbb65e8f1e52b42e18579cd7410d05b2aa4c2ab996bafdec165,ef9f27141658502ed1cce3a9b2f8c98443b6bbdea16cb1e1dff03c7ce07b1cb1,2026-08-06T20:58:56.306378+00:00
Q495,price,R1500,DENSE,"['R1500-0385', 'R1500-0722', 'R1500-0714', 'R1500-0387', 'R1500-0733', 'R1500-0393', 'R1500-0477', 'R1500-0700', 'R1500-0719', 'R1500-0452']","[0.64590871, 0.6261453, 0.62023258, 0.61986148, 0.6145497, 0.61119467, 0.60965145, 0.60299802, 0.60052729, 0.60020041]",7,0,0,0,1,a41d30c44906e7b426ea7a4b01ae411cdd210ebb2b595d8e7790846c199ac8ed,ef9f27141658502ed1cce3a9b2f8c98443b6bbdea16cb1e1dff03c7ce07b1cb1,2026-08-06T20:58:56.306529+00:00
Q496,attribute,R1500,DENSE,"['R1500-0430', 'R1500-0343', 'R1500-0477', 'R1500-0393', 'R1500-0385', 'R1500-0727', 'R1500-0338', 'R1500-0391', 'R1500-0456', 'R1500-0387']","[0.64055514, 0.63999498, 0.63962656, 0.63681501, 0.63410741, 0.63278055, 0.6264227, 0.62556899, 0.62291497, 0.62138355]",1,1,1,1,1,df8afd89b9549f0d733105004283ea271032f152ac93ab35994ed6ccba2b1d32,ef9f27141658502ed1cce3a9b2f8c98443b6bbdea16cb1e1dff03c7ce07b1cb1,2026-08-06T20:58:56.306695+00:00
Q497,attribute,R1500,DENSE,"['R1500-0477', 'R1500-0385', 'R1500-0391', 'R1500-0456', 'R1500-0387', 'R1500-0393', 'R1500-0389', 'R1500-0338', 'R1500-0727', 'R1500-0339']","[0.7035749, 0.67446786, 0.67153323, 0.67020804, 0.66668463, 0.65779215, 0.65367067, 0.65348649, 0.65307844, 0.6489886]",1,1,1,1,1,d624437601eb743254f92b6ffa4311b9d2f9d431af08d47a576686184927aed8,ef9f27141658502ed1cce3a9b2f8c98443b6bbdea16cb1e1dff03c7ce07b1cb1,2026-08-06T20:58:56.306853+00:00
Q498,attribute,R1500,DENSE,"['R1500-0547', 'R1500-0552', 'R1500-0554', 'R1500-0550', 'R1500-0548', 'R1500-0784', 'R1500-0494', 'R1500-0495', 'R1500-0553', 'R1500-0551']","[0.64476979, 0.64303219, 0.63373101, 0.62999892, 0.61138248, 0.60902458, 0.60601103, 0.60563135, 0.60382128, 0.59322435]",2,0,1,1,1,14adace0c7af92ce76a0812b61f8b88a57711487c5700386f8741a980778e785,ef9f27141658502ed1cce3a9b2f8c98443b6bbdea16cb1e1dff03c7ce07b1cb1,2026-08-06T20:58:56.307021+00:00
Q499,price,R1500,DENSE,"['R1500-0368', 'R1500-0373', 'R1500-0371', 'R1500-0370', 'R1500-0369', 'R1500-0380', 'R1500-0377', 'R1500-0378', 'R1500-0385', 'R1500-0379']","[0.71575356, 0.67776591, 0.65949589, 0.64277941, 0.63043123, 0.62980628, 0.62426102, 0.62115812, 0.61262041, 0.60817087]",1,1,1,1,1,f735bfc655124d0e69aa156b978220f0585e8ca4e08938b0a2290645dccc2f17,ef9f27141658502ed1cce3a9b2f8c98443b6bbdea16cb1e1dff03c7ce07b1cb1,2026-08-06T20:58:56.307168+00:00
Q500,price,R1500,DENSE,"['R1500-0619', 'R1500-0618', 'R1500-0616', 'R1500-0593', 'R1500-0601', 'R1500-0617', 'R1500-0608', 'R1500-0603', 'R1500-0027', 'R1500-0025']","[0.65181684, 0.6242435, 0.58675706, 0.58568019, 0.5786767, 0.57344973, 0.56946754, 0.56669855, 0.56351966, 0.56083906]",1,1,1,1,1,7aa93253ff9d9759d103cd2c7582072a4b46776346d96f2aa44a2ae32d11c2a9,ef9f27141658502ed1cce3a9b2f8c98443b6bbdea16cb1e1dff03c7ce07b1cb1,2026-08-06T20:58:56.307328+00:00
Q001,price,T1500,DENSE_BM25_RRF,"['T1500-1920', 'T1500-1918', 'T1500-1951', 'T1500-1964', 'T1500-1802', 'T1500-1952', 'T1500-1949', 'T1500-1909', 'T1500-1803', 'T1500-1805']","[0.67913443, 0.65577573, 0.64243895, 0.64488864, 0.6628719, 0.65199101, 0.63136381, 0.6321938, 0.66951883, 0.63744879]",2,0,1,1,1,48c9980aff888ec99ed03914aac8b562d47217d267f9095a5f7a0e512803d1b8,4b37a5ed9cfdc71b591d28bacc024e42e8ebe679ab10903583897e072da5c95b,2026-08-06T20:58:59.196359+00:00
Q002,price,T1500,DENSE_BM25_RRF,"['T1500-1633', 'T1500-1631', 'T1500-1634', 'T1500-1630', 'T1500-1613', 'T1500-0129', 'T1500-1571', 'T1500-0097', 'T1500-1646', 'T1500-1625']","[0.61346412, 0.60847753, 0.56656599, 0.55736846, 0.55100822, 0.57984865, 0.54798704, 0.57134032, 0.53749716, 0.57720757]",1,1,1,1,1,3be65393ec725ae6bb36e4428f29fc1a95c0fcf13b5d9668829d0e4329e9948f,4b37a5ed9cfdc71b591d28bacc024e42e8ebe679ab10903583897e072da5c95b,2026-08-06T20:58:59.209963+00:00
Q003,attribute,T1500,DENSE_BM25_RRF,"['T1500-0735', 'T1500-0731', 'T1500-0738', 'T1500-0737', 'T1500-0736', 'T1500-0733', 'T1500-0734', 'T1500-0743', 'T1500-0742', 'T1500-0741']","[0.69736481, 0.6441263, 0.66172862, 0.64572066, 0.64148498, 0.63973224, 0.63986158, 0.66063678, 0.64858395, 0.64628589]",1,1,1,1,1,b28db1aada14e327e7ab73fa1f02c7de0c86dc6b589a0d245c16299671ea7533,4b37a5ed9cfdc71b591d28bacc024e42e8ebe679ab10903583897e072da5c95b,2026-08-06T20:58:59.216539+00:00
Q004,attribute,T1500,DENSE_BM25_RRF,"['T1500-0196', 'T1500-1611', 'T1500-0113', 'T1500-0085', 'T1500-0054', 'T1500-0036', 'T1500-1538', 'T1500-0188', 'T1500-1625', 'T1500-0074']","[0.56536174, 0.56910849, 0.57535052, 0.56304884, 0.55157399, 0.57364625, 0.56314743, 0.55639648, 0.56035554, 0.56403524]",8,0,0,0,1,81eb045c663f0afa7e3fa42b9b1c61168e8ef0933a04883c7d097729f9beca57,4b37a5ed9cfdc71b591d28bacc024e42e8ebe679ab10903583897e072da5c95b,2026-08-06T20:58:59.224927+00:00
Q005,attribute,T1500,DENSE_BM25_RRF,"['T1500-1557', 'T1500-1555', 'T1500-1550', 'T1500-1560', 'T1500-1558', 'T1500-1549', 'T1500-1553', 'T1500-1617', 'T1500-1551', 'T1500-1607']","[0.62750882, 0.58695453, 0.57644951, 0.56452274, 0.52897996, 0.54618907, 0.49835873, 0.49094796, 0.49430043, 0.50203609]",1,1,1,1,1,92ceefe6b7735b49e461723bd2e9c52dd37a292609400267774536457843a2e6,4b37a5ed9cfdc71b591d28bacc024e42e8ebe679ab10903583897e072da5c95b,2026-08-06T20:58:59.236802+00:00
Q006,price,T1500,DENSE_BM25_RRF,"['T1500-0297', 'T1500-0298', 'T1500-0017', 'T1500-0299', 'T1500-2050', 'T1500-1730', 'T1500-0019', 'T1500-0016', 'T1500-1614', 'T1500-0185']","[0.64977688, 0.62861866, 0.55498445, 0.52723646, 0.54128647, 0.5288074, 0.51080132, 0.50896174, 0.51278174, 0.53174317]",1,1,1,1,1,758c8cdd2e473ba80e1e094c8a062e55b0a1813d79493841a5b0dc41af4d7f51,4b37a5ed9cfdc71b591d28bacc024e42e8ebe679ab10903583897e072da5c95b,2026-08-06T20:58:59.252720+00:00
Q007,attribute,T1500,DENSE_BM25_RRF,"['T1500-1560', 'T1500-1558', 'T1500-1557', 'T1500-1555', 'T1500-0085', 'T1500-1641', 'T1500-1550', 'T1500-0073', 'T1500-1570', 'T1500-1546']","[0.58570361, 0.58142591, 0.57313418, 0.54473126, 0.55390012, 0.55084801, 0.52970219, 0.53831428, 0.5285067, 0.52568781]",5,0,0,1,1,4b7c7532a94594844061c797ba4cb1657ae84c54e804faa49e6c99350b41f834,4b37a5ed9cfdc71b591d28bacc024e42e8ebe679ab10903583897e072da5c95b,2026-08-06T20:58:59.279886+00:00
Q008,attribute,T1500,DENSE_BM25_RRF,"['T1500-1625', 'T1500-0198', 'T1500-1613', 'T1500-1626', 'T1500-0113', 'T1500-1642', 'T1500-0036', 'T1500-1611', 'T1500-1643', 'T1500-0054']","[0.63539302, 0.59942257, 0.59125561, 0.61841291, 0.5890457, 0.58280778, 0.59349501, 0.58109516, 0.60183823, 0.58099139]",8,0,0,0,1,c221246c809e91c9f7959fd6099aa8489b464b26fb136419e1b3b64926ed2d90,4b37a5ed9cfdc71b591d28bacc024e42e8ebe679ab10903583897e072da5c95b,2026-08-06T20:58:59.305629+00:00
Q009,price,T1500,DENSE_BM25_RRF,"['T1500-1567', 'T1500-1565', 'T1500-0040', 'T1500-1630', 'T1500-1533', 'T1500-1611', 'T1500-1545', 'T1500-1573', 'T1500-1607', 'T1500-1543']","[0.65216678, 0.58063394, 0.53594303, 0.50485152, 0.52284789, 0.55420274, 0.50425333, 0.51858538, 0.49218038, 0.50065118]",1,1,1,1,1,1e041530cbdd16f4c649a79b9be701cac9342d113a97477922a048088a0b6f46,4b37a5ed9cfdc71b591d28bacc024e42e8ebe679ab10903583897e072da5c95b,2026-08-06T20:58:59.324418+00:00
Q010,attribute,T1500,DENSE_BM25_RRF,"['T1500-0528', 'T1500-0529', 'T1500-0434', 'T1500-0439', 'T1500-0535', 'T1500-0433', 'T1500-0531', 'T1500-0534', 'T1500-0542', 'T1500-0539']","[0.67851126, 0.67445016, 0.66065246, 0.66018116, 0.65773088, 0.65028375, 0.64841044, 0.67224908, 0.65630245, 0.65131009]",1,1,1,1,1,8464b0207cdff8f9cacdaa62103085147699817cb78f292c57b610d70ea5695d,4b37a5ed9cfdc71b591d28bacc024e42e8ebe679ab10903583897e072da5c95b,2026-08-06T20:58:59.344188+00:00
Q011,price,T1500,DENSE_BM25_RRF,"['T1500-1386', 'T1500-1383', 'T1500-1384', 'T1500-1361', 'T1500-1360', 'T1500-0050', 'T1500-0294', 'T1500-0049', 'T1500-1357', 'T1500-1367']","[0.65700591, 0.64600933, 0.63899589, 0.60786319, 0.62198466, 0.57204878, 0.54555011, 0.56208599, 0.55621094, 0.52218103]",1,1,1,1,1,98e8263dea4c229e5ab838825bf5597870c2864f07ba19a8d82c75f825e1489b,4b37a5ed9cfdc71b591d28bacc024e42e8ebe679ab10903583897e072da5c95b,2026-08-06T20:58:59.364321+00:00
Q012,attribute,T1500,DENSE_BM25_RRF,"['T1500-0400', 'T1500-0401', 'T1500-0396', 'T1500-0393', 'T1500-0392', 'T1500-0397', 'T1500-0394', 'T1500-0391', 'T1500-0398', 'T1500-0395']","[0.56491888, 0.53744709, 0.54434222, 0.53613198, 0.53261065, 0.54026139, 0.53017801, 0.52221048, 0.52557868, 0.52917624]",,0,0,0,0,bd0396f9677602e4f9c984ff699b54f47edd2ff10824aaffb00d280e56a11d98,4b37a5ed9cfdc71b591d28bacc024e42e8ebe679ab10903583897e072da5c95b,2026-08-06T20:58:59.387523+00:00
Q013,attribute,T1500,DENSE_BM25_RRF,"['T1500-0341', 'T1500-0342', 'T1500-0354', 'T1500-0344', 'T1500-0324', 'T1500-0355', 'T1500-0343', 'T1500-0336', 'T1500-0333', 'T1500-0337']","[0.63653898, 0.62904215, 0.62360799, 0.62914556, 0.60549134, 0.60566211, 0.59853756, 0.61388987, 0.62940627, 0.61342865]",,0,0,0,0,27c188fcfa0a8df3a7ef9db7371a765b775aa7f7f7ca65556b1d4135f4972286,4b37a5ed9cfdc71b591d28bacc024e42e8ebe679ab10903583897e072da5c95b,2026-08-06T20:58:59.407307+00:00
Q014,price,T1500,DENSE_BM25_RRF,"['T1500-1538', 'T1500-1601', 'T1500-1605', 'T1500-1537', 'T1500-1599', 'T1500-1613', 'T1500-1604', 'T1500-1602', 'T1500-1629', 'T1500-1623']","[0.48800403, 0.47067678, 0.46139365, 0.51674652, 0.46568492, 0.46264786, 0.45234632, 0.44885713, 0.4278149, 0.43247017]",1,1,1,1,1,a2916f8e16349cacfb064af98e283b2f6c2e4e4b510f6fe50a432d68b4b00377,4b37a5ed9cfdc71b591d28bacc024e42e8ebe679ab10903583897e072da5c95b,2026-08-06T20:58:59.416452+00:00
Q015,price,T1500,DENSE_BM25_RRF,"['T1500-1231', 'T1500-1233', 'T1500-1228', 'T1500-1232', 'T1500-1230', 'T1500-1263', 'T1500-1229', 'T1500-1234', 'T1500-1265', 'T1500-1235']","[0.72051311, 0.68253672, 0.67966151, 0.6823191, 0.67275298, 0.66707432, 0.65309036, 0.65343952, 0.64661556, 0.62096423]",1,1,1,1,1,a80003d6ae3ff295c093f2404ae8ac063ef9ef346b56a84c0acdd65111ef1ef6,4b37a5ed9cfdc71b591d28bacc024e42e8ebe679ab10903583897e072da5c95b,2026-08-06T20:58:59.425228+00:00
Q016,attribute,T1500,DENSE_BM25_RRF,"['T1500-1017', 'T1500-1014', 'T1500-1015', 'T1500-1013', 'T1500-1016', 'T1500-1227', 'T1500-1094', 'T1500-1787', 'T1500-1226', 'T1500-1789']","[0.68401378, 0.68415678, 0.64652121, 0.67224789, 0.64525223, 0.62617874, 0.64898109, 0.60982174, 0.61406422, 0.61511099]",,0,0,0,0,21739205be7d9c316a2dbba2c4f6d14b94259cdd3ec7916da0cef16d9236040c,4b37a5ed9cfdc71b591d28bacc024e42e8ebe679ab10903583897e072da5c95b,2026-08-06T20:58:59.453603+00:00
Q017,attribute,T1500,DENSE_BM25_RRF,"['T1500-1803', 'T1500-1796', 'T1500-1802', 'T1500-1805', 'T1500-1964', 'T1500-1800', 'T1500-1955', 'T1500-1995', 'T1500-1949', 'T1500-1912']","[0.67159283, 0.66017902, 0.64798462, 0.64087814, 0.63584745, 0.64826775, 0.63811743, 0.61884999, 0.63656402, 0.63470715]",2,0,1,1,1,2a321e0a7b0a1c70ea5bea197d15654b1e9a19355309bd6fe61cd258d9d72ecf,4b37a5ed9cfdc71b591d28bacc024e42e8ebe679ab10903583897e072da5c95b,2026-08-06T20:58:59.477046+00:00
Q018,attribute,T1500,DENSE_BM25_RRF,"['T1500-1602', 'T1500-1648', 'T1500-0107', 'T1500-1611', 'T1500-0093', 'T1500-1571', 'T1500-0070', 'T1500-0036', 'T1500-0092', 'T1500-1630']","[0.48157567, 0.47221535, 0.46379378, 0.46619022, 0.4634425, 0.46218851, 0.45558864, 0.45587456, 0.4632341, 0.48817474]",,0,0,0,0,be3cbea80945eab697f8baa07af46d043cc2722f3f4ae56debc891ae0b791e59,4b37a5ed9cfdc71b591d28bacc024e42e8ebe679ab10903583897e072da5c95b,2026-08-06T20:58:59.495275+00:00
Q019,attribute,T1500,DENSE_BM25_RRF,"['T1500-1637', 'T1500-1635', 'T1500-0067', 'T1500-1529', 'T1500-1534', 'T1500-0096', 'T1500-1614', 'T1500-1582', 'T1500-1570', 'T1500-1622']","[0.54859298, 0.55023658, 0.54264557, 0.53131211, 0.54499829, 0.54318047, 0.52129209, 0.52273154, 0.51235539, 0.51723331]",1,1,1,1,1,0a91a2bcee55e662d66c3b1497721adcebf68fe2c48ff4511961ef6769b6c3fd,4b37a5ed9cfdc71b591d28bacc024e42e8ebe679ab10903583897e072da5c95b,2026-08-06T20:58:59.516140+00:00
Q020,attribute,T1500,DENSE_BM25_RRF,"['T1500-1564', 'T1500-1562', 'T1500-1555', 'T1500-1635', 'T1500-1634', 'T1500-1560', 'T1500-1641', 'T1500-0097', 'T1500-1599', 'T1500-1619']","[0.5952943, 0.53508967, 0.51338327, 0.49720466, 0.47751412, 0.48047638, 0.52090824, 0.48614585, 0.50411016, 0.48415971]",9,0,0,0,1,116dba510243e25bd48d2da2c803a1ab6e9a42b3f657cd5f841b66f79c948450,4b37a5ed9cfdc71b591d28bacc024e42e8ebe679ab10903583897e072da5c95b,2026-08-06T20:58:59.540572+00:00
Q021,price,T1500,DENSE_BM25_RRF,"['T1500-1021', 'T1500-1951', 'T1500-1952', 'T1500-1026', 'T1500-1025', 'T1500-1954', 'T1500-1949', 'T1500-1028', 'T1500-1948', 'T1500-1023']","[0.64806736, 0.6947248, 0.69166315, 0.63937294, 0.63737184, 0.66692567, 0.68281358, 0.62854815, 0.65906906, 0.6331206]",1,1,1,1,1,f2cb3755b85f79c59b1932f7894e9268ed857ce3743ea20932f2af2f7dd821c6,4b37a5ed9cfdc71b591d28bacc024e42e8ebe679ab10903583897e072da5c95b,2026-08-06T20:58:59.560117+00:00
Q022,price,T1500,DENSE_BM25_RRF,"['T1500-0437', 'T1500-0532', 'T1500-0438', 'T1500-0533', 'T1500-0531', 'T1500-0543', 'T1500-0449', 'T1500-0434', 'T1500-0439', 'T1500-0436']","[0.65626246, 0.65101326, 0.65179932, 0.65441906, 0.65283281, 0.64712089, 0.64430118, 0.64549994, 0.64642429, 0.6518501]",1,1,1,1,1,7249145d51f8167d9f214f805ca9c4a91dd247d69b2a057cd8e2f0e395210604,4b37a5ed9cfdc71b591d28bacc024e42e8ebe679ab10903583897e072da5c95b,2026-08-06T20:58:59.566549+00:00
Q023,price,T1500,DENSE_BM25_RRF,"['T1500-1954', 'T1500-1952', 'T1500-1949', 'T1500-1951', 'T1500-1029', 'T1500-1955', 'T1500-1948', 'T1500-1032', 'T1500-1031', 'T1500-1023']","[0.63797671, 0.63954604, 0.64623296, 0.63821179, 0.59778517, 0.62778968, 0.61014557, 0.59077168, 0.58090794, 0.58715945]",1,1,1,1,1,e1b1f126f0537effb5ec452a2812469cef2362c0b0c655356b693ce95c16f2c4,4b37a5ed9cfdc71b591d28bacc024e42e8ebe679ab10903583897e072da5c95b,2026-08-06T20:58:59.576886+00:00
Q024,attribute,T1500,DENSE_BM25_RRF,"['T1500-0401', 'T1500-0399', 'T1500-0392', 'T1500-0400', 'T1500-0398', 'T1500-0396', 'T1500-0697', 'T1500-0388', 'T1500-0391', 'T1500-0685']","[0.55599535, 0.54779977, 0.5404858, 0.53770667, 0.53978765, 0.53586161, 0.55672151, 0.5278753, 0.52858233, 0.55473024]",8,0,0,0,1,6411c0d0819a8766ef1738c514c22f1182d5a7fe2bc1bb1b1cf0d67402e4f12b,4b37a5ed9cfdc71b591d28bacc024e42e8ebe679ab10903583897e072da5c95b,2026-08-06T20:58:59.588100+00:00
Q025,price,T1500,DENSE_BM25_RRF,"['T1500-0010', 'T1500-1339', 'T1500-2069', 'T1500-1693', 'T1500-1688', 'T1500-1331', 'T1500-1678', 'T1500-1338', 'T1500-1327', 'T1500-1689']","[0.55039978, 0.57719135, 0.54031616, 0.5402478, 0.53261507, 0.55191422, 0.52314973, 0.54212576, 0.54433954, 0.51264554]",8,0,0,0,1,2696fcf86e3b8362430147c56b3b97df4c690f6d605c598f36e3aa39cfbad58b,4b37a5ed9cfdc71b591d28bacc024e42e8ebe679ab10903583897e072da5c95b,2026-08-06T20:58:59.604898+00:00
Q026,price,T1500,DENSE_BM25_RRF,"['T1500-1369', 'T1500-1353', 'T1500-1367', 'T1500-1348', 'T1500-1352', 'T1500-1382', 'T1500-1357', 'T1500-1366', 'T1500-1355', 'T1500-1356']","[0.629915, 0.63823593, 0.63799274, 0.61877412, 0.59172636, 0.58869064, 0.58877623, 0.58846533, 0.58017206, 0.59175897]",1,1,1,1,1,46f459bde31a4ba025c5f7763d0abe3c98be6ddb8ca9144db9e53140e344bac6,4b37a5ed9cfdc71b591d28bacc024e42e8ebe679ab10903583897e072da5c95b,2026-08-06T20:58:59.612841+00:00
Q027,price,T1500,DENSE_BM25_RRF,"['T1500-1855', 'T1500-1854', 'T1500-1811', 'T1500-1052', 'T1500-1939', 'T1500-1044', 'T1500-1810', 'T1500-1037', 'T1500-1815', 'T1500-1057']","[0.60778463, 0.56883073, 0.56518066, 0.46093452, 0.56165266, 0.46297663, 0.56017292, 0.4266105, 0.55423635, 0.45566413]",2,0,1,1,1,36b50107fa62ce56aa7e9d51ce36363b7e4f987c46a5b435ce913b93f98d734b,4b37a5ed9cfdc71b591d28bacc024e42e8ebe679ab10903583897e072da5c95b,2026-08-06T20:58:59.624391+00:00
Q028,attribute,T1500,DENSE_BM25_RRF,"['T1500-1639', 'T1500-0100', 'T1500-2093', 'T1500-1630', 'T1500-2097', 'T1500-0073', 'T1500-2094', 'T1500-1607', 'T1500-0758', 'T1500-1595']","[0.54314703, 0.54785538, 0.59319735, 0.52222371, 0.59086215, 0.50324589, 0.57538176, 0.50403905, 0.56734502, 0.44908309]",1,1,1,1,1,d07d4735ecc3432fbfc4c2573233e98a6c9043bd046c73e17eba253369c4be5a,4b37a5ed9cfdc71b591d28bacc024e42e8ebe679ab10903583897e072da5c95b,2026-08-06T20:58:59.642070+00:00
Q029,price,T1500,DENSE_BM25_RRF,"['T1500-1542', 'T1500-1627', 'T1500-0070', 'T1500-1629', 'T1500-1537', 'T1500-1613', 'T1500-1625', 'T1500-1626', 'T1500-1642', 'T1500-1604']","[0.45193717, 0.42947289, 0.42370322, 0.4281885, 0.45507079, 0.42475051, 0.42460817, 0.42964548, 0.41789544, 0.41646713]",3,0,1,1,1,faee91e538ef045c568482ad1643dfc84568e9601e5f6ce7f80e94d3f11bf3ed,4b37a5ed9cfdc71b591d28bacc024e42e8ebe679ab10903583897e072da5c95b,2026-08-06T20:58:59.649965+00:00
Q030,attribute,T1500,DENSE_BM25_RRF,"['T1500-0389', 'T1500-0401', 'T1500-0400', 'T1500-0392', 'T1500-0399', 'T1500-0750', 'T1500-2092', 'T1500-0391', 'T1500-1755', 'T1500-0394']","[0.55453157, 0.55180198, 0.53397119, 0.53381073, 0.53419596, 0.53602755, 0.55783468, 0.52933633, 0.5504272, 0.52187049]",1,1,1,1,1,da30b530434ef5e203a443d0bfe3239bf6469b43df6365b32edd327b9043f02e,4b37a5ed9cfdc71b591d28bacc024e42e8ebe679ab10903583897e072da5c95b,2026-08-06T20:58:59.666346+00:00
Q031,attribute,T1500,DENSE_BM25_RRF,"['T1500-1982', 'T1500-1988', 'T1500-1985', 'T1500-1986', 'T1500-1983', 'T1500-1957', 'T1500-0954', 'T1500-0959', 'T1500-0956', 'T1500-1317']","[0.60537022, 0.59947771, 0.60467231, 0.57461888, 0.59183377, 0.54541236, 0.54220939, 0.54184055, 0.54157478, 0.32395893]",1,1,1,1,1,df2debf9e71566709d26a751b166490f2c236248091ea5556c5623f7d1813e27,4b37a5ed9cfdc71b591d28bacc024e42e8ebe679ab10903583897e072da5c95b,2026-08-06T20:58:59.684709+00:00
Q032,price,T1500,DENSE_BM25_RRF,"['T1500-1841', 'T1500-1839', 'T1500-1809', 'T1500-1815', 'T1500-1814', 'T1500-1941', 'T1500-1806', 'T1500-1810', 'T1500-1938', 'T1500-1844']","[0.70473742, 0.64745319, 0.62115467, 0.6121431, 0.59717906, 0.6393531, 0.601771, 0.5872888, 0.62684643, 0.59293801]",1,1,1,1,1,e2c015ee70445ff59a146cec92e2498b780971fa144351ed0f2a63e3ba419293,4b37a5ed9cfdc71b591d28bacc024e42e8ebe679ab10903583897e072da5c95b,2026-08-06T20:58:59.706307+00:00
Q033,attribute,T1500,DENSE_BM25_RRF,"['T1500-1550', 'T1500-1549', 'T1500-1558', 'T1500-1554', 'T1500-1557', 'T1500-1560', 'T1500-1553', 'T1500-1555', 'T1500-1641', 'T1500-1547']","[0.6586622, 0.56943214, 0.60670149, 0.55479872, 0.55985641, 0.52160335, 0.51371616, 0.51509356, 0.52441359, 0.50675762]",1,1,1,1,1,785d8a4f035c54da8b460fe4cff17cda0f2f588bc3a1d2adb29ecfd8ee9b453f,4b37a5ed9cfdc71b591d28bacc024e42e8ebe679ab10903583897e072da5c95b,2026-08-06T20:58:59.718937+00:00
Q034,attribute,T1500,DENSE_BM25_RRF,"['T1500-1975', 'T1500-1976', 'T1500-1802', 'T1500-1995', 'T1500-1964', 'T1500-1032', 'T1500-1948', 'T1500-1020', 'T1500-1028', 'T1500-1955']","[0.7063179, 0.68345213, 0.66027915, 0.64675581, 0.63211614, 0.62301666, 0.61827576, 0.62673765, 0.61212277, 0.6318683]",,0,0,0,0,2d10b2fbecfefab06a308d79ab14ee0ed5278559760abb1a402688d98914a590,4b37a5ed9cfdc71b591d28bacc024e42e8ebe679ab10903583897e072da5c95b,2026-08-06T20:58:59.739305+00:00
Q035,attribute,T1500,DENSE_BM25_RRF,"['T1500-1617', 'T1500-0095', 'T1500-1613', 'T1500-1571', 'T1500-0094', 'T1500-1615', 'T1500-1630', 'T1500-0092', 'T1500-1627', 'T1500-1591']","[0.60604596, 0.52239275, 0.52691722, 0.53539705, 0.53304732, 0.56644893, 0.52798927, 0.52867967, 0.55184108, 0.54207885]",,0,0,0,0,1d9f881d89be94760c950ff65a96f44cf37d6199abf4065274c3893d478d79ab,4b37a5ed9cfdc71b591d28bacc024e42e8ebe679ab10903583897e072da5c95b,2026-08-06T20:58:59.757242+00:00
Q036,attribute,T1500,DENSE_BM25_RRF,"['T1500-0072', 'T1500-1542', 'T1500-1545', 'T1500-1594', 'T1500-1546', 'T1500-1605', 'T1500-1591', 'T1500-0070', 'T1500-1561', 'T1500-1571']","[0.53785878, 0.53820521, 0.53351605, 0.55708069, 0.54599833, 0.52481866, 0.55444062, 0.55492377, 0.53254324, 0.51735514]",8,0,0,0,1,f8049b4cf2016a6aa570a641371de444215928ca645467a1307210ce014613d6,4b37a5ed9cfdc71b591d28bacc024e42e8ebe679ab10903583897e072da5c95b,2026-08-06T20:58:59.770515+00:00
Q037,attribute,T1500,DENSE_BM25_RRF,"['T1500-1200', 'T1500-1191', 'T1500-1199', 'T1500-1205', 'T1500-1201', 'T1500-1202', 'T1500-1204', 'T1500-1203', 'T1500-1034', 'T1500-1947']","[0.67329842, 0.59690642, 0.65807199, 0.62678397, 0.6688602, 0.635535, 0.60796392, 0.62055528, 0.60017872, 0.59846187]",1,1,1,1,1,dd46f2ca6d03301dec3323cb4a87a0737212959ee1d2df56f7b6b35850c2a2b2,4b37a5ed9cfdc71b591d28bacc024e42e8ebe679ab10903583897e072da5c95b,2026-08-06T20:58:59.788689+00:00
Q038,attribute,T1500,DENSE_BM25_RRF,"['T1500-1649', 'T1500-1651', 'T1500-1648', 'T1500-1652', 'T1500-1740', 'T1500-1382', 'T1500-0248', 'T1500-1367', 'T1500-1422', 'T1500-2106']","[0.59838128, 0.54832029, 0.54158247, 0.52370751, 0.50026119, 0.51832241, 0.50209188, 0.50865686, 0.54740119, 0.42234847]",1,1,1,1,1,4c0079661935c4c0355919a3856cb84e349440087da04292506da535b6cee0c9,4b37a5ed9cfdc71b591d28bacc024e42e8ebe679ab10903583897e072da5c95b,2026-08-06T20:58:59.807313+00:00
Q039,price,T1500,DENSE_BM25_RRF,"['T1500-1309', 'T1500-0215', 'T1500-0300', 'T1500-0299', 'T1500-0430', 'T1500-1335', 'T1500-0219', 'T1500-0415', 'T1500-1310', 'T1500-0420']","[0.48606518, 0.43011591, 0.43711442, 0.43177128, 0.4682658, 0.45708072, 0.34798914, 0.45251638, 0.39630038, 0.44888425]",2,0,1,1,1,a68dc22430bd70b962ac044241cb2ede627f78f54b327972be36635a7dde78a0,4b37a5ed9cfdc71b591d28bacc024e42e8ebe679ab10903583897e072da5c95b,2026-08-06T20:58:59.822677+00:00
Q040,attribute,T1500,DENSE_BM25_RRF,"['T1500-0299', 'T1500-1749', 'T1500-0300', 'T1500-1747', 'T1500-0298', 'T1500-1614', 'T1500-0304', 'T1500-0306', 'T1500-1637', 'T1500-0016']","[0.70004964, 0.65956438, 0.69317544, 0.6019212, 0.62454462, 0.55258143, 0.54290301, 0.53922421, 0.53490609, 0.54911739]",6,0,0,0,1,60dd4723eb92301208520043ff4b454b0669e8cfa856d62c6127e8c8baa26774,4b37a5ed9cfdc71b591d28bacc024e42e8ebe679ab10903583897e072da5c95b,2026-08-06T20:58:59.840925+00:00
Q041,attribute,T1500,DENSE_BM25_RRF,"['T1500-1706', 'T1500-1709', 'T1500-1705', 'T1500-1699', 'T1500-1685', 'T1500-1688', 'T1500-1693', 'T1500-1703', 'T1500-1670', 'T1500-1371']","[0.65335661, 0.64310765, 0.61854953, 0.6132558, 0.60975772, 0.60819393, 0.59686947, 0.58274591, 0.53894717, 0.52227479]",1,1,1,1,1,9677590218dee84df7d35781a840d58479b82c2818ae72218839906cf7046d15,4b37a5ed9cfdc71b591d28bacc024e42e8ebe679ab10903583897e072da5c95b,2026-08-06T20:58:59.853323+00:00
Q042,attribute,T1500,DENSE_BM25_RRF,"['T1500-1627', 'T1500-1629', 'T1500-1613', 'T1500-1630', 'T1500-1611', 'T1500-0070', 'T1500-1571', 'T1500-1591', 'T1500-0072', 'T1500-0088']","[0.62527925, 0.57957059, 0.56943333, 0.56020951, 0.55970764, 0.56176269, 0.54762137, 0.57064897, 0.5489254, 0.54102987]",5,0,0,1,1,5b4483356d58b9e1336d9ca4eec05777697977337e71b2259a4308167d6a0e88,4b37a5ed9cfdc71b591d28bacc024e42e8ebe679ab10903583897e072da5c95b,2026-08-06T20:58:59.869517+00:00
Q043,attribute,T1500,DENSE_BM25_RRF,"['T1500-0527', 'T1500-0448', 'T1500-0439', 'T1500-0534', 'T1500-0449', 'T1500-0537', 'T1500-0441', 'T1500-0529', 'T1500-0433', 'T1500-0432']","[0.67489111, 0.66792727, 0.66777897, 0.67905557, 0.66083485, 0.66692877, 0.66578299, 0.67120087, 0.66006607, 0.67218351]",1,1,1,1,1,882ab44efeef7d0cb1ed01601b6aeaf4c73b8f387dec9efa5ab788fea1c101ba,4b37a5ed9cfdc71b591d28bacc024e42e8ebe679ab10903583897e072da5c95b,2026-08-06T20:58:59.883828+00:00
Q044,attribute,T1500,DENSE_BM25_RRF,"['T1500-0226', 'T1500-0225', 'T1500-0224', 'T1500-0223', 'T1500-0227', 'T1500-0228', 'T1500-0229', 'T1500-0230', 'T1500-0885', 'T1500-1223']","[0.61539394, 0.62219435, 0.61370909, 0.58932674, 0.56423998, 0.54449397, 0.53467429, 0.52889204, 0.56852734, 0.56185746]",1,1,1,1,1,12b2ccb66d0f679501540c1665f4ba38028868b21e3077bdfaa443cf926a7f6a,4b37a5ed9cfdc71b591d28bacc024e42e8ebe679ab10903583897e072da5c95b,2026-08-06T20:58:59.900228+00:00
Q045,price,T1500,DENSE_BM25_RRF,"['T1500-1614', 'T1500-1534', 'T1500-1637', 'T1500-1747', 'T1500-1713', 'T1500-1366', 'T1500-1630', 'T1500-1688', 'T1500-1638', 'T1500-1537']","[0.62001544, 0.53386259, 0.53269541, 0.50855482, 0.51311982, 0.52130222, 0.50452483, 0.49688631, 0.50268567, 0.53409111]",1,1,1,1,1,ed56217445d145c023017f4a42f7f22078b0f2a05e61142ed090bcc46bf9c72e,4b37a5ed9cfdc71b591d28bacc024e42e8ebe679ab10903583897e072da5c95b,2026-08-06T20:58:59.912239+00:00
Q046,price,T1500,DENSE_BM25_RRF,"['T1500-0072', 'T1500-1542', 'T1500-1626', 'T1500-1646', 'T1500-0197', 'T1500-0129', 'T1500-1625', 'T1500-1590', 'T1500-1571', 'T1500-1623']","[0.62817252, 0.60820824, 0.60760903, 0.60746533, 0.59644759, 0.60056782, 0.60784888, 0.59864342, 0.58172858, 0.61134362]",1,1,1,1,1,b3ae3f9c270615662398a303643e69920d1202163d7112b0eff81b39a55214df,4b37a5ed9cfdc71b591d28bacc024e42e8ebe679ab10903583897e072da5c95b,2026-08-06T20:58:59.928402+00:00
Q047,attribute,T1500,DENSE_BM25_RRF,"['T1500-1951', 'T1500-1025', 'T1500-1954', 'T1500-1952', 'T1500-1949', 'T1500-1955', 'T1500-1024', 'T1500-1023', 'T1500-1029', 'T1500-1948']","[0.7123372, 0.68457294, 0.69251132, 0.69884545, 0.69666898, 0.68777668, 0.64997542, 0.64758384, 0.6442638, 0.65489209]",2,0,1,1,1,031b79b565ab7a7d3f92fe9b9762ac4331438962a66f76ddfad387e21abdb995,4b37a5ed9cfdc71b591d28bacc024e42e8ebe679ab10903583897e072da5c95b,2026-08-06T20:58:59.958752+00:00
Q048,price,T1500,DENSE_BM25_RRF,"['T1500-1980', 'T1500-1979', 'T1500-1978', 'T1500-1976', 'T1500-1982', 'T1500-1975', 'T1500-1101', 'T1500-1964', 'T1500-1924', 'T1500-1967']","[0.69872963, 0.67910671, 0.67487955, 0.63798773, 0.6332956, 0.64884198, 0.60802656, 0.61988759, 0.61258334, 0.62289333]",1,1,1,1,1,33030868eb141530542a49270613474d36ad3747c568df15ef7680c2687d4665,4b37a5ed9cfdc71b591d28bacc024e42e8ebe679ab10903583897e072da5c95b,2026-08-06T20:58:59.971648+00:00
Q049,attribute,T1500,DENSE_BM25_RRF,"['T1500-1971', 'T1500-1783', 'T1500-1972', 'T1500-1780', 'T1500-1788', 'T1500-1124', 'T1500-1128', 'T1500-1781', 'T1500-1121', 'T1500-1127']","[0.61936378, 0.60545242, 0.58451205, 0.5892235, 0.55618435, 0.62807429, 0.61632872, 0.55569053, 0.60913026, 0.60710758]",1,1,1,1,1,661c1a740d8efc1c1ad8949d6844bc356882ff19cb0eb12eca423d800d2a8ebe,4b37a5ed9cfdc71b591d28bacc024e42e8ebe679ab10903583897e072da5c95b,2026-08-06T20:58:59.982788+00:00
Q050,price,T1500,DENSE_BM25_RRF,"['T1500-1976', 'T1500-1978', 'T1500-1975', 'T1500-1964', 'T1500-1234', 'T1500-1899', 'T1500-1967', 'T1500-1952', 'T1500-1896', 'T1500-1949']","[0.60450947, 0.57963014, 0.55729753, 0.54904628, 0.55119622, 0.54513997, 0.53561872, 0.53282702, 0.52592546, 0.53175068]",1,1,1,1,1,d65ddba4bebd758abca9e6387c0a087a8160922e59f052a30a2a93d121d306bb,4b37a5ed9cfdc71b591d28bacc024e42e8ebe679ab10903583897e072da5c95b,2026-08-06T20:58:59.991523+00:00
Q051,attribute,T1500,DENSE_BM25_RRF,"['T1500-1232', 'T1500-1231', 'T1500-1228', 'T1500-1234', 'T1500-1233', 'T1500-1230', 'T1500-1229', 'T1500-1265', 'T1500-1235', 'T1500-1988']","[0.6885469, 0.68389738, 0.66704112, 0.66767079, 0.67479175, 0.66200745, 0.64718401, 0.63744962, 0.59271598, 0.60251844]",3,0,1,1,1,dc9752bdc4dbafe3d716ab933ee28319f1ca874f14c7675d1ba3d3e69021b612,4b37a5ed9cfdc71b591d28bacc024e42e8ebe679ab10903583897e072da5c95b,2026-08-06T20:59:00.006901+00:00
Q052,attribute,T1500,DENSE_BM25_RRF,"['T1500-1920', 'T1500-1181', 'T1500-1964', 'T1500-1184', 'T1500-1967', 'T1500-1947', 'T1500-1909', 'T1500-1995', 'T1500-1168', 'T1500-1965']","[0.65151191, 0.6344614, 0.63614142, 0.63101447, 0.63496709, 0.63297528, 0.61934865, 0.62472332, 0.63358498, 0.62868589]",2,0,1,1,1,3e0c19e366df16d1eed0f9dc657ffcb558575af3d4b2ed4fbb8a3f6883786c4f,4b37a5ed9cfdc71b591d28bacc024e42e8ebe679ab10903583897e072da5c95b,2026-08-06T20:59:00.016552+00:00
Q053,price,T1500,DENSE_BM25_RRF,"['T1500-0927', 'T1500-1730', 'T1500-0832', 'T1500-0834', 'T1500-0824', 'T1500-1861', 'T1500-0304', 'T1500-0212', 'T1500-1214', 'T1500-0299']","[0.55091065, 0.49199411, 0.47814065, 0.47303969, 0.46308178, 0.49877304, 0.37337446, 0.38996255, 0.48502412, 0.41934389]",1,1,1,1,1,c084fa28cd981b1dc4afd0a791b090ac7a9a69115a1f817225d5218475b9a982,4b37a5ed9cfdc71b591d28bacc024e42e8ebe679ab10903583897e072da5c95b,2026-08-06T20:59:00.025167+00:00
Q054,attribute,T1500,DENSE_BM25_RRF,"['T1500-1154', 'T1500-1155', 'T1500-1153', 'T1500-1147', 'T1500-1160', 'T1500-1150', 'T1500-1156', 'T1500-1152', 'T1500-1145', 'T1500-1158']","[0.68642461, 0.68464231, 0.66166234, 0.6551441, 0.64566052, 0.64003134, 0.63424456, 0.6286456, 0.63390577, 0.62131017]",,0,0,0,0,fcce046289cf5ea17529a4eb6f4af971164ac8c36f2162c9e803958aa7da1aa7,4b37a5ed9cfdc71b591d28bacc024e42e8ebe679ab10903583897e072da5c95b,2026-08-06T20:59:00.044992+00:00
Q055,price,T1500,DENSE_BM25_RRF,"['T1500-1061', 'T1500-1059', 'T1500-1060', 'T1500-1870', 'T1500-1231', 'T1500-1986', 'T1500-1976', 'T1500-1920', 'T1500-1180', 'T1500-1947']","[0.63079441, 0.61143893, 0.58563477, 0.5940091, 0.58707219, 0.58315825, 0.63011694, 0.62361234, 0.56286156, 0.62237251]",1,1,1,1,1,9c23361414860d97d655d8647a3e2819f44b0d06174592683773cb3479c89276,4b37a5ed9cfdc71b591d28bacc024e42e8ebe679ab10903583897e072da5c95b,2026-08-06T20:59:00.054158+00:00
Q056,price,T1500,DENSE_BM25_RRF,"['T1500-0300', 'T1500-0299', 'T1500-1749', 'T1500-1747', 'T1500-0298', 'T1500-1614', 'T1500-0306', 'T1500-0302', 'T1500-0305', 'T1500-0304']","[0.68677163, 0.67635375, 0.66641033, 0.60380197, 0.58866739, 0.53328097, 0.55228686, 0.55666578, 0.58510399, 0.52421552]",1,1,1,1,1,b88e7b5c06d7e9432120b429b9ad11b6fa9e323f55323aa1faeaed303226d9ab,4b37a5ed9cfdc71b591d28bacc024e42e8ebe679ab10903583897e072da5c95b,2026-08-06T20:59:00.064718+00:00
Q057,price,T1500,DENSE_BM25_RRF,"['T1500-0929', 'T1500-0928', 'T1500-1730', 'T1500-0813', 'T1500-0808', 'T1500-0812', 'T1500-2012', 'T1500-1832', 'T1500-1859', 'T1500-1933']","[0.52889413, 0.50036699, 0.51642609, 0.50105691, 0.49632317, 0.49562746, 0.49888492, 0.55189294, 0.54201651, 0.53318381]",1,1,1,1,1,5a9204327ca943122223305c25821bee0bd45763870943b35719fd9e6584f949,4b37a5ed9cfdc71b591d28bacc024e42e8ebe679ab10903583897e072da5c95b,2026-08-06T20:59:00.073818+00:00
Q058,attribute,T1500,DENSE_BM25_RRF,"['T1500-1617', 'T1500-0097', 'T1500-1639', 'T1500-1591', 'T1500-0073', 'T1500-1618', 'T1500-1539', 'T1500-1594', 'T1500-1630', 'T1500-1607']","[0.5989151, 0.60378885, 0.59199083, 0.58797157, 0.58448339, 0.59377468, 0.56965494, 0.57442987, 0.57121956, 0.55810988]",5,0,0,1,1,94aaaf6613c41265964d259ad2b5d9190a330f4b3279d97460fa5bda283e694b,4b37a5ed9cfdc71b591d28bacc024e42e8ebe679ab10903583897e072da5c95b,2026-08-06T20:59:00.087722+00:00
Q059,price,T1500,DENSE_BM25_RRF,"['T1500-1346', 'T1500-1117', 'T1500-1350', 'T1500-1119', 'T1500-1628', 'T1500-1118', 'T1500-1418', 'T1500-1120', 'T1500-1381', 'T1500-1772']","[0.52663147, 0.42077237, 0.51505482, 0.41703123, 0.51476622, 0.42965478, 0.51405108, 0.46983784, 0.51397967, 0.39619356]",2,0,1,1,1,fe86a6a9ffd76f2441a0885aae52db72a4c56cf21f427769b1c5f7a4e8fa75f3,4b37a5ed9cfdc71b591d28bacc024e42e8ebe679ab10903583897e072da5c95b,2026-08-06T20:59:00.092879+00:00
Q060,price,T1500,DENSE_BM25_RRF,"['T1500-0225', 'T1500-0226', 'T1500-0224', 'T1500-0223', 'T1500-0227', 'T1500-0228', 'T1500-0919', 'T1500-0885', 'T1500-0232', 'T1500-0892']","[0.59994763, 0.59206587, 0.58970088, 0.56132936, 0.55050647, 0.533176, 0.47871709, 0.50519651, 0.4438026, 0.49994197]",1,1,1,1,1,54c604dcdffd88c41eea5be5fb4e31d957f909ac771a1d5942ac4c07d7563b2e,4b37a5ed9cfdc71b591d28bacc024e42e8ebe679ab10903583897e072da5c95b,2026-08-06T20:59:00.109651+00:00
Q061,attribute,T1500,DENSE_BM25_RRF,"['T1500-1560', 'T1500-1558', 'T1500-1546', 'T1500-1561', 'T1500-1557', 'T1500-1550', 'T1500-1567', 'T1500-1634', 'T1500-1555', 'T1500-1533']","[0.62408555, 0.55923712, 0.54006463, 0.52795696, 0.49937171, 0.5083878, 0.49517807, 0.51731312, 0.50143903, 0.54569745]",,0,0,0,0,f61c960bf55513f58a4ce5bfa4b66875fd72b79029d33e94765cc9706fb7808f,4b37a5ed9cfdc71b591d28bacc024e42e8ebe679ab10903583897e072da5c95b,2026-08-06T20:59:00.124989+00:00
Q062,attribute,T1500,DENSE_BM25_RRF,"['T1500-1120', 'T1500-1119', 'T1500-1108', 'T1500-1107', 'T1500-1118', 'T1500-0651', 'T1500-0769', 'T1500-1117', 'T1500-0646', 'T1500-1116']","[0.56944668, 0.54124451, 0.54669416, 0.53968674, 0.53370154, 0.54974037, 0.54933029, 0.52174103, 0.54597324, 0.47073215]",5,0,0,1,1,5c8adef11b7f9f14fdaf3f2b05f4bf2eade2fd127cc06c168c30d5a264f2e19b,4b37a5ed9cfdc71b591d28bacc024e42e8ebe679ab10903583897e072da5c95b,2026-08-06T20:59:00.159259+00:00
Q063,attribute,T1500,DENSE_BM25_RRF,"['T1500-0128', 'T1500-0121', 'T1500-0190', 'T1500-0074', 'T1500-1629', 'T1500-1634', 'T1500-1582', 'T1500-1560', 'T1500-0191', 'T1500-0196']","[0.62017143, 0.56384134, 0.56797427, 0.56732029, 0.57339907, 0.58172369, 0.54389668, 0.53887624, 0.5541442, 0.54720044]",1,1,1,1,1,2fcb8f74fb288a267371bea041e2ef92fecbf40c3afefeadee4eedb4b37a4b7d,4b37a5ed9cfdc71b591d28bacc024e42e8ebe679ab10903583897e072da5c95b,2026-08-06T20:59:00.190440+00:00
Q064,price,T1500,DENSE_BM25_RRF,"['T1500-0656', 'T1500-0653', 'T1500-0670', 'T1500-0650', 'T1500-0777', 'T1500-0768', 'T1500-0757', 'T1500-0654', 'T1500-0647', 'T1500-0681']","[0.56191593, 0.5475601, 0.5700866, 0.56862009, 0.57090127, 0.56750375, 0.55950403, 0.5207054, 0.54449195, 0.53981155]",1,1,1,1,1,b62bbb3caaebfa64c64403faf2829200275bb07c63c054534fd50e9d8116f3cf,4b37a5ed9cfdc71b591d28bacc024e42e8ebe679ab10903583897e072da5c95b,2026-08-06T20:59:00.201056+00:00
Q065,price,T1500,DENSE_BM25_RRF,"['T1500-1800', 'T1500-1908', 'T1500-1964', 'T1500-1155', 'T1500-1805', 'T1500-1995', 'T1500-1803', 'T1500-1802', 'T1500-1955', 'T1500-1796']","[0.69279397, 0.64938068, 0.61394322, 0.62205619, 0.61528099, 0.60376167, 0.61825526, 0.61873013, 0.60483068, 0.59462184]",1,1,1,1,1,0946c2b0edc6e35b71765e99fa35342b581ce1d4ca3cc6f5a90b51f99d8ed5f0,4b37a5ed9cfdc71b591d28bacc024e42e8ebe679ab10903583897e072da5c95b,2026-08-06T20:59:00.209990+00:00
Q066,price,T1500,DENSE_BM25_RRF,"['T1500-1617', 'T1500-1550', 'T1500-1595', 'T1500-1613', 'T1500-1601', 'T1500-1605', 'T1500-1538', 'T1500-1594', 'T1500-1614', 'T1500-1549']","[0.55090868, 0.50395763, 0.51389802, 0.50532806, 0.50179183, 0.49715143, 0.51867402, 0.50365031, 0.4975304, 0.4879196]",1,1,1,1,1,39cabc2d4618c65602c74069cf838df5aec06eb59c9fee6d33c2d04eba6b55ba,4b37a5ed9cfdc71b591d28bacc024e42e8ebe679ab10903583897e072da5c95b,2026-08-06T20:59:00.227603+00:00
Q067,price,T1500,DENSE_BM25_RRF,"['T1500-0322', 'T1500-0323', 'T1500-0321', 'T1500-0324', 'T1500-0320', 'T1500-0319', 'T1500-0355', 'T1500-0345', 'T1500-0342', 'T1500-0354']","[0.62901801, 0.61924583, 0.62736833, 0.5968039, 0.61903995, 0.62423956, 0.57740635, 0.6086266, 0.57473886, 0.57885116]",4,0,0,1,1,4fbeb0d3561fca0da8c4845058189be42e655f261b015252a30d2e669b679146,4b37a5ed9cfdc71b591d28bacc024e42e8ebe679ab10903583897e072da5c95b,2026-08-06T20:59:00.237936+00:00
Q068,price,T1500,DENSE_BM25_RRF,"['T1500-1617', 'T1500-1634', 'T1500-1539', 'T1500-1635', 'T1500-1550', 'T1500-1614', 'T1500-1630', 'T1500-1557', 'T1500-0095', 'T1500-0097']","[0.53201365, 0.52885252, 0.52768618, 0.50549507, 0.51093912, 0.49911034, 0.49449116, 0.49582368, 0.48440781, 0.4818356]",1,1,1,1,1,16b6a385479043c13164937fb1b2ecc6a79d8d9a6d4de83b9a3100d45cf1579b,4b37a5ed9cfdc71b591d28bacc024e42e8ebe679ab10903583897e072da5c95b,2026-08-06T20:59:00.246847+00:00
Q069,attribute,T1500,DENSE_BM25_RRF,"['T1500-0923', 'T1500-1722', 'T1500-0431', 'T1500-1308', 'T1500-1859', 'T1500-0921', 'T1500-0164', 'T1500-0922', 'T1500-1974', 'T1500-0920']","[0.53216219, 0.51254058, 0.52397585, 0.51232684, 0.53209168, 0.4943648, 0.53172886, 0.4828597, 0.53028071, 0.50333273]",,0,0,0,0,7c1b1722837dd6c135fa736bb1976d0162527707dca96900bef101bb1d9ffc87,4b37a5ed9cfdc71b591d28bacc024e42e8ebe679ab10903583897e072da5c95b,2026-08-06T20:59:00.265339+00:00
Q070,price,T1500,DENSE_BM25_RRF,"['T1500-0150', 'T1500-0149', 'T1500-0151', 'T1500-0313', 'T1500-2011', 'T1500-0314', 'T1500-1809', 'T1500-1318', 'T1500-1832', 'T1500-1848']","[0.62852675, 0.55434901, 0.52284169, 0.4901666, 0.47418162, 0.45598841, 0.51915181, 0.33539125, 0.51740915, 0.50270551]",1,1,1,1,1,448f241fd305ade36c04f3c45fa21450017097d9dd853ec5a1a778f3cbaf0c22,4b37a5ed9cfdc71b591d28bacc024e42e8ebe679ab10903583897e072da5c95b,2026-08-06T20:59:00.278076+00:00
Q071,attribute,T1500,DENSE_BM25_RRF,"['T1500-1538', 'T1500-1539', 'T1500-0068', 'T1500-1625', 'T1500-0097', 'T1500-0190', 'T1500-1613', 'T1500-1546', 'T1500-1611', 'T1500-1622']","[0.6085642, 0.60509354, 0.5845046, 0.61264354, 0.60300887, 0.59234464, 0.5890125, 0.62690496, 0.59836715, 0.58896965]",,0,0,0,0,bfffbe93a1080674ab56c5ed9ee85acb26fda9c08dec35c35a8a507c6195cf92,4b37a5ed9cfdc71b591d28bacc024e42e8ebe679ab10903583897e072da5c95b,2026-08-06T20:59:00.305329+00:00
Q072,attribute,T1500,DENSE_BM25_RRF,"['T1500-2208', 'T1500-1317', 'T1500-0406', 'T1500-1319', 'T1500-0404', 'T1500-1318', 'T1500-1929', 'T1500-0111', 'T1500-0401', 'T1500-1321']","[0.47735193, 0.37402672, 0.47266063, 0.3190828, 0.47092259, 0.35008928, 0.47080427, 0.38287625, 0.4679181, 0.33215737]",2,0,1,1,1,93bbb53ae5b88ede9b16f0bcc2984adcab6fdfb76083b5eaa374616f4bd938fd,4b37a5ed9cfdc71b591d28bacc024e42e8ebe679ab10903583897e072da5c95b,2026-08-06T20:59:00.315614+00:00
Q073,attribute,T1500,DENSE_BM25_RRF,"['T1500-0987', 'T1500-1222', 'T1500-1065', 'T1500-1238', 'T1500-0986', 'T1500-1195', 'T1500-2017', 'T1500-1221', 'T1500-1223', 'T1500-0205']","[0.5917629, 0.58769327, 0.58745527, 0.60831958, 0.57498604, 0.58445823, 0.5644629, 0.56186914, 0.56801844, 0.58750623]",1,1,1,1,1,a21798215057da92677e93d19b984f45adb740e2e0c46c68a159bccbaebc2026,4b37a5ed9cfdc71b591d28bacc024e42e8ebe679ab10903583897e072da5c95b,2026-08-06T20:59:00.327064+00:00
Q074,attribute,T1500,DENSE_BM25_RRF,"['T1500-1347', 'T1500-1351', 'T1500-1355', 'T1500-1366', 'T1500-1367', 'T1500-1349', 'T1500-1353', 'T1500-1383', 'T1500-1352', 'T1500-1357']","[0.62044722, 0.61197585, 0.59849834, 0.63757885, 0.61711049, 0.58150315, 0.56716496, 0.57408202, 0.55947304, 0.56045175]",3,0,1,1,1,b87d12fd26d3ba196ab6c5cebef1a236e3aa0034e2467907aa2e5fee1ff4e357,4b37a5ed9cfdc71b591d28bacc024e42e8ebe679ab10903583897e072da5c95b,2026-08-06T20:59:00.335860+00:00
Q075,price,T1500,DENSE_BM25_RRF,"['T1500-1648', 'T1500-1647', 'T1500-1646', 'T1500-1613', 'T1500-0097', 'T1500-1642', 'T1500-1571', 'T1500-1602', 'T1500-1605', 'T1500-1643']","[0.57615483, 0.5566206, 0.55026555, 0.53409433, 0.55629814, 0.52008986, 0.51767337, 0.51410413, 0.52725822, 0.54070854]",1,1,1,1,1,9d1d2d484d9036bef4cac724d6492e6d47a1610035542de6885381a988a7f0ba,4b37a5ed9cfdc71b591d28bacc024e42e8ebe679ab10903583897e072da5c95b,2026-08-06T20:59:00.344983+00:00
Q076,attribute,T1500,DENSE_BM25_RRF,"['T1500-1583', 'T1500-1626', 'T1500-1618', 'T1500-0305', 'T1500-0082', 'T1500-1693', 'T1500-1607', 'T1500-0909', 'T1500-0088', 'T1500-1755']","[0.56656158, 0.51967835, 0.50711805, 0.50513709, 0.50892115, 0.53128141, 0.47026315, 0.52619874, 0.46941477, 0.5261721]",5,0,0,1,1,542dd2c610ac347a3f296c3a0fa38c358f57443ccdc9edae1a2d10fd889dd6c2,4b37a5ed9cfdc71b591d28bacc024e42e8ebe679ab10903583897e072da5c95b,2026-08-06T20:59:00.353147+00:00
Q077,price,T1500,DENSE_BM25_RRF,"['T1500-1553', 'T1500-1547', 'T1500-1557', 'T1500-1551', 'T1500-1549', 'T1500-1594', 'T1500-1591', 'T1500-1560', 'T1500-1537', 'T1500-1550']","[0.62973082, 0.62535596, 0.5887962, 0.55912519, 0.57054287, 0.54287219, 0.54597902, 0.53961504, 0.5316838, 0.57641995]",1,1,1,1,1,ea6cec30bd2063961606711ed52523a21fb3d485dcfcbb18b5d45fd7a954eac8,4b37a5ed9cfdc71b591d28bacc024e42e8ebe679ab10903583897e072da5c95b,2026-08-06T20:59:00.361921+00:00
Q078,price,T1500,DENSE_BM25_RRF,"['T1500-1964', 'T1500-1965', 'T1500-1967', 'T1500-1958', 'T1500-1870', 'T1500-1957', 'T1500-1873', 'T1500-1948', 'T1500-1995', 'T1500-0983']","[0.72638333, 0.72151357, 0.6996268, 0.6546244, 0.65481567, 0.64549863, 0.64714271, 0.65523887, 0.67424041, 0.63327175]",1,1,1,1,1,fc873e1dcc9000570de62d94a2214779d1e9bafbde0aa7e0756b5ac228f60e08,4b37a5ed9cfdc71b591d28bacc024e42e8ebe679ab10903583897e072da5c95b,2026-08-06T20:59:00.372425+00:00
Q079,attribute,T1500,DENSE_BM25_RRF,"['T1500-1564', 'T1500-1635', 'T1500-1641', 'T1500-1599', 'T1500-1562', 'T1500-0125', 'T1500-1619', 'T1500-0097', 'T1500-0084', 'T1500-1613']","[0.55391204, 0.50025678, 0.52396059, 0.51137727, 0.48512417, 0.49576738, 0.49369162, 0.47666386, 0.47862744, 0.47748381]",4,0,0,1,1,ed953d21a16c62da20720634367cf8606681e6b2279069688dd9dcf59c07940d,4b37a5ed9cfdc71b591d28bacc024e42e8ebe679ab10903583897e072da5c95b,2026-08-06T20:59:00.386253+00:00
Q080,attribute,T1500,DENSE_BM25_RRF,"['T1500-1951', 'T1500-1026', 'T1500-1954', 'T1500-1028', 'T1500-1021', 'T1500-1952', 'T1500-1025', 'T1500-1027', 'T1500-1032', 'T1500-1948']","[0.69927442, 0.66873395, 0.67510718, 0.64933574, 0.65641642, 0.68260425, 0.68081868, 0.64879173, 0.64649463, 0.65890813]",2,0,1,1,1,26f5eca35905436c06e41e3a185b5442ea1980d82bb31c81884675035a79626b,4b37a5ed9cfdc71b591d28bacc024e42e8ebe679ab10903583897e072da5c95b,2026-08-06T20:59:00.399185+00:00
Q081,price,T1500,DENSE_BM25_RRF,"['T1500-1155', 'T1500-1153', 'T1500-1154', 'T1500-1152', 'T1500-1147', 'T1500-1150', 'T1500-1156', 'T1500-1145', 'T1500-1158', 'T1500-1160']","[0.66241866, 0.65121883, 0.65416723, 0.63705188, 0.63468182, 0.62503541, 0.61961162, 0.60747701, 0.60668647, 0.59724677]",2,0,1,1,1,93e08fb64a3064cb417f5542f325d90c621d6804e71cbcf703d73e0ea58ea43a,4b37a5ed9cfdc71b591d28bacc024e42e8ebe679ab10903583897e072da5c95b,2026-08-06T20:59:00.407228+00:00
Q082,attribute,T1500,DENSE_BM25_RRF,"['T1500-1570', 'T1500-1529', 'T1500-1561', 'T1500-0067', 'T1500-1637', 'T1500-0096', 'T1500-0122', 'T1500-1366', 'T1500-1568', 'T1500-1371']","[0.60964072, 0.52636325, 0.52478671, 0.52898037, 0.50396824, 0.50415587, 0.49730766, 0.55359012, 0.49239698, 0.54361725]",1,1,1,1,1,8ca3b65200fdf1a357365a65a56a9186cc4c373dc757eb64d69dbf2e5200eee1,4b37a5ed9cfdc71b591d28bacc024e42e8ebe679ab10903583897e072da5c95b,2026-08-06T20:59:00.418310+00:00
Q083,attribute,T1500,DENSE_BM25_RRF,"['T1500-0566', 'T1500-0467', 'T1500-0567', 'T1500-0867', 'T1500-0466', 'T1500-0866', 'T1500-0460', 'T1500-0468', 'T1500-0475', 'T1500-0560']","[0.61973625, 0.6170423, 0.61475229, 0.62028372, 0.61113393, 0.61913568, 0.6193471, 0.61535978, 0.6184445, 0.60462731]",7,0,0,0,1,4b9d9334944a6e85fcb640a35cb2ad35161a1dc531510f9b31b1a65c0eca0c14,4b37a5ed9cfdc71b591d28bacc024e42e8ebe679ab10903583897e072da5c95b,2026-08-06T20:59:00.427163+00:00
Q084,attribute,T1500,DENSE_BM25_RRF,"['T1500-1643', 'T1500-1538', 'T1500-1646', 'T1500-1647', 'T1500-0076', 'T1500-1622', 'T1500-0097', 'T1500-1539', 'T1500-0113', 'T1500-1613']","[0.63255715, 0.63582718, 0.62968844, 0.64093971, 0.6421575, 0.63193297, 0.65400463, 0.60545135, 0.62137651, 0.59879899]",1,1,1,1,1,0452b3930eb8f92f27287b6634e5044b6eedfc85ffb7527a9b2ab26255ebebb6,4b37a5ed9cfdc71b591d28bacc024e42e8ebe679ab10903583897e072da5c95b,2026-08-06T20:59:00.440334+00:00
Q085,attribute,T1500,DENSE_BM25_RRF,"['T1500-0121', 'T1500-1541', 'T1500-0190', 'T1500-0191', 'T1500-0188', 'T1500-0189', 'T1500-1618', 'T1500-1611', 'T1500-1530', 'T1500-1571']","[0.55044222, 0.53926408, 0.5282737, 0.53753912, 0.5132702, 0.51489305, 0.54625964, 0.49975762, 0.53369367, 0.51062644]",,0,0,0,0,72fd26f2620adc949eec1422a9cfc04a1bf87a992cbbf5f3829b18ae6ac25fd1,4b37a5ed9cfdc71b591d28bacc024e42e8ebe679ab10903583897e072da5c95b,2026-08-06T20:59:00.454393+00:00
Q086,attribute,T1500,DENSE_BM25_RRF,"['T1500-1086', 'T1500-1088', 'T1500-1225', 'T1500-1087', 'T1500-1089', 'T1500-1227', 'T1500-1226', 'T1500-1082', 'T1500-1091', 'T1500-1224']","[0.55630529, 0.55455977, 0.56307584, 0.55536103, 0.54525733, 0.55152231, 0.55334926, 0.53334099, 0.56998146, 0.54643154]",,0,0,0,0,1e1ccaa368c1de37643e9441fecdf4c57f48fef4d9c24ac5a88fa6a5a698c84f,4b37a5ed9cfdc71b591d28bacc024e42e8ebe679ab10903583897e072da5c95b,2026-08-06T20:59:00.467230+00:00
Q087,price,T1500,DENSE_BM25_RRF,"['T1500-1088', 'T1500-1087', 'T1500-1084', 'T1500-1083', 'T1500-1093', 'T1500-1771', 'T1500-1090', 'T1500-1085', 'T1500-1082', 'T1500-1086']","[0.54709959, 0.55257994, 0.53442669, 0.50911427, 0.52467614, 0.51164615, 0.51852763, 0.52069294, 0.5087868, 0.50293911]",1,1,1,1,1,d239a027d017e98a3689ffdc5b526c1c2c4cd57e25617291536bd757dd2e8036,4b37a5ed9cfdc71b591d28bacc024e42e8ebe679ab10903583897e072da5c95b,2026-08-06T20:59:00.479588+00:00
Q088,attribute,T1500,DENSE_BM25_RRF,"['T1500-1736', 'T1500-1448', 'T1500-1367', 'T1500-1449', 'T1500-1347', 'T1500-1661', 'T1500-1722', 'T1500-1366', 'T1500-1652', 'T1500-0933']","[0.53817916, 0.53235108, 0.54903024, 0.5443368, 0.52402329, 0.50662494, 0.51588279, 0.54559815, 0.49039665, 0.46556509]",5,0,0,1,1,01977f9cbfe28fa1b4feacdebe225291ea0b0cc95017ebaa53f862be749aba96,4b37a5ed9cfdc71b591d28bacc024e42e8ebe679ab10903583897e072da5c95b,2026-08-06T20:59:00.501458+00:00
Q089,attribute,T1500,DENSE_BM25_RRF,"['T1500-1942', 'T1500-1941', 'T1500-1157', 'T1500-1156', 'T1500-1797', 'T1500-1042', 'T1500-1914', 'T1500-1915', 'T1500-1147', 'T1500-1158']","[0.68865502, 0.68690544, 0.62510633, 0.61493498, 0.63089293, 0.60832489, 0.6154741, 0.63519216, 0.60219949, 0.60252476]",,0,0,0,0,41a4be0fd333336e60fdc0752120f5e1e677857fd06999e33447652e45b42b19,4b37a5ed9cfdc71b591d28bacc024e42e8ebe679ab10903583897e072da5c95b,2026-08-06T20:59:00.522335+00:00
Q090,attribute,T1500,DENSE_BM25_RRF,"['T1500-1531', 'T1500-1530', 'T1500-1614', 'T1500-0067', 'T1500-1622', 'T1500-1641', 'T1500-0025', 'T1500-0065', 'T1500-1638', 'T1500-0073']","[0.64230698, 0.53539729, 0.52060974, 0.54312038, 0.50015002, 0.49983484, 0.49822521, 0.51057667, 0.50591338, 0.50692046]",1,1,1,1,1,c71be014ca61c475c8778980ea20f8f4631966967e1025d97e402ca8750ebc0b,4b37a5ed9cfdc71b591d28bacc024e42e8ebe679ab10903583897e072da5c95b,2026-08-06T20:59:00.534685+00:00
Q091,attribute,T1500,DENSE_BM25_RRF,"['T1500-0448', 'T1500-0444', 'T1500-0445', 'T1500-0539', 'T1500-0540', 'T1500-0533', 'T1500-0441', 'T1500-0449', 'T1500-0537', 'T1500-0534']","[0.66408503, 0.65936583, 0.65285969, 0.65511024, 0.65153229, 0.65852022, 0.656618, 0.65137959, 0.65730554, 0.66468847]",,0,0,0,0,81cd09d3ba23fac5560b9f45d0abe84bf9bbae4c3c84f95c4725e2cd2965c591,4b37a5ed9cfdc71b591d28bacc024e42e8ebe679ab10903583897e072da5c95b,2026-08-06T20:59:00.549864+00:00
Q092,price,T1500,DENSE_BM25_RRF,"['T1500-1833', 'T1500-1832', 'T1500-1261', 'T1500-1835', 'T1500-2023', 'T1500-1074', 'T1500-1077', 'T1500-1075', 'T1500-1850', 'T1500-1144']","[0.60167623, 0.56596196, 0.55666816, 0.5813877, 0.51623875, 0.51627743, 0.50881678, 0.50147331, 0.46283686, 0.4717139]",1,1,1,1,1,40f44dea97edd6da4b1cdad8eb61c02224d4e5d5b6bfdeb4fd8208425455b1a6,4b37a5ed9cfdc71b591d28bacc024e42e8ebe679ab10903583897e072da5c95b,2026-08-06T20:59:00.560294+00:00
Q093,price,T1500,DENSE_BM25_RRF,"['T1500-1125', 'T1500-1127', 'T1500-1128', 'T1500-1773', 'T1500-1971', 'T1500-1776', 'T1500-1791', 'T1500-0279', 'T1500-1772', 'T1500-0280']","[0.5900079, 0.58469546, 0.5826726, 0.61674869, 0.61437166, 0.61057758, 0.60190272, 0.36587471, 0.5994122, 0.3585636]",1,1,1,1,1,e6ea363016cdbf5d3dcda05ee04db4e86a0015345cf7e71ecb8636fd92c1f626,4b37a5ed9cfdc71b591d28bacc024e42e8ebe679ab10903583897e072da5c95b,2026-08-06T20:59:00.563936+00:00
Q094,attribute,T1500,DENSE_BM25_RRF,"['T1500-1631', 'T1500-1633', 'T1500-1615', 'T1500-1626', 'T1500-1642', 'T1500-1542', 'T1500-1646', 'T1500-1634', 'T1500-1591', 'T1500-0081']","[0.65287709, 0.64033264, 0.59605098, 0.59662676, 0.58861512, 0.56549168, 0.55924428, 0.56176549, 0.5628016, 0.57965028]",,0,0,0,0,b145825622bd1f7f13de9f56ac001f4bb3aa46a4b42840b7680056ed484bca8e,4b37a5ed9cfdc71b591d28bacc024e42e8ebe679ab10903583897e072da5c95b,2026-08-06T20:59:00.588393+00:00
Q095,attribute,T1500,DENSE_BM25_RRF,"['T1500-1065', 'T1500-1221', 'T1500-0986', 'T1500-2017', 'T1500-0987', 'T1500-1222', 'T1500-1238', 'T1500-1195', 'T1500-1066', 'T1500-1243']","[0.65967739, 0.63090003, 0.62265706, 0.62214208, 0.61864823, 0.62018359, 0.64110363, 0.62703985, 0.60340971, 0.59900731]",1,1,1,1,1,9eb280340efed1b584663218b7efcf8fd5cc82a53bb4af42fc8fa5f011a4de02,4b37a5ed9cfdc71b591d28bacc024e42e8ebe679ab10903583897e072da5c95b,2026-08-06T20:59:00.607566+00:00
Q096,attribute,T1500,DENSE_BM25_RRF,"['T1500-1740', 'T1500-1448', 'T1500-1186', 'T1500-1248', 'T1500-1591', 'T1500-1422', 'T1500-1182', 'T1500-2096', 'T1500-1741', 'T1500-1189']","[0.52951342, 0.52929723, 0.53096551, 0.51801926, 0.5238148, 0.51272422, 0.51260948, 0.5442301, 0.46683508, 0.53230894]",9,0,0,0,1,c194ae1720d9977b7d02353887f607b5723032f71a7e6f028c257be3a3712ffe,4b37a5ed9cfdc71b591d28bacc024e42e8ebe679ab10903583897e072da5c95b,2026-08-06T20:59:00.622895+00:00
Q097,attribute,T1500,DENSE_BM25_RRF,"['T1500-1582', 'T1500-1613', 'T1500-1622', 'T1500-1546', 'T1500-0067', 'T1500-1614', 'T1500-1534', 'T1500-0076', 'T1500-1626', 'T1500-1599']","[0.57706022, 0.53856802, 0.51472789, 0.51858276, 0.51358294, 0.52007759, 0.53447008, 0.5227524, 0.51435679, 0.52369368]",6,0,0,0,1,57643ed3091e09daa86267441d43825b0764e7294dd55f1cf189f9beb4aca7b4,4b37a5ed9cfdc71b591d28bacc024e42e8ebe679ab10903583897e072da5c95b,2026-08-06T20:59:00.636533+00:00
Q098,price,T1500,DENSE_BM25_RRF,"['T1500-0533', 'T1500-0438', 'T1500-0435', 'T1500-0544', 'T1500-0437', 'T1500-0537', 'T1500-0441', 'T1500-0448', 'T1500-0433', 'T1500-0449']","[0.65820432, 0.64128721, 0.62245965, 0.6162802, 0.61810493, 0.62601846, 0.62350047, 0.61280066, 0.61487448, 0.61221266]",1,1,1,1,1,83802b2e2b5f5c8c762ab7da7fa50553e6f83c7e51e620854e7c974cdd3025d6,4b37a5ed9cfdc71b591d28bacc024e42e8ebe679ab10903583897e072da5c95b,2026-08-06T20:59:00.643961+00:00
Q099,price,T1500,DENSE_BM25_RRF,"['T1500-1090', 'T1500-1091', 'T1500-1094', 'T1500-1017', 'T1500-1092', 'T1500-1227', 'T1500-1093', 'T1500-1013', 'T1500-1787', 'T1500-1226']","[0.65883458, 0.65060967, 0.6551913, 0.65632999, 0.64937139, 0.65283746, 0.63028944, 0.6408267, 0.59417063, 0.60154891]",2,0,1,1,1,feef7e50071355503e33bead40b3a873a63303d80e610532b70b715224b07919,4b37a5ed9cfdc71b591d28bacc024e42e8ebe679ab10903583897e072da5c95b,2026-08-06T20:59:00.649433+00:00
Q100,price,T1500,DENSE_BM25_RRF,"['T1500-1242', 'T1500-1241', 'T1500-1196', 'T1500-1755', 'T1500-0912', 'T1500-1718', 'T1500-0915', 'T1500-1665', 'T1500-0899', 'T1500-1717']","[0.60878754, 0.59526831, 0.53513348, 0.59668785, 0.46809685, 0.58343977, 0.47364569, 0.57235706, 0.47025701, 0.57036424]",1,1,1,1,1,1bc2f80c0114736bf878d65f14abb8d9b606b9be13715263bbc1f9f5b9e538fe,4b37a5ed9cfdc71b591d28bacc024e42e8ebe679ab10903583897e072da5c95b,2026-08-06T20:59:00.654332+00:00
Q101,price,T1500,DENSE_BM25_RRF,"['T1500-1229', 'T1500-1228', 'T1500-1232', 'T1500-1230', 'T1500-1233', 'T1500-1234', 'T1500-1231', 'T1500-1235', 'T1500-1263', 'T1500-1265']","[0.67880929, 0.66705382, 0.66185737, 0.6653561, 0.65954661, 0.64882219, 0.65732986, 0.64772701, 0.64008659, 0.62821043]",1,1,1,1,1,3dfa73ce270bce1c609cd3a1b659d7658ec7bbfc5790a4cb1e0c1e67af5e465b,4b37a5ed9cfdc71b591d28bacc024e42e8ebe679ab10903583897e072da5c95b,2026-08-06T20:59:00.660549+00:00
Q102,attribute,T1500,DENSE_BM25_RRF,"['T1500-1639', 'T1500-2096', 'T1500-0098', 'T1500-1541', 'T1500-0038', 'T1500-1638', 'T1500-2088', 'T1500-0100', 'T1500-1614', 'T1500-0073']","[0.60603082, 0.60625714, 0.56765282, 0.57618892, 0.58162928, 0.56128144, 0.57595754, 0.56699443, 0.55948943, 0.58396208]",1,1,1,1,1,2fc2187a8808915ece4b89d74d6f186293be5c2db9356c9c69d281dee2016e34,4b37a5ed9cfdc71b591d28bacc024e42e8ebe679ab10903583897e072da5c95b,2026-08-06T20:59:00.672771+00:00
Q103,price,T1500,DENSE_BM25_RRF,"['T1500-1939', 'T1500-1938', 'T1500-1811', 'T1500-1810', 'T1500-1814', 'T1500-1813', 'T1500-1841', 'T1500-1815', 'T1500-1842', 'T1500-1941']","[0.69316995, 0.67268288, 0.65962625, 0.63366371, 0.63967681, 0.63051248, 0.63077557, 0.6505053, 0.60630131, 0.62788647]",2,0,1,1,1,775535b727f374237ca640ce830a5739473aa99381245763c78a3fb326546d0f,4b37a5ed9cfdc71b591d28bacc024e42e8ebe679ab10903583897e072da5c95b,2026-08-06T20:59:00.680831+00:00
Q104,attribute,T1500,DENSE_BM25_RRF,"['T1500-1634', 'T1500-1635', 'T1500-1573', 'T1500-1579', 'T1500-1639', 'T1500-1577', 'T1500-1630', 'T1500-1582', 'T1500-1580', 'T1500-1607']","[0.53296697, 0.5293715, 0.51170671, 0.50255811, 0.50126976, 0.50602531, 0.5013575, 0.50221318, 0.49342448, 0.497832]",1,1,1,1,1,073b5ccbbb5d12df864a1203cc6edbf8f8229328e151851fa3e26b64b4fbe5c4,4b37a5ed9cfdc71b591d28bacc024e42e8ebe679ab10903583897e072da5c95b,2026-08-06T20:59:00.692372+00:00
Q105,attribute,T1500,DENSE_BM25_RRF,"['T1500-1366', 'T1500-1367', 'T1500-1347', 'T1500-1383', 'T1500-1348', 'T1500-1351', 'T1500-0020', 'T1500-1373', 'T1500-1353', 'T1500-1369']","[0.65372753, 0.64344037, 0.62304121, 0.61801451, 0.62959403, 0.60135245, 0.63403064, 0.60076547, 0.59657776, 0.58410329]",1,1,1,1,1,30fccae8d08079515190429ec1ce426195208b39625cae98ae70b7075f7c9ae6,4b37a5ed9cfdc71b591d28bacc024e42e8ebe679ab10903583897e072da5c95b,2026-08-06T20:59:00.702068+00:00
Q106,attribute,T1500,DENSE_BM25_RRF,"['T1500-1923', 'T1500-1921', 'T1500-1796', 'T1500-1924', 'T1500-1914', 'T1500-1920', 'T1500-1955', 'T1500-0989', 'T1500-1802', 'T1500-1964']","[0.70997143, 0.69027227, 0.66857439, 0.63320303, 0.65103877, 0.63425469, 0.63872421, 0.63079476, 0.62664467, 0.62720418]",,0,0,0,0,9b2cb844fe1d46d1c6b2585188ad5cd9e861f3d8a3597c47a16848f14aa9d1c0,4b37a5ed9cfdc71b591d28bacc024e42e8ebe679ab10903583897e072da5c95b,2026-08-06T20:59:00.718453+00:00
Q107,price,T1500,DENSE_BM25_RRF,"['T1500-0470', 'T1500-0864', 'T1500-0869', 'T1500-0570', 'T1500-0863', 'T1500-0471', 'T1500-0867', 'T1500-0866', 'T1500-0466', 'T1500-0458']","[0.63221335, 0.63735247, 0.64941454, 0.62229782, 0.64135611, 0.62854367, 0.63655549, 0.62419987, 0.59252787, 0.57710147]",1,1,1,1,1,ecfe8a4b08ccdbf10d87b0674ca3a6ee004d6cfcefbd40a7f2fde68e2cf6f484,4b37a5ed9cfdc71b591d28bacc024e42e8ebe679ab10903583897e072da5c95b,2026-08-06T20:59:00.722897+00:00
Q108,attribute,T1500,DENSE_BM25_RRF,"['T1500-1980', 'T1500-1979', 'T1500-1978', 'T1500-1982', 'T1500-1976', 'T1500-1975', 'T1500-1101', 'T1500-1964', 'T1500-1201', 'T1500-1100']","[0.70923078, 0.68191338, 0.66521144, 0.63423336, 0.64523679, 0.65219921, 0.62291348, 0.62514353, 0.62344778, 0.6089375]",,0,0,0,0,96f67eb8e648187bf4d081f291f6615fc8eff182e554114e400a82bc1863e6df,4b37a5ed9cfdc71b591d28bacc024e42e8ebe679ab10903583897e072da5c95b,2026-08-06T20:59:00.733424+00:00
Q109,price,T1500,DENSE_BM25_RRF,"['T1500-1156', 'T1500-1155', 'T1500-1150', 'T1500-1152', 'T1500-1153', 'T1500-1149', 'T1500-1154', 'T1500-1147', 'T1500-1145', 'T1500-1158']","[0.73663527, 0.71475089, 0.67089212, 0.66203356, 0.64391065, 0.6347369, 0.64332956, 0.63751805, 0.62013346, 0.62217122]",2,0,1,1,1,a87513a21da239ee80707417e2d5e28bb0e2d0c25bcc707dabfd2551b9833ce6,4b37a5ed9cfdc71b591d28bacc024e42e8ebe679ab10903583897e072da5c95b,2026-08-06T20:59:00.743907+00:00
Q110,price,T1500,DENSE_BM25_RRF,"['T1500-1750', 'T1500-0303', 'T1500-1752', 'T1500-0302', 'T1500-0304', 'T1500-1749', 'T1500-1587', 'T1500-1705', 'T1500-1699', 'T1500-1688']","[0.7162379, 0.70550042, 0.68972093, 0.65347636, 0.63474232, 0.58907783, 0.55647886, 0.54311311, 0.54608482, 0.53787541]",1,1,1,1,1,4f47ce968956ec1b9dcfa6fb89d16e695a7903720db30a29461dc3242eafa943,4b37a5ed9cfdc71b591d28bacc024e42e8ebe679ab10903583897e072da5c95b,2026-08-06T20:59:00.753868+00:00
Q111,attribute,T1500,DENSE_BM25_RRF,"['T1500-1796', 'T1500-1802', 'T1500-1805', 'T1500-1921', 'T1500-1912', 'T1500-1803', 'T1500-1923', 'T1500-1964', 'T1500-1800', 'T1500-1955']","[0.72208303, 0.6447888, 0.64187646, 0.63747972, 0.63514632, 0.65398753, 0.64509416, 0.61910439, 0.62811488, 0.61823535]",1,1,1,1,1,00e1a44afcc90d43d2582e730e2ece89e06e7b8caaa68d9122bcde5dd443c4fe,4b37a5ed9cfdc71b591d28bacc024e42e8ebe679ab10903583897e072da5c95b,2026-08-06T20:59:00.764611+00:00
Q112,price,T1500,DENSE_BM25_RRF,"['T1500-0464', 'T1500-0864', 'T1500-0863', 'T1500-0867', 'T1500-0868', 'T1500-0463', 'T1500-0564', 'T1500-0472', 'T1500-0563', 'T1500-0468']","[0.63195246, 0.61563319, 0.61073864, 0.61062866, 0.60044241, 0.59579867, 0.59698606, 0.60751456, 0.58880228, 0.60336]",1,1,1,1,1,d4a200f7c79abfadaabdfc1911cd4429b157c6abde39b1305f85d1ec0811767d,4b37a5ed9cfdc71b591d28bacc024e42e8ebe679ab10903583897e072da5c95b,2026-08-06T20:59:00.769482+00:00
Q113,price,T1500,DENSE_BM25_RRF,"['T1500-1797', 'T1500-1799', 'T1500-1915', 'T1500-1909', 'T1500-1917', 'T1500-1914', 'T1500-1802', 'T1500-1908', 'T1500-1942', 'T1500-1803']","[0.67631423, 0.68411899, 0.67539757, 0.64991558, 0.66008931, 0.65707076, 0.63931847, 0.6282149, 0.63420105, 0.64387143]",1,1,1,1,1,6bb4a27e2d029f166f1958687a4afd70c10587e5b99a71471173da86451e17ab,4b37a5ed9cfdc71b591d28bacc024e42e8ebe679ab10903583897e072da5c95b,2026-08-06T20:59:00.777254+00:00
Q114,price,T1500,DENSE_BM25_RRF,"['T1500-0217', 'T1500-0216', 'T1500-0215', 'T1500-1309', 'T1500-0299', 'T1500-0300', 'T1500-0305', 'T1500-1077', 'T1500-1534', 'T1500-0087']","[0.49073568, 0.46318373, 0.44767669, 0.43736213, 0.42402405, 0.42037752, 0.4336412, 0.44776419, 0.4452872, 0.36244583]",3,0,1,1,1,9691c026bc4bea91f64a899878df11e7db1e4bce6b4a7f60afe37ecca89f6f64,4b37a5ed9cfdc71b591d28bacc024e42e8ebe679ab10903583897e072da5c95b,2026-08-06T20:59:00.783377+00:00
Q115,price,T1500,DENSE_BM25_RRF,"['T1500-1985', 'T1500-1983', 'T1500-1982', 'T1500-1988', 'T1500-1947', 'T1500-1986', 'T1500-1964', 'T1500-1976', 'T1500-0952', 'T1500-1805']","[0.61421865, 0.58895195, 0.57231885, 0.55880177, 0.5153898, 0.5033071, 0.4935236, 0.53049797, 0.46638799, 0.52891165]",1,1,1,1,1,2e1b099df3e03cb9b343938d4b186ae61af215efa56e01e984ce04ab8aba526b,4b37a5ed9cfdc71b591d28bacc024e42e8ebe679ab10903583897e072da5c95b,2026-08-06T20:59:00.788116+00:00
Q116,price,T1500,DENSE_BM25_RRF,"['T1500-1730', 'T1500-0927', 'T1500-1729', 'T1500-1723', 'T1500-1655', 'T1500-1661', 'T1500-1241', 'T1500-1725', 'T1500-1366', 'T1500-1351']","[0.49530041, 0.47185773, 0.46936423, 0.46529561, 0.45145375, 0.45344692, 0.44109899, 0.44544768, 0.48000187, 0.47967684]",2,0,1,1,1,973d56c38a9c431edd989310f37b3e7e33c4aa20e78d648d92632c62bc319e55,4b37a5ed9cfdc71b591d28bacc024e42e8ebe679ab10903583897e072da5c95b,2026-08-06T20:59:00.792100+00:00
Q117,price,T1500,DENSE_BM25_RRF,"['T1500-1088', 'T1500-1087', 'T1500-1086', 'T1500-1085', 'T1500-1227', 'T1500-1791', 'T1500-1789', 'T1500-1089', 'T1500-1771', 'T1500-1084']","[0.49801961, 0.49082938, 0.49287432, 0.49410415, 0.48621804, 0.49013335, 0.48788965, 0.47554445, 0.47920114, 0.47100151]",8,0,0,0,1,5609e748e6565211c6854d9da53b6a2f0d89f74cfe73a4b44430f44dcce6d882,4b37a5ed9cfdc71b591d28bacc024e42e8ebe679ab10903583897e072da5c95b,2026-08-06T20:59:00.796777+00:00
Q118,attribute,T1500,DENSE_BM25_RRF,"['T1500-1128', 'T1500-1127', 'T1500-1125', 'T1500-1126', 'T1500-1124', 'T1500-1129', 'T1500-1131', 'T1500-1130', 'T1500-1123', 'T1500-1772']","[0.67014122, 0.66248441, 0.66302979, 0.64006257, 0.6549226, 0.62445796, 0.62152541, 0.61006665, 0.58224356, 0.57092297]",1,1,1,1,1,9a6d95e707906a22be115e683f0f8195e5c4d47bae1b7a6c8eee99479e63fd5e,4b37a5ed9cfdc71b591d28bacc024e42e8ebe679ab10903583897e072da5c95b,2026-08-06T20:59:00.807009+00:00
Q119,price,T1500,DENSE_BM25_RRF,"['T1500-1605', 'T1500-1538', 'T1500-1537', 'T1500-1594', 'T1500-1623', 'T1500-1613', 'T1500-1646', 'T1500-0069', 'T1500-1604', 'T1500-1622']","[0.57329524, 0.54889715, 0.56740308, 0.55329871, 0.58784378, 0.53107184, 0.53102493, 0.56114322, 0.55674279, 0.55852741]",2,0,1,1,1,dae9e176af9e63f7ca77e382bc0ff6010e0f46e3f648a0f351bddad5d9e15c11,4b37a5ed9cfdc71b591d28bacc024e42e8ebe679ab10903583897e072da5c95b,2026-08-06T20:59:00.813791+00:00
Q120,price,T1500,DENSE_BM25_RRF,"['T1500-1009', 'T1500-1008', 'T1500-1005', 'T1500-1007', 'T1500-1006', 'T1500-1010', 'T1500-1011', 'T1500-0990', 'T1500-0991', 'T1500-1012']","[0.62123895, 0.62154531, 0.61169279, 0.61465573, 0.62140971, 0.62103444, 0.58520067, 0.56801188, 0.56508964, 0.5725863]",1,1,1,1,1,f5d51c683fab70ca719bbc64cc698ad47437a0b33c7e40b373408d369e2d66a5,4b37a5ed9cfdc71b591d28bacc024e42e8ebe679ab10903583897e072da5c95b,2026-08-06T20:59:00.824430+00:00
Q121,price,T1500,DENSE_BM25_RRF,"['T1500-1435', 'T1500-1437', 'T1500-1442', 'T1500-1434', 'T1500-1445', 'T1500-0185', 'T1500-1440', 'T1500-1741', 'T1500-1409', 'T1500-1527']","[0.53935361, 0.53453624, 0.48623466, 0.47561559, 0.47590172, 0.48666352, 0.47003886, 0.47893882, 0.46045935, 0.46461686]",4,0,0,1,1,552191e84c5c679c754387e93cc1776085f91b9f84a6f57cc9e77dd292c9d8e6,4b37a5ed9cfdc71b591d28bacc024e42e8ebe679ab10903583897e072da5c95b,2026-08-06T20:59:00.843076+00:00
Q122,price,T1500,DENSE_BM25_RRF,"['T1500-1379', 'T1500-1367', 'T1500-1383', 'T1500-1345', 'T1500-1693', 'T1500-1344', 'T1500-1376', 'T1500-1598', 'T1500-1370', 'T1500-1317']","[0.61359096, 0.55891621, 0.57144701, 0.5561288, 0.52665812, 0.52102715, 0.59147739, 0.47575876, 0.57967192, 0.42156565]",1,1,1,1,1,3bd0c461db5f4eb09e428b5cb253afbf4fcedf9e6aa2d8afe02e3f7634bacb57,4b37a5ed9cfdc71b591d28bacc024e42e8ebe679ab10903583897e072da5c95b,2026-08-06T20:59:00.849004+00:00
Q123,attribute,T1500,DENSE_BM25_RRF,"['T1500-0037', 'T1500-0038', 'T1500-0036', 'T1500-0072', 'T1500-1571', 'T1500-0126', 'T1500-0197', 'T1500-1648', 'T1500-0191', 'T1500-0189']","[0.64348853, 0.6172713, 0.61262178, 0.58108824, 0.56647402, 0.57852209, 0.56195134, 0.57366276, 0.55719268, 0.56054038]",1,1,1,1,1,56fcd27e00ef9aef2b112a433f47dc209c9b4eeca75b8367b88929642ad0afe2,4b37a5ed9cfdc71b591d28bacc024e42e8ebe679ab10903583897e072da5c95b,2026-08-06T20:59:00.861045+00:00
Q124,attribute,T1500,DENSE_BM25_RRF,"['T1500-0072', 'T1500-0055', 'T1500-2096', 'T1500-0054', 'T1500-1621', 'T1500-0074', 'T1500-1543', 'T1500-1610', 'T1500-2088', 'T1500-0109']","[0.53173375, 0.51909792, 0.54262328, 0.5169549, 0.54354835, 0.5119431, 0.5075112, 0.52549976, 0.51667523, 0.53101885]",2,0,1,1,1,e2663a8a7b1c0af68f47c8237b45e970eaf0b49915bf06892b7498f8bf20d8ae,4b37a5ed9cfdc71b591d28bacc024e42e8ebe679ab10903583897e072da5c95b,2026-08-06T20:59:00.873293+00:00
Q125,attribute,T1500,DENSE_BM25_RRF,"['T1500-0541', 'T1500-0542', 'T1500-0447', 'T1500-0446', 'T1500-0534', 'T1500-0537', 'T1500-0439', 'T1500-0543', 'T1500-0440', 'T1500-0533']","[0.68060136, 0.67825741, 0.66811192, 0.66468537, 0.67308325, 0.66024297, 0.65851241, 0.6529628, 0.66646576, 0.65576029]",1,1,1,1,1,0e701a71d0e6771b3da40836f2b239dad9c55d76e85ad8802dc2bde3df036fa5,4b37a5ed9cfdc71b591d28bacc024e42e8ebe679ab10903583897e072da5c95b,2026-08-06T20:59:00.880923+00:00
Q126,price,T1500,DENSE_BM25_RRF,"['T1500-1604', 'T1500-1538', 'T1500-1601', 'T1500-1554', 'T1500-1642', 'T1500-1537', 'T1500-1613', 'T1500-1644', 'T1500-1602', 'T1500-1647']","[0.44883704, 0.45285076, 0.44068444, 0.42260826, 0.41635126, 0.48753083, 0.44138291, 0.41495031, 0.44443735, 0.40562695]",,0,0,0,0,1f5c5a873218d0a08387e1ced4f689cd006ff0b18d8e9ead4eea0dc27a2d6eda,4b37a5ed9cfdc71b591d28bacc024e42e8ebe679ab10903583897e072da5c95b,2026-08-06T20:59:00.910329+00:00
Q127,price,T1500,DENSE_BM25_RRF,"['T1500-1964', 'T1500-1970', 'T1500-1968', 'T1500-1965', 'T1500-1967', 'T1500-1867', 'T1500-1868', 'T1500-1870', 'T1500-1873', 'T1500-1897']","[0.64902842, 0.63895237, 0.63720143, 0.60967338, 0.60645819, 0.61671638, 0.62044668, 0.60127634, 0.59719431, 0.59860271]",2,0,1,1,1,7a859cdd59887ef1fa0bb873d69171929c221848125094a1714b587ebb9de06e,4b37a5ed9cfdc71b591d28bacc024e42e8ebe679ab10903583897e072da5c95b,2026-08-06T20:59:00.923137+00:00
Q128,price,T1500,DENSE_BM25_RRF,"['T1500-0235', 'T1500-0060', 'T1500-0020', 'T1500-0238', 'T1500-1678', 'T1500-0917', 'T1500-1740', 'T1500-0212', 'T1500-0374', 'T1500-0161']","[0.58474094, 0.48318821, 0.46123666, 0.46078548, 0.51242113, 0.40723902, 0.49960136, 0.42708972, 0.49732652, 0.40598372]",1,1,1,1,1,c3c474d4183f4eda9620d59c995838738351dde95d662cef616da1e537db7d59,4b37a5ed9cfdc71b591d28bacc024e42e8ebe679ab10903583897e072da5c95b,2026-08-06T20:59:00.932144+00:00
Q129,price,T1500,DENSE_BM25_RRF,"['T1500-1253', 'T1500-1777', 'T1500-1838', 'T1500-1251', 'T1500-0453', 'T1500-0019', 'T1500-0240', 'T1500-1666', 'T1500-1665', 'T1500-1722']","[0.51856726, 0.49786371, 0.51662397, 0.48636192, 0.49408448, 0.49428606, 0.48507535, 0.53799331, 0.53120965, 0.52890527]",1,1,1,1,1,67a84a8fc181bcbaf09d3a142372a5aa193aecd6c497215c7c128c4621dee0d6,4b37a5ed9cfdc71b591d28bacc024e42e8ebe679ab10903583897e072da5c95b,2026-08-06T20:59:00.938032+00:00
Q130,attribute,T1500,DENSE_BM25_RRF,"['T1500-1722', 'T1500-1721', 'T1500-0205', 'T1500-0208', 'T1500-0209', 'T1500-0207', 'T1500-0212', 'T1500-0206', 'T1500-1715', 'T1500-1065']","[0.64105368, 0.64016128, 0.63332218, 0.62839246, 0.62276363, 0.61295414, 0.58373231, 0.61288881, 0.55016732, 0.55740732]",3,0,1,1,1,2e1b18bd4a4882a5f2522c226cd89bce81719a76b7ac82e5067e62eb735c77fe,4b37a5ed9cfdc71b591d28bacc024e42e8ebe679ab10903583897e072da5c95b,2026-08-06T20:59:00.954953+00:00
Q131,attribute,T1500,DENSE_BM25_RRF,"['T1500-1985', 'T1500-1982', 'T1500-1983', 'T1500-1988', 'T1500-1986', 'T1500-1877', 'T1500-1995', 'T1500-1231', 'T1500-1875', 'T1500-1233']","[0.64608979, 0.59668595, 0.60222411, 0.59859377, 0.53705156, 0.47963792, 0.51932937, 0.56634068, 0.47237253, 0.56475449]",1,1,1,1,1,bb572e1146128a322b087235cd3c1fbc13b0f97c04e315748e680b07d45b57cb,4b37a5ed9cfdc71b591d28bacc024e42e8ebe679ab10903583897e072da5c95b,2026-08-06T20:59:00.964003+00:00
Q132,price,T1500,DENSE_BM25_RRF,"['T1500-0452', 'T1500-0451', 'T1500-0546', 'T1500-0453', 'T1500-0545', 'T1500-1261', 'T1500-0450', 'T1500-0547', 'T1500-1777', 'T1500-0548']","[0.56583619, 0.55497348, 0.54773283, 0.53471935, 0.52257472, 0.5334205, 0.5274688, 0.5168007, 0.51036745, 0.51118392]",1,1,1,1,1,580de183adfc2d31b3ccb2472e70096c18ecd17ffcbca8b8ce471e99fde0d534,4b37a5ed9cfdc71b591d28bacc024e42e8ebe679ab10903583897e072da5c95b,2026-08-06T20:59:00.974957+00:00
Q133,attribute,T1500,DENSE_BM25_RRF,"['T1500-0401', 'T1500-0399', 'T1500-0397', 'T1500-0400', 'T1500-0393', 'T1500-0395', 'T1500-0392', 'T1500-0396', 'T1500-1267', 'T1500-0387']","[0.51774067, 0.50307727, 0.5116474, 0.50636852, 0.51031768, 0.50565308, 0.50624275, 0.50690651, 0.49433857, 0.49270827]",,0,0,0,0,a128862140f64219e9d9451410eb723a9f97823d3cbab486be378117636e3e05,4b37a5ed9cfdc71b591d28bacc024e42e8ebe679ab10903583897e072da5c95b,2026-08-06T20:59:00.985266+00:00
Q134,attribute,T1500,DENSE_BM25_RRF,"['T1500-1800', 'T1500-1908', 'T1500-1964', 'T1500-1995', 'T1500-1155', 'T1500-1955', 'T1500-1805', 'T1500-1802', 'T1500-1803', 'T1500-1796']","[0.71448863, 0.68400073, 0.65783453, 0.63663983, 0.66929382, 0.63608825, 0.6559304, 0.64781702, 0.65840703, 0.63727206]",10,0,0,0,1,bf138cceeef05d87e7675c3a9284facbeddd15679df9238e7e8fe860651d29f8,4b37a5ed9cfdc71b591d28bacc024e42e8ebe679ab10903583897e072da5c95b,2026-08-06T20:59:00.998041+00:00
Q135,attribute,T1500,DENSE_BM25_RRF,"['T1500-1976', 'T1500-1964', 'T1500-1978', 'T1500-1995', 'T1500-1975', 'T1500-1948', 'T1500-1191', 'T1500-1190', 'T1500-1951', 'T1500-1100']","[0.68476844, 0.657848, 0.64474273, 0.64367235, 0.64412433, 0.61551785, 0.62226152, 0.62478161, 0.6118955, 0.63844919]",1,1,1,1,1,858d1b8e5ab94eec7d1fa940c84e3a451e68b4f997069493c95064b64318eb4d,4b37a5ed9cfdc71b591d28bacc024e42e8ebe679ab10903583897e072da5c95b,2026-08-06T20:59:01.012075+00:00
Q136,attribute,T1500,DENSE_BM25_RRF,"['T1500-1803', 'T1500-1805', 'T1500-1802', 'T1500-1100', 'T1500-1952', 'T1500-1954', 'T1500-1955', 'T1500-1800', 'T1500-1964', 'T1500-1948']","[0.68383503, 0.68864715, 0.64028692, 0.64327919, 0.62624234, 0.62716806, 0.63040876, 0.63247216, 0.63425666, 0.6298579]",,0,0,0,0,bd6b7874a4bfe44a0ff8e9f997c645733522a53760259eb0d86603cc7707f110,4b37a5ed9cfdc71b591d28bacc024e42e8ebe679ab10903583897e072da5c95b,2026-08-06T20:59:01.029086+00:00
Q137,price,T1500,DENSE_BM25_RRF,"['T1500-0864', 'T1500-0470', 'T1500-0570', 'T1500-0471', 'T1500-0867', 'T1500-0475', 'T1500-0558', 'T1500-0863', 'T1500-0571', 'T1500-0866']","[0.6472764, 0.64081597, 0.62769848, 0.63609004, 0.64499152, 0.60872662, 0.59079432, 0.64218974, 0.61628103, 0.63360894]",1,1,1,1,1,c8611d6569b38fcadefabce87af243085047e4a12884607241704344c2ada889,4b37a5ed9cfdc71b591d28bacc024e42e8ebe679ab10903583897e072da5c95b,2026-08-06T20:59:01.035011+00:00
Q138,price,T1500,DENSE_BM25_RRF,"['T1500-1617', 'T1500-1614', 'T1500-1634', 'T1500-1550', 'T1500-1557', 'T1500-1539', 'T1500-1560', 'T1500-1630', 'T1500-0097', 'T1500-1555']","[0.55291641, 0.51417655, 0.52256167, 0.50698197, 0.48752168, 0.53336275, 0.47465992, 0.50602329, 0.47408393, 0.49096152]",1,1,1,1,1,cc888b125a1c9f6987e91c1c5fac3f08c3c7b54eca3161a0701487fef0f7fd1f,4b37a5ed9cfdc71b591d28bacc024e42e8ebe679ab10903583897e072da5c95b,2026-08-06T20:59:01.045546+00:00
Q139,price,T1500,DENSE_BM25_RRF,"['T1500-0142', 'T1500-0141', 'T1500-0140', 'T1500-0147', 'T1500-0145', 'T1500-1629', 'T1500-0144', 'T1500-0146', 'T1500-1571', 'T1500-1848']","[0.5203805, 0.51767647, 0.49428371, 0.50549543, 0.4714812, 0.47282904, 0.46733367, 0.46336731, 0.45904773, 0.49647456]",2,0,1,1,1,0fb640fdb62e3f50507524b42edc18402f980791cbde7ed538d223391a25b54c,4b37a5ed9cfdc71b591d28bacc024e42e8ebe679ab10903583897e072da5c95b,2026-08-06T20:59:01.062034+00:00
Q140,price,T1500,DENSE_BM25_RRF,"['T1500-0533', 'T1500-0438', 'T1500-0531', 'T1500-0534', 'T1500-0544', 'T1500-0439', 'T1500-0437', 'T1500-0537', 'T1500-0441', 'T1500-0433']","[0.65009612, 0.64428502, 0.64334434, 0.63994676, 0.63843203, 0.63590419, 0.63960624, 0.63966513, 0.63838768, 0.63520259]",1,1,1,1,1,cff6357be7e261a834dcc91c99e801a69badf28ebf6eb2709c19dd776b6f8d73,4b37a5ed9cfdc71b591d28bacc024e42e8ebe679ab10903583897e072da5c95b,2026-08-06T20:59:01.067478+00:00
Q141,price,T1500,DENSE_BM25_RRF,"['T1500-1954', 'T1500-1951', 'T1500-1029', 'T1500-1952', 'T1500-1955', 'T1500-1949', 'T1500-1032', 'T1500-1948', 'T1500-1025', 'T1500-1023']","[0.70106375, 0.69899297, 0.63310921, 0.69868898, 0.67480338, 0.69855756, 0.62333256, 0.66279161, 0.62708664, 0.61868984]",1,1,1,1,1,088cf0826aa589b40ad1370eb7e7fb5126236983f32d53ab13890912d49304c9,4b37a5ed9cfdc71b591d28bacc024e42e8ebe679ab10903583897e072da5c95b,2026-08-06T20:59:01.077314+00:00
Q142,price,T1500,DENSE_BM25_RRF,"['T1500-0346', 'T1500-0334', 'T1500-0335', 'T1500-0349', 'T1500-0532', 'T1500-0348', 'T1500-0437', 'T1500-0332', 'T1500-0374', 'T1500-0881']","[0.59525549, 0.57174444, 0.57187945, 0.56135345, 0.56220847, 0.56562555, 0.56365716, 0.541067, 0.58068842, 0.57703936]",2,0,1,1,1,859f4c3f7abb4b1a58bd44af303f213d32118322651715979c9352ffe122e8c4,4b37a5ed9cfdc71b591d28bacc024e42e8ebe679ab10903583897e072da5c95b,2026-08-06T20:59:01.082242+00:00
Q143,attribute,T1500,DENSE_BM25_RRF,"['T1500-1813', 'T1500-1814', 'T1500-1815', 'T1500-1811', 'T1500-1810', 'T1500-1841', 'T1500-1939', 'T1500-1844', 'T1500-1938', 'T1500-1842']","[0.64218205, 0.65751863, 0.6593942, 0.65416682, 0.61030161, 0.60047483, 0.63538909, 0.61179423, 0.61471188, 0.57499743]",5,0,0,1,1,f4dee4305190b093ee11875ef6813cf5ce3e1f97d7e2eeffdf459f1e32d8d1ee,4b37a5ed9cfdc71b591d28bacc024e42e8ebe679ab10903583897e072da5c95b,2026-08-06T20:59:01.099489+00:00
Q144,price,T1500,DENSE_BM25_RRF,"['T1500-0876', 'T1500-0875', 'T1500-0879', 'T1500-0878', 'T1500-0873', 'T1500-0533', 'T1500-0438', 'T1500-0437', 'T1500-0434', 'T1500-0532']","[0.64522254, 0.63965917, 0.63096911, 0.62606996, 0.62188077, 0.62674332, 0.62428045, 0.61334884, 0.60502338, 0.60903978]",2,0,1,1,1,aeba23ebee74275402ae92bc0ce998ae9ec0b0a09ea8d5b5c604b6ac39b7c941,4b37a5ed9cfdc71b591d28bacc024e42e8ebe679ab10903583897e072da5c95b,2026-08-06T20:59:01.113646+00:00
Q145,attribute,T1500,DENSE_BM25_RRF,"['T1500-1750', 'T1500-1752', 'T1500-0303', 'T1500-0302', 'T1500-0304', 'T1500-1749', 'T1500-1705', 'T1500-0306', 'T1500-1688', 'T1500-1685']","[0.71231383, 0.69346756, 0.69319022, 0.65505743, 0.64556849, 0.58384466, 0.54594803, 0.52575064, 0.53324568, 0.52644724]",,0,0,0,0,6f03cbacb4eaa978ffb3d648a5ddb3014f246d61ca171872ee7584194ff28f5c,4b37a5ed9cfdc71b591d28bacc024e42e8ebe679ab10903583897e072da5c95b,2026-08-06T20:59:01.133546+00:00
Q146,price,T1500,DENSE_BM25_RRF,"['T1500-1567', 'T1500-1561', 'T1500-0097', 'T1500-1546', 'T1500-1583', 'T1500-1622', 'T1500-1621', 'T1500-1545', 'T1500-0065', 'T1500-1635']","[0.55671841, 0.52282625, 0.52502906, 0.51904637, 0.51638842, 0.51967394, 0.50601119, 0.49918535, 0.5196982, 0.49523991]",1,1,1,1,1,c15f28e5838eb5540b54e2dd7c7e4e9a1b06fdaa6a121d046f1a436c299248d5,4b37a5ed9cfdc71b591d28bacc024e42e8ebe679ab10903583897e072da5c95b,2026-08-06T20:59:01.162087+00:00
Q147,price,T1500,DENSE_BM25_RRF,"['T1500-1688', 'T1500-1705', 'T1500-1699', 'T1500-1693', 'T1500-1685', 'T1500-1703', 'T1500-1706', 'T1500-0010', 'T1500-1709', 'T1500-1339']","[0.65336072, 0.63579232, 0.62083817, 0.61577189, 0.57313848, 0.61593294, 0.60973227, 0.58012593, 0.61574882, 0.57283795]",,0,0,0,0,f42bf362a9bae1680e3a777eb05b3a2d932f677cdac92a69c987cf802102410c,4b37a5ed9cfdc71b591d28bacc024e42e8ebe679ab10903583897e072da5c95b,2026-08-06T20:59:01.168986+00:00
Q148,price,T1500,DENSE_BM25_RRF,"['T1500-1347', 'T1500-1353', 'T1500-1355', 'T1500-1366', 'T1500-1357', 'T1500-1351', 'T1500-1348', 'T1500-1367', 'T1500-1352', 'T1500-1383']","[0.61700702, 0.60692745, 0.60738462, 0.61288285, 0.58100057, 0.6052106, 0.60920995, 0.59739643, 0.58374971, 0.58889258]",2,0,1,1,1,5888de19506654fc70581631b57245fa02d092deaffa1656a3370e2d7ea61305,4b37a5ed9cfdc71b591d28bacc024e42e8ebe679ab10903583897e072da5c95b,2026-08-06T20:59:01.182171+00:00
Q149,attribute,T1500,DENSE_BM25_RRF,"['T1500-1613', 'T1500-1627', 'T1500-1537', 'T1500-1571', 'T1500-1598', 'T1500-1625', 'T1500-0072', 'T1500-0070', 'T1500-1542', 'T1500-1611']","[0.61299825, 0.63888484, 0.62433279, 0.58406889, 0.59472847, 0.60899699, 0.58388865, 0.57993263, 0.58488798, 0.56692648]",5,0,0,1,1,79475664a4455679bb720f433b5ba06e7c2d3970663bfb507d7351c736a6b8bc,4b37a5ed9cfdc71b591d28bacc024e42e8ebe679ab10903583897e072da5c95b,2026-08-06T20:59:01.201293+00:00
Q150,attribute,T1500,DENSE_BM25_RRF,"['T1500-0137', 'T1500-0138', 'T1500-0139', 'T1500-0136', 'T1500-0292', 'T1500-0293', 'T1500-0140', 'T1500-0291', 'T1500-0133', 'T1500-0132']","[0.68621576, 0.68194669, 0.66443986, 0.62306154, 0.61289877, 0.59817648, 0.62049735, 0.59705287, 0.60243678, 0.59046614]",1,1,1,1,1,b8f085dada031f1ea66c9d944462b56aee8572c5af9a7e7984c8ae7495558b69,4b37a5ed9cfdc71b591d28bacc024e42e8ebe679ab10903583897e072da5c95b,2026-08-06T20:59:01.223670+00:00
Q151,price,T1500,DENSE_BM25_RRF,"['T1500-0228', 'T1500-0229', 'T1500-0232', 'T1500-0227', 'T1500-0226', 'T1500-0224', 'T1500-0225', 'T1500-0235', 'T1500-0060', 'T1500-0185']","[0.6158604, 0.53612542, 0.51136667, 0.51579773, 0.49096876, 0.47487944, 0.47599259, 0.47910252, 0.48401728, 0.47695529]",2,0,1,1,1,1208b1974eadda76d85e26db629c6220d4d1bb38780cf86a332fe08c84665024,4b37a5ed9cfdc71b591d28bacc024e42e8ebe679ab10903583897e072da5c95b,2026-08-06T20:59:01.235247+00:00
Q152,price,T1500,DENSE_BM25_RRF,"['T1500-1945', 'T1500-1944', 'T1500-1906', 'T1500-1942', 'T1500-1941', 'T1500-1796', 'T1500-1797', 'T1500-1805', 'T1500-1844', 'T1500-1908']","[0.689906, 0.63455921, 0.60434955, 0.59849155, 0.60077858, 0.59799027, 0.57922578, 0.58786494, 0.60733414, 0.59014678]",1,1,1,1,1,d9e6297f3fecf4c1c603a640c391f92d24f351446e6705767c34a5ab413ba92b,4b37a5ed9cfdc71b591d28bacc024e42e8ebe679ab10903583897e072da5c95b,2026-08-06T20:59:01.246991+00:00
Q153,attribute,T1500,DENSE_BM25_RRF,"['T1500-1092', 'T1500-1093', 'T1500-1094', 'T1500-1090', 'T1500-1091', 'T1500-1227', 'T1500-1226', 'T1500-1017', 'T1500-1787', 'T1500-1013']","[0.64644629, 0.63757002, 0.64369607, 0.6372298, 0.6265105, 0.59551531, 0.58877724, 0.59520304, 0.56669176, 0.59033322]",,0,0,0,0,82576ad3f6bd4cf70fcfbacbbf31f827037615ada32da1b939038002e6a02f54,4b37a5ed9cfdc71b591d28bacc024e42e8ebe679ab10903583897e072da5c95b,2026-08-06T20:59:01.270487+00:00
Q154,attribute,T1500,DENSE_BM25_RRF,"['T1500-0834', 'T1500-0825', 'T1500-0835', 'T1500-0836', 'T1500-0832', 'T1500-0822', 'T1500-0827', 'T1500-0824', 'T1500-0830', 'T1500-0826']","[0.65348732, 0.63506919, 0.64339054, 0.63569295, 0.62648952, 0.61595839, 0.5868485, 0.59842628, 0.58596891, 0.60259724]",1,1,1,1,1,8139bc1e47a7a976c43c0a25a49f5db646947f321276d02658c39c3197b2db6c,4b37a5ed9cfdc71b591d28bacc024e42e8ebe679ab10903583897e072da5c95b,2026-08-06T20:59:01.289533+00:00
Q155,price,T1500,DENSE_BM25_RRF,"['T1500-1236', 'T1500-1237', 'T1500-1235', 'T1500-2017', 'T1500-1239', 'T1500-1238', 'T1500-1241', 'T1500-1221', 'T1500-1848', 'T1500-1832']","[0.56847906, 0.53515047, 0.52060723, 0.52232963, 0.50388765, 0.51468879, 0.5071373, 0.50787759, 0.55186099, 0.54938734]",1,1,1,1,1,145344b903cb304a974134d4fd4bdc8df403ca8749d1c64c78e70f5c2229b2f4,4b37a5ed9cfdc71b591d28bacc024e42e8ebe679ab10903583897e072da5c95b,2026-08-06T20:59:01.305917+00:00
Q156,price,T1500,DENSE_BM25_RRF,"['T1500-0396', 'T1500-0400', 'T1500-0397', 'T1500-0392', 'T1500-0401', 'T1500-0399', 'T1500-0393', 'T1500-0394', 'T1500-1335', 'T1500-1969']","[0.50040776, 0.4912138, 0.49117738, 0.48574638, 0.48840794, 0.48004431, 0.4836978, 0.48182836, 0.50680423, 0.50417644]",1,1,1,1,1,34ba5c07e9f2b615884e32fef110095e7cdb1ba763f23b0e96c40a08d5515f68,4b37a5ed9cfdc71b591d28bacc024e42e8ebe679ab10903583897e072da5c95b,2026-08-06T20:59:01.318602+00:00
Q157,attribute,T1500,DENSE_BM25_RRF,"['T1500-1236', 'T1500-1237', 'T1500-1235', 'T1500-1239', 'T1500-2017', 'T1500-1247', 'T1500-1241', 'T1500-0988', 'T1500-1238', 'T1500-1370']","[0.64998877, 0.61600733, 0.57502592, 0.53410155, 0.54081392, 0.53186393, 0.53131312, 0.53318191, 0.53002626, 0.56071824]",,0,0,0,0,d86aab20083ae85a6169e6a5b95906bdb44fd9f3fb19036130c1e550bc3daf65,4b37a5ed9cfdc71b591d28bacc024e42e8ebe679ab10903583897e072da5c95b,2026-08-06T20:59:01.349401+00:00
Q158,attribute,T1500,DENSE_BM25_RRF,"['T1500-1196', 'T1500-1242', 'T1500-1241', 'T1500-1065', 'T1500-1221', 'T1500-2017', 'T1500-1222', 'T1500-0205', 'T1500-0987', 'T1500-0211']","[0.64360166, 0.63140547, 0.63203299, 0.6218214, 0.59896713, 0.60641652, 0.60557866, 0.62550545, 0.59572554, 0.61350107]",1,1,1,1,1,ed6cd526ef46ff81b16bf0824ff67afc2d05c3d4c4ed61d1b79a74e2ac3e469b,4b37a5ed9cfdc71b591d28bacc024e42e8ebe679ab10903583897e072da5c95b,2026-08-06T20:59:01.359745+00:00
Q159,attribute,T1500,DENSE_BM25_RRF,"['T1500-0297', 'T1500-0298', 'T1500-0299', 'T1500-0038', 'T1500-0300', 'T1500-2096', 'T1500-1749', 'T1500-0020', 'T1500-0185', 'T1500-1586']","[0.697303, 0.68445337, 0.54448086, 0.52464211, 0.52595693, 0.54195595, 0.51935804, 0.51372123, 0.50709563, 0.50632048]",1,1,1,1,1,6c35f07c8628b7e554ba8e6dd393fdac18e782f66f5bff80baadc8a0e51cfa9d,4b37a5ed9cfdc71b591d28bacc024e42e8ebe679ab10903583897e072da5c95b,2026-08-06T20:59:01.372330+00:00
Q160,price,T1500,DENSE_BM25_RRF,"['T1500-1752', 'T1500-1261', 'T1500-1833', 'T1500-0303', 'T1500-1713', 'T1500-1339', 'T1500-1685', 'T1500-1587', 'T1500-1688', 'T1500-1750']","[0.50557816, 0.53689766, 0.49897361, 0.47703025, 0.48083907, 0.49203977, 0.47215304, 0.46327096, 0.53382772, 0.46535578]",8,0,0,0,1,47c7d154b536197644096c43b63dac86d420c45e98eed7898afd275936793696,4b37a5ed9cfdc71b591d28bacc024e42e8ebe679ab10903583897e072da5c95b,2026-08-06T20:59:01.377447+00:00
Q161,attribute,T1500,DENSE_BM25_RRF,"['T1500-1430', 'T1500-1422', 'T1500-1740', 'T1500-1741', 'T1500-1431', 'T1500-1426', 'T1500-1743', 'T1500-1423', 'T1500-1427', 'T1500-1737']","[0.57835108, 0.58979905, 0.56715941, 0.53194022, 0.58541143, 0.52667838, 0.51082724, 0.53492039, 0.51736426, 0.50810319]",,0,0,0,0,4d81036ecab29f102a952871a035c25c4bf999fe1dafc3fde449adb0ce3a1fe7,4b37a5ed9cfdc71b591d28bacc024e42e8ebe679ab10903583897e072da5c95b,2026-08-06T20:59:01.386141+00:00
Q162,price,T1500,DENSE_BM25_RRF,"['T1500-0997', 'T1500-0996', 'T1500-0995', 'T1500-0990', 'T1500-0991', 'T1500-0994', 'T1500-0993', 'T1500-0989', 'T1500-0992', 'T1500-1004']","[0.67229754, 0.67020655, 0.65039039, 0.64999688, 0.64054382, 0.62270343, 0.6056329, 0.61880887, 0.59015095, 0.59561819]",1,1,1,1,1,c88ac06881715d43d6838c742b9d6c65af0375301d6d7466b575bd0c7dd076c8,4b37a5ed9cfdc71b591d28bacc024e42e8ebe679ab10903583897e072da5c95b,2026-08-06T20:59:01.394213+00:00
Q163,attribute,T1500,DENSE_BM25_RRF,"['T1500-0310', 'T1500-0760', 'T1500-0143', 'T1500-0773', 'T1500-0311', 'T1500-0655', 'T1500-0312', 'T1500-0776', 'T1500-2102', 'T1500-0658']","[0.65688229, 0.6182391, 0.53924155, 0.61698282, 0.5506894, 0.61650586, 0.54884779, 0.61627197, 0.5300734, 0.61606097]",1,1,1,1,1,9f54acb68ee3f31899db786d9a4077865283380827d4ae03ae3308f9e0ecc9f1,4b37a5ed9cfdc71b591d28bacc024e42e8ebe679ab10903583897e072da5c95b,2026-08-06T20:59:01.403523+00:00
Q164,price,T1500,DENSE_BM25_RRF,"['T1500-1839', 'T1500-1841', 'T1500-1810', 'T1500-1814', 'T1500-1815', 'T1500-1938', 'T1500-1941', 'T1500-1844', 'T1500-1809', 'T1500-1939']","[0.69210017, 0.6861093, 0.59234095, 0.59536523, 0.61891657, 0.64397031, 0.62585306, 0.60194242, 0.58143508, 0.61616218]",1,1,1,1,1,08cfca2e76e6e7bb076b1339eeabbcc4fbaadaf24b2c07ebd9749305a97620c6,4b37a5ed9cfdc71b591d28bacc024e42e8ebe679ab10903583897e072da5c95b,2026-08-06T20:59:01.411871+00:00
Q165,price,T1500,DENSE_BM25_RRF,"['T1500-0840', 'T1500-0842', 'T1500-0841', 'T1500-0836', 'T1500-0838', 'T1500-0837', 'T1500-0839', 'T1500-0832', 'T1500-0834', 'T1500-0826']","[0.6854915, 0.63742596, 0.68352121, 0.64024508, 0.63555539, 0.5969156, 0.59369385, 0.58595443, 0.55767858, 0.5784815]",2,0,1,1,1,8274cb4311a5c9d11ce7665b7f42d11f9acb66a6648f0902d9c92e3ba583da7e,4b37a5ed9cfdc71b591d28bacc024e42e8ebe679ab10903583897e072da5c95b,2026-08-06T20:59:01.421667+00:00
Q166,price,T1500,DENSE_BM25_RRF,"['T1500-1651', 'T1500-1649', 'T1500-1652', 'T1500-1648', 'T1500-1733', 'T1500-1705', 'T1500-1659', 'T1500-2046', 'T1500-1727', 'T1500-1390']","[0.57252902, 0.59158218, 0.5559817, 0.53969222, 0.52351719, 0.50075197, 0.55796373, 0.45209092, 0.54944623, 0.47204635]",1,1,1,1,1,b604181784cb0b75852fc717cd2057753abbdc44029f50653d4984425297f6b9,4b37a5ed9cfdc71b591d28bacc024e42e8ebe679ab10903583897e072da5c95b,2026-08-06T20:59:01.427997+00:00
Q167,price,T1500,DENSE_BM25_RRF,"['T1500-0561', 'T1500-0866', 'T1500-0864', 'T1500-0461', 'T1500-0462', 'T1500-0560', 'T1500-0863', 'T1500-0867', 'T1500-0558', 'T1500-0469']","[0.6511566, 0.64058203, 0.64639461, 0.63848782, 0.63022244, 0.61523867, 0.63861525, 0.63580084, 0.59940231, 0.6030497]",4,0,0,1,1,d7f7fcc2f0354f903893ab08d1ce1f8a8ca30c9d6bfec443c7eaa167a433a3c9,4b37a5ed9cfdc71b591d28bacc024e42e8ebe679ab10903583897e072da5c95b,2026-08-06T20:59:01.432350+00:00
Q168,price,T1500,DENSE_BM25_RRF,"['T1500-0331', 'T1500-0330', 'T1500-0329', 'T1500-0328', 'T1500-0327', 'T1500-0332', 'T1500-0326', 'T1500-0325', 'T1500-0348', 'T1500-0349']","[0.60066938, 0.59810215, 0.59624553, 0.57737988, 0.58138037, 0.58806998, 0.56400484, 0.56431192, 0.57850981, 0.56014609]",4,0,0,1,1,b5657d9b11f81754ed5eee5acb7b8ec5a41b4e8453ee76c732ec404e472b6305,4b37a5ed9cfdc71b591d28bacc024e42e8ebe679ab10903583897e072da5c95b,2026-08-06T20:59:01.437500+00:00
Q169,attribute,T1500,DENSE_BM25_RRF,"['T1500-1605', 'T1500-1604', 'T1500-1599', 'T1500-1601', 'T1500-1538', 'T1500-1602', 'T1500-1537', 'T1500-1598', 'T1500-1613', 'T1500-1633']","[0.66365159, 0.58817732, 0.59114742, 0.58155954, 0.58982277, 0.58435053, 0.59956038, 0.58155847, 0.58775163, 0.56742442]",3,0,1,1,1,0c560f050d3d82d81b766004f347a5e71ca4ea110260e5583597c52a5381549a,4b37a5ed9cfdc71b591d28bacc024e42e8ebe679ab10903583897e072da5c95b,2026-08-06T20:59:01.455156+00:00
Q170,price,T1500,DENSE_BM25_RRF,"['T1500-0227', 'T1500-0224', 'T1500-0226', 'T1500-0229', 'T1500-0306', 'T1500-0230', 'T1500-1693', 'T1500-0232', 'T1500-1529', 'T1500-1357']","[0.52269936, 0.48632845, 0.48633188, 0.46103221, 0.47009563, 0.45979476, 0.4978652, 0.44211429, 0.49048656, 0.48954594]",4,0,0,1,1,5a07536463b4d54efe28d0e6c0f32e9c94809a24cdd5251ea1543f512c0df37b,4b37a5ed9cfdc71b591d28bacc024e42e8ebe679ab10903583897e072da5c95b,2026-08-06T20:59:01.460706+00:00
Q171,price,T1500,DENSE_BM25_RRF,"['T1500-0396', 'T1500-0395', 'T1500-0400', 'T1500-0401', 'T1500-0391', 'T1500-0397', 'T1500-0393', 'T1500-0392', 'T1500-0394', 'T1500-0399']","[0.52520895, 0.52405339, 0.4947935, 0.49915361, 0.49079132, 0.49049491, 0.48264876, 0.48445317, 0.47847262, 0.4747625]",2,0,1,1,1,1fd2863e165e49da72af6f725925cbfce5b231b08afd325c3bc968951e0f65ec,4b37a5ed9cfdc71b591d28bacc024e42e8ebe679ab10903583897e072da5c95b,2026-08-06T20:59:01.464737+00:00
Q172,attribute,T1500,DENSE_BM25_RRF,"['T1500-1091', 'T1500-1092', 'T1500-1090', 'T1500-1094', 'T1500-1017', 'T1500-1093', 'T1500-1227', 'T1500-1013', 'T1500-1226', 'T1500-1014']","[0.62772977, 0.63160688, 0.62735099, 0.62688714, 0.61550236, 0.59689367, 0.60484481, 0.60611117, 0.59143168, 0.60575491]",,0,0,0,0,18e8e967ff54f9941f6b4d6e8eada3c224f728834692f8ac7888c80b6b926045,4b37a5ed9cfdc71b591d28bacc024e42e8ebe679ab10903583897e072da5c95b,2026-08-06T20:59:01.472524+00:00
Q173,attribute,T1500,DENSE_BM25_RRF,"['T1500-0073', 'T1500-1545', 'T1500-1541', 'T1500-0190', 'T1500-1591', 'T1500-1630', 'T1500-1648', 'T1500-1573', 'T1500-0088', 'T1500-1608']","[0.58335888, 0.55473006, 0.56561077, 0.5400908, 0.5473094, 0.54445893, 0.55209136, 0.54278266, 0.52185142, 0.53977317]",1,1,1,1,1,f720b80185ea88f4589b0ec29b30eee21c5c1f5b041aed448386586ac399167e,4b37a5ed9cfdc71b591d28bacc024e42e8ebe679ab10903583897e072da5c95b,2026-08-06T20:59:01.480725+00:00
Q174,price,T1500,DENSE_BM25_RRF,"['T1500-1201', 'T1500-1200', 'T1500-1205', 'T1500-1202', 'T1500-1199', 'T1500-1204', 'T1500-1198', 'T1500-1232', 'T1500-1229', 'T1500-1231']","[0.66438448, 0.62529033, 0.62053728, 0.60349661, 0.59585673, 0.5902741, 0.5648396, 0.57506359, 0.57300842, 0.57240653]",1,1,1,1,1,bb6c71a041434ac31f023f5b03934264177c1695dec56b4445ea81f8bd9cc8fd,4b37a5ed9cfdc71b591d28bacc024e42e8ebe679ab10903583897e072da5c95b,2026-08-06T20:59:01.484958+00:00
Q175,attribute,T1500,DENSE_BM25_RRF,"['T1500-1635', 'T1500-1648', 'T1500-1634', 'T1500-1630', 'T1500-0129', 'T1500-1571', 'T1500-1591', 'T1500-1607', 'T1500-1594', 'T1500-1617']","[0.59863055, 0.58232147, 0.56526065, 0.56730163, 0.57848579, 0.55903244, 0.57302731, 0.55031621, 0.5718596, 0.57677948]",4,0,0,1,1,485fcaa7cd1c30c0cea992dd715523efb1683ba26cfe1e304d2e381257e647dc,4b37a5ed9cfdc71b591d28bacc024e42e8ebe679ab10903583897e072da5c95b,2026-08-06T20:59:01.492243+00:00
Q176,attribute,T1500,DENSE_BM25_RRF,"['T1500-1964', 'T1500-1967', 'T1500-1899', 'T1500-1870', 'T1500-1958', 'T1500-1868', 'T1500-1965', 'T1500-0991', 'T1500-1957', 'T1500-1206']","[0.73002923, 0.64616072, 0.6396876, 0.63425255, 0.62370539, 0.62486547, 0.65419286, 0.61756003, 0.61556196, 0.63032472]",1,1,1,1,1,9bc5fb1b493a312da75f9bf55d34c8577054eaf7e53da5c535dec95e426fbb1e,4b37a5ed9cfdc71b591d28bacc024e42e8ebe679ab10903583897e072da5c95b,2026-08-06T20:59:01.501319+00:00
Q177,price,T1500,DENSE_BM25_RRF,"['T1500-0434', 'T1500-0435', 'T1500-0529', 'T1500-0533', 'T1500-0433', 'T1500-0437', 'T1500-0438', 'T1500-0532', 'T1500-0441', 'T1500-0531']","[0.65624738, 0.64890718, 0.64644217, 0.64894027, 0.64394927, 0.64412749, 0.64497149, 0.64174616, 0.64375901, 0.65331924]",1,1,1,1,1,38ae8f755770f5e95f7b32b98ee6ed1e765c677b95c409c89c9e263617e93491,4b37a5ed9cfdc71b591d28bacc024e42e8ebe679ab10903583897e072da5c95b,2026-08-06T20:59:01.504659+00:00
Q178,attribute,T1500,DENSE_BM25_RRF,"['T1500-0299', 'T1500-1747', 'T1500-0300', 'T1500-1749', 'T1500-0298', 'T1500-1614', 'T1500-1637', 'T1500-0015', 'T1500-0304', 'T1500-0017']","[0.69682264, 0.59655279, 0.67600358, 0.63952339, 0.62259394, 0.54014242, 0.52382404, 0.53945279, 0.52295071, 0.5609566]",6,0,0,0,1,540656bb0228de7f959eb5e1dc4040f4b8c6417f8a18dcef98275f0e708b1ccf,4b37a5ed9cfdc71b591d28bacc024e42e8ebe679ab10903583897e072da5c95b,2026-08-06T20:59:01.513424+00:00
Q179,attribute,T1500,DENSE_BM25_RRF,"['T1500-0926', 'T1500-0909', 'T1500-0735', 'T1500-1054', 'T1500-0678', 'T1500-1777', 'T1500-1670', 'T1500-0924', 'T1500-0765', 'T1500-1053']","[0.58741391, 0.52847004, 0.57358545, 0.47038609, 0.57321656, 0.49231964, 0.56556654, 0.51223898, 0.560413, 0.44491673]",2,0,1,1,1,7a28fa828b4dc6ebce6bc589484bcc8529ee1a8d772c1c1515be867b487a98b2,4b37a5ed9cfdc71b591d28bacc024e42e8ebe679ab10903583897e072da5c95b,2026-08-06T20:59:01.519723+00:00
Q180,price,T1500,DENSE_BM25_RRF,"['T1500-1638', 'T1500-1630', 'T1500-1618', 'T1500-1625', 'T1500-1331', 'T1500-1335', 'T1500-0305', 'T1500-1327', 'T1500-0127', 'T1500-1339']","[0.511253, 0.448735, 0.46277884, 0.46920124, 0.51177239, 0.50870025, 0.38471067, 0.50808597, 0.39306685, 0.49730027]",1,1,1,1,1,00acbe99e5c9680d4477e5a714fb0614b6f6977126a994b796e0620009ed31cf,4b37a5ed9cfdc71b591d28bacc024e42e8ebe679ab10903583897e072da5c95b,2026-08-06T20:59:01.524279+00:00
Q181,price,T1500,DENSE_BM25_RRF,"['T1500-0097', 'T1500-0109', 'T1500-1617', 'T1500-0108', 'T1500-1537', 'T1500-0107', 'T1500-0088', 'T1500-1634', 'T1500-1611', 'T1500-0188']","[0.53232461, 0.51087791, 0.51993906, 0.51564425, 0.53162372, 0.5268774, 0.49287933, 0.5179888, 0.50215542, 0.49768737]",2,0,1,1,1,37be64013a7a3f7fd42e8bf659ae20751ae69cc47ef7409134872421a09770e3,4b37a5ed9cfdc71b591d28bacc024e42e8ebe679ab10903583897e072da5c95b,2026-08-06T20:59:01.527225+00:00
Q182,attribute,T1500,DENSE_BM25_RRF,"['T1500-1128', 'T1500-1125', 'T1500-1127', 'T1500-1126', 'T1500-1124', 'T1500-1129', 'T1500-1131', 'T1500-1130', 'T1500-1772', 'T1500-1123']","[0.66421366, 0.65830421, 0.65443349, 0.63520861, 0.64609843, 0.62523782, 0.61682671, 0.59714311, 0.5659163, 0.56699264]",1,1,1,1,1,a3aa9aac8bf600816c7f35761c1a15bbebb4c6cd67584a37774a52a3840d91b1,4b37a5ed9cfdc71b591d28bacc024e42e8ebe679ab10903583897e072da5c95b,2026-08-06T20:59:01.534416+00:00
Q183,price,T1500,DENSE_BM25_RRF,"['T1500-1017', 'T1500-1015', 'T1500-1016', 'T1500-1014', 'T1500-1787', 'T1500-1974', 'T1500-1784', 'T1500-1013', 'T1500-1227', 'T1500-1789']","[0.66888523, 0.66213942, 0.64893401, 0.65198243, 0.65406489, 0.67188847, 0.64976788, 0.66861433, 0.64355624, 0.65293789]",3,0,1,1,1,66e4183d888044f3ee77a6c1dae63bd73d86a02f4aa57d5dfcca0fd9ec8fc246,4b37a5ed9cfdc71b591d28bacc024e42e8ebe679ab10903583897e072da5c95b,2026-08-06T20:59:01.536876+00:00
Q184,price,T1500,DENSE_BM25_RRF,"['T1500-0331', 'T1500-0330', 'T1500-0329', 'T1500-0332', 'T1500-0327', 'T1500-0328', 'T1500-0348', 'T1500-0326', 'T1500-0335', 'T1500-0325']","[0.63057542, 0.62873882, 0.60884202, 0.60445511, 0.57704413, 0.57300603, 0.58068717, 0.56244528, 0.56661564, 0.5497511]",1,1,1,1,1,05ef6497d4a47b77eda854d91601c598f4c145169d1f38abee00897b47aea875,4b37a5ed9cfdc71b591d28bacc024e42e8ebe679ab10903583897e072da5c95b,2026-08-06T20:59:01.540370+00:00
Q185,price,T1500,DENSE_BM25_RRF,"['T1500-0314', 'T1500-0315', 'T1500-0316', 'T1500-0312', 'T1500-0313', 'T1500-0149', 'T1500-0148', 'T1500-1832', 'T1500-0238', 'T1500-0236']","[0.64071846, 0.63770616, 0.58349919, 0.52952433, 0.51195145, 0.56343168, 0.55456519, 0.54252446, 0.38979426, 0.44182247]",2,0,1,1,1,484bd02904eebaaca6a24ac76c548933864654162222f8f5c1410326de30b223,4b37a5ed9cfdc71b591d28bacc024e42e8ebe679ab10903583897e072da5c95b,2026-08-06T20:59:01.543237+00:00
Q186,price,T1500,DENSE_BM25_RRF,"['T1500-0348', 'T1500-0346', 'T1500-0319', 'T1500-0872', 'T1500-0347', 'T1500-0337', 'T1500-0349', 'T1500-0335', 'T1500-0341', 'T1500-0876']","[0.58297789, 0.60311359, 0.57277352, 0.57332397, 0.56052154, 0.56308806, 0.54856849, 0.5697481, 0.54944575, 0.60437465]",5,0,0,1,1,d9e0686023eb4751de6897089db1bbc5ce4fb0c169f2abe576870fd0556ae332,4b37a5ed9cfdc71b591d28bacc024e42e8ebe679ab10903583897e072da5c95b,2026-08-06T20:59:01.546024+00:00
Q187,attribute,T1500,DENSE_BM25_RRF,"['T1500-1706', 'T1500-1685', 'T1500-1699', 'T1500-1705', 'T1500-1688', 'T1500-1709', 'T1500-1693', 'T1500-0914', 'T1500-0906', 'T1500-0916']","[0.67156345, 0.6159389, 0.60523301, 0.57970649, 0.57782632, 0.59386253, 0.5410198, 0.5591501, 0.57329792, 0.55609018]",4,0,0,1,1,7b67e2f0295e978b5492fb14023ee3eb7960b0bdfb53bfa3a1f0bb2dbdab8bd0,4b37a5ed9cfdc71b591d28bacc024e42e8ebe679ab10903583897e072da5c95b,2026-08-06T20:59:01.551830+00:00
Q188,price,T1500,DENSE_BM25_RRF,"['T1500-1968', 'T1500-1964', 'T1500-1965', 'T1500-1970', 'T1500-1967', 'T1500-1870', 'T1500-1873', 'T1500-1868', 'T1500-0991', 'T1500-1867']","[0.66617095, 0.65508211, 0.63540065, 0.60979748, 0.61683965, 0.61218727, 0.61200124, 0.61621428, 0.59728897, 0.61013478]",1,1,1,1,1,9f262b156d7549e6f9d28c84d37621d9c6ec10ad988576b6e0b63b44cf82076f,4b37a5ed9cfdc71b591d28bacc024e42e8ebe679ab10903583897e072da5c95b,2026-08-06T20:59:01.557395+00:00
Q189,attribute,T1500,DENSE_BM25_RRF,"['T1500-2089', 'T1500-2088', 'T1500-2096', 'T1500-0014', 'T1500-0019', 'T1500-0017', 'T1500-2087', 'T1500-0015', 'T1500-2090', 'T1500-0299']","[0.52927923, 0.54744601, 0.5167641, 0.49669337, 0.49788085, 0.50600219, 0.50218499, 0.49852437, 0.50822037, 0.4825097]",4,0,0,1,1,e20effc3456128d462be0c0ac7e56b1b92261be5914b673819e9409e6115ed3c,4b37a5ed9cfdc71b591d28bacc024e42e8ebe679ab10903583897e072da5c95b,2026-08-06T20:59:01.562667+00:00
Q190,price,T1500,DENSE_BM25_RRF,"['T1500-1776', 'T1500-1775', 'T1500-1777', 'T1500-1780', 'T1500-1773', 'T1500-1771', 'T1500-1768', 'T1500-1767', 'T1500-1772', 'T1500-1769']","[0.64670539, 0.62913764, 0.61529392, 0.62992042, 0.617814, 0.60455048, 0.62017787, 0.61272895, 0.60017431, 0.59774554]",3,0,1,1,1,99ec604dc9b63d285e7362ab8949dfa0b1cb3def88256b6ac54dff678d360a0f,4b37a5ed9cfdc71b591d28bacc024e42e8ebe679ab10903583897e072da5c95b,2026-08-06T20:59:01.565805+00:00
Q191,price,T1500,DENSE_BM25_RRF,"['T1500-1806', 'T1500-1805', 'T1500-1941', 'T1500-1810', 'T1500-1813', 'T1500-1938', 'T1500-1809', 'T1500-1873', 'T1500-1814', 'T1500-1948']","[0.7029016, 0.69472104, 0.65825093, 0.63226223, 0.6371606, 0.66393375, 0.62517446, 0.64340854, 0.65041149, 0.65185511]",1,1,1,1,1,153412c3651d27b33bf87760cac0ae1afe053b93d731acd024e987b52f579365,4b37a5ed9cfdc71b591d28bacc024e42e8ebe679ab10903583897e072da5c95b,2026-08-06T20:59:01.571574+00:00
Q192,attribute,T1500,DENSE_BM25_RRF,"['T1500-1225', 'T1500-1226', 'T1500-1224', 'T1500-1227', 'T1500-1793', 'T1500-1223', 'T1500-1784', 'T1500-1788', 'T1500-1017', 'T1500-1110']","[0.66301525, 0.68034613, 0.65821725, 0.64922494, 0.61285156, 0.60873246, 0.60879064, 0.61008322, 0.61249423, 0.61562645]",,0,0,0,0,ccfbbe3e80a2bc50e98dfee9aaaac05ba2cd13ad69f062bbda722f71cdedf4e9,4b37a5ed9cfdc71b591d28bacc024e42e8ebe679ab10903583897e072da5c95b,2026-08-06T20:59:01.583925+00:00
Q193,attribute,T1500,DENSE_BM25_RRF,"['T1500-1604', 'T1500-1598', 'T1500-1602', 'T1500-1605', 'T1500-1599', 'T1500-1601', 'T1500-1642', 'T1500-1537', 'T1500-1623', 'T1500-1591']","[0.6233412, 0.57622552, 0.6209352, 0.57778239, 0.58364928, 0.57430029, 0.5489803, 0.58274806, 0.57259959, 0.55637771]",2,0,1,1,1,f92ae9e9028a81b594e445a6cddca57dedd30484ba53f3504f52631b96f5d198,4b37a5ed9cfdc71b591d28bacc024e42e8ebe679ab10903583897e072da5c95b,2026-08-06T20:59:01.593598+00:00
Q194,price,T1500,DENSE_BM25_RRF,"['T1500-1635', 'T1500-1634', 'T1500-1613', 'T1500-1625', 'T1500-1535', 'T1500-1599', 'T1500-1562', 'T1500-1639', 'T1500-1568', 'T1500-1345']","[0.49788907, 0.48790002, 0.48681861, 0.51526594, 0.51590443, 0.49089366, 0.50042808, 0.487636, 0.48142856, 0.53553677]",1,1,1,1,1,361032195462dbb55a9f1f674cea5e3304ae46f54e59752c751f214ec5bc0730,4b37a5ed9cfdc71b591d28bacc024e42e8ebe679ab10903583897e072da5c95b,2026-08-06T20:59:01.598169+00:00
Q195,attribute,T1500,DENSE_BM25_RRF,"['T1500-0129', 'T1500-0197', 'T1500-0128', 'T1500-0188', 'T1500-0076', 'T1500-0053', 'T1500-1571', 'T1500-0072', 'T1500-0196', 'T1500-0198']","[0.55024886, 0.51036763, 0.49711895, 0.50295758, 0.50692433, 0.48784322, 0.47792003, 0.48999548, 0.49578995, 0.47935998]",1,1,1,1,1,a4dede8f167a5bf5832d2f1c66f466899c46e4a2712cd309e4d5af11d0c2b244,4b37a5ed9cfdc71b591d28bacc024e42e8ebe679ab10903583897e072da5c95b,2026-08-06T20:59:01.605103+00:00
Q196,attribute,T1500,DENSE_BM25_RRF,"['T1500-1622', 'T1500-1643', 'T1500-0097', 'T1500-1538', 'T1500-0036', 'T1500-0068', 'T1500-0076', 'T1500-1613', 'T1500-0085', 'T1500-1642']","[0.63587517, 0.59499454, 0.60443664, 0.62462223, 0.60286337, 0.60230064, 0.59680915, 0.59145343, 0.60016894, 0.57853115]",1,1,1,1,1,12cd0f4e89658a83f2c33333c7c18647c9a79aad04d2122f5536c06d9fc25435,4b37a5ed9cfdc71b591d28bacc024e42e8ebe679ab10903583897e072da5c95b,2026-08-06T20:59:01.614093+00:00
Q197,price,T1500,DENSE_BM25_RRF,"['T1500-1087', 'T1500-1088', 'T1500-1084', 'T1500-1773', 'T1500-1771', 'T1500-1224', 'T1500-1225', 'T1500-1227', 'T1500-1093', 'T1500-1090']","[0.5486781, 0.54328012, 0.52728683, 0.52227193, 0.52695835, 0.50219941, 0.50270414, 0.49725372, 0.51570547, 0.50894034]",2,0,1,1,1,d7b836d5783c7ad5561e8b4e9ecab4c20e50eeadd8cca5d00dfd37d78be18e1a,4b37a5ed9cfdc71b591d28bacc024e42e8ebe679ab10903583897e072da5c95b,2026-08-06T20:59:01.618688+00:00
Q198,attribute,T1500,DENSE_BM25_RRF,"['T1500-0194', 'T1500-0193', 'T1500-0192', 'T1500-0195', 'T1500-1361', 'T1500-1386', 'T1500-1360', 'T1500-0293', 'T1500-0052', 'T1500-0050']","[0.57822669, 0.59562343, 0.54902875, 0.52607429, 0.53583848, 0.54056066, 0.5480994, 0.52323461, 0.53439248, 0.53493935]",1,1,1,1,1,6b3e39b9f1f68bed68a37f11abf5ebf249cc4b407c019ba3898d7b9af6962884,4b37a5ed9cfdc71b591d28bacc024e42e8ebe679ab10903583897e072da5c95b,2026-08-06T20:59:01.626033+00:00
Q199,attribute,T1500,DENSE_BM25_RRF,"['T1500-1236', 'T1500-1237', 'T1500-1235', 'T1500-1239', 'T1500-1245', 'T1500-1247', 'T1500-1238', 'T1500-2017', 'T1500-1246', 'T1500-1066']","[0.6454379, 0.63134515, 0.56736887, 0.56410187, 0.56655556, 0.552315, 0.56456292, 0.56031948, 0.55078155, 0.53397453]",1,1,1,1,1,d25bf94ad957903283aa048c32e3a69fe540905b32397ede56a24313fafe2e77,4b37a5ed9cfdc71b591d28bacc024e42e8ebe679ab10903583897e072da5c95b,2026-08-06T20:59:01.633308+00:00
Q200,attribute,T1500,DENSE_BM25_RRF,"['T1500-1120', 'T1500-1119', 'T1500-1107', 'T1500-1118', 'T1500-1108', 'T1500-1105', 'T1500-1112', 'T1500-1117', 'T1500-0744', 'T1500-1282']","[0.56346661, 0.54877627, 0.56117451, 0.5221383, 0.54683805, 0.53729576, 0.52166116, 0.51197112, 0.52799535, 0.50085765]",2,0,1,1,1,9dd53381e2e1fc9a00eb5e84fe72da5f73f6a61e6a7ebb7c884fdd981394a7fb,4b37a5ed9cfdc71b591d28bacc024e42e8ebe679ab10903583897e072da5c95b,2026-08-06T20:59:01.640955+00:00
Q201,attribute,T1500,DENSE_BM25_RRF,"['T1500-0321', 'T1500-0322', 'T1500-0324', 'T1500-0323', 'T1500-0320', 'T1500-0345', 'T1500-0354', 'T1500-0343', 'T1500-0319', 'T1500-0333']","[0.64664215, 0.64342743, 0.61038804, 0.6165334, 0.61800641, 0.60211849, 0.60767519, 0.58555156, 0.6111477, 0.6067301]",,0,0,0,0,50ab218a07aa3375ce6f3a6ae16cccc925fb441194edda7e4d93ac81c4b446c1,4b37a5ed9cfdc71b591d28bacc024e42e8ebe679ab10903583897e072da5c95b,2026-08-06T20:59:01.648743+00:00
Q202,price,T1500,DENSE_BM25_RRF,"['T1500-1796', 'T1500-1806', 'T1500-1821', 'T1500-1845', 'T1500-1823', 'T1500-1803', 'T1500-1912', 'T1500-1805', 'T1500-1921', 'T1500-1820']","[0.69481134, 0.67642385, 0.6617679, 0.68313801, 0.63969278, 0.652964, 0.66257524, 0.6416347, 0.65976453, 0.66111594]",2,0,1,1,1,be9602af7227908068974d7fcfe13275b0e5ec649f44c39aa96797da7739c363,4b37a5ed9cfdc71b591d28bacc024e42e8ebe679ab10903583897e072da5c95b,2026-08-06T20:59:01.654011+00:00
Q203,price,T1500,DENSE_BM25_RRF,"['T1500-0353', 'T1500-0354', 'T1500-0352', 'T1500-0355', 'T1500-0342', 'T1500-0344', 'T1500-0322', 'T1500-0323', 'T1500-0348', 'T1500-0333']","[0.61073393, 0.59492004, 0.58238137, 0.56877846, 0.58263862, 0.57882214, 0.55445272, 0.55661273, 0.55374944, 0.57756364]",4,0,0,1,1,c28d0482b945d5405048a8dc7d050df1a759b481dca8b720ecd59a97a88a457b,4b37a5ed9cfdc71b591d28bacc024e42e8ebe679ab10903583897e072da5c95b,2026-08-06T20:59:01.660841+00:00
Q204,attribute,T1500,DENSE_BM25_RRF,"['T1500-1949', 'T1500-1952', 'T1500-1948', 'T1500-1951', 'T1500-1954', 'T1500-1022', 'T1500-1955', 'T1500-1023', 'T1500-1025', 'T1500-1029']","[0.71226311, 0.69281799, 0.67376494, 0.68674463, 0.68571395, 0.66434777, 0.68374622, 0.65026855, 0.6532433, 0.6444993]",3,0,1,1,1,b68200a59ce021c14b382a48279823d131664ab1e3941ed8e80ac9cb0f1f8431,4b37a5ed9cfdc71b591d28bacc024e42e8ebe679ab10903583897e072da5c95b,2026-08-06T20:59:01.673353+00:00
Q205,attribute,T1500,DENSE_BM25_RRF,"['T1500-1947', 'T1500-1948', 'T1500-1995', 'T1500-1206', 'T1500-1964', 'T1500-1205', 'T1500-1955', 'T1500-1160', 'T1500-1805', 'T1500-1952']","[0.72031295, 0.63648844, 0.63760161, 0.65060359, 0.63200736, 0.65028763, 0.62685776, 0.63525796, 0.63922417, 0.62101698]",,0,0,0,0,d432d406d385d2fe86c4181b87c235fbacbc83e91b679770d0f3afbfda61283a,4b37a5ed9cfdc71b591d28bacc024e42e8ebe679ab10903583897e072da5c95b,2026-08-06T20:59:01.684463+00:00
Q206,attribute,T1500,DENSE_BM25_RRF,"['T1500-1017', 'T1500-1014', 'T1500-1015', 'T1500-1013', 'T1500-1016', 'T1500-1227', 'T1500-1094', 'T1500-1787', 'T1500-1226', 'T1500-1789']","[0.73864591, 0.72536463, 0.70867056, 0.71284473, 0.69082618, 0.68735027, 0.69306016, 0.64556688, 0.65471065, 0.6466167]",1,1,1,1,1,15fff97d06cb4d5a4cc72f368b86edfac969ed33b425746d04309371844ab48d,4b37a5ed9cfdc71b591d28bacc024e42e8ebe679ab10903583897e072da5c95b,2026-08-06T20:59:01.691320+00:00
Q207,price,T1500,DENSE_BM25_RRF,"['T1500-1367', 'T1500-1369', 'T1500-1357', 'T1500-1366', 'T1500-1348', 'T1500-1353', 'T1500-0294', 'T1500-1356', 'T1500-1347', 'T1500-1361']","[0.58647096, 0.57612455, 0.5644201, 0.5398404, 0.54270083, 0.55257869, 0.56255472, 0.5458228, 0.53261554, 0.53379214]",4,0,0,1,1,b5ed553180767810d3ad0325dc7aff5af11dcda04f5e7fe220e01f000fa3d1fb,4b37a5ed9cfdc71b591d28bacc024e42e8ebe679ab10903583897e072da5c95b,2026-08-06T20:59:01.697261+00:00
Q208,attribute,T1500,DENSE_BM25_RRF,"['T1500-1750', 'T1500-0303', 'T1500-1752', 'T1500-0302', 'T1500-0304', 'T1500-1749', 'T1500-1587', 'T1500-1705', 'T1500-0306', 'T1500-1699']","[0.71809632, 0.71687198, 0.6815542, 0.66292161, 0.65250206, 0.58705133, 0.52753437, 0.53466785, 0.53045893, 0.53695095]",,0,0,0,0,24582c24a9d70709cfd7a3c64b28d92102d91d059cecd27c6a9625f9a1292bf2,4b37a5ed9cfdc71b591d28bacc024e42e8ebe679ab10903583897e072da5c95b,2026-08-06T20:59:01.710711+00:00
Q209,attribute,T1500,DENSE_BM25_RRF,"['T1500-1128', 'T1500-1129', 'T1500-1126', 'T1500-1125', 'T1500-1131', 'T1500-1127', 'T1500-1130', 'T1500-1124', 'T1500-1226', 'T1500-1110']","[0.65425408, 0.6303345, 0.62283319, 0.62984765, 0.62188154, 0.6022265, 0.58539492, 0.60146481, 0.54781038, 0.56397963]",1,1,1,1,1,1ea981605dbe131ddb475bb1d35d18d06eb792a36f20052e265d34897d16724b,4b37a5ed9cfdc71b591d28bacc024e42e8ebe679ab10903583897e072da5c95b,2026-08-06T20:59:01.719300+00:00
Q210,attribute,T1500,DENSE_BM25_RRF,"['T1500-1613', 'T1500-1625', 'T1500-1629', 'T1500-1626', 'T1500-0113', 'T1500-0036', 'T1500-1611', 'T1500-1622', 'T1500-0198', 'T1500-0101']","[0.61582744, 0.63035923, 0.61361295, 0.63073748, 0.60805452, 0.61735725, 0.60802674, 0.61453474, 0.5937947, 0.59639359]",1,1,1,1,1,7ad7de06b8f0741f8f1a3bf5cb527091b49e3d5698a077d3c4bef311075e409c,4b37a5ed9cfdc71b591d28bacc024e42e8ebe679ab10903583897e072da5c95b,2026-08-06T20:59:01.728320+00:00
Q211,attribute,T1500,DENSE_BM25_RRF,"['T1500-1583', 'T1500-1626', 'T1500-0081', 'T1500-0085', 'T1500-1599', 'T1500-0087', 'T1500-0054', 'T1500-1614', 'T1500-0084', 'T1500-1625']","[0.53183091, 0.5189845, 0.50678551, 0.51407063, 0.50759053, 0.50157833, 0.50020111, 0.49950254, 0.50384021, 0.50062257]",3,0,1,1,1,08e62148b1f1234c9c950a3917178da4f5fab591ffc9dff554f600a0d17822ce,4b37a5ed9cfdc71b591d28bacc024e42e8ebe679ab10903583897e072da5c95b,2026-08-06T20:59:01.736419+00:00
Q212,attribute,T1500,DENSE_BM25_RRF,"['T1500-1746', 'T1500-1747', 'T1500-0145', 'T1500-0312', 'T1500-0147', 'T1500-1598', 'T1500-0148', 'T1500-0150', 'T1500-0311', 'T1500-0146']","[0.58079714, 0.54484999, 0.52899081, 0.50656044, 0.51707709, 0.49404097, 0.50215775, 0.48546666, 0.48324394, 0.47789976]",3,0,1,1,1,389162e823cc23d864b07d6d657b0a6a13e48c14e4dc97360bf2f4447e2b6a62,4b37a5ed9cfdc71b591d28bacc024e42e8ebe679ab10903583897e072da5c95b,2026-08-06T20:59:01.744608+00:00
Q213,attribute,T1500,DENSE_BM25_RRF,"['T1500-1232', 'T1500-1231', 'T1500-1228', 'T1500-1229', 'T1500-1233', 'T1500-1230', 'T1500-1234', 'T1500-1173', 'T1500-1174', 'T1500-1182']","[0.7224251, 0.7074151, 0.70206946, 0.69062555, 0.70346427, 0.69645143, 0.67921263, 0.64377487, 0.64319837, 0.64390278]",1,1,1,1,1,15fa11fd69abb1cb341c7d4c7a4bfd626614c66ee6aa905d7d3e186e1a782a30,4b37a5ed9cfdc71b591d28bacc024e42e8ebe679ab10903583897e072da5c95b,2026-08-06T20:59:01.753848+00:00
Q214,attribute,T1500,DENSE_BM25_RRF,"['T1500-1602', 'T1500-1601', 'T1500-1598', 'T1500-1597', 'T1500-1599', 'T1500-1605', 'T1500-1607', 'T1500-1604', 'T1500-1648', 'T1500-1630']","[0.60597825, 0.58472258, 0.57218194, 0.58075583, 0.57166713, 0.54674006, 0.53370476, 0.53147447, 0.54299438, 0.53952712]",4,0,0,1,1,a90b0a8e2ca186eb28ec5b43d52b946cd541d486067a2b81eb7265873475aa94,4b37a5ed9cfdc71b591d28bacc024e42e8ebe679ab10903583897e072da5c95b,2026-08-06T20:59:01.764805+00:00
Q215,attribute,T1500,DENSE_BM25_RRF,"['T1500-0241', 'T1500-0239', 'T1500-0240', 'T1500-0238', 'T1500-0205', 'T1500-1721', 'T1500-1075', 'T1500-0211', 'T1500-2099', 'T1500-2092']","[0.55481803, 0.56706995, 0.56804174, 0.53347528, 0.53367478, 0.50160998, 0.50073564, 0.49877945, 0.53880566, 0.53371602]",1,1,1,1,1,ab7b7855d54983f4522bd5a1dd95f6eaaccb5202aa58f3bb9237869930956b74,4b37a5ed9cfdc71b591d28bacc024e42e8ebe679ab10903583897e072da5c95b,2026-08-06T20:59:01.772297+00:00
Q216,attribute,T1500,DENSE_BM25_RRF,"['T1500-1618', 'T1500-1619', 'T1500-1625', 'T1500-1613', 'T1500-1643', 'T1500-1599', 'T1500-1626', 'T1500-1530', 'T1500-1538', 'T1500-1642']","[0.62571466, 0.59904265, 0.61438572, 0.59402961, 0.59762287, 0.59316784, 0.609712, 0.57518727, 0.59401369, 0.57246709]",6,0,0,0,1,21b656ddc5873369d6ac3c30fbdda9307f698a0dda063bb872bc3b634fd0e9f6,4b37a5ed9cfdc71b591d28bacc024e42e8ebe679ab10903583897e072da5c95b,2026-08-06T20:59:01.779714+00:00
Q217,attribute,T1500,DENSE_BM25_RRF,"['T1500-1571', 'T1500-1542', 'T1500-0070', 'T1500-0092', 'T1500-1627', 'T1500-1591', 'T1500-1611', 'T1500-1537', 'T1500-1646', 'T1500-1590']","[0.5972023, 0.58840263, 0.58959746, 0.59127718, 0.63461339, 0.60020739, 0.58111548, 0.57467425, 0.56873131, 0.57566214]",,0,0,0,0,5505062d463e2de630503bcca13a60cf6d50fb1497625fa168e0cccd971d7d3a,4b37a5ed9cfdc71b591d28bacc024e42e8ebe679ab10903583897e072da5c95b,2026-08-06T20:59:01.786119+00:00
Q218,price,T1500,DENSE_BM25_RRF,"['T1500-1851', 'T1500-1852', 'T1500-1854', 'T1500-1048', 'T1500-1045', 'T1500-1929', 'T1500-1830', 'T1500-1850', 'T1500-1047', 'T1500-1933']","[0.60614347, 0.59154361, 0.56818432, 0.50843561, 0.49841714, 0.51527983, 0.5414241, 0.49811292, 0.49444699, 0.56698942]",4,0,0,1,1,530df9bc1aa2d6d4936ad161d162ee62abafd9607bcbb19afb7a90c2080c9686,4b37a5ed9cfdc71b591d28bacc024e42e8ebe679ab10903583897e072da5c95b,2026-08-06T20:59:01.790408+00:00
Q219,price,T1500,DENSE_BM25_RRF,"['T1500-0341', 'T1500-0344', 'T1500-0354', 'T1500-0342', 'T1500-0323', 'T1500-0337', 'T1500-0336', 'T1500-0345', 'T1500-0321', 'T1500-0352']","[0.63351893, 0.63218558, 0.61957777, 0.63332599, 0.59576863, 0.60281026, 0.59948325, 0.6032114, 0.58486557, 0.5847311]",2,0,1,1,1,15a198265f28c047fecdef71f8372569ea1b7f26f710a416e10fa0b5cdf114a5,4b37a5ed9cfdc71b591d28bacc024e42e8ebe679ab10903583897e072da5c95b,2026-08-06T20:59:01.793551+00:00
Q220,price,T1500,DENSE_BM25_RRF,"['T1500-0992', 'T1500-0993', 'T1500-0994', 'T1500-0991', 'T1500-0997', 'T1500-0995', 'T1500-0996', 'T1500-1004', 'T1500-0990', 'T1500-1000']","[0.68714631, 0.68585086, 0.68677384, 0.67858636, 0.64847827, 0.64609611, 0.64590049, 0.6329729, 0.63591844, 0.63037097]",4,0,0,1,1,220b9e1e4b8e15e1c5cd5867b4f233bdf4f022c2ec5797135c3e6e0a0b033975,4b37a5ed9cfdc71b591d28bacc024e42e8ebe679ab10903583897e072da5c95b,2026-08-06T20:59:01.798879+00:00
Q221,price,T1500,DENSE_BM25_RRF,"['T1500-0834', 'T1500-0835', 'T1500-0832', 'T1500-0836', 'T1500-0823', 'T1500-0826', 'T1500-0824', 'T1500-0822', 'T1500-0828', 'T1500-0825']","[0.65815789, 0.62684762, 0.62283516, 0.57808757, 0.58169335, 0.57100773, 0.58307177, 0.57077539, 0.53720748, 0.56932223]",2,0,1,1,1,54ee2ca749781fd048ac993a487e6e1600fc258eedb0afc2bec15a0155db8d73,4b37a5ed9cfdc71b591d28bacc024e42e8ebe679ab10903583897e072da5c95b,2026-08-06T20:59:01.802395+00:00
Q222,attribute,T1500,DENSE_BM25_RRF,"['T1500-1980', 'T1500-1979', 'T1500-1978', 'T1500-1976', 'T1500-1975', 'T1500-1982', 'T1500-1964', 'T1500-1201', 'T1500-0952', 'T1500-1906']","[0.69325018, 0.68987393, 0.67872238, 0.66845202, 0.67569816, 0.64865959, 0.64367938, 0.62981999, 0.62265801, 0.65051496]",,0,0,0,0,11c63dc600ae6a4726004bea9fc05fcf2fe829ddca3b41921fc5edb476f672b8,4b37a5ed9cfdc71b591d28bacc024e42e8ebe679ab10903583897e072da5c95b,2026-08-06T20:59:01.809745+00:00
Q223,price,T1500,DENSE_BM25_RRF,"['T1500-1838', 'T1500-1836', 'T1500-1835', 'T1500-1345', 'T1500-1339', 'T1500-1327', 'T1500-1722', 'T1500-1344', 'T1500-1341', 'T1500-1832']","[0.47915483, 0.46488637, 0.4472326, 0.47673389, 0.45778874, 0.43365014, 0.43065757, 0.42284116, 0.42293161, 0.47142226]",2,0,1,1,1,6195f45e4149882e9c793b2bc91e36bf5f0ce6859a9b4f3da6d1ec133b87476f,4b37a5ed9cfdc71b591d28bacc024e42e8ebe679ab10903583897e072da5c95b,2026-08-06T20:59:01.813498+00:00
Q224,attribute,T1500,DENSE_BM25_RRF,"['T1500-1988', 'T1500-1982', 'T1500-1985', 'T1500-1983', 'T1500-1986', 'T1500-1234', 'T1500-1317', 'T1500-1233', 'T1500-1957', 'T1500-1321']","[0.61213768, 0.59429049, 0.6055876, 0.63106871, 0.53590691, 0.57088584, 0.31405044, 0.57597011, 0.49954322, 0.29631332]",2,0,1,1,1,befa012ccacd7fab43b55d1121fcb96aed38aad7099aa7a0834d40dee3e4b550,4b37a5ed9cfdc71b591d28bacc024e42e8ebe679ab10903583897e072da5c95b,2026-08-06T20:59:01.818010+00:00
Q225,attribute,T1500,DENSE_BM25_RRF,"['T1500-1689', 'T1500-1695', 'T1500-1678', 'T1500-1449', 'T1500-1318', 'T1500-1755', 'T1500-1673', 'T1500-2064', 'T1500-2061', 'T1500-2088']","[0.55574101, 0.51585519, 0.5098033, 0.50918901, 0.49221474, 0.5143739, 0.47917467, 0.51371115, 0.51359838, 0.42301467]",5,0,0,1,1,b2b50826a13063e4169c90e5b83940226d655999a1e3e20b0c9605c2f4b32966,4b37a5ed9cfdc71b591d28bacc024e42e8ebe679ab10903583897e072da5c95b,2026-08-06T20:59:01.826838+00:00
Q226,price,T1500,DENSE_BM25_RRF,"['T1500-1006', 'T1500-1005', 'T1500-1008', 'T1500-1007', 'T1500-1010', 'T1500-1009', 'T1500-1011', 'T1500-0990', 'T1500-1012', 'T1500-0991']","[0.62430477, 0.61457455, 0.61757362, 0.61131471, 0.61408174, 0.61315608, 0.57680172, 0.56993395, 0.57197338, 0.56175113]",1,1,1,1,1,1d410d42d7f306ddef1dda63128b4ed410ad02a1056b84aa4178074c6e831607,4b37a5ed9cfdc71b591d28bacc024e42e8ebe679ab10903583897e072da5c95b,2026-08-06T20:59:01.832051+00:00
Q227,attribute,T1500,DENSE_BM25_RRF,"['T1500-1954', 'T1500-1032', 'T1500-1033', 'T1500-1027', 'T1500-1948', 'T1500-1952', 'T1500-1951', 'T1500-1026', 'T1500-1028', 'T1500-1955']","[0.70854032, 0.67544162, 0.67141372, 0.65796709, 0.68021703, 0.69145203, 0.6852417, 0.65525234, 0.65545869, 0.67065775]",2,0,1,1,1,b320ec926bbe8e754974d57dfb820db6411c3ba0c70d2225acbf8a9389270259,4b37a5ed9cfdc71b591d28bacc024e42e8ebe679ab10903583897e072da5c95b,2026-08-06T20:59:01.841650+00:00
Q228,attribute,T1500,DENSE_BM25_RRF,"['T1500-1721', 'T1500-1722', 'T1500-0208', 'T1500-0207', 'T1500-0212', 'T1500-0206', 'T1500-0209', 'T1500-1065', 'T1500-0204', 'T1500-1367']","[0.61774385, 0.57270014, 0.57131672, 0.56739479, 0.5403437, 0.56099457, 0.55887198, 0.54546869, 0.52376151, 0.5381]",3,0,1,1,1,835c2730b131ab9b9a8c5be654ebf5d18f5f90f944a60708bf11ec9d729076d5,4b37a5ed9cfdc71b591d28bacc024e42e8ebe679ab10903583897e072da5c95b,2026-08-06T20:59:01.848099+00:00
Q229,attribute,T1500,DENSE_BM25_RRF,"['T1500-1364', 'T1500-0291', 'T1500-0133', 'T1500-1363', 'T1500-0132', 'T1500-0293', 'T1500-0295', 'T1500-0136', 'T1500-0202', 'T1500-0294']","[0.63459694, 0.6159209, 0.62299848, 0.64428496, 0.61237371, 0.60571557, 0.59666157, 0.6080119, 0.59081125, 0.58530378]",,0,0,0,0,4060509329a5a762a92ef76590163b48a91a99281576432ddaf3418db20d23fd,4b37a5ed9cfdc71b591d28bacc024e42e8ebe679ab10903583897e072da5c95b,2026-08-06T20:59:01.855269+00:00
Q230,attribute,T1500,DENSE_BM25_RRF,"['T1500-1954', 'T1500-1029', 'T1500-1025', 'T1500-1032', 'T1500-1955', 'T1500-1952', 'T1500-1951', 'T1500-1031', 'T1500-1024', 'T1500-1948']","[0.68259299, 0.66326123, 0.6638695, 0.65323949, 0.65786749, 0.67634064, 0.6757071, 0.64609444, 0.65410388, 0.66706902]",2,0,1,1,1,c6032ece2b5437dcf9ab19ab7cf2f5410e8ba5197b914aad2f37e659515af830,4b37a5ed9cfdc71b591d28bacc024e42e8ebe679ab10903583897e072da5c95b,2026-08-06T20:59:01.866077+00:00
Q231,price,T1500,DENSE_BM25_RRF,"['T1500-1598', 'T1500-1599', 'T1500-1601', 'T1500-1602', 'T1500-1604', 'T1500-1605', 'T1500-1597', 'T1500-1613', 'T1500-1537', 'T1500-1538']","[0.64264786, 0.634426, 0.66112638, 0.62902814, 0.58117723, 0.60368335, 0.58452404, 0.57689703, 0.57656837, 0.55727828]",1,1,1,1,1,ef6b3d301d90687b741991e0d8f3de1d57d12cf7049203fa6efb23654ba3f776,4b37a5ed9cfdc71b591d28bacc024e42e8ebe679ab10903583897e072da5c95b,2026-08-06T20:59:01.872517+00:00
Q232,attribute,T1500,DENSE_BM25_RRF,"['T1500-1633', 'T1500-1631', 'T1500-1626', 'T1500-1615', 'T1500-1642', 'T1500-1542', 'T1500-1646', 'T1500-1599', 'T1500-0081', 'T1500-1591']","[0.65311158, 0.65134072, 0.59098244, 0.57635891, 0.57854855, 0.56445551, 0.56420934, 0.56754565, 0.58275408, 0.57064664]",8,0,0,0,1,3e4ae7cdd538a47183303b7e8262eafb7968af064bad4fdc162bd84d426fd3ca,4b37a5ed9cfdc71b591d28bacc024e42e8ebe679ab10903583897e072da5c95b,2026-08-06T20:59:01.882399+00:00
Q233,attribute,T1500,DENSE_BM25_RRF,"['T1500-1800', 'T1500-1805', 'T1500-1799', 'T1500-1797', 'T1500-1955', 'T1500-1964', 'T1500-1802', 'T1500-1952', 'T1500-1908', 'T1500-1951']","[0.66121447, 0.65907776, 0.65211499, 0.64212799, 0.65644884, 0.65548646, 0.66074133, 0.63854802, 0.63333988, 0.63416326]",,0,0,0,0,783221339a7f8eee64df5acd42c066ae78261a3a6a70cb8dffc1fc051339d134,4b37a5ed9cfdc71b591d28bacc024e42e8ebe679ab10903583897e072da5c95b,2026-08-06T20:59:01.894651+00:00
Q234,price,T1500,DENSE_BM25_RRF,"['T1500-1260', 'T1500-1259', 'T1500-1851', 'T1500-1852', 'T1500-1257', 'T1500-1859', 'T1500-1854', 'T1500-1861', 'T1500-1056', 'T1500-1255']","[0.63095623, 0.61012429, 0.63553083, 0.61072779, 0.54476953, 0.54143375, 0.55796814, 0.57884365, 0.5189178, 0.51511717]",1,1,1,1,1,32cc73887048e0b83ad1738c5a02a34a9603d0b7f58bb1e281779db6c6c95364,4b37a5ed9cfdc71b591d28bacc024e42e8ebe679ab10903583897e072da5c95b,2026-08-06T20:59:01.899542+00:00
Q235,attribute,T1500,DENSE_BM25_RRF,"['T1500-1364', 'T1500-1363', 'T1500-1361', 'T1500-0138', 'T1500-1360', 'T1500-0137', 'T1500-0139', 'T1500-0292', 'T1500-0091', 'T1500-0293']","[0.63800573, 0.63017726, 0.62614036, 0.63719898, 0.61091757, 0.62941903, 0.63283414, 0.6059655, 0.6139636, 0.60705823]",3,0,1,1,1,73e9af368820ef454c452186c1eb3c9fefa29296665dd28bd6f36f4c2dbf701c,4b37a5ed9cfdc71b591d28bacc024e42e8ebe679ab10903583897e072da5c95b,2026-08-06T20:59:01.906435+00:00
Q236,price,T1500,DENSE_BM25_RRF,"['T1500-0323', 'T1500-0322', 'T1500-0320', 'T1500-0321', 'T1500-0319', 'T1500-0324', 'T1500-0353', 'T1500-0342', 'T1500-0355', 'T1500-0345']","[0.62325037, 0.62680995, 0.62783468, 0.61950457, 0.61959618, 0.58256245, 0.57855618, 0.57584763, 0.57115746, 0.60091382]",1,1,1,1,1,6de5e3809ba19d8f37e028b94c76b2d973caa0f0d0f1723f0e656e237e1a4a9c,4b37a5ed9cfdc71b591d28bacc024e42e8ebe679ab10903583897e072da5c95b,2026-08-06T20:59:01.911225+00:00
Q237,attribute,T1500,DENSE_BM25_RRF,"['T1500-1909', 'T1500-1964', 'T1500-1918', 'T1500-1920', 'T1500-1947', 'T1500-1955', 'T1500-1954', 'T1500-1949', 'T1500-1967', 'T1500-1802']","[0.6502167, 0.64112163, 0.6456278, 0.67302585, 0.65344149, 0.63595223, 0.63255095, 0.61403996, 0.6332407, 0.64098215]",,0,0,0,0,dfae0030807738bb563baf2bb15caffbab84f036aedcbe14c92d1efdf9e0951c,4b37a5ed9cfdc71b591d28bacc024e42e8ebe679ab10903583897e072da5c95b,2026-08-06T20:59:01.920161+00:00
Q238,attribute,T1500,DENSE_BM25_RRF,"['T1500-0016', 'T1500-0015', 'T1500-0014', 'T1500-0018', 'T1500-0019', 'T1500-0017', 'T1500-2096', 'T1500-2088', 'T1500-0304', 'T1500-2097']","[0.59729421, 0.58054566, 0.55397964, 0.54165268, 0.54752684, 0.5196051, 0.54002869, 0.52585971, 0.4966197, 0.50292289]",1,1,1,1,1,7655a3dd139237ea65e91f5fc818e370480b3b355a844a9024f0afe32747108f,4b37a5ed9cfdc71b591d28bacc024e42e8ebe679ab10903583897e072da5c95b,2026-08-06T20:59:01.931391+00:00
Q239,attribute,T1500,DENSE_BM25_RRF,"['T1500-1393', 'T1500-1391', 'T1500-1861', 'T1500-1933', 'T1500-1449', 'T1500-1403', 'T1500-1317', 'T1500-0006', 'T1500-1524', 'T1500-0167']","[0.48633811, 0.48043859, 0.47531143, 0.44276905, 0.49900758, 0.40493405, 0.34719607, 0.26444423, 0.47928926, 0.47674283]",,0,0,0,0,7c9e5713d6240edca97215fa14eb820cf542931a37dd028fecb4c7aef0ab8b13,4b37a5ed9cfdc71b591d28bacc024e42e8ebe679ab10903583897e072da5c95b,2026-08-06T20:59:01.938630+00:00
Q240,price,T1500,DENSE_BM25_RRF,"['T1500-0228', 'T1500-0227', 'T1500-0231', 'T1500-0226', 'T1500-0225', 'T1500-0224', 'T1500-1353', 'T1500-1367', 'T1500-0230', 'T1500-1404']","[0.5850842, 0.49410969, 0.48209167, 0.46200097, 0.46189335, 0.45632541, 0.49285108, 0.48940066, 0.43140793, 0.48576367]",3,0,1,1,1,45bc33147b0ec5f67ef7325568f441bba1fdd3060a452b4b72188102a66a9387,4b37a5ed9cfdc71b591d28bacc024e42e8ebe679ab10903583897e072da5c95b,2026-08-06T20:59:01.943387+00:00
Q241,attribute,T1500,DENSE_BM25_RRF,"['T1500-0117', 'T1500-0116', 'T1500-1405', 'T1500-0183', 'T1500-1391', 'T1500-2092', 'T1500-0182', 'T1500-1390', 'T1500-1526', 'T1500-1406']","[0.62235016, 0.61926544, 0.59902829, 0.55158025, 0.55500877, 0.61531937, 0.53613794, 0.53348315, 0.5247463, 0.52706718]",1,1,1,1,1,c0483b5bf948bfddb77d9f329862d3164eac412eb9c0d2fade3e44f315066be0,4b37a5ed9cfdc71b591d28bacc024e42e8ebe679ab10903583897e072da5c95b,2026-08-06T20:59:01.956579+00:00
Q242,price,T1500,DENSE_BM25_RRF,"['T1500-1800', 'T1500-1908', 'T1500-1805', 'T1500-1803', 'T1500-1873', 'T1500-1917', 'T1500-1802', 'T1500-1964', 'T1500-1796', 'T1500-1975']","[0.70559573, 0.67870474, 0.62701929, 0.63665545, 0.59957683, 0.62123144, 0.62713826, 0.61785614, 0.61429697, 0.63715094]",1,1,1,1,1,27d7a0db131d979925f31c76b343684155434241b53a98d77993bd64911e8169,4b37a5ed9cfdc71b591d28bacc024e42e8ebe679ab10903583897e072da5c95b,2026-08-06T20:59:01.961289+00:00
Q243,attribute,T1500,DENSE_BM25_RRF,"['T1500-0333', 'T1500-0332', 'T1500-0353', 'T1500-0354', 'T1500-0344', 'T1500-0352', 'T1500-0322', 'T1500-0334', 'T1500-0321', 'T1500-0355']","[0.65871954, 0.60265517, 0.56789505, 0.57883424, 0.56222618, 0.56482458, 0.55776584, 0.55078554, 0.55576742, 0.56049681]",,0,0,0,0,06efcda30d556a9c918af2125bfe517801eab6c543335f5afc26000f90d9d11b,4b37a5ed9cfdc71b591d28bacc024e42e8ebe679ab10903583897e072da5c95b,2026-08-06T20:59:01.970313+00:00
Q244,price,T1500,DENSE_BM25_RRF,"['T1500-1348', 'T1500-1352', 'T1500-1357', 'T1500-1353', 'T1500-1356', 'T1500-1383', 'T1500-1367', 'T1500-1355', 'T1500-1347', 'T1500-1351']","[0.5381186, 0.52706689, 0.51437604, 0.50264144, 0.51164353, 0.54407072, 0.50872791, 0.52160633, 0.50191802, 0.51109385]",,0,0,0,0,292e21f05c44497033cb671fda44b1bb4157a7929e102b0e7ccaa064d0ba5e48,4b37a5ed9cfdc71b591d28bacc024e42e8ebe679ab10903583897e072da5c95b,2026-08-06T20:59:01.973540+00:00
Q245,attribute,T1500,DENSE_BM25_RRF,"['T1500-1364', 'T1500-1363', 'T1500-0138', 'T1500-0137', 'T1500-0139', 'T1500-0292', 'T1500-0293', 'T1500-0291', 'T1500-0136', 'T1500-1361']","[0.63301873, 0.62911534, 0.63330764, 0.63556671, 0.63040739, 0.60270095, 0.61526287, 0.59649706, 0.60413754, 0.583305]",1,1,1,1,1,a10f3b475e74f635b5bf544e5466b072b64a10254227eb0fdc5d808333b584ae,4b37a5ed9cfdc71b591d28bacc024e42e8ebe679ab10903583897e072da5c95b,2026-08-06T20:59:01.981372+00:00
Q246,price,T1500,DENSE_BM25_RRF,"['T1500-1567', 'T1500-1565', 'T1500-1533', 'T1500-1560', 'T1500-0040', 'T1500-1621', 'T1500-1558', 'T1500-1583', 'T1500-0025', 'T1500-0041']","[0.64869082, 0.62738585, 0.57306647, 0.55523187, 0.53114974, 0.58042085, 0.55024689, 0.53344327, 0.52324647, 0.51647568]",2,0,1,1,1,48ed2270a5d5a6f7f46acf712a779b9987ac3fcf9bfae82cec079551599b56ea,4b37a5ed9cfdc71b591d28bacc024e42e8ebe679ab10903583897e072da5c95b,2026-08-06T20:59:01.987582+00:00
Q247,attribute,T1500,DENSE_BM25_RRF,"['T1500-0299', 'T1500-1747', 'T1500-0300', 'T1500-1749', 'T1500-0298', 'T1500-1614', 'T1500-0016', 'T1500-0304', 'T1500-0015', 'T1500-1637']","[0.69401336, 0.60165393, 0.68007296, 0.64424646, 0.62168801, 0.54733223, 0.5618583, 0.52942866, 0.54092944, 0.52699089]",6,0,0,0,1,e2b4eeaf2970cee9012f59eb6acb50bacaab5d789ba70ba5989c3f80bf71d9ae,4b37a5ed9cfdc71b591d28bacc024e42e8ebe679ab10903583897e072da5c95b,2026-08-06T20:59:01.997527+00:00
Q248,price,T1500,DENSE_BM25_RRF,"['T1500-0544', 'T1500-0449', 'T1500-0533', 'T1500-0448', 'T1500-0441', 'T1500-0433', 'T1500-0437', 'T1500-0435', 'T1500-0537', 'T1500-0532']","[0.65240771, 0.64946228, 0.65621054, 0.6464532, 0.65189916, 0.64563203, 0.64858747, 0.64440823, 0.64865923, 0.64384937]",1,1,1,1,1,a0c5b5b30899ec865c04588e4683cfe1c5cb85aacbc3aecab3d953c18d719289,4b37a5ed9cfdc71b591d28bacc024e42e8ebe679ab10903583897e072da5c95b,2026-08-06T20:59:02.003964+00:00
Q249,price,T1500,DENSE_BM25_RRF,"['T1500-1845', 'T1500-1844', 'T1500-1911', 'T1500-1796', 'T1500-1912', 'T1500-1945', 'T1500-1906', 'T1500-1807', 'T1500-1806', 'T1500-1598']","[0.62966383, 0.62752962, 0.56614786, 0.56239247, 0.5636065, 0.59432954, 0.55648226, 0.55118263, 0.56248617, 0.37141722]",1,1,1,1,1,16f1cd1a97cb8fcd804f3983ffcc4431c940296b0e9aa8548ca1c3325cc0a85d,4b37a5ed9cfdc71b591d28bacc024e42e8ebe679ab10903583897e072da5c95b,2026-08-06T20:59:02.008361+00:00
Q250,price,T1500,DENSE_BM25_RRF,"['T1500-0993', 'T1500-0992', 'T1500-0994', 'T1500-0991', 'T1500-0997', 'T1500-0996', 'T1500-0995', 'T1500-0990', 'T1500-1004', 'T1500-1002']","[0.68240702, 0.67917871, 0.67983705, 0.6713624, 0.64365792, 0.63944501, 0.63709652, 0.62798977, 0.6237905, 0.62768334]",4,0,0,1,1,c4603fd5979ca02d5a5c7c95024d46fe51bca39c8f992f00c479798480b1abf1,4b37a5ed9cfdc71b591d28bacc024e42e8ebe679ab10903583897e072da5c95b,2026-08-06T20:59:02.015088+00:00
Q251,price,T1500,DENSE_BM25_RRF,"['T1500-1240', 'T1500-1239', 'T1500-1832', 'T1500-1848', 'T1500-1241', 'T1500-0303', 'T1500-1350', 'T1500-0304', 'T1500-1335', 'T1500-0302']","[0.51744938, 0.51435423, 0.51996088, 0.51738322, 0.46787548, 0.39968833, 0.50903577, 0.39243257, 0.50571191, 0.4200778]",1,1,1,1,1,43afbb3375ee95e510d52b270df85b3c886ba4152836f7a4c39ff841daeb4cef,4b37a5ed9cfdc71b591d28bacc024e42e8ebe679ab10903583897e072da5c95b,2026-08-06T20:59:02.018410+00:00
Q252,price,T1500,DENSE_BM25_RRF,"['T1500-0019', 'T1500-0299', 'T1500-0018', 'T1500-1325', 'T1500-0015', 'T1500-0017', 'T1500-0016', 'T1500-0300', 'T1500-1324', 'T1500-1614']","[0.52530205, 0.48463902, 0.48838145, 0.49621767, 0.50083834, 0.511859, 0.49535474, 0.47150293, 0.49041289, 0.46372712]",1,1,1,1,1,c5e071a2d597fc3c343a794c2e9ffb626855f5c5b8d58509680d19cd9dbb9b43,4b37a5ed9cfdc71b591d28bacc024e42e8ebe679ab10903583897e072da5c95b,2026-08-06T20:59:02.023316+00:00
Q253,attribute,T1500,DENSE_BM25_RRF,"['T1500-1625', 'T1500-1627', 'T1500-0073', 'T1500-1571', 'T1500-1591', 'T1500-0072', 'T1500-1626', 'T1500-1590', 'T1500-1611', 'T1500-0188']","[0.5923748, 0.58406895, 0.57427925, 0.56276482, 0.58321261, 0.57248473, 0.57292044, 0.58831334, 0.56839454, 0.5684967]",3,0,1,1,1,8bd32eccd62f03f44dd03b40c2e531aec3f7c0d1c4e905e40b7196a16b9247bb,4b37a5ed9cfdc71b591d28bacc024e42e8ebe679ab10903583897e072da5c95b,2026-08-06T20:59:02.032141+00:00
Q254,attribute,T1500,DENSE_BM25_RRF,"['T1500-0872', 'T1500-0348', 'T1500-0319', 'T1500-0337', 'T1500-0341', 'T1500-0881', 'T1500-0336', 'T1500-0434', 'T1500-0338', 'T1500-0877']","[0.63298714, 0.6310612, 0.6232537, 0.6218667, 0.62243056, 0.63387012, 0.61745346, 0.65437049, 0.59601408, 0.65194404]",2,0,1,1,1,94d8ffd52b45b4e2f2d2bad9a2268ffa3bcf3733fdecebfdf9f6360ce680f0a3,4b37a5ed9cfdc71b591d28bacc024e42e8ebe679ab10903583897e072da5c95b,2026-08-06T20:59:02.037103+00:00
Q255,attribute,T1500,DENSE_BM25_RRF,"['T1500-0341', 'T1500-0343', 'T1500-0342', 'T1500-0354', 'T1500-0355', 'T1500-0344', 'T1500-0322', 'T1500-0321', 'T1500-0881', 'T1500-0323']","[0.65408671, 0.63282377, 0.64560527, 0.63257688, 0.63999689, 0.63152409, 0.62575734, 0.62551641, 0.65004373, 0.63069868]",1,1,1,1,1,403eaa50d364df8c83c7d0b22cc6db5197e7106819068022b6adf7a2a9fdbc1c,4b37a5ed9cfdc71b591d28bacc024e42e8ebe679ab10903583897e072da5c95b,2026-08-06T20:59:02.043827+00:00
Q256,price,T1500,DENSE_BM25_RRF,"['T1500-1222', 'T1500-1221', 'T1500-1065', 'T1500-1223', 'T1500-2017', 'T1500-1238', 'T1500-0987', 'T1500-2014', 'T1500-1195', 'T1500-1066']","[0.63116735, 0.61176634, 0.60030597, 0.6006583, 0.59552914, 0.63306922, 0.58125961, 0.60359609, 0.57693022, 0.55691111]",10,0,0,0,1,5e381f29e44adb7ea0049161a9c4811910131abb00c7c54af78267879c4c54b6,4b37a5ed9cfdc71b591d28bacc024e42e8ebe679ab10903583897e072da5c95b,2026-08-06T20:59:02.049308+00:00
Q257,attribute,T1500,DENSE_BM25_RRF,"['T1500-0846', 'T1500-0843', 'T1500-0856', 'T1500-0844', 'T1500-0857', 'T1500-0851', 'T1500-0859', 'T1500-0845', 'T1500-0842', 'T1500-0861']","[0.67169487, 0.6473614, 0.66089094, 0.63025725, 0.68623078, 0.62820303, 0.66873783, 0.62441361, 0.62484598, 0.6468156]",1,1,1,1,1,74101f53328f8f529b77d4f556daa2602dc83ffd73ab9ab97d85c08100a5782d,4b37a5ed9cfdc71b591d28bacc024e42e8ebe679ab10903583897e072da5c95b,2026-08-06T20:59:02.059401+00:00
Q258,price,T1500,DENSE_BM25_RRF,"['T1500-1222', 'T1500-1065', 'T1500-1221', 'T1500-0987', 'T1500-1238', 'T1500-2017', 'T1500-1223', 'T1500-1066', 'T1500-0986', 'T1500-2014']","[0.64156604, 0.61152726, 0.61342806, 0.58865279, 0.64347762, 0.59602273, 0.60834384, 0.56486821, 0.57057977, 0.61005437]",8,0,0,0,1,fb91a240461776300aa444b8fe491db8a314b273a1446ebdeb430ef94f54262c,4b37a5ed9cfdc71b591d28bacc024e42e8ebe679ab10903583897e072da5c95b,2026-08-06T20:59:02.064880+00:00
Q259,attribute,T1500,DENSE_BM25_RRF,"['T1500-0301', 'T1500-0304', 'T1500-0306', 'T1500-1749', 'T1500-0307', 'T1500-0039', 'T1500-0305', 'T1500-0302', 'T1500-1614', 'T1500-0300']","[0.65054107, 0.5901407, 0.59931934, 0.58648062, 0.61289012, 0.56952393, 0.58442765, 0.55209583, 0.52395928, 0.53431004]",1,1,1,1,1,0baaa0cd0483eb59c7af60edb37d4bfca25556661b647316838e04f7fa274549,4b37a5ed9cfdc71b591d28bacc024e42e8ebe679ab10903583897e072da5c95b,2026-08-06T20:59:02.073572+00:00
Q260,attribute,T1500,DENSE_BM25_RRF,"['T1500-0123', 'T1500-0122', 'T1500-1571', 'T1500-1625', 'T1500-1590', 'T1500-1541', 'T1500-1627', 'T1500-0072', 'T1500-0197', 'T1500-1610']","[0.55593538, 0.54932535, 0.53347361, 0.53307962, 0.54712415, 0.5314399, 0.53029835, 0.53326029, 0.52211088, 0.5065158]",1,1,1,1,1,80442b5f11d82e2ada7df3ecb6c758876d0398ea64914a850e71250c9b83a50b,4b37a5ed9cfdc71b591d28bacc024e42e8ebe679ab10903583897e072da5c95b,2026-08-06T20:59:02.081058+00:00
Q261,price,T1500,DENSE_BM25_RRF,"['T1500-0711', 'T1500-0713', 'T1500-0717', 'T1500-0710', 'T1500-0712', 'T1500-0719', 'T1500-0718', 'T1500-0716', 'T1500-0715', 'T1500-0714']","[0.54751527, 0.54934883, 0.54451478, 0.53465331, 0.53100252, 0.53666341, 0.53597963, 0.53525633, 0.53262758, 0.52860534]",1,1,1,1,1,c9a0770598f1ccc9a71d386043b62ab4329b650761a0304df151dc5be5d336f4,4b37a5ed9cfdc71b591d28bacc024e42e8ebe679ab10903583897e072da5c95b,2026-08-06T20:59:02.086229+00:00
Q262,price,T1500,DENSE_BM25_RRF,"['T1500-1839', 'T1500-1841', 'T1500-1815', 'T1500-1844', 'T1500-1842', 'T1500-1811', 'T1500-1814', 'T1500-1810', 'T1500-1809', 'T1500-1817']","[0.67998075, 0.5749687, 0.55937189, 0.55282891, 0.5381816, 0.55277663, 0.53466368, 0.53131729, 0.52456176, 0.52607995]",1,1,1,1,1,ace406b5f12b72f13f33ba20784bd4d4060df3a071a460406b7fc391ddde99f8,4b37a5ed9cfdc71b591d28bacc024e42e8ebe679ab10903583897e072da5c95b,2026-08-06T20:59:02.090626+00:00
Q263,price,T1500,DENSE_BM25_RRF,"['T1500-1911', 'T1500-1912', 'T1500-1914', 'T1500-1917', 'T1500-1908', 'T1500-1903', 'T1500-1920', 'T1500-1918', 'T1500-1909', 'T1500-1915']","[0.70700634, 0.65193999, 0.63467807, 0.63127089, 0.62096626, 0.63298988, 0.62974501, 0.62268656, 0.61386925, 0.60816735]",1,1,1,1,1,d5b007f625155a246d0fb81a2026e4095b220ebd4b169150915383b3fd7669bf,4b37a5ed9cfdc71b591d28bacc024e42e8ebe679ab10903583897e072da5c95b,2026-08-06T20:59:02.096422+00:00
Q264,price,T1500,DENSE_BM25_RRF,"['T1500-0067', 'T1500-1529', 'T1500-1648', 'T1500-1582', 'T1500-1630', 'T1500-1613', 'T1500-1614', 'T1500-1626', 'T1500-1622', 'T1500-1610']","[0.54474151, 0.52657449, 0.52114093, 0.5015412, 0.51067877, 0.50303316, 0.49995488, 0.50013632, 0.48779678, 0.48540789]",1,1,1,1,1,740408ef8e195cda29a094fa491e9e25d70a2252dfb28919bab209dd146428e6,4b37a5ed9cfdc71b591d28bacc024e42e8ebe679ab10903583897e072da5c95b,2026-08-06T20:59:02.101473+00:00
Q265,price,T1500,DENSE_BM25_RRF,"['T1500-1703', 'T1500-1700', 'T1500-1705', 'T1500-1704', 'T1500-1681', 'T1500-1674', 'T1500-1690', 'T1500-1696', 'T1500-1710', 'T1500-1713']","[0.55399805, 0.55461895, 0.5400368, 0.54335511, 0.53160024, 0.52714974, 0.56489027, 0.51148224, 0.52832311, 0.52779907]",1,1,1,1,1,0a3b5d9135124f741191c48fdd8135f0066b8a9c2d05a9425580c32b2e161050,4b37a5ed9cfdc71b591d28bacc024e42e8ebe679ab10903583897e072da5c95b,2026-08-06T20:59:02.105423+00:00
Q266,attribute,T1500,DENSE_BM25_RRF,"['T1500-1560', 'T1500-1558', 'T1500-1561', 'T1500-1550', 'T1500-1557', 'T1500-1546', 'T1500-1549', 'T1500-1567', 'T1500-1555', 'T1500-0085']","[0.64649713, 0.58253509, 0.52498102, 0.54527783, 0.55055022, 0.52379411, 0.51161891, 0.52334744, 0.52504593, 0.52357757]",1,1,1,1,1,fdcf5428a45bbc17df1c9909172cb26bcdc350fccd3aaf54adee67ca6724b60f,4b37a5ed9cfdc71b591d28bacc024e42e8ebe679ab10903583897e072da5c95b,2026-08-06T20:59:02.114290+00:00
Q267,price,T1500,DENSE_BM25_RRF,"['T1500-1836', 'T1500-1838', 'T1500-0616', 'T1500-1835', 'T1500-0515', 'T1500-0453', 'T1500-0548', 'T1500-0454', 'T1500-0334', 'T1500-0618']","[0.65708721, 0.56980717, 0.51732391, 0.59914505, 0.51718855, 0.47922993, 0.47887215, 0.48097289, 0.49312752, 0.48724544]",2,0,1,1,1,819fb627b2f0b07aa44c0e26a5cf99a153afdbd0803495faacc115700d363a15,4b37a5ed9cfdc71b591d28bacc024e42e8ebe679ab10903583897e072da5c95b,2026-08-06T20:59:02.117796+00:00
Q268,attribute,T1500,DENSE_BM25_RRF,"['T1500-0137', 'T1500-0292', 'T1500-0136', 'T1500-0139', 'T1500-0138', 'T1500-0291', 'T1500-0293', 'T1500-0132', 'T1500-0130', 'T1500-0133']","[0.6674701, 0.65714514, 0.65126127, 0.65423071, 0.6537112, 0.63927186, 0.64770722, 0.63596225, 0.59401822, 0.63117617]",1,1,1,1,1,0f43aa41d9c33eb9a9477a90482d6089aa6b4c2c44f25f98a08f73f536fe1cb4,4b37a5ed9cfdc71b591d28bacc024e42e8ebe679ab10903583897e072da5c95b,2026-08-06T20:59:02.126018+00:00
Q269,attribute,T1500,DENSE_BM25_RRF,"['T1500-1075', 'T1500-1077', 'T1500-1074', 'T1500-1079', 'T1500-1078', 'T1500-1072', 'T1500-1076', 'T1500-1073', 'T1500-1833', 'T1500-0510']","[0.62395597, 0.59552312, 0.59888256, 0.56712782, 0.55910289, 0.54443002, 0.54733682, 0.53144801, 0.53801095, 0.53120112]",1,1,1,1,1,a91f77176181a23ebf42194b9f5a7a5f90f70d7d4176086834e75fa51423dab7,4b37a5ed9cfdc71b591d28bacc024e42e8ebe679ab10903583897e072da5c95b,2026-08-06T20:59:02.134516+00:00
Q270,price,T1500,DENSE_BM25_RRF,"['T1500-1964', 'T1500-1978', 'T1500-1976', 'T1500-1899', 'T1500-1952', 'T1500-1955', 'T1500-1234', 'T1500-1233', 'T1500-1954', 'T1500-1951']","[0.65734994, 0.63437116, 0.66854239, 0.60844004, 0.61176658, 0.60944569, 0.60026145, 0.60676372, 0.60001171, 0.59446162]",2,0,1,1,1,8fa54c6a7716ada95893a4ea51e0aeb2dccc980c5fe7a0e07421c185a808572c,4b37a5ed9cfdc71b591d28bacc024e42e8ebe679ab10903583897e072da5c95b,2026-08-06T20:59:02.139218+00:00
Q271,price,T1500,DENSE_BM25_RRF,"['T1500-1917', 'T1500-1914', 'T1500-1915', 'T1500-1909', 'T1500-1908', 'T1500-1911', 'T1500-1918', 'T1500-1920', 'T1500-1912', 'T1500-1799']","[0.71055901, 0.69981343, 0.70559919, 0.67904752, 0.66617262, 0.67259324, 0.63983727, 0.64116311, 0.63982689, 0.64732003]",2,0,1,1,1,7a00fa0b6d6de4c344a7692c51b3751bf8224f9b1afd7a7ffb8a3ca53e5ea8bc,4b37a5ed9cfdc71b591d28bacc024e42e8ebe679ab10903583897e072da5c95b,2026-08-06T20:59:02.146320+00:00
Q272,attribute,T1500,DENSE_BM25_RRF,"['T1500-0208', 'T1500-0212', 'T1500-0207', 'T1500-0213', 'T1500-0211', 'T1500-0205', 'T1500-0209', 'T1500-1722', 'T1500-1721', 'T1500-0206']","[0.6331352, 0.62050164, 0.61092675, 0.59981692, 0.59928459, 0.60330003, 0.61862981, 0.58195913, 0.56496644, 0.58392906]",1,1,1,1,1,37a267cb181928f198fdc6010ac3ae0e2eb35ccb110546382eb21187727b142f,4b37a5ed9cfdc71b591d28bacc024e42e8ebe679ab10903583897e072da5c95b,2026-08-06T20:59:02.152695+00:00
Q273,attribute,T1500,DENSE_BM25_RRF,"['T1500-0308', 'T1500-0039', 'T1500-0305', 'T1500-0304', 'T1500-0306', 'T1500-0307', 'T1500-0301', 'T1500-0302', 'T1500-0040', 'T1500-0027']","[0.61755663, 0.56753671, 0.5597769, 0.56606758, 0.55740935, 0.55409908, 0.5353595, 0.52950543, 0.52779245, 0.51240855]",1,1,1,1,1,a0fdac8e6b66fd11c504a249b6333654b5de684320e0883d497afc35b253a00b,4b37a5ed9cfdc71b591d28bacc024e42e8ebe679ab10903583897e072da5c95b,2026-08-06T20:59:02.160541+00:00
Q274,attribute,T1500,DENSE_BM25_RRF,"['T1500-1643', 'T1500-1642', 'T1500-1647', 'T1500-1646', 'T1500-1538', 'T1500-1613', 'T1500-1622', 'T1500-1648', 'T1500-0097', 'T1500-0128']","[0.68220288, 0.65444684, 0.65241098, 0.65170324, 0.62722957, 0.62420863, 0.63036227, 0.64045954, 0.62515569, 0.65326822]",1,1,1,1,1,f9156061b97e32df72e2c68595f2a7ac72902b91b5c5b3f5b3d11934dbf61c3e,4b37a5ed9cfdc71b591d28bacc024e42e8ebe679ab10903583897e072da5c95b,2026-08-06T20:59:02.169079+00:00
Q275,price,T1500,DENSE_BM25_RRF,"['T1500-1128', 'T1500-1129', 'T1500-1126', 'T1500-1125', 'T1500-1971', 'T1500-1773', 'T1500-1776', 'T1500-1791', 'T1500-1775', 'T1500-0279']","[0.56574869, 0.56235516, 0.55511653, 0.54752314, 0.61806035, 0.61725283, 0.5986551, 0.59217715, 0.58997333, 0.36435974]",4,0,0,1,1,9737acf704628a2f7910cb2953288465e15ae2c1a40d597c506dc2414bae66e9,4b37a5ed9cfdc71b591d28bacc024e42e8ebe679ab10903583897e072da5c95b,2026-08-06T20:59:02.172407+00:00
Q276,attribute,T1500,DENSE_BM25_RRF,"['T1500-1802', 'T1500-1964', 'T1500-1805', 'T1500-1975', 'T1500-1800', 'T1500-1955', 'T1500-1799', 'T1500-1803', 'T1500-1796', 'T1500-1948']","[0.68605834, 0.65671206, 0.6562627, 0.66598892, 0.64702266, 0.64942664, 0.63393784, 0.68243283, 0.66237068, 0.63381922]",9,0,0,0,1,132f92928a4be4ad7b0006f21a58ab338e79fead18762c74f164ff152693cae0,4b37a5ed9cfdc71b591d28bacc024e42e8ebe679ab10903583897e072da5c95b,2026-08-06T20:59:02.181929+00:00
Q277,attribute,T1500,DENSE_BM25_RRF,"['T1500-1549', 'T1500-1557', 'T1500-1558', 'T1500-1553', 'T1500-1550', 'T1500-1547', 'T1500-1546', 'T1500-1551', 'T1500-1554', 'T1500-1560']","[0.60064846, 0.5929361, 0.57781029, 0.56991524, 0.57084048, 0.55745673, 0.53148746, 0.50940895, 0.4931871, 0.50330377]",1,1,1,1,1,336f42ef78790de6c0651bc7439b5ebe47d8499bf3be8c36c209323ba3e9f681,4b37a5ed9cfdc71b591d28bacc024e42e8ebe679ab10903583897e072da5c95b,2026-08-06T20:59:02.192837+00:00
Q278,price,T1500,DENSE_BM25_RRF,"['T1500-1930', 'T1500-1929', 'T1500-1932', 'T1500-1367', 'T1500-1366', 'T1500-1448', 'T1500-1391', 'T1500-1390', 'T1500-1449', 'T1500-1369']","[0.52082026, 0.50748765, 0.4820025, 0.48972231, 0.44452894, 0.45163727, 0.49872449, 0.50021261, 0.45878494, 0.4351953]",2,0,1,1,1,caec35fb36541551fbe63bfd3887a5d06e09f7e2c5ced31a4e29e31ed6bfff05,4b37a5ed9cfdc71b591d28bacc024e42e8ebe679ab10903583897e072da5c95b,2026-08-06T20:59:02.199691+00:00
Q279,price,T1500,DENSE_BM25_RRF,"['T1500-1216', 'T1500-1217', 'T1500-1218', 'T1500-1215', 'T1500-1965', 'T1500-1201', 'T1500-1967', 'T1500-1219', 'T1500-1964', 'T1500-1958']","[0.65517032, 0.6167239, 0.57671642, 0.57427502, 0.60899603, 0.57305419, 0.61123794, 0.58210027, 0.603724, 0.56745154]",1,1,1,1,1,63250b987b9de8ee1b4f551ec01098016e83ccda1bbe03cc89ed96bdbfe4013b,4b37a5ed9cfdc71b591d28bacc024e42e8ebe679ab10903583897e072da5c95b,2026-08-06T20:59:02.215587+00:00
Q280,price,T1500,DENSE_BM25_RRF,"['T1500-0027', 'T1500-0026', 'T1500-0029', 'T1500-0025', 'T1500-0039', 'T1500-0028', 'T1500-0040', 'T1500-0030', 'T1500-0306', 'T1500-0301']","[0.59554136, 0.56963706, 0.52488625, 0.52638948, 0.52737051, 0.5356344, 0.5164842, 0.50073123, 0.48958144, 0.48472029]",2,0,1,1,1,bb072e1755fa0687729aba0cad1d6595a44466c5018f98c527c8b90c8fd85d4e,4b37a5ed9cfdc71b591d28bacc024e42e8ebe679ab10903583897e072da5c95b,2026-08-06T20:59:02.222355+00:00
Q281,price,T1500,DENSE_BM25_RRF,"['T1500-1131', 'T1500-1129', 'T1500-1130', 'T1500-1773', 'T1500-1791', 'T1500-1971', 'T1500-0279', 'T1500-0280', 'T1500-1776', 'T1500-0278']","[0.60616797, 0.60918224, 0.55229032, 0.61808932, 0.61080372, 0.61010933, 0.38020945, 0.36640579, 0.6021086, 0.3770664]",1,1,1,1,1,7a590a367bd7ed4ea4a85cd46c1d514d05bd622554a9c7261489e330f5164334,4b37a5ed9cfdc71b591d28bacc024e42e8ebe679ab10903583897e072da5c95b,2026-08-06T20:59:02.225416+00:00
Q282,attribute,T1500,DENSE_BM25_RRF,"['T1500-0229', 'T1500-0227', 'T1500-0230', 'T1500-0232', 'T1500-0226', 'T1500-0224', 'T1500-0228', 'T1500-0233', 'T1500-0225', 'T1500-0231']","[0.55089217, 0.55778962, 0.54422355, 0.52768135, 0.53292727, 0.52557868, 0.52486992, 0.50655967, 0.50460875, 0.47499382]",1,1,1,1,1,eab64e4a55fd9b7f9031841abf5ea74547f0bc2462f3bb8c239c50eee07b0ef0,4b37a5ed9cfdc71b591d28bacc024e42e8ebe679ab10903583897e072da5c95b,2026-08-06T20:59:02.233571+00:00
Q283,price,T1500,DENSE_BM25_RRF,"['T1500-1048', 'T1500-1055', 'T1500-1848', 'T1500-1859', 'T1500-1051', 'T1500-1933', 'T1500-1057', 'T1500-1832', 'T1500-1049', 'T1500-1056']","[0.50204539, 0.4654102, 0.53033108, 0.52684176, 0.4270404, 0.52681476, 0.44393274, 0.5154596, 0.4189055, 0.42727411]",1,1,1,1,1,9052bef2c0ffe1476a0a0008b121b868b254e3665e79bedb8bd208769cd99155,4b37a5ed9cfdc71b591d28bacc024e42e8ebe679ab10903583897e072da5c95b,2026-08-06T20:59:02.240099+00:00
Q284,attribute,T1500,DENSE_BM25_RRF,"['T1500-1236', 'T1500-1237', 'T1500-1235', 'T1500-1239', 'T1500-1247', 'T1500-1246', 'T1500-1241', 'T1500-1245', 'T1500-1243', 'T1500-1067']","[0.65350521, 0.64783776, 0.58348829, 0.56512308, 0.54365349, 0.53841704, 0.53113532, 0.53468561, 0.52468151, 0.52446115]",,0,0,0,0,89410a439a63026dbbf8cb77a29d3f17213763ca5087c731bd38a3e9681a6291,4b37a5ed9cfdc71b591d28bacc024e42e8ebe679ab10903583897e072da5c95b,2026-08-06T20:59:02.248612+00:00
Q285,price,T1500,DENSE_BM25_RRF,"['T1500-1017', 'T1500-1015', 'T1500-1014', 'T1500-1227', 'T1500-1787', 'T1500-1016', 'T1500-1784', 'T1500-1013', 'T1500-1974', 'T1500-1789']","[0.64453733, 0.62449968, 0.62636358, 0.61450958, 0.60500574, 0.59647167, 0.60497689, 0.63442516, 0.62309933, 0.59988785]",2,0,1,1,1,34a82774337e36c9c98a01de5e77f640740dcd6d1e5f1434b120ffe013a273b2,4b37a5ed9cfdc71b591d28bacc024e42e8ebe679ab10903583897e072da5c95b,2026-08-06T20:59:02.251948+00:00
Q286,attribute,T1500,DENSE_BM25_RRF,"['T1500-0107', 'T1500-0037', 'T1500-0088', 'T1500-1611', 'T1500-0069', 'T1500-1602', 'T1500-0070', 'T1500-0038', 'T1500-2096', 'T1500-0062']","[0.54712588, 0.53402632, 0.52061272, 0.52672154, 0.52565998, 0.5095247, 0.53212672, 0.51204467, 0.55649042, 0.51261771]",1,1,1,1,1,beb6144faaaca18075a5c2d3c53c63cd7bec0bd1d3e980fd6e478bb41ebba916,4b37a5ed9cfdc71b591d28bacc024e42e8ebe679ab10903583897e072da5c95b,2026-08-06T20:59:02.259577+00:00
Q287,price,T1500,DENSE_BM25_RRF,"['T1500-1820', 'T1500-1802', 'T1500-1805', 'T1500-1803', 'T1500-1952', 'T1500-1229', 'T1500-1232', 'T1500-1920', 'T1500-1955', 'T1500-1976']","[0.50505108, 0.49289668, 0.49892807, 0.47628132, 0.46882349, 0.47578338, 0.4767471, 0.50548112, 0.45587695, 0.4992696]",1,1,1,1,1,bc0e8a15739220c027609087799c8367b9ca72320652b9186c6ebc35ef719cda,4b37a5ed9cfdc71b591d28bacc024e42e8ebe679ab10903583897e072da5c95b,2026-08-06T20:59:02.264629+00:00
Q288,price,T1500,DENSE_BM25_RRF,"['T1500-1043', 'T1500-1040', 'T1500-1942', 'T1500-1034', 'T1500-1155', 'T1500-1002', 'T1500-1001', 'T1500-1156', 'T1500-1800', 'T1500-1967']","[0.59998834, 0.60375321, 0.6210441, 0.60394537, 0.60679162, 0.60864437, 0.60449123, 0.61230606, 0.61809933, 0.61492264]",1,1,1,1,1,10092b1bc6528066a01541de3f9ebc262d93f7455ddad63d72523adeebb3b4a1,4b37a5ed9cfdc71b591d28bacc024e42e8ebe679ab10903583897e072da5c95b,2026-08-06T20:59:02.271020+00:00
Q289,price,T1500,DENSE_BM25_RRF,"['T1500-0354', 'T1500-0352', 'T1500-0353', 'T1500-0355', 'T1500-0493', 'T1500-0348', 'T1500-0341', 'T1500-0334', 'T1500-0323', 'T1500-0333']","[0.6591472, 0.65341628, 0.66542274, 0.63914645, 0.59453231, 0.60408193, 0.57995814, 0.5895834, 0.58444059, 0.61259526]",1,1,1,1,1,00f1b94cbfc23a7b13064bbb776dea8d514b7cb9f249ac7a1870c4d1e18b5894,4b37a5ed9cfdc71b591d28bacc024e42e8ebe679ab10903583897e072da5c95b,2026-08-06T20:59:02.276079+00:00
Q290,attribute,T1500,DENSE_BM25_RRF,"['T1500-1598', 'T1500-1599', 'T1500-1601', 'T1500-1602', 'T1500-1604', 'T1500-1597', 'T1500-1605', 'T1500-1537', 'T1500-1538', 'T1500-1613']","[0.66239464, 0.59953058, 0.59510267, 0.57065928, 0.53007078, 0.58246326, 0.54567218, 0.51561987, 0.51625836, 0.51833797]",1,1,1,1,1,b52c90f4066d3585bee5b59e229f02eca4e7b3e6494e552d76556a033c59f268,4b37a5ed9cfdc71b591d28bacc024e42e8ebe679ab10903583897e072da5c95b,2026-08-06T20:59:02.285993+00:00
Q291,price,T1500,DENSE_BM25_RRF,"['T1500-1629', 'T1500-1630', 'T1500-0085', 'T1500-1626', 'T1500-0054', 'T1500-1642', 'T1500-1613', 'T1500-1643', 'T1500-1539', 'T1500-1583']","[0.6402086, 0.60754633, 0.59881735, 0.61799395, 0.57226533, 0.57860792, 0.5638324, 0.58484745, 0.60506755, 0.57582808]",1,1,1,1,1,cfad673ba521cb9687239182c38ddedd2e87561a3bea651cff011ae441b08582,4b37a5ed9cfdc71b591d28bacc024e42e8ebe679ab10903583897e072da5c95b,2026-08-06T20:59:02.291428+00:00
Q292,price,T1500,DENSE_BM25_RRF,"['T1500-1803', 'T1500-1905', 'T1500-1796', 'T1500-1903', 'T1500-1912', 'T1500-1964', 'T1500-1995', 'T1500-1914', 'T1500-1911', 'T1500-1805']","[0.63097262, 0.62243026, 0.61020082, 0.60524559, 0.60470414, 0.6245088, 0.6094476, 0.593822, 0.59809506, 0.61329508]",4,0,0,1,1,4cb9630f7df18d529ef45091646eeac1770621a19e98fae447f2322ec3e3fdcd,4b37a5ed9cfdc71b591d28bacc024e42e8ebe679ab10903583897e072da5c95b,2026-08-06T20:59:02.296108+00:00
Q293,price,T1500,DENSE_BM25_RRF,"['T1500-1090', 'T1500-1091', 'T1500-1092', 'T1500-1094', 'T1500-1093', 'T1500-1017', 'T1500-1227', 'T1500-1226', 'T1500-1013', 'T1500-1787']","[0.6644311, 0.65845913, 0.6498602, 0.65563691, 0.6333729, 0.65419078, 0.63916838, 0.61012864, 0.64595509, 0.60132933]",1,1,1,1,1,a044b376b4ba34dc99b3ef524a16930e67a495e7078cce422ed916bd354cdf12,4b37a5ed9cfdc71b591d28bacc024e42e8ebe679ab10903583897e072da5c95b,2026-08-06T20:59:02.300428+00:00
Q294,attribute,T1500,DENSE_BM25_RRF,"['T1500-0091', 'T1500-0093', 'T1500-0092', 'T1500-0094', 'T1500-0095', 'T1500-0096', 'T1500-1571', 'T1500-1590', 'T1500-1541', 'T1500-1542']","[0.5932039, 0.55875695, 0.58284831, 0.54815447, 0.51166284, 0.5775826, 0.46524307, 0.46010995, 0.46221501, 0.46633017]",1,1,1,1,1,ab8cba48bd7ab433f9b9f795df6227abb8d98e7743281943769a0a4ae1dd6d3f,4b37a5ed9cfdc71b591d28bacc024e42e8ebe679ab10903583897e072da5c95b,2026-08-06T20:59:02.308716+00:00
Q295,attribute,T1500,DENSE_BM25_RRF,"['T1500-1226', 'T1500-1225', 'T1500-1227', 'T1500-1224', 'T1500-1793', 'T1500-1791', 'T1500-1784', 'T1500-1789', 'T1500-1017', 'T1500-1788']","[0.71764725, 0.69690877, 0.70298815, 0.69109285, 0.65722013, 0.65448451, 0.64578038, 0.64787358, 0.64474839, 0.64149785]",1,1,1,1,1,62437b0827404e711f5ff48a3449b1e63b2e2f5d191ac65742dc1de43f6cf538,4b37a5ed9cfdc71b591d28bacc024e42e8ebe679ab10903583897e072da5c95b,2026-08-06T20:59:02.327492+00:00
Q296,price,T1500,DENSE_BM25_RRF,"['T1500-1933', 'T1500-1057', 'T1500-1854', 'T1500-1741', 'T1500-1769', 'T1500-1367', 'T1500-1771', 'T1500-1206', 'T1500-1773', 'T1500-1909']","[0.54151005, 0.45641342, 0.52537566, 0.38227251, 0.52144033, 0.38268825, 0.52126098, 0.43574852, 0.51836073, 0.45628309]",3,0,1,1,1,fa2d1c8aa56c8fa5bbd10c1f9db9af1ed6da864e9d46cada3212f48db1fb9118,4b37a5ed9cfdc71b591d28bacc024e42e8ebe679ab10903583897e072da5c95b,2026-08-06T20:59:02.331651+00:00
Q297,attribute,T1500,DENSE_BM25_RRF,"['T1500-1586', 'T1500-1583', 'T1500-1584', 'T1500-0073', 'T1500-0085', 'T1500-1599', 'T1500-1614', 'T1500-0084', 'T1500-1626', 'T1500-0082']","[0.60451585, 0.54696226, 0.60049999, 0.49296576, 0.53339851, 0.48068717, 0.4848662, 0.47954625, 0.48031047, 0.47899586]",4,0,0,1,1,7a560e17e0bafcc6c3a5c9da384cbd162f4c4477102ad252abd092c80148af67,4b37a5ed9cfdc71b591d28bacc024e42e8ebe679ab10903583897e072da5c95b,2026-08-06T20:59:02.339475+00:00
Q298,price,T1500,DENSE_BM25_RRF,"['T1500-1061', 'T1500-1062', 'T1500-1059', 'T1500-1191', 'T1500-1952', 'T1500-1803', 'T1500-1168', 'T1500-1976', 'T1500-1169', 'T1500-1951']","[0.68528736, 0.68154305, 0.63756692, 0.6131621, 0.67016542, 0.66833997, 0.58359206, 0.66324562, 0.57494187, 0.66180837]",2,0,1,1,1,0d407309c6981d7e3af28760f5ef1910dbb69a64848985a93d8209f01a84da1a,4b37a5ed9cfdc71b591d28bacc024e42e8ebe679ab10903583897e072da5c95b,2026-08-06T20:59:02.346148+00:00
Q299,attribute,T1500,DENSE_BM25_RRF,"['T1500-0122', 'T1500-0191', 'T1500-1570', 'T1500-0067', 'T1500-1568', 'T1500-0096', 'T1500-1648', 'T1500-0120', 'T1500-0190', 'T1500-1622']","[0.59315073, 0.57685399, 0.57337952, 0.58007538, 0.54451412, 0.55718893, 0.55538011, 0.59331095, 0.53641272, 0.53110558]",8,0,0,0,1,83c75edc61b4da92bcc2228aee4f739eac5a1039c5d860ccba1c2a0846b1a79c,4b37a5ed9cfdc71b591d28bacc024e42e8ebe679ab10903583897e072da5c95b,2026-08-06T20:59:02.354313+00:00
Q300,attribute,T1500,DENSE_BM25_RRF,"['T1500-1599', 'T1500-1214', 'T1500-1449', 'T1500-1730', 'T1500-1598', 'T1500-1371', 'T1500-1373', 'T1500-1732', 'T1500-1366', 'T1500-1383']","[0.56037873, 0.53771704, 0.55678058, 0.54097384, 0.53702247, 0.5524174, 0.57267457, 0.50102663, 0.57230967, 0.56860447]",1,1,1,1,1,05bfeac807835d1bab09976561c36b14b2271171a6e1656a304bd3456a260e84,4b37a5ed9cfdc71b591d28bacc024e42e8ebe679ab10903583897e072da5c95b,2026-08-06T20:59:02.361793+00:00
Q301,attribute,T1500,DENSE_BM25_RRF,"['T1500-1985', 'T1500-1982', 'T1500-1983', 'T1500-1988', 'T1500-1986', 'T1500-0969', 'T1500-0998', 'T1500-1803', 'T1500-1000', 'T1500-1881']","[0.65827537, 0.6031971, 0.6118269, 0.60411882, 0.54569542, 0.53517675, 0.53491408, 0.53554964, 0.53419065, 0.47432345]",1,1,1,1,1,9adc9d73e8d3e67c5d64ed666b719c8d6255e7c38514c006cb946f92e1cbb19b,4b37a5ed9cfdc71b591d28bacc024e42e8ebe679ab10903583897e072da5c95b,2026-08-06T20:59:02.369088+00:00
Q302,price,T1500,DENSE_BM25_RRF,"['T1500-1941', 'T1500-1938', 'T1500-1939', 'T1500-1942', 'T1500-1806', 'T1500-1841', 'T1500-1814', 'T1500-1809', 'T1500-1815', 'T1500-1813']","[0.69302583, 0.66054595, 0.64384574, 0.63633072, 0.59862614, 0.61350393, 0.6091646, 0.57482696, 0.61190701, 0.5822261]",1,1,1,1,1,27129bc48922808a25522f9c2c051ca47ad0c4fa265cd68fe9b87051c071b7cd,4b37a5ed9cfdc71b591d28bacc024e42e8ebe679ab10903583897e072da5c95b,2026-08-06T20:59:02.375821+00:00
Q303,price,T1500,DENSE_BM25_RRF,"['T1500-0949', 'T1500-1965', 'T1500-0950', 'T1500-1964', 'T1500-0948', 'T1500-0942', 'T1500-0945', 'T1500-0946', 'T1500-0940', 'T1500-0959']","[0.64755142, 0.65064108, 0.65031242, 0.66196436, 0.63682765, 0.64350414, 0.62960154, 0.63902164, 0.63949251, 0.62644178]",3,0,1,1,1,b28399772c1cd2b98767a69d8e2f193a4dbd1b060f92ac59a6e6ddc3eb0d735a,4b37a5ed9cfdc71b591d28bacc024e42e8ebe679ab10903583897e072da5c95b,2026-08-06T20:59:02.386059+00:00
Q304,attribute,T1500,DENSE_BM25_RRF,"['T1500-1089', 'T1500-1227', 'T1500-1087', 'T1500-1226', 'T1500-1088', 'T1500-1295', 'T1500-1225', 'T1500-1224', 'T1500-1086', 'T1500-1767']","[0.53570378, 0.53181839, 0.51133072, 0.51705581, 0.49464864, 0.51146883, 0.50051612, 0.49770737, 0.50947458, 0.50957239]",,0,0,0,0,fa025cffbdb14ff7f7a7900382eeba9ce4f5ced11f2091590e7fd3845f4e18d7,4b37a5ed9cfdc71b591d28bacc024e42e8ebe679ab10903583897e072da5c95b,2026-08-06T20:59:02.393583+00:00
Q305,price,T1500,DENSE_BM25_RRF,"['T1500-1339', 'T1500-2069', 'T1500-0010', 'T1500-2067', 'T1500-2072', 'T1500-2051', 'T1500-1336', 'T1500-1688', 'T1500-1693', 'T1500-2064']","[0.63025856, 0.65027404, 0.60792065, 0.58423573, 0.57054365, 0.57226217, 0.56255293, 0.55159366, 0.56607866, 0.58370852]",5,0,0,1,1,a1a31e76f97a7166331b43035215009c80146da2f64e577bb888954e4db5a770,4b37a5ed9cfdc71b591d28bacc024e42e8ebe679ab10903583897e072da5c95b,2026-08-06T20:59:02.396255+00:00
Q306,price,T1500,DENSE_BM25_RRF,"['T1500-0081', 'T1500-1626', 'T1500-0072', 'T1500-0129', 'T1500-1602', 'T1500-0197', 'T1500-1573', 'T1500-1542', 'T1500-1646', 'T1500-1592']","[0.58089459, 0.53930861, 0.52269644, 0.52885646, 0.5115881, 0.5130614, 0.5157038, 0.50582433, 0.51039791, 0.52172977]",1,1,1,1,1,f4e4689838bd128860c85df76280d33ff2b31b72c141d4fb6cb19baa72684948,4b37a5ed9cfdc71b591d28bacc024e42e8ebe679ab10903583897e072da5c95b,2026-08-06T20:59:02.401793+00:00
Q307,attribute,T1500,DENSE_BM25_RRF,"['T1500-1094', 'T1500-1092', 'T1500-1093', 'T1500-1091', 'T1500-1090', 'T1500-1227', 'T1500-1017', 'T1500-1787', 'T1500-1226', 'T1500-1013']","[0.64534736, 0.64731419, 0.62012923, 0.62495053, 0.61745292, 0.59722805, 0.59225607, 0.56668556, 0.57975703, 0.58365196]",,0,0,0,0,be1c9bdf7de3cd53c6050971d0de81f26069ea1ad4817d5b756e4a2a57fb28f7,4b37a5ed9cfdc71b591d28bacc024e42e8ebe679ab10903583897e072da5c95b,2026-08-06T20:59:02.409011+00:00
Q308,attribute,T1500,DENSE_BM25_RRF,"['T1500-1023', 'T1500-1955', 'T1500-1951', 'T1500-1954', 'T1500-1952', 'T1500-1025', 'T1500-1029', 'T1500-1032', 'T1500-1028', 'T1500-1026']","[0.68322444, 0.67488903, 0.69321096, 0.6810745, 0.69193977, 0.67374599, 0.65363991, 0.65081441, 0.65095317, 0.65757561]",1,1,1,1,1,0872355f642db69b0c876f9034820dcf8067dc91d8f14332347d0754372f26f8,4b37a5ed9cfdc71b591d28bacc024e42e8ebe679ab10903583897e072da5c95b,2026-08-06T20:59:02.420264+00:00
Q309,price,T1500,DENSE_BM25_RRF,"['T1500-1842', 'T1500-1813', 'T1500-1841', 'T1500-1814', 'T1500-1844', 'T1500-1810', 'T1500-1811', 'T1500-1815', 'T1500-1939', 'T1500-1938']","[0.69404286, 0.5982877, 0.56249988, 0.5952841, 0.5614512, 0.51539916, 0.53597003, 0.50349653, 0.52324313, 0.51236218]",1,1,1,1,1,58dd5c49d6c70e674e8c60006885bf01211c998a0fb11e1ef6f1906330a1b5f2,4b37a5ed9cfdc71b591d28bacc024e42e8ebe679ab10903583897e072da5c95b,2026-08-06T20:59:02.426411+00:00
Q310,price,T1500,DENSE_BM25_RRF,"['T1500-0095', 'T1500-1560', 'T1500-1637', 'T1500-1638', 'T1500-1550', 'T1500-1557', 'T1500-1617', 'T1500-1555', 'T1500-0094', 'T1500-1568']","[0.47724426, 0.46758384, 0.4591966, 0.527574, 0.48562595, 0.47597039, 0.4463802, 0.46324879, 0.43348998, 0.43814358]",3,0,1,1,1,2822552af09f2546d4435c96492cfac279367209cb213eaf3a5a6cc440c330d9,4b37a5ed9cfdc71b591d28bacc024e42e8ebe679ab10903583897e072da5c95b,2026-08-06T20:59:02.430375+00:00
Q311,price,T1500,DENSE_BM25_RRF,"['T1500-1607', 'T1500-1608', 'T1500-1610', 'T1500-1534', 'T1500-1646', 'T1500-1622', 'T1500-1535', 'T1500-0069', 'T1500-1642', 'T1500-1630']","[0.64832765, 0.60347146, 0.59451306, 0.61886239, 0.57127333, 0.59269273, 0.57855511, 0.56690109, 0.56311977, 0.58702791]",1,1,1,1,1,2d0091b72360793485e397b3b7470b6b496c91dbc89ab536559f27b4074e4927,4b37a5ed9cfdc71b591d28bacc024e42e8ebe679ab10903583897e072da5c95b,2026-08-06T20:59:02.437199+00:00
Q312,price,T1500,DENSE_BM25_RRF,"['T1500-1835', 'T1500-1614', 'T1500-1699', 'T1500-1270', 'T1500-1335', 'T1500-1271', 'T1500-1677', 'T1500-1065', 'T1500-1688', 'T1500-1116']","[0.51034749, 0.50789011, 0.53704792, 0.47841853, 0.53603262, 0.45519453, 0.53165352, 0.45885572, 0.53155208, 0.41651171]",4,0,0,1,1,1f209d8c4d9c038cc58a39be08b732353ed7bafe4bfea75203ff9b9b9370143e,4b37a5ed9cfdc71b591d28bacc024e42e8ebe679ab10903583897e072da5c95b,2026-08-06T20:59:02.441590+00:00
Q313,price,T1500,DENSE_BM25_RRF,"['T1500-1098', 'T1500-1964', 'T1500-1958', 'T1500-1957', 'T1500-1965', 'T1500-1995', 'T1500-1218', 'T1500-1217', 'T1500-1216', 'T1500-1967']","[0.64735365, 0.6261723, 0.60809624, 0.59537339, 0.62480998, 0.63530141, 0.60642004, 0.59050959, 0.58899939, 0.60795605]",1,1,1,1,1,67b3032f376209fda1467839d5d4563f485c2786d13120755c199040dc5643e8,4b37a5ed9cfdc71b591d28bacc024e42e8ebe679ab10903583897e072da5c95b,2026-08-06T20:59:02.448061+00:00
Q314,price,T1500,DENSE_BM25_RRF,"['T1500-1351', 'T1500-1347', 'T1500-1355', 'T1500-1352', 'T1500-1353', 'T1500-1367', 'T1500-1366', 'T1500-1357', 'T1500-1361', 'T1500-1382']","[0.6342532, 0.6261102, 0.63247544, 0.59404051, 0.58798885, 0.58722651, 0.61418194, 0.58501101, 0.5534144, 0.55257487]",1,1,1,1,1,c65744e82be39c5270f003b83f97300b64ec9f4810326731b9b638898a3d6c0d,4b37a5ed9cfdc71b591d28bacc024e42e8ebe679ab10903583897e072da5c95b,2026-08-06T20:59:02.452168+00:00
Q315,attribute,T1500,DENSE_BM25_RRF,"['T1500-1949', 'T1500-1951', 'T1500-1023', 'T1500-1024', 'T1500-1029', 'T1500-1025', 'T1500-1952', 'T1500-1954', 'T1500-1948', 'T1500-1021']","[0.68184835, 0.684129, 0.67096436, 0.66909862, 0.65028214, 0.66536725, 0.67349327, 0.67244136, 0.67291224, 0.64875758]",3,0,1,1,1,0d19f2db957377765c62cfc963229fd5c7388605c2e245dc34fc4e6420d47e6b,4b37a5ed9cfdc71b591d28bacc024e42e8ebe679ab10903583897e072da5c95b,2026-08-06T20:59:02.462607+00:00
Q316,price,T1500,DENSE_BM25_RRF,"['T1500-0955', 'T1500-0954', 'T1500-1964', 'T1500-1965', 'T1500-0957', 'T1500-0958', 'T1500-0956', 'T1500-0959', 'T1500-1968', 'T1500-1967']","[0.65764308, 0.65434825, 0.67646009, 0.66117072, 0.64227456, 0.6396625, 0.64044046, 0.64066452, 0.64995098, 0.64624161]",,0,0,0,0,1ed82cf0b277e7cddfc707361f1095864a60ea31ce992815a9e6f3a67bce6eb5,4b37a5ed9cfdc71b591d28bacc024e42e8ebe679ab10903583897e072da5c95b,2026-08-06T20:59:02.470280+00:00
Q317,attribute,T1500,DENSE_BM25_RRF,"['T1500-1437', 'T1500-1434', 'T1500-0161', 'T1500-0166', 'T1500-1439', 'T1500-0163', 'T1500-0167', 'T1500-0177', 'T1500-0179', 'T1500-0169']","[0.66791487, 0.66746414, 0.62864256, 0.60885173, 0.60538155, 0.62071037, 0.60651582, 0.60806751, 0.61527467, 0.59939206]",3,0,1,1,1,ba6fab909a13e43c3dc7d2a817fd734689fef91454a869cdbcb42e4442e2e29d,4b37a5ed9cfdc71b591d28bacc024e42e8ebe679ab10903583897e072da5c95b,2026-08-06T20:59:02.482420+00:00
Q318,price,T1500,DENSE_BM25_RRF,"['T1500-1647', 'T1500-1539', 'T1500-1639', 'T1500-1605', 'T1500-1623', 'T1500-1630', 'T1500-1622', 'T1500-1607', 'T1500-1613', 'T1500-1646']","[0.56232715, 0.58127862, 0.55563474, 0.57054931, 0.57199013, 0.56102896, 0.57417065, 0.54458749, 0.54560542, 0.53238499]",,0,0,0,0,92f8ec3f3435248a219b9d6736a7f4a1cb9deeac6cb6aeed69824897bee310aa,4b37a5ed9cfdc71b591d28bacc024e42e8ebe679ab10903583897e072da5c95b,2026-08-06T20:59:02.486573+00:00
Q319,price,T1500,DENSE_BM25_RRF,"['T1500-1752', 'T1500-1750', 'T1500-0303', 'T1500-0304', 'T1500-0302', 'T1500-1749', 'T1500-1587', 'T1500-1705', 'T1500-1688', 'T1500-1699']","[0.71672052, 0.71462107, 0.68459117, 0.66685122, 0.66117024, 0.5991556, 0.55260956, 0.5543614, 0.55759972, 0.55614066]",1,1,1,1,1,ccbc31df63fe0a20061ab173367cc2f8722d9d800dce313685334c90568c7a9a,4b37a5ed9cfdc71b591d28bacc024e42e8ebe679ab10903583897e072da5c95b,2026-08-06T20:59:02.494719+00:00
Q320,attribute,T1500,DENSE_BM25_RRF,"['T1500-1551', 'T1500-1534', 'T1500-1561', 'T1500-1647', 'T1500-0820', 'T1500-1646', 'T1500-0816', 'T1500-0024', 'T1500-0818', 'T1500-0025']","[0.61953813, 0.56640559, 0.53370309, 0.48344076, 0.56130928, 0.4803369, 0.55210751, 0.49125004, 0.54895425, 0.51388919]",1,1,1,1,1,c27701da65ba58e03d85402f60fd2fe18eca8e15b9d1b0fc54e85bba1115b71f,4b37a5ed9cfdc71b591d28bacc024e42e8ebe679ab10903583897e072da5c95b,2026-08-06T20:59:02.503535+00:00
Q321,price,T1500,DENSE_BM25_RRF,"['T1500-0434', 'T1500-0529', 'T1500-0533', 'T1500-0437', 'T1500-0433', 'T1500-0435', 'T1500-0544', 'T1500-0528', 'T1500-0449', 'T1500-0439']","[0.64867097, 0.63941956, 0.64722097, 0.64085078, 0.640414, 0.63793147, 0.63708079, 0.63144147, 0.63443232, 0.63917488]",1,1,1,1,1,f1b63e98252d9dcd35e3d30d29cc67608f101d47cfb9ed148ad239f5839a4824,4b37a5ed9cfdc71b591d28bacc024e42e8ebe679ab10903583897e072da5c95b,2026-08-06T20:59:02.507889+00:00
Q322,attribute,T1500,DENSE_BM25_RRF,"['T1500-1214', 'T1500-1729', 'T1500-1213', 'T1500-1730', 'T1500-1212', 'T1500-0431', 'T1500-1723', 'T1500-1722', 'T1500-1215', 'T1500-1211']","[0.66344941, 0.65978616, 0.61825627, 0.58643121, 0.56775731, 0.56354523, 0.56347734, 0.5483191, 0.52585876, 0.51756245]",1,1,1,1,1,3d5e36b6048732ac450c2ff0856b49d8d9c79e8164977c74b95bb2c7a7415900,4b37a5ed9cfdc71b591d28bacc024e42e8ebe679ab10903583897e072da5c95b,2026-08-06T20:59:02.516233+00:00
Q323,price,T1500,DENSE_BM25_RRF,"['T1500-0076', 'T1500-1622', 'T1500-1626', 'T1500-1623', 'T1500-0077', 'T1500-1538', 'T1500-1613', 'T1500-1642', 'T1500-0084', 'T1500-1693']","[0.4797965, 0.45233643, 0.45681304, 0.45459312, 0.45118707, 0.45671001, 0.45275891, 0.45529118, 0.44994581, 0.49802756]",1,1,1,1,1,4d0bb0a73f0a0d34558175f33b3f3cab7bdd923ccf8cf6102c3a0a23a1012e83,4b37a5ed9cfdc71b591d28bacc024e42e8ebe679ab10903583897e072da5c95b,2026-08-06T20:59:02.519632+00:00
Q324,attribute,T1500,DENSE_BM25_RRF,"['T1500-0996', 'T1500-0997', 'T1500-0995', 'T1500-0990', 'T1500-0994', 'T1500-0991', 'T1500-0989', 'T1500-1004', 'T1500-0993', 'T1500-1006']","[0.70895016, 0.69986272, 0.67905664, 0.68367445, 0.65491289, 0.67510295, 0.66938442, 0.64827442, 0.63844872, 0.64077604]",7,0,0,0,1,b2e523f499cdaf1579f95302a59781eb8b1407aad26b46f7741b4380d5f8a663,4b37a5ed9cfdc71b591d28bacc024e42e8ebe679ab10903583897e072da5c95b,2026-08-06T20:59:02.530236+00:00
Q325,price,T1500,DENSE_BM25_RRF,"['T1500-1815', 'T1500-1814', 'T1500-1813', 'T1500-1810', 'T1500-1811', 'T1500-1841', 'T1500-1842', 'T1500-1817', 'T1500-1809', 'T1500-1938']","[0.67995417, 0.65901232, 0.63026643, 0.61375815, 0.64472395, 0.61502457, 0.60451877, 0.61306852, 0.58005989, 0.62413251]",1,1,1,1,1,10010cb369645ed3049e85cbaf2f75f49f6d8cdf078ecc2c87ffd924807e3ddd,4b37a5ed9cfdc71b591d28bacc024e42e8ebe679ab10903583897e072da5c95b,2026-08-06T20:59:02.536687+00:00
Q326,attribute,T1500,DENSE_BM25_RRF,"['T1500-0138', 'T1500-0137', 'T1500-0139', 'T1500-0292', 'T1500-0136', 'T1500-0291', 'T1500-0090', 'T1500-0140', 'T1500-0135', 'T1500-0293']","[0.6795367, 0.67046356, 0.64626694, 0.62165713, 0.63986778, 0.6210618, 0.64981484, 0.61947507, 0.59940284, 0.60960603]",1,1,1,1,1,8c86d8535ab4aeea0f263db9eccb8493d84f00b48fcb513672849ff467689851,4b37a5ed9cfdc71b591d28bacc024e42e8ebe679ab10903583897e072da5c95b,2026-08-06T20:59:02.547545+00:00
Q327,attribute,T1500,DENSE_BM25_RRF,"['T1500-0399', 'T1500-0400', 'T1500-0392', 'T1500-0401', 'T1500-0389', 'T1500-0391', 'T1500-0396', 'T1500-0397', 'T1500-0398', 'T1500-0394']","[0.56143093, 0.54979855, 0.54988557, 0.56343001, 0.54464805, 0.54560697, 0.54759562, 0.54615086, 0.54690582, 0.54553711]",5,0,0,1,1,bdaff64d53de2fb82eab86e212d77c57ee3b80e9be7f0379e1b687b215b3cb5f,4b37a5ed9cfdc71b591d28bacc024e42e8ebe679ab10903583897e072da5c95b,2026-08-06T20:59:02.556657+00:00
Q328,attribute,T1500,DENSE_BM25_RRF,"['T1500-1554', 'T1500-1550', 'T1500-1549', 'T1500-1546', 'T1500-1558', 'T1500-1555', 'T1500-1557', 'T1500-1607', 'T1500-1641', 'T1500-1599']","[0.63119137, 0.616588, 0.55266535, 0.55882841, 0.52577507, 0.51922596, 0.5224452, 0.51092809, 0.53357327, 0.50948596]",8,0,0,0,1,f602f76ac7b7051f5f90e86abb47b97a2004259d349a67e849e4becf972b7597,4b37a5ed9cfdc71b591d28bacc024e42e8ebe679ab10903583897e072da5c95b,2026-08-06T20:59:02.566682+00:00
Q329,attribute,T1500,DENSE_BM25_RRF,"['T1500-1101', 'T1500-1100', 'T1500-1978', 'T1500-1964', 'T1500-1102', 'T1500-0984', 'T1500-0983', 'T1500-0985', 'T1500-1099', 'T1500-1155']","[0.68370283, 0.63791823, 0.64031303, 0.60810715, 0.59591448, 0.59769094, 0.59145236, 0.5903511, 0.58823252, 0.61170107]",,0,0,0,0,1e7616508b32f2d818c0d9dc9fc6287471702286e642c6482b50983e1904112d,4b37a5ed9cfdc71b591d28bacc024e42e8ebe679ab10903583897e072da5c95b,2026-08-06T20:59:02.578791+00:00
Q330,price,T1500,DENSE_BM25_RRF,"['T1500-1613', 'T1500-1627', 'T1500-1571', 'T1500-1537', 'T1500-1604', 'T1500-1629', 'T1500-0070', 'T1500-1602', 'T1500-1542', 'T1500-1630']","[0.62509406, 0.62039208, 0.5872615, 0.61461771, 0.60354948, 0.57951546, 0.57659131, 0.59548104, 0.58614349, 0.57895541]",1,1,1,1,1,ae8cf346d2a1316693d34e15959eae354fccdd0362a40d9c532dcf2cbca9aad6,4b37a5ed9cfdc71b591d28bacc024e42e8ebe679ab10903583897e072da5c95b,2026-08-06T20:59:02.584290+00:00
Q331,price,T1500,DENSE_BM25_RRF,"['T1500-0879', 'T1500-0878', 'T1500-0876', 'T1500-0873', 'T1500-0542', 'T1500-0877', 'T1500-0439', 'T1500-0531', 'T1500-0447', 'T1500-0534']","[0.65971088, 0.6547426, 0.6510098, 0.63108206, 0.62354761, 0.60812545, 0.60963714, 0.60043281, 0.61243749, 0.61268449]",1,1,1,1,1,064ba5a4ffc5eb3e1d39fca584f4d6821134e7ddb30853aa488b39b839d7f0db,4b37a5ed9cfdc71b591d28bacc024e42e8ebe679ab10903583897e072da5c95b,2026-08-06T20:59:02.587144+00:00
Q332,attribute,T1500,DENSE_BM25_RRF,"['T1500-1539', 'T1500-1538', 'T1500-0054', 'T1500-1642', 'T1500-1643', 'T1500-1622', 'T1500-0068', 'T1500-0085', 'T1500-1630', 'T1500-0053']","[0.65117496, 0.59376127, 0.61276203, 0.57704365, 0.57413387, 0.57487237, 0.56897539, 0.58398974, 0.58232504, 0.56290776]",,0,0,0,0,b141b73621c5dc5c3f41ebc83ae431143c3f43769f378d87896282c69a0ab41f,4b37a5ed9cfdc71b591d28bacc024e42e8ebe679ab10903583897e072da5c95b,2026-08-06T20:59:02.598273+00:00
Q333,attribute,T1500,DENSE_BM25_RRF,"['T1500-1621', 'T1500-1618', 'T1500-1619', 'T1500-1630', 'T1500-1622', 'T1500-1611', 'T1500-1607', 'T1500-1571', 'T1500-1608', 'T1500-1623']","[0.63245302, 0.57804239, 0.56244642, 0.57536787, 0.55291301, 0.55685949, 0.5396719, 0.5631938, 0.53983653, 0.57978618]",,0,0,0,0,c30c6896315e8906bed6039d7b60d2ecd2901861d1e5c5c5d942a67ed26287c0,4b37a5ed9cfdc71b591d28bacc024e42e8ebe679ab10903583897e072da5c95b,2026-08-06T20:59:02.610626+00:00
Q334,price,T1500,DENSE_BM25_RRF,"['T1500-0147', 'T1500-0146', 'T1500-0145', 'T1500-1746', 'T1500-0148', 'T1500-0140', 'T1500-0142', 'T1500-0311', 'T1500-0151', 'T1500-0149']","[0.62095392, 0.58836627, 0.55611384, 0.59627658, 0.53922367, 0.52423745, 0.52355778, 0.50396878, 0.5069344, 0.49696824]",1,1,1,1,1,a3a6a3682125315db8eb859a6d011c3855fae10fc5196f6a30a32b8b8ed07371,4b37a5ed9cfdc71b591d28bacc024e42e8ebe679ab10903583897e072da5c95b,2026-08-06T20:59:02.617310+00:00
Q335,price,T1500,DENSE_BM25_RRF,"['T1500-0931', 'T1500-1725', 'T1500-1673', 'T1500-1927', 'T1500-0912', 'T1500-1689', 'T1500-0913', 'T1500-1929', 'T1500-0914', 'T1500-1848']","[0.42439789, 0.42414159, 0.48670292, 0.4754307, 0.33752483, 0.46318603, 0.33441019, 0.4609212, 0.33755958, 0.46036851]",1,1,1,1,1,f5843abd97c45706725337ecc3c8d53d63c19e38f5d1611183c22debc8574002,4b37a5ed9cfdc71b591d28bacc024e42e8ebe679ab10903583897e072da5c95b,2026-08-06T20:59:02.625891+00:00
Q336,attribute,T1500,DENSE_BM25_RRF,"['T1500-0270', 'T1500-0267', 'T1500-0255', 'T1500-0278', 'T1500-0279', 'T1500-0265', 'T1500-0294', 'T1500-0266', 'T1500-0261', 'T1500-0268']","[0.6193856, 0.61703575, 0.61847723, 0.61075544, 0.60020226, 0.61112654, 0.618083, 0.59954786, 0.60764921, 0.59507096]",,0,0,0,0,a69e1b5cfdae06ac247198c0166e7b97f9d18f13fe172c209e6acdcca196f898,4b37a5ed9cfdc71b591d28bacc024e42e8ebe679ab10903583897e072da5c95b,2026-08-06T20:59:02.634089+00:00
Q337,price,T1500,DENSE_BM25_RRF,"['T1500-1796', 'T1500-1914', 'T1500-1803', 'T1500-1912', 'T1500-1921', 'T1500-1805', 'T1500-1905', 'T1500-1802', 'T1500-1800', 'T1500-1923']","[0.73724639, 0.65816832, 0.65336019, 0.63905597, 0.6500898, 0.63689995, 0.65512544, 0.64690053, 0.62322927, 0.66610718]",1,1,1,1,1,e5bd21345b6ba19e7c972dfb0898121288746c0e31027334f99a291b2927aaeb,4b37a5ed9cfdc71b591d28bacc024e42e8ebe679ab10903583897e072da5c95b,2026-08-06T20:59:02.639026+00:00
Q338,attribute,T1500,DENSE_BM25_RRF,"['T1500-1750', 'T1500-0303', 'T1500-1752', 'T1500-0302', 'T1500-0304', 'T1500-1749', 'T1500-2096', 'T1500-2099', 'T1500-2102', 'T1500-0355']","[0.74547309, 0.70293576, 0.6857242, 0.67299795, 0.67642331, 0.60956401, 0.55448514, 0.55063421, 0.54838085, 0.58789933]",1,1,1,1,1,1b07423bb3ab53a586d15422cba5524c7cd700394f04a3521937ec67c22cf222,4b37a5ed9cfdc71b591d28bacc024e42e8ebe679ab10903583897e072da5c95b,2026-08-06T20:59:02.650371+00:00
Q339,attribute,T1500,DENSE_BM25_RRF,"['T1500-1373', 'T1500-1730', 'T1500-1371', 'T1500-0284', 'T1500-1725', 'T1500-1449', 'T1500-0282', 'T1500-0283', 'T1500-1212', 'T1500-0250']","[0.62893194, 0.59013307, 0.56547719, 0.56006682, 0.57356131, 0.56237239, 0.54725885, 0.54511702, 0.55011392, 0.54142904]",,0,0,0,0,7c7d59e058953de1096feabd99dd1bcceb1096932e7e67b7f0c81666e522e4d8,4b37a5ed9cfdc71b591d28bacc024e42e8ebe679ab10903583897e072da5c95b,2026-08-06T20:59:02.659235+00:00
Q340,price,T1500,DENSE_BM25_RRF,"['T1500-0686', 'T1500-0685', 'T1500-0693', 'T1500-0691', 'T1500-0689', 'T1500-0695', 'T1500-0687', 'T1500-0694', 'T1500-0692', 'T1500-0688']","[0.61594963, 0.58649051, 0.59725094, 0.58554304, 0.57862687, 0.60019922, 0.57272041, 0.58044839, 0.5744164, 0.56901741]",1,1,1,1,1,14eba615c0737030ff97c793fe91652569f57bc6704f93f2dd2131d3c2670c14,4b37a5ed9cfdc71b591d28bacc024e42e8ebe679ab10903583897e072da5c95b,2026-08-06T20:59:02.665272+00:00
Q341,attribute,T1500,DENSE_BM25_RRF,"['T1500-1638', 'T1500-1614', 'T1500-1607', 'T1500-1630', 'T1500-1618', 'T1500-1639', 'T1500-1573', 'T1500-1619', 'T1500-1541', 'T1500-1733']","[0.59103346, 0.54991364, 0.49321157, 0.49522728, 0.50686163, 0.52400815, 0.49240613, 0.49785957, 0.50455922, 0.5278936]",2,0,1,1,1,c65445c8b6b7e9b1879c1d5183b56d44e2bcda9935011efbf1d60a43cacb608a,4b37a5ed9cfdc71b591d28bacc024e42e8ebe679ab10903583897e072da5c95b,2026-08-06T20:59:02.673962+00:00
Q342,price,T1500,DENSE_BM25_RRF,"['T1500-0509', 'T1500-0512', 'T1500-0510', 'T1500-0608', 'T1500-0511', 'T1500-0612', 'T1500-0513', 'T1500-0609', 'T1500-0613', 'T1500-0610']","[0.66249412, 0.65226817, 0.65461504, 0.63849807, 0.65433741, 0.63285804, 0.65150225, 0.625126, 0.63513422, 0.61588603]",1,1,1,1,1,5073ffe8dacb32fc11f42cb31a21168dc488137cb591cf5314c91a145b17214b,4b37a5ed9cfdc71b591d28bacc024e42e8ebe679ab10903583897e072da5c95b,2026-08-06T20:59:02.678650+00:00
Q343,attribute,T1500,DENSE_BM25_RRF,"['T1500-1942', 'T1500-1157', 'T1500-1797', 'T1500-1156', 'T1500-1158', 'T1500-1941', 'T1500-1042', 'T1500-1147', 'T1500-1146', 'T1500-1805']","[0.69205624, 0.64203095, 0.64218539, 0.62245411, 0.61662507, 0.69284749, 0.61436719, 0.60650498, 0.6231823, 0.61585122]",,0,0,0,0,805ebad3b905a7ca7e218a3f8fed2a5d3575abce918736bc7aa5c50d45ab2b79,4b37a5ed9cfdc71b591d28bacc024e42e8ebe679ab10903583897e072da5c95b,2026-08-06T20:59:02.688764+00:00
Q344,attribute,T1500,DENSE_BM25_RRF,"['T1500-1382', 'T1500-1367', 'T1500-1369', 'T1500-1449', 'T1500-1448', 'T1500-1348', 'T1500-1353', 'T1500-1352', 'T1500-1383', 'T1500-1685']","[0.59759152, 0.58836126, 0.59295988, 0.59605008, 0.62697679, 0.57405633, 0.56651706, 0.56301308, 0.60415506, 0.56864733]",,0,0,0,0,493739218c413b7ea79c5e6879fe3354d8c69dac607436ec965d35285bddba15,4b37a5ed9cfdc71b591d28bacc024e42e8ebe679ab10903583897e072da5c95b,2026-08-06T20:59:02.696452+00:00
Q345,attribute,T1500,DENSE_BM25_RRF,"['T1500-0073', 'T1500-0072', 'T1500-1610', 'T1500-1545', 'T1500-1573', 'T1500-1571', 'T1500-1611', 'T1500-1626', 'T1500-1541', 'T1500-0070']","[0.56745982, 0.55438632, 0.55544931, 0.53791529, 0.54101121, 0.53873897, 0.548567, 0.5333364, 0.5357101, 0.55158186]",1,1,1,1,1,43adda0ff8ce5038cf2c2fa334b0356e39e2d7cde0f2524039565db817752413,4b37a5ed9cfdc71b591d28bacc024e42e8ebe679ab10903583897e072da5c95b,2026-08-06T20:59:02.706841+00:00
Q346,price,T1500,DENSE_BM25_RRF,"['T1500-0330', 'T1500-0328', 'T1500-0329', 'T1500-0327', 'T1500-0331', 'T1500-0332', 'T1500-1405', 'T1500-0326', 'T1500-0346', 'T1500-1722']","[0.52139765, 0.50993633, 0.51284242, 0.51736099, 0.50656199, 0.49398166, 0.52958667, 0.46972948, 0.5071919, 0.506984]",2,0,1,1,1,c0ac538fa569d1480d1775e748ef864689c35df8834fcb35cb0704e1c558f907,4b37a5ed9cfdc71b591d28bacc024e42e8ebe679ab10903583897e072da5c95b,2026-08-06T20:59:02.710982+00:00
Q347,attribute,T1500,DENSE_BM25_RRF,"['T1500-1598', 'T1500-1601', 'T1500-1602', 'T1500-1604', 'T1500-1599', 'T1500-1605', 'T1500-1597', 'T1500-1646', 'T1500-1594', 'T1500-1591']","[0.66115606, 0.63905561, 0.63258374, 0.58942825, 0.61287701, 0.60701573, 0.61657065, 0.56848586, 0.58689976, 0.58558512]",1,1,1,1,1,8c2892c728e2cff288754576f03f94f956e5e37dd47e2ae68672e54cb3f81f1a,4b37a5ed9cfdc71b591d28bacc024e42e8ebe679ab10903583897e072da5c95b,2026-08-06T20:59:02.720810+00:00
Q348,attribute,T1500,DENSE_BM25_RRF,"['T1500-1746', 'T1500-0145', 'T1500-0147', 'T1500-0146', 'T1500-0311', 'T1500-0148', 'T1500-1747', 'T1500-0410', 'T1500-2102', 'T1500-2095']","[0.5680356, 0.51444364, 0.50049877, 0.4933224, 0.49180752, 0.4931007, 0.49669817, 0.50934517, 0.48675525, 0.50876582]",1,1,1,1,1,0c48093325940ecca8317504060443ea1d0ecfa7e80486c9d98c5b0940d9e738,4b37a5ed9cfdc71b591d28bacc024e42e8ebe679ab10903583897e072da5c95b,2026-08-06T20:59:02.728680+00:00
Q349,price,T1500,DENSE_BM25_RRF,"['T1500-1938', 'T1500-1939', 'T1500-1941', 'T1500-1806', 'T1500-1942', 'T1500-1841', 'T1500-1814', 'T1500-1844', 'T1500-1815', 'T1500-1809']","[0.71827364, 0.67881668, 0.6713109, 0.62898368, 0.60711443, 0.6227572, 0.60881948, 0.62376904, 0.62679273, 0.59594631]",1,1,1,1,1,596b9c57e65eef19225361de3f4707ac99f662f4273057473e05c782d3a1af65,4b37a5ed9cfdc71b591d28bacc024e42e8ebe679ab10903583897e072da5c95b,2026-08-06T20:59:02.737806+00:00
Q350,attribute,T1500,DENSE_BM25_RRF,"['T1500-1619', 'T1500-1614', 'T1500-0026', 'T1500-1639', 'T1500-1622', 'T1500-1637', 'T1500-1693', 'T1500-1630', 'T1500-1635', 'T1500-1607']","[0.58248138, 0.57768893, 0.57623392, 0.58732569, 0.57182479, 0.57367945, 0.58899367, 0.55756426, 0.57495612, 0.5444001]",2,0,1,1,1,e803b6c0ae62d49711f5717aae17bef72d044bf77414e23b5ae8de1f0e162960,4b37a5ed9cfdc71b591d28bacc024e42e8ebe679ab10903583897e072da5c95b,2026-08-06T20:59:02.746626+00:00
Q351,price,T1500,DENSE_BM25_RRF,"['T1500-1537', 'T1500-1538', 'T1500-1605', 'T1500-1601', 'T1500-1604', 'T1500-1613', 'T1500-1602', 'T1500-1599', 'T1500-1598', 'T1500-1535']","[0.53925657, 0.50526351, 0.484164, 0.49743596, 0.48129028, 0.49868664, 0.46899951, 0.49427181, 0.4424848, 0.50066364]",1,1,1,1,1,fb76b6ce6a99ac43c0e4dff11c6fa0e4bbeb3041b4eddf709ae3cf1d466bbae5,4b37a5ed9cfdc71b591d28bacc024e42e8ebe679ab10903583897e072da5c95b,2026-08-06T20:59:02.752699+00:00
Q352,attribute,T1500,DENSE_BM25_RRF,"['T1500-2012', 'T1500-2011', 'T1500-0989', 'T1500-1196', 'T1500-0996', 'T1500-2008', 'T1500-0997', 'T1500-1887', 'T1500-1205', 'T1500-2014']","[0.65220428, 0.60639906, 0.59046578, 0.49428734, 0.58941704, 0.5563032, 0.58430916, 0.51335931, 0.58119094, 0.39973497]",1,1,1,1,1,140d1703c4240edc7070153af6b42e01513c36e6cc39a898ef1954580508b61a,4b37a5ed9cfdc71b591d28bacc024e42e8ebe679ab10903583897e072da5c95b,2026-08-06T20:59:02.764227+00:00
Q353,price,T1500,DENSE_BM25_RRF,"['T1500-0662', 'T1500-0654', 'T1500-0656', 'T1500-0652', 'T1500-0655', 'T1500-0660', 'T1500-0659', 'T1500-0657', 'T1500-0653', 'T1500-0661']","[0.58928525, 0.57054025, 0.57714069, 0.55350965, 0.5598706, 0.57039326, 0.56645477, 0.55388427, 0.5477519, 0.56220663]",1,1,1,1,1,9353f36aebb338463c468548cfed16ea6d5fd6c0b63f4eca95a752bd76617379,4b37a5ed9cfdc71b591d28bacc024e42e8ebe679ab10903583897e072da5c95b,2026-08-06T20:59:02.770288+00:00
Q354,attribute,T1500,DENSE_BM25_RRF,"['T1500-1614', 'T1500-0300', 'T1500-1747', 'T1500-1637', 'T1500-0299', 'T1500-1749', 'T1500-1534', 'T1500-1639', 'T1500-1638', 'T1500-1607']","[0.68760532, 0.56888902, 0.56298065, 0.57323897, 0.56601179, 0.55052865, 0.59745717, 0.55245733, 0.56752336, 0.53910679]",1,1,1,1,1,526a835f40986a130603147c647b1b75f7dbf35d16326e26a9ac0f654c43e397,4b37a5ed9cfdc71b591d28bacc024e42e8ebe679ab10903583897e072da5c95b,2026-08-06T20:59:02.780191+00:00
Q355,price,T1500,DENSE_BM25_RRF,"['T1500-1791', 'T1500-1784', 'T1500-1787', 'T1500-1789', 'T1500-1793', 'T1500-1974', 'T1500-1785', 'T1500-1017', 'T1500-1792', 'T1500-1227']","[0.64901721, 0.64793241, 0.65509415, 0.65134454, 0.63453913, 0.6670714, 0.61225581, 0.62613517, 0.61827511, 0.60192502]",1,1,1,1,1,4e11b8406d2bda16df74c03341bbeaca2d420d3665247bc637fa6bc2241a9be4,4b37a5ed9cfdc71b591d28bacc024e42e8ebe679ab10903583897e072da5c95b,2026-08-06T20:59:02.785637+00:00
Q356,price,T1500,DENSE_BM25_RRF,"['T1500-0122', 'T1500-0123', 'T1500-1623', 'T1500-1625', 'T1500-1613', 'T1500-1538', 'T1500-1537', 'T1500-1626', 'T1500-1622', 'T1500-1590']","[0.56215811, 0.53983736, 0.53789836, 0.5351184, 0.54152036, 0.52609396, 0.54482365, 0.53327376, 0.51926267, 0.51491284]",2,0,1,1,1,bf2c173e3a29cc93d92ab397d5d00dff78bc32ea2dfac28607bbf0a99fbf925a,4b37a5ed9cfdc71b591d28bacc024e42e8ebe679ab10903583897e072da5c95b,2026-08-06T20:59:02.791895+00:00
Q357,price,T1500,DENSE_BM25_RRF,"['T1500-1643', 'T1500-1642', 'T1500-1644', 'T1500-1647', 'T1500-1646', 'T1500-1538', 'T1500-1613', 'T1500-0097', 'T1500-1622', 'T1500-1539']","[0.70670569, 0.70357692, 0.66789663, 0.61945862, 0.6063264, 0.62399286, 0.59597909, 0.60799909, 0.60430682, 0.59354889]",2,0,1,1,1,1a3c1789c2e4c2a743ad96e9a0d7ee460c179ff6e34bb86a0eb8ae25ecae3d63,4b37a5ed9cfdc71b591d28bacc024e42e8ebe679ab10903583897e072da5c95b,2026-08-06T20:59:02.797260+00:00
Q358,price,T1500,DENSE_BM25_RRF,"['T1500-2014', 'T1500-1196', 'T1500-2012', 'T1500-1722', 'T1500-1721', 'T1500-1208', 'T1500-1241', 'T1500-1195', 'T1500-1366', 'T1500-1367']","[0.67681217, 0.61999631, 0.60465217, 0.64246809, 0.65540582, 0.5877713, 0.62879562, 0.59822404, 0.60934484, 0.58198124]",1,1,1,1,1,09841874d8aad7596937581d66a6492edc07e41a3b921c9831704de123bc167a,4b37a5ed9cfdc71b591d28bacc024e42e8ebe679ab10903583897e072da5c95b,2026-08-06T20:59:02.802337+00:00
Q359,attribute,T1500,DENSE_BM25_RRF,"['T1500-0988', 'T1500-0989', 'T1500-1923', 'T1500-1805', 'T1500-1246', 'T1500-1975', 'T1500-1247', 'T1500-1205', 'T1500-2011', 'T1500-1948']","[0.60767484, 0.59686458, 0.5861364, 0.60625356, 0.50687182, 0.606224, 0.5261026, 0.59952998, 0.57403475, 0.5975455]",1,1,1,1,1,55a001a0cc227373a215992d94780bd6f1133cd9f493c9b70890a89cfc918ae4,4b37a5ed9cfdc71b591d28bacc024e42e8ebe679ab10903583897e072da5c95b,2026-08-06T20:59:02.809058+00:00
Q360,attribute,T1500,DENSE_BM25_RRF,"['T1500-0179', 'T1500-0171', 'T1500-0172', 'T1500-0181', 'T1500-0175', 'T1500-0173', 'T1500-0177', 'T1500-0166', 'T1500-1432', 'T1500-0174']","[0.65161812, 0.62873739, 0.635324, 0.63375735, 0.62030935, 0.63827211, 0.61568344, 0.60653305, 0.59906143, 0.61150384]",1,1,1,1,1,3a029404d90bc1ffbbdd354a5ed2528bdc48bf690c720be0c152fdb39cc78a50,4b37a5ed9cfdc71b591d28bacc024e42e8ebe679ab10903583897e072da5c95b,2026-08-06T20:59:02.816803+00:00
Q361,attribute,T1500,DENSE_BM25_RRF,"['T1500-1075', 'T1500-1077', 'T1500-1074', 'T1500-1078', 'T1500-1072', 'T1500-1079', 'T1500-1076', 'T1500-1073', 'T1500-1833', 'T1500-1054']","[0.62755263, 0.60270286, 0.61280894, 0.56916869, 0.55630243, 0.56614989, 0.55712295, 0.52932626, 0.53418267, 0.52332854]",1,1,1,1,1,c9385a83105777d120d375e5d1e0e498051255328865865c24238e0703a27be9,4b37a5ed9cfdc71b591d28bacc024e42e8ebe679ab10903583897e072da5c95b,2026-08-06T20:59:02.825650+00:00
Q362,price,T1500,DENSE_BM25_RRF,"['T1500-1557', 'T1500-1550', 'T1500-1555', 'T1500-1560', 'T1500-1558', 'T1500-1549', 'T1500-1547', 'T1500-1553', 'T1500-1617', 'T1500-1634']","[0.60399574, 0.57621241, 0.58755779, 0.58052754, 0.53581285, 0.52248108, 0.52276653, 0.51902705, 0.50049508, 0.52324915]",2,0,1,1,1,1438d3c38b64e080c8cfa9e763d70624d0d704c512916e878fe6cae143e459b6,4b37a5ed9cfdc71b591d28bacc024e42e8ebe679ab10903583897e072da5c95b,2026-08-06T20:59:02.830749+00:00
Q363,attribute,T1500,DENSE_BM25_RRF,"['T1500-1558', 'T1500-1557', 'T1500-1560', 'T1500-1550', 'T1500-1549', 'T1500-0085', 'T1500-0118', 'T1500-0073', 'T1500-1553', 'T1500-1546']","[0.6546914, 0.59185845, 0.55266845, 0.55433339, 0.54408079, 0.59303617, 0.56080961, 0.5501231, 0.52044713, 0.51431286]",1,1,1,1,1,24f7b84e2c31bf82918115899b203dd5dcfcb172f658b7f81ac464086879e46f,4b37a5ed9cfdc71b591d28bacc024e42e8ebe679ab10903583897e072da5c95b,2026-08-06T20:59:02.843188+00:00
Q364,attribute,T1500,DENSE_BM25_RRF,"['T1500-0530', 'T1500-0435', 'T1500-0531', 'T1500-0449', 'T1500-0533', 'T1500-0434', 'T1500-0534', 'T1500-0438', 'T1500-0436', 'T1500-0543']","[0.67538738, 0.6683172, 0.66435587, 0.64216334, 0.64602935, 0.64065278, 0.65360415, 0.63826013, 0.64838028, 0.63557667]",1,1,1,1,1,4a6073eb2dc32c4534635768acafcfe58a8d92ee96940ee6605b21e8437d79ca,4b37a5ed9cfdc71b591d28bacc024e42e8ebe679ab10903583897e072da5c95b,2026-08-06T20:59:02.851050+00:00
Q365,attribute,T1500,DENSE_BM25_RRF,"['T1500-1637', 'T1500-0301', 'T1500-0026', 'T1500-0307', 'T1500-1749', 'T1500-1614', 'T1500-1639', 'T1500-1638', 'T1500-0304', 'T1500-0306']","[0.60942125, 0.6194557, 0.58936137, 0.58741868, 0.59439778, 0.56998539, 0.57031536, 0.5597986, 0.58351099, 0.57273138]",1,1,1,1,1,866b702992b2b72d3cdad0586ec15547f0cac87bb66c30d7beb5139554b41c84,4b37a5ed9cfdc71b591d28bacc024e42e8ebe679ab10903583897e072da5c95b,2026-08-06T20:59:02.859005+00:00
Q366,price,T1500,DENSE_BM25_RRF,"['T1500-0937', 'T1500-0933', 'T1500-0936', 'T1500-0934', 'T1500-0935', 'T1500-1339', 'T1500-1335', 'T1500-1333', 'T1500-1331', 'T1500-1690']","[0.58073443, 0.47213802, 0.46881652, 0.46464863, 0.46086323, 0.52920151, 0.52702284, 0.52404618, 0.51710594, 0.51352656]",1,1,1,1,1,15bfd5a7dec4f6a43b24b3e3509fc6d0561130f1d1aae4c9e35d61593bd634a2,4b37a5ed9cfdc71b591d28bacc024e42e8ebe679ab10903583897e072da5c95b,2026-08-06T20:59:02.865985+00:00
Q367,price,T1500,DENSE_BM25_RRF,"['T1500-1641', 'T1500-0097', 'T1500-1605', 'T1500-1646', 'T1500-1613', 'T1500-1623', 'T1500-1617', 'T1500-1538', 'T1500-1594', 'T1500-1647']","[0.59737796, 0.61976367, 0.5994333, 0.57141411, 0.58247364, 0.62271142, 0.59638274, 0.597911, 0.59605491, 0.58102816]",1,1,1,1,1,da2b584e7c1dab2e94e99bb6364850cdc26af9019ffb1f61a2b9bb7438547847,4b37a5ed9cfdc71b591d28bacc024e42e8ebe679ab10903583897e072da5c95b,2026-08-06T20:59:02.871579+00:00
Q368,price,T1500,DENSE_BM25_RRF,"['T1500-1228', 'T1500-1229', 'T1500-1263', 'T1500-1232', 'T1500-1233', 'T1500-1231', 'T1500-1235', 'T1500-1265', 'T1500-1230', 'T1500-1234']","[0.63467318, 0.62013948, 0.62483239, 0.61315274, 0.6119976, 0.61532736, 0.61891991, 0.61885065, 0.61238325, 0.59673208]",2,0,1,1,1,e284e429e37cb68eb5ea032aca23124dfaf8849df2f60dcb13b5d33592dd479c,4b37a5ed9cfdc71b591d28bacc024e42e8ebe679ab10903583897e072da5c95b,2026-08-06T20:59:02.875995+00:00
Q369,attribute,T1500,DENSE_BM25_RRF,"['T1500-1618', 'T1500-1619', 'T1500-1621', 'T1500-1630', 'T1500-1622', 'T1500-0088', 'T1500-0199', 'T1500-0100', 'T1500-0073', 'T1500-1573']","[0.56797415, 0.57136667, 0.5554449, 0.54729974, 0.54812044, 0.54752105, 0.5879631, 0.5645054, 0.53609931, 0.53905499]",1,1,1,1,1,e8147fc66a16a42feace2540dd05a626eceaac60ec9a730386a6ad4fd215cbcf,4b37a5ed9cfdc71b591d28bacc024e42e8ebe679ab10903583897e072da5c95b,2026-08-06T20:59:02.888352+00:00
Q370,attribute,T1500,DENSE_BM25_RRF,"['T1500-0431', 'T1500-1729', 'T1500-0346', 'T1500-0345', 'T1500-0430', 'T1500-1723', 'T1500-0167', 'T1500-0168', 'T1500-0161', 'T1500-0594']","[0.5481075, 0.52119672, 0.51153201, 0.49861786, 0.50310564, 0.51922089, 0.53955269, 0.53824282, 0.5370065, 0.43896306]",,0,0,0,0,aeb3fe328715042f4a239ca8fda9366ed5456861f2250ba8accfcf077b739383,4b37a5ed9cfdc71b591d28bacc024e42e8ebe679ab10903583897e072da5c95b,2026-08-06T20:59:02.896822+00:00
Q371,attribute,T1500,DENSE_BM25_RRF,"['T1500-1619', 'T1500-1621', 'T1500-1533', 'T1500-0074', 'T1500-0308', 'T1500-1565', 'T1500-0073', 'T1500-1618', 'T1500-0097', 'T1500-0307']","[0.60129821, 0.60379732, 0.58568656, 0.57675195, 0.56837958, 0.5547539, 0.54955149, 0.56121302, 0.55650461, 0.54718888]",7,0,0,0,1,0c79872e74278b132bf4fc98db800eaf44f37fb1ba0cd3f996f3afd07cdd5702,4b37a5ed9cfdc71b591d28bacc024e42e8ebe679ab10903583897e072da5c95b,2026-08-06T20:59:02.907038+00:00
Q372,attribute,T1500,DENSE_BM25_RRF,"['T1500-1906', 'T1500-1154', 'T1500-1905', 'T1500-1955', 'T1500-1802', 'T1500-1995', 'T1500-1805', 'T1500-1902', 'T1500-1954', 'T1500-1964']","[0.6483959, 0.62243807, 0.6097033, 0.62645137, 0.61023515, 0.61026943, 0.62258905, 0.60983139, 0.60163903, 0.59806722]",8,0,0,0,1,638ca51bd46c56c4c3c6c8a6e309ca3d00ceb545c505162d9e43955da0d96aab,4b37a5ed9cfdc71b591d28bacc024e42e8ebe679ab10903583897e072da5c95b,2026-08-06T20:59:02.915015+00:00
Q373,price,T1500,DENSE_BM25_RRF,"['T1500-1586', 'T1500-1584', 'T1500-1622', 'T1500-1688', 'T1500-1583', 'T1500-1713', 'T1500-0430', 'T1500-0241', 'T1500-1605', 'T1500-1699']","[0.48480842, 0.51043439, 0.47072896, 0.49335402, 0.48191452, 0.47400123, 0.50168043, 0.43997627, 0.49918625, 0.49729192]",1,1,1,1,1,607e0ef31d50c2cb5573a634cc21dc4557959de012578c9843e63a166c03690f,4b37a5ed9cfdc71b591d28bacc024e42e8ebe679ab10903583897e072da5c95b,2026-08-06T20:59:02.917885+00:00
Q374,attribute,T1500,DENSE_BM25_RRF,"['T1500-1434', 'T1500-1437', 'T1500-0163', 'T1500-1409', 'T1500-1439', 'T1500-0161', 'T1500-0181', 'T1500-0166', 'T1500-1417', 'T1500-0165']","[0.66959321, 0.65507507, 0.62660289, 0.6090948, 0.59779108, 0.62233484, 0.60145074, 0.59670764, 0.59725642, 0.5964846]",3,0,1,1,1,d5420d115565cf30691a47c88b3396ec2fe237c712ebd79ddc9c047955cc39e8,4b37a5ed9cfdc71b591d28bacc024e42e8ebe679ab10903583897e072da5c95b,2026-08-06T20:59:02.929116+00:00
Q375,price,T1500,DENSE_BM25_RRF,"['T1500-1976', 'T1500-1975', 'T1500-1954', 'T1500-1952', 'T1500-1964', 'T1500-1951', 'T1500-1802', 'T1500-1949', 'T1500-1978', 'T1500-1947']","[0.71035206, 0.7062704, 0.65828896, 0.66485792, 0.66002727, 0.65604854, 0.67835891, 0.66623533, 0.64629257, 0.66064596]",1,1,1,1,1,6c17b86ac0524ddfbaf1dadabe8a64d44092c54cb0c38859779307ccb302eb83,4b37a5ed9cfdc71b591d28bacc024e42e8ebe679ab10903583897e072da5c95b,2026-08-06T20:59:02.934569+00:00
Q376,price,T1500,DENSE_BM25_RRF,"['T1500-1929', 'T1500-1310', 'T1500-1930', 'T1500-1057', 'T1500-1363', 'T1500-1935', 'T1500-1367', 'T1500-1056', 'T1500-1364', 'T1500-2097']","[0.51529551, 0.46869022, 0.4680838, 0.38335586, 0.51264, 0.45566076, 0.50709093, 0.40111828, 0.50331724, 0.2792086]",1,1,1,1,1,f4dff29942c232661e7e2bc7fca6d07997bd26ed36f234064f5e24b03ec53253,4b37a5ed9cfdc71b591d28bacc024e42e8ebe679ab10903583897e072da5c95b,2026-08-06T20:59:02.938723+00:00
Q377,price,T1500,DENSE_BM25_RRF,"['T1500-1862', 'T1500-1366', 'T1500-1367', 'T1500-1345', 'T1500-1842', 'T1500-0028', 'T1500-1629', 'T1500-1321', 'T1500-1848', 'T1500-1587']","[0.45400405, 0.45468593, 0.45585471, 0.50000608, 0.48261124, 0.37950987, 0.48113465, 0.33393094, 0.47905731, 0.43429798]",1,1,1,1,1,dd3048ae7ac6c5f4fe46afdf7a4d37977015df620533b4d43d69400461c34569,4b37a5ed9cfdc71b591d28bacc024e42e8ebe679ab10903583897e072da5c95b,2026-08-06T20:59:02.943893+00:00
Q378,price,T1500,DENSE_BM25_RRF,"['T1500-1914', 'T1500-1917', 'T1500-1915', 'T1500-1908', 'T1500-1909', 'T1500-1911', 'T1500-1918', 'T1500-1920', 'T1500-1912', 'T1500-1923']","[0.73106992, 0.7335673, 0.73983425, 0.71268427, 0.72442889, 0.69657916, 0.68403459, 0.67423165, 0.67772698, 0.66394329]",1,1,1,1,1,c8ac46f7229036a8ff05c8001b94c7f02908a88502f2c3afbfcc658e1ea10887,4b37a5ed9cfdc71b591d28bacc024e42e8ebe679ab10903583897e072da5c95b,2026-08-06T20:59:02.952806+00:00
Q379,price,T1500,DENSE_BM25_RRF,"['T1500-1618', 'T1500-1622', 'T1500-1646', 'T1500-1613', 'T1500-0128', 'T1500-1623', 'T1500-1597', 'T1500-1642', 'T1500-1621', 'T1500-1607']","[0.64631081, 0.60147977, 0.59694725, 0.58815575, 0.60579896, 0.63073051, 0.57734787, 0.59337699, 0.58452433, 0.55980682]",1,1,1,1,1,51ee09965318aa7c1448b48edd53b310712ecb70f907f539dbf4f2b9d1e6da2b,4b37a5ed9cfdc71b591d28bacc024e42e8ebe679ab10903583897e072da5c95b,2026-08-06T20:59:02.957628+00:00
Q380,price,T1500,DENSE_BM25_RRF,"['T1500-1851', 'T1500-1852', 'T1500-1854', 'T1500-1935', 'T1500-1850', 'T1500-1047', 'T1500-1045', 'T1500-1259', 'T1500-1929', 'T1500-1971']","[0.71193218, 0.69873238, 0.61939335, 0.61674088, 0.55068624, 0.53482425, 0.52597952, 0.53526986, 0.51002049, 0.58271819]",1,1,1,1,1,cf3bb4c63b5d060b65f6425769b8af1a5f18f4832bba644abe14849260b23dc7,4b37a5ed9cfdc71b591d28bacc024e42e8ebe679ab10903583897e072da5c95b,2026-08-06T20:59:02.962950+00:00
Q381,attribute,T1500,DENSE_BM25_RRF,"['T1500-1605', 'T1500-1604', 'T1500-1599', 'T1500-1602', 'T1500-1630', 'T1500-1598', 'T1500-1633', 'T1500-1626', 'T1500-1613', 'T1500-1625']","[0.6013971, 0.57314825, 0.57682127, 0.55868185, 0.55196488, 0.55067462, 0.5525074, 0.54226506, 0.54047382, 0.56485283]",3,0,1,1,1,a9b79be1b764ecd0a50a43bcc3bd2cd0b9537d436156f4fdb1d7ec58426fff73,4b37a5ed9cfdc71b591d28bacc024e42e8ebe679ab10903583897e072da5c95b,2026-08-06T20:59:02.973190+00:00
Q382,price,T1500,DENSE_BM25_RRF,"['T1500-0822', 'T1500-0836', 'T1500-0832', 'T1500-0824', 'T1500-0840', 'T1500-0823', 'T1500-0838', 'T1500-0825', 'T1500-0834', 'T1500-0833']","[0.59374195, 0.60767412, 0.60799158, 0.58395171, 0.59359223, 0.57964444, 0.5814718, 0.58490086, 0.5819428, 0.57407761]",1,1,1,1,1,149f87082fb2f6fad5fe839875c29db5d2fa3a0b8f1b1560de806ea2afe88092,4b37a5ed9cfdc71b591d28bacc024e42e8ebe679ab10903583897e072da5c95b,2026-08-06T20:59:02.978450+00:00
Q383,attribute,T1500,DENSE_BM25_RRF,"['T1500-0932', 'T1500-0931', 'T1500-0892', 'T1500-0895', 'T1500-0933', 'T1500-0901', 'T1500-0894', 'T1500-1371', 'T1500-0900', 'T1500-2094']","[0.60903132, 0.4874208, 0.47260678, 0.48524123, 0.46206689, 0.48410106, 0.4655951, 0.46721461, 0.4646861, 0.43914413]",1,1,1,1,1,41b6ce6c89fe142cd8304fca0c6921bffc2740cd851e6a8cbbd8ff80ab2bcf91,4b37a5ed9cfdc71b591d28bacc024e42e8ebe679ab10903583897e072da5c95b,2026-08-06T20:59:02.990308+00:00
Q384,attribute,T1500,DENSE_BM25_RRF,"['T1500-1964', 'T1500-1965', 'T1500-1967', 'T1500-1968', 'T1500-1995', 'T1500-1955', 'T1500-1870', 'T1500-1024', 'T1500-0966', 'T1500-1155']","[0.71455681, 0.69794363, 0.69133049, 0.64589548, 0.66368103, 0.65133107, 0.63591874, 0.62888926, 0.63328338, 0.64984894]",1,1,1,1,1,daa9dd97919d372e33cc53449242ccc7e56a454ce443532a0a27d9c38573cff4,4b37a5ed9cfdc71b591d28bacc024e42e8ebe679ab10903583897e072da5c95b,2026-08-06T20:59:03.003757+00:00
Q385,attribute,T1500,DENSE_BM25_RRF,"['T1500-0212', 'T1500-0207', 'T1500-0206', 'T1500-0211', 'T1500-0209', 'T1500-1721', 'T1500-0213', 'T1500-0205', 'T1500-1722', 'T1500-0208']","[0.62077463, 0.62518048, 0.61468923, 0.60240388, 0.61459857, 0.56408441, 0.57770061, 0.59365839, 0.57365102, 0.61541939]",2,0,1,1,1,8f0dc3c19258aed162b866d6cf9a9578aafd3703caa3042117e6cd06ae9e61a4,4b37a5ed9cfdc71b591d28bacc024e42e8ebe679ab10903583897e072da5c95b,2026-08-06T20:59:03.012043+00:00
Q386,price,T1500,DENSE_BM25_RRF,"['T1500-0872', 'T1500-1346', 'T1500-1350', 'T1500-0481', 'T1500-1676', 'T1500-0581', 'T1500-1702', 'T1500-0580', 'T1500-1762', 'T1500-1023']","[0.5131495, 0.52042508, 0.51829696, 0.47802511, 0.51755834, 0.45663536, 0.51696724, 0.46990868, 0.51632059, 0.38594794]",1,1,1,1,1,b0de07344fd77b186a700963ddf5bb7fab9bf6eaa8311dcda642b691d107396a,4b37a5ed9cfdc71b591d28bacc024e42e8ebe679ab10903583897e072da5c95b,2026-08-06T20:59:03.015953+00:00
Q387,price,T1500,DENSE_BM25_RRF,"['T1500-1626', 'T1500-1538', 'T1500-1613', 'T1500-1339', 'T1500-0069', 'T1500-1335', 'T1500-0119', 'T1500-1537', 'T1500-0122', 'T1500-0430']","[0.40372509, 0.41948497, 0.40876421, 0.45914936, 0.38023555, 0.4489516, 0.34249336, 0.44761014, 0.36789024, 0.43925691]",5,0,0,1,1,8f4ec93fb32faf51fc92435c12b740765e91d8abe4071d3dcf50460736128b99,4b37a5ed9cfdc71b591d28bacc024e42e8ebe679ab10903583897e072da5c95b,2026-08-06T20:59:03.021300+00:00
Q388,price,T1500,DENSE_BM25_RRF,"['T1500-1920', 'T1500-1923', 'T1500-1924', 'T1500-1921', 'T1500-1917', 'T1500-1803', 'T1500-1947', 'T1500-1952', 'T1500-1955', 'T1500-1964']","[0.73264211, 0.69293189, 0.67754304, 0.67596245, 0.67728424, 0.6869514, 0.68135691, 0.66885853, 0.67389917, 0.68165255]",1,1,1,1,1,95208b45a00c95041f5ed5434eb6d97188394c91697cd9a5cec6dc713790c528,4b37a5ed9cfdc71b591d28bacc024e42e8ebe679ab10903583897e072da5c95b,2026-08-06T20:59:03.027220+00:00
Q389,attribute,T1500,DENSE_BM25_RRF,"['T1500-1128', 'T1500-1127', 'T1500-1125', 'T1500-1126', 'T1500-1124', 'T1500-1129', 'T1500-1131', 'T1500-1130', 'T1500-1123', 'T1500-1109']","[0.65687317, 0.65055186, 0.65463948, 0.63021898, 0.65607816, 0.61493766, 0.60898799, 0.59314287, 0.56893849, 0.56142306]",1,1,1,1,1,6c970798e29e09ab03c43844c37dbb8a58238a92465ab60b42b3089d4f27a423,4b37a5ed9cfdc71b591d28bacc024e42e8ebe679ab10903583897e072da5c95b,2026-08-06T20:59:03.035560+00:00
Q390,attribute,T1500,DENSE_BM25_RRF,"['T1500-0461', 'T1500-0561', 'T1500-0560', 'T1500-0468', 'T1500-0867', 'T1500-0866', 'T1500-0462', 'T1500-0864', 'T1500-0472', 'T1500-0559']","[0.6303879, 0.61571246, 0.61001182, 0.61593866, 0.6147213, 0.61281806, 0.59882021, 0.60716355, 0.61210942, 0.59332609]",,0,0,0,0,5a7571d2fb7c176cba783e7bf2706e5697f4141b8f2435938ebc41ba8741ae0b,4b37a5ed9cfdc71b591d28bacc024e42e8ebe679ab10903583897e072da5c95b,2026-08-06T20:59:03.042732+00:00
Q391,attribute,T1500,DENSE_BM25_RRF,"['T1500-1623', 'T1500-1622', 'T1500-1605', 'T1500-0068', 'T1500-1538', 'T1500-1647', 'T1500-1594', 'T1500-0097', 'T1500-1539', 'T1500-0113']","[0.62621808, 0.5935818, 0.62075096, 0.58001238, 0.60037845, 0.57345003, 0.57867199, 0.61349583, 0.57259572, 0.57161903]",1,1,1,1,1,d80b80599ac0c6e06505136801d7696fe215986793bad0e4a72e7a4cdafb060c,4b37a5ed9cfdc71b591d28bacc024e42e8ebe679ab10903583897e072da5c95b,2026-08-06T20:59:03.051968+00:00
Q392,price,T1500,DENSE_BM25_RRF,"['T1500-1938', 'T1500-1939', 'T1500-1941', 'T1500-1811', 'T1500-1814', 'T1500-1813', 'T1500-1841', 'T1500-1810', 'T1500-1815', 'T1500-1842']","[0.70286012, 0.71419317, 0.65869087, 0.67508817, 0.65948176, 0.64270663, 0.65899479, 0.6432687, 0.67139119, 0.62210774]",1,1,1,1,1,f9669c5ecc1ec8fd529a5b2a570edfb44b48f3640f6a0f75bc2702760be401d8,4b37a5ed9cfdc71b591d28bacc024e42e8ebe679ab10903583897e072da5c95b,2026-08-06T20:59:03.059349+00:00
Q393,attribute,T1500,DENSE_BM25_RRF,"['T1500-0226', 'T1500-0228', 'T1500-0225', 'T1500-0227', 'T1500-0224', 'T1500-0223', 'T1500-0917', 'T1500-1756', 'T1500-0232', 'T1500-1759']","[0.53253978, 0.52358866, 0.53359151, 0.50798458, 0.51206875, 0.49166888, 0.48251569, 0.51537693, 0.44225878, 0.49948424]",1,1,1,1,1,aa564320f323b166c8633d3921e26003685557ebc2a31fcecfd73ee3dae94b63,4b37a5ed9cfdc71b591d28bacc024e42e8ebe679ab10903583897e072da5c95b,2026-08-06T20:59:03.067129+00:00
Q394,price,T1500,DENSE_BM25_RRF,"['T1500-1911', 'T1500-1924', 'T1500-1165', 'T1500-1964', 'T1500-1873', 'T1500-1923', 'T1500-1967', 'T1500-1921', 'T1500-1870', 'T1500-1954']","[0.6741215, 0.65862727, 0.6286394, 0.66905224, 0.63699484, 0.66737211, 0.66347671, 0.66108119, 0.63774598, 0.66124445]",,0,0,0,0,6a61635b28a1b17d635e55e2bb852d295f55aafea0d2cae948fc73ba66f59e38,4b37a5ed9cfdc71b591d28bacc024e42e8ebe679ab10903583897e072da5c95b,2026-08-06T20:59:03.075375+00:00
Q395,price,T1500,DENSE_BM25_RRF,"['T1500-1234', 'T1500-1233', 'T1500-1228', 'T1500-1231', 'T1500-1232', 'T1500-1263', 'T1500-1230', 'T1500-1229', 'T1500-1265', 'T1500-1235']","[0.66239667, 0.65922904, 0.62430203, 0.63410753, 0.61328954, 0.63052225, 0.61868966, 0.60349059, 0.59722579, 0.58548313]",1,1,1,1,1,4cf9a81d607f5632d14f77e8da069841b632caeedb4d78db1ca2b46e4f0e43d7,4b37a5ed9cfdc71b591d28bacc024e42e8ebe679ab10903583897e072da5c95b,2026-08-06T20:59:03.079706+00:00
Q396,attribute,T1500,DENSE_BM25_RRF,"['T1500-1594', 'T1500-1595', 'T1500-1591', 'T1500-1590', 'T1500-1538', 'T1500-1613', 'T1500-1642', 'T1500-1537', 'T1500-1599', 'T1500-1605']","[0.6536625, 0.64647716, 0.6137352, 0.61965072, 0.60605925, 0.61094207, 0.59712023, 0.62217838, 0.60275728, 0.60290527]",4,0,0,1,1,281c3ec011136716a969d601bbba48f778a1a08ecabe5ff07fa83d7df3c60bae,4b37a5ed9cfdc71b591d28bacc024e42e8ebe679ab10903583897e072da5c95b,2026-08-06T20:59:03.088292+00:00
Q397,attribute,T1500,DENSE_BM25_RRF,"['T1500-1351', 'T1500-1347', 'T1500-1355', 'T1500-1366', 'T1500-1367', 'T1500-1349', 'T1500-1352', 'T1500-1353', 'T1500-1357', 'T1500-1348']","[0.62254614, 0.62364864, 0.60127348, 0.6378091, 0.60685456, 0.57856226, 0.56309509, 0.56581312, 0.56073022, 0.57805729]",3,0,1,1,1,610a41e2738b151e948a93fba49f5b434759481be17f0d0c2e4f8d2e6939e9c1,4b37a5ed9cfdc71b591d28bacc024e42e8ebe679ab10903583897e072da5c95b,2026-08-06T20:59:03.095813+00:00
Q398,attribute,T1500,DENSE_BM25_RRF,"['T1500-0167', 'T1500-0248', 'T1500-1546', 'T1500-0273', 'T1500-0173', 'T1500-0250', 'T1500-0161', 'T1500-0275', 'T1500-2032', 'T1500-0274']","[0.46019274, 0.39267939, 0.45532241, 0.38834879, 0.4523555, 0.379318, 0.45115992, 0.3822102, 0.4471606, 0.38108858]",,0,0,0,0,45f3b74d76f85f4b4d84730fbbeb987a3259ed96d6e3eea93272ac3ed5a256cb,4b37a5ed9cfdc71b591d28bacc024e42e8ebe679ab10903583897e072da5c95b,2026-08-06T20:59:03.103311+00:00
Q399,price,T1500,DENSE_BM25_RRF,"['T1500-1634', 'T1500-1560', 'T1500-1539', 'T1500-1533', 'T1500-1630', 'T1500-1558', 'T1500-0097', 'T1500-1538', 'T1500-1613', 'T1500-1545']","[0.62332094, 0.57172406, 0.57979059, 0.59188759, 0.56262028, 0.55193025, 0.5604223, 0.56335092, 0.53640085, 0.53025335]",1,1,1,1,1,154c8ecf125355b8f3f557d9f7e786b8512f89923e39db2efd8a480fa26a0fd3,4b37a5ed9cfdc71b591d28bacc024e42e8ebe679ab10903583897e072da5c95b,2026-08-06T20:59:03.108624+00:00
Q400,attribute,T1500,DENSE_BM25_RRF,"['T1500-1086', 'T1500-1088', 'T1500-1087', 'T1500-1082', 'T1500-1089', 'T1500-1085', 'T1500-1227', 'T1500-1084', 'T1500-1225', 'T1500-1224']","[0.5723865, 0.56364298, 0.56286728, 0.54713523, 0.52762556, 0.54529262, 0.51569164, 0.52802491, 0.49752331, 0.49351844]",1,1,1,1,1,419e54e52dec16379d81e9f2cbb81b178e7ae2c07fea6662a9dfa02d3b62a464,4b37a5ed9cfdc71b591d28bacc024e42e8ebe679ab10903583897e072da5c95b,2026-08-06T20:59:03.115586+00:00
Q401,attribute,T1500,DENSE_BM25_RRF,"['T1500-0452', 'T1500-0451', 'T1500-0453', 'T1500-0547', 'T1500-0546', 'T1500-0545', 'T1500-0450', 'T1500-0548', 'T1500-1261', 'T1500-2023']","[0.62583882, 0.61828464, 0.6091758, 0.61022621, 0.59541523, 0.59161222, 0.58923715, 0.55884349, 0.54642057, 0.5504567]",1,1,1,1,1,11a40116050b1c5811e47d39555a430279abbc679e4219232d876464778bf607,4b37a5ed9cfdc71b591d28bacc024e42e8ebe679ab10903583897e072da5c95b,2026-08-06T20:59:03.123248+00:00
Q402,attribute,T1500,DENSE_BM25_RRF,"['T1500-1129', 'T1500-1125', 'T1500-1131', 'T1500-1130', 'T1500-1126', 'T1500-1128', 'T1500-1124', 'T1500-1127', 'T1500-1123', 'T1500-1226']","[0.65873218, 0.66975963, 0.64326608, 0.61915767, 0.64477456, 0.66297698, 0.63902009, 0.61398542, 0.57081395, 0.5675953]",1,1,1,1,1,ab8320586a39bae1a8a9c391e96f9d5ce632827d5e5e999affa8dbb716c34ab2,4b37a5ed9cfdc71b591d28bacc024e42e8ebe679ab10903583897e072da5c95b,2026-08-06T20:59:03.130067+00:00
Q403,attribute,T1500,DENSE_BM25_RRF,"['T1500-1629', 'T1500-0085', 'T1500-0054', 'T1500-1573', 'T1500-1630', 'T1500-0196', 'T1500-1626', 'T1500-1571', 'T1500-0118', 'T1500-0087']","[0.56635505, 0.5577426, 0.51882362, 0.52505493, 0.5069747, 0.50926214, 0.49719843, 0.49656487, 0.54350728, 0.5338335]",1,1,1,1,1,2eb302cab2bf7cc5bd4e374de7c0b282b76f63a519925808b7fba93d14f8c648,4b37a5ed9cfdc71b591d28bacc024e42e8ebe679ab10903583897e072da5c95b,2026-08-06T20:59:03.138353+00:00
Q404,price,T1500,DENSE_BM25_RRF,"['T1500-1604', 'T1500-1602', 'T1500-1597', 'T1500-1622', 'T1500-1599', 'T1500-1646', 'T1500-1607', 'T1500-1642', 'T1500-1630', 'T1500-1594']","[0.63610673, 0.63355702, 0.57427067, 0.55571574, 0.54189986, 0.54911357, 0.53144348, 0.5359478, 0.5504027, 0.56062567]",2,0,1,1,1,b1b488641c16bec9a04fff656e7e54427eb864476ef1364eb0a9c19d55c3062e,4b37a5ed9cfdc71b591d28bacc024e42e8ebe679ab10903583897e072da5c95b,2026-08-06T20:59:03.143176+00:00
Q405,price,T1500,DENSE_BM25_RRF,"['T1500-1930', 'T1500-1932', 'T1500-1929', 'T1500-1830', 'T1500-1856', 'T1500-1367', 'T1500-1848', 'T1500-1449', 'T1500-1366', 'T1500-1448']","[0.59012866, 0.54090488, 0.511953, 0.51296461, 0.51120478, 0.49542007, 0.47874814, 0.49621588, 0.47636849, 0.48788357]",2,0,1,1,1,16735b8426f43d10b68fd7c4476851e387cf2bb85bdc9e9bda035c3cb47ebde2,4b37a5ed9cfdc71b591d28bacc024e42e8ebe679ab10903583897e072da5c95b,2026-08-06T20:59:03.148336+00:00
Q406,price,T1500,DENSE_BM25_RRF,"['T1500-1222', 'T1500-2017', 'T1500-1223', 'T1500-1238', 'T1500-1065', 'T1500-0987', 'T1500-1221', 'T1500-2014', 'T1500-1244', 'T1500-0205']","[0.57680309, 0.56385887, 0.58708686, 0.59589791, 0.54991007, 0.53985274, 0.53997123, 0.54863936, 0.53889138, 0.53411227]",5,0,0,1,1,fb848346f60bc0cb889c69d8caadddae8545e1a86bba39cd8dd535daa7ef8d58,4b37a5ed9cfdc71b591d28bacc024e42e8ebe679ab10903583897e072da5c95b,2026-08-06T20:59:03.152871+00:00
Q407,price,T1500,DENSE_BM25_RRF,"['T1500-0197', 'T1500-1629', 'T1500-1627', 'T1500-1571', 'T1500-1595', 'T1500-1543', 'T1500-1611', 'T1500-1602', 'T1500-1594', 'T1500-1590']","[0.48085883, 0.47890699, 0.46108252, 0.46386388, 0.47988951, 0.47169444, 0.47919708, 0.46194148, 0.47538656, 0.47571391]",1,1,1,1,1,6b3a0483550703b78f0fef8956bf6559d47bb6c6ec3bfa71c682ff3918ab797d,4b37a5ed9cfdc71b591d28bacc024e42e8ebe679ab10903583897e072da5c95b,2026-08-06T20:59:03.159170+00:00
Q408,price,T1500,DENSE_BM25_RRF,"['T1500-0759', 'T1500-0777', 'T1500-0757', 'T1500-0754', 'T1500-0704', 'T1500-0768', 'T1500-0750', 'T1500-0755', 'T1500-0775', 'T1500-0774']","[0.54575884, 0.53544307, 0.52378666, 0.5180853, 0.5388093, 0.53001988, 0.52009088, 0.50823796, 0.51909769, 0.51655805]",1,1,1,1,1,17be55ec266eb3fcf20fd7e218e6a0f51f8c013574dcebfa15db6eca5f1f5483,4b37a5ed9cfdc71b591d28bacc024e42e8ebe679ab10903583897e072da5c95b,2026-08-06T20:59:03.163948+00:00
Q409,price,T1500,DENSE_BM25_RRF,"['T1500-1911', 'T1500-1912', 'T1500-1914', 'T1500-1917', 'T1500-1920', 'T1500-1908', 'T1500-1918', 'T1500-1909', 'T1500-1915', 'T1500-1923']","[0.73459297, 0.70488942, 0.68089777, 0.67943162, 0.66966474, 0.66128486, 0.65825593, 0.65551651, 0.65115809, 0.63742214]",1,1,1,1,1,d3e37d4cb8dedcd11fdc1cde31bdc9230aa4d1582acf74111a13b4d3cf239ce8,4b37a5ed9cfdc71b591d28bacc024e42e8ebe679ab10903583897e072da5c95b,2026-08-06T20:59:03.170362+00:00
Q410,attribute,T1500,DENSE_BM25_RRF,"['T1500-2017', 'T1500-1210', 'T1500-1065', 'T1500-0987', 'T1500-1211', 'T1500-0986', 'T1500-1238', 'T1500-1245', 'T1500-1246', 'T1500-1221']","[0.61546135, 0.59623009, 0.60774261, 0.59763229, 0.58929187, 0.58809948, 0.61256933, 0.58622223, 0.58023977, 0.57256258]",2,0,1,1,1,69ca23fc763dd0d1e764216b9670f8aef4baba85b11ba69f3b2b8b54476d4467,4b37a5ed9cfdc71b591d28bacc024e42e8ebe679ab10903583897e072da5c95b,2026-08-06T20:59:03.178531+00:00
Q411,price,T1500,DENSE_BM25_RRF,"['T1500-1557', 'T1500-1550', 'T1500-1555', 'T1500-1617', 'T1500-1530', 'T1500-1549', 'T1500-1594', 'T1500-1638', 'T1500-0095', 'T1500-1605']","[0.56758225, 0.56041873, 0.55701697, 0.55848873, 0.54146856, 0.55480784, 0.56915474, 0.56454813, 0.54352963, 0.56339395]",2,0,1,1,1,990a478cfbb944827cbb01cea2517078acb6c1b57c325b443b15c1494c6afa4e,4b37a5ed9cfdc71b591d28bacc024e42e8ebe679ab10903583897e072da5c95b,2026-08-06T20:59:03.183131+00:00
Q412,price,T1500,DENSE_BM25_RRF,"['T1500-1800', 'T1500-1799', 'T1500-1803', 'T1500-1805', 'T1500-1952', 'T1500-1964', 'T1500-1802', 'T1500-1954', 'T1500-1920', 'T1500-1797']","[0.66200864, 0.64636528, 0.65114152, 0.64227957, 0.64367831, 0.6343106, 0.64600819, 0.62683594, 0.65041471, 0.61345911]",2,0,1,1,1,4403f931f94a4be40f4f3b2fe8465137f37d0063138f717e092f5c93cb25a38b,4b37a5ed9cfdc71b591d28bacc024e42e8ebe679ab10903583897e072da5c95b,2026-08-06T20:59:03.188628+00:00
Q413,attribute,T1500,DENSE_BM25_RRF,"['T1500-1558', 'T1500-1557', 'T1500-0085', 'T1500-1549', 'T1500-1546', 'T1500-0073', 'T1500-1550', 'T1500-1560', 'T1500-1530', 'T1500-1561']","[0.63034791, 0.57946908, 0.57993001, 0.55063087, 0.56335217, 0.55997813, 0.55056977, 0.53273511, 0.53581834, 0.52534503]",3,0,1,1,1,ed4544f9a83c9e75cb293ea92c8b8340f429cb10e44cf789fb6e69c61ef77522,4b37a5ed9cfdc71b591d28bacc024e42e8ebe679ab10903583897e072da5c95b,2026-08-06T20:59:03.199394+00:00
Q414,price,T1500,DENSE_BM25_RRF,"['T1500-1534', 'T1500-1613', 'T1500-1529', 'T1500-1637', 'T1500-1622', 'T1500-1635', 'T1500-1535', 'T1500-1599', 'T1500-1626', 'T1500-1537']","[0.5051229, 0.49792942, 0.48963445, 0.49122673, 0.47573012, 0.47463918, 0.48064262, 0.47637126, 0.46690634, 0.50420463]",1,1,1,1,1,358f874b3d0ffbfa7c191852b41a429a6495a6383421176a3d252344b00f6598,4b37a5ed9cfdc71b591d28bacc024e42e8ebe679ab10903583897e072da5c95b,2026-08-06T20:59:03.203933+00:00
Q415,price,T1500,DENSE_BM25_RRF,"['T1500-0197', 'T1500-0072', 'T1500-1626', 'T1500-0129', 'T1500-0196', 'T1500-1573', 'T1500-1542', 'T1500-1590', 'T1500-1597', 'T1500-0081']","[0.60686249, 0.51708156, 0.51759124, 0.51725191, 0.50181067, 0.50334096, 0.50544989, 0.51040256, 0.50374329, 0.51219356]",1,1,1,1,1,987d5cd49b26432baedff5e28ff8a6be7b4063f8fbac8d9411311cfa3ad57992,4b37a5ed9cfdc71b591d28bacc024e42e8ebe679ab10903583897e072da5c95b,2026-08-06T20:59:03.209841+00:00
Q416,price,T1500,DENSE_BM25_RRF,"['T1500-0116', 'T1500-1523', 'T1500-1387', 'T1500-1448', 'T1500-1390', 'T1500-1391', 'T1500-1524', 'T1500-0183', 'T1500-1388', 'T1500-0177']","[0.4741694, 0.48890963, 0.46433914, 0.47691274, 0.48590142, 0.48561406, 0.45612761, 0.46281111, 0.4990156, 0.47005576]",3,0,1,1,1,7014b5e4858eb21b4207f8dd451dc91fa9a245e2732e254f53113012ae634822,4b37a5ed9cfdc71b591d28bacc024e42e8ebe679ab10903583897e072da5c95b,2026-08-06T20:59:03.213762+00:00
Q417,attribute,T1500,DENSE_BM25_RRF,"['T1500-0272', 'T1500-0273', 'T1500-0277', 'T1500-0275', 'T1500-0276', 'T1500-0274', 'T1500-0271', 'T1500-0270', 'T1500-0269', 'T1500-0279']","[0.68147779, 0.65354121, 0.63365811, 0.60553682, 0.60859025, 0.61410284, 0.62019432, 0.6006825, 0.58939034, 0.5945152]",1,1,1,1,1,ec3b48a1b81501b2543416f6a8479b01e940c0b9171d439d3b38c6bed7b0d254,4b37a5ed9cfdc71b591d28bacc024e42e8ebe679ab10903583897e072da5c95b,2026-08-06T20:59:03.225132+00:00
Q418,attribute,T1500,DENSE_BM25_RRF,"['T1500-0540', 'T1500-0445', 'T1500-0446', 'T1500-0438', 'T1500-0434', 'T1500-0531', 'T1500-0536', 'T1500-0442', 'T1500-0534', 'T1500-0535']","[0.66760528, 0.66466773, 0.65511632, 0.65562534, 0.65091395, 0.64655411, 0.65332353, 0.65299487, 0.65405953, 0.64853334]",1,1,1,1,1,ea7b0a073f6efc5e0798eddf29b6ac49df66bc92f7f361e86e30da7e1c11232b,4b37a5ed9cfdc71b591d28bacc024e42e8ebe679ab10903583897e072da5c95b,2026-08-06T20:59:03.231665+00:00
Q419,attribute,T1500,DENSE_BM25_RRF,"['T1500-1558', 'T1500-1557', 'T1500-1560', 'T1500-0085', 'T1500-1550', 'T1500-1549', 'T1500-0073', 'T1500-1561', 'T1500-1530', 'T1500-0118']","[0.66038215, 0.60502946, 0.5609321, 0.61258245, 0.56354755, 0.55404985, 0.56431568, 0.53186905, 0.53472161, 0.57255578]",1,1,1,1,1,8ceaba495c0b470309710904416cd9dc8fc97a0fd31752ab8590ee0c0a5d501d,4b37a5ed9cfdc71b591d28bacc024e42e8ebe679ab10903583897e072da5c95b,2026-08-06T20:59:03.242398+00:00
Q420,price,T1500,DENSE_BM25_RRF,"['T1500-0876', 'T1500-0875', 'T1500-0881', 'T1500-0873', 'T1500-0878', 'T1500-0537', 'T1500-0442', 'T1500-0438', 'T1500-0533', 'T1500-0437']","[0.66469651, 0.64284497, 0.63105184, 0.63570946, 0.63644969, 0.63741171, 0.62035531, 0.6131345, 0.61460781, 0.61093831]",1,1,1,1,1,f082549a8161dd32d7337e072269938f4c5bbba6d1c1026dc04db054a94575cd,4b37a5ed9cfdc71b591d28bacc024e42e8ebe679ab10903583897e072da5c95b,2026-08-06T20:59:03.245968+00:00
Q421,attribute,T1500,DENSE_BM25_RRF,"['T1500-1228', 'T1500-1231', 'T1500-1230', 'T1500-1233', 'T1500-1232', 'T1500-1234', 'T1500-1229', 'T1500-1265', 'T1500-1235', 'T1500-1263']","[0.68705255, 0.67307234, 0.67037535, 0.66219378, 0.64833206, 0.66080773, 0.6362409, 0.63416129, 0.58909953, 0.64362019]",1,1,1,1,1,434d1af4392291b14fb05cde3ebac86810b4ac8ddf3389bf1a8e0ea4eabe7545,4b37a5ed9cfdc71b591d28bacc024e42e8ebe679ab10903583897e072da5c95b,2026-08-06T20:59:03.253519+00:00
Q422,price,T1500,DENSE_BM25_RRF,"['T1500-1325', 'T1500-1324', 'T1500-0018', 'T1500-0019', 'T1500-0015', 'T1500-1318', 'T1500-1614', 'T1500-0016', 'T1500-2046', 'T1500-0038']","[0.50852501, 0.49355289, 0.47909987, 0.48029661, 0.47240716, 0.46411282, 0.47478983, 0.4593769, 0.46376097, 0.45565]",3,0,1,1,1,9488f58a4a578a54ed1c30bfdc440ad95ee9d04b1cfcb82a91e4de4d007b952d,4b37a5ed9cfdc71b591d28bacc024e42e8ebe679ab10903583897e072da5c95b,2026-08-06T20:59:03.261468+00:00
Q423,attribute,T1500,DENSE_BM25_RRF,"['T1500-0189', 'T1500-0190', 'T1500-0188', 'T1500-0191', 'T1500-1541', 'T1500-0121', 'T1500-1610', 'T1500-0055', 'T1500-1573', 'T1500-1571']","[0.59055203, 0.53876638, 0.53031844, 0.53194022, 0.49546549, 0.52442592, 0.48354837, 0.45788771, 0.49040133, 0.48799726]",1,1,1,1,1,f0b7f9a1ec581ab6c5a1e9b93e8c113812203ecff0bc970d2edc5450f3380643,4b37a5ed9cfdc71b591d28bacc024e42e8ebe679ab10903583897e072da5c95b,2026-08-06T20:59:03.271038+00:00
Q424,attribute,T1500,DENSE_BM25_RRF,"['T1500-1964', 'T1500-1967', 'T1500-1965', 'T1500-1948', 'T1500-1870', 'T1500-1958', 'T1500-1957', 'T1500-1868', 'T1500-0967', 'T1500-0983']","[0.72706413, 0.70738506, 0.71437025, 0.65617484, 0.64542919, 0.64129835, 0.63333285, 0.65420377, 0.63631177, 0.64279592]",1,1,1,1,1,e5ca3b6cba42fd565dcecf35a3eea08b0fd90d8c3a4ee55a59095dca55386507,4b37a5ed9cfdc71b591d28bacc024e42e8ebe679ab10903583897e072da5c95b,2026-08-06T20:59:03.283525+00:00
Q425,attribute,T1500,DENSE_BM25_RRF,"['T1500-1323', 'T1500-0018', 'T1500-1325', 'T1500-0016', 'T1500-1324', 'T1500-0015', 'T1500-0019', 'T1500-1678', 'T1500-0017', 'T1500-0014']","[0.67312318, 0.63945073, 0.59755015, 0.63803548, 0.60741431, 0.62253439, 0.62351716, 0.5535779, 0.60335648, 0.60852569]",1,1,1,1,1,968713910b30d6285ac3d288c6efa4e72de3bf7343e8ed9737b4693adcf6857b,4b37a5ed9cfdc71b591d28bacc024e42e8ebe679ab10903583897e072da5c95b,2026-08-06T20:59:03.291388+00:00
Q426,attribute,T1500,DENSE_BM25_RRF,"['T1500-1954', 'T1500-1032', 'T1500-1029', 'T1500-1031', 'T1500-1025', 'T1500-1033', 'T1500-1952', 'T1500-1951', 'T1500-1948', 'T1500-1949']","[0.68263924, 0.66527343, 0.66087306, 0.65556067, 0.66407269, 0.65775317, 0.67968953, 0.67384434, 0.66993982, 0.66878855]",2,0,1,1,1,cd88cf326289913faae3db527cf6609e38fcc2bbf77ac30602b4226eda266d86,4b37a5ed9cfdc71b591d28bacc024e42e8ebe679ab10903583897e072da5c95b,2026-08-06T20:59:03.302517+00:00
Q427,price,T1500,DENSE_BM25_RRF,"['T1500-1558', 'T1500-1557', 'T1500-1549', 'T1500-1550', 'T1500-1553', 'T1500-1539', 'T1500-1560', 'T1500-1622', 'T1500-0085', 'T1500-1545']","[0.63291425, 0.58814245, 0.58220524, 0.57836241, 0.57022303, 0.56411636, 0.54606593, 0.5587073, 0.55708069, 0.53892088]",1,1,1,1,1,b5e2e4f03eb164cae46197e32142bd1aa2baf62b84df4445364296c7b0ceb646,4b37a5ed9cfdc71b591d28bacc024e42e8ebe679ab10903583897e072da5c95b,2026-08-06T20:59:03.309986+00:00
Q428,price,T1500,DENSE_BM25_RRF,"['T1500-1989', 'T1500-1988', 'T1500-1952', 'T1500-1803', 'T1500-1951', 'T1500-1947', 'T1500-1955', 'T1500-1954', 'T1500-1948', 'T1500-1206']","[0.69256198, 0.59066737, 0.56853223, 0.57328182, 0.56894243, 0.59649503, 0.55723763, 0.54793352, 0.55294198, 0.55170321]",1,1,1,1,1,8ac858ebd6439fa9fda0a9912ae1912f629a7eccc1b22908aea95673a1c168d3,4b37a5ed9cfdc71b591d28bacc024e42e8ebe679ab10903583897e072da5c95b,2026-08-06T20:59:03.314780+00:00
Q429,attribute,T1500,DENSE_BM25_RRF,"['T1500-1430', 'T1500-1422', 'T1500-1740', 'T1500-1431', 'T1500-2088', 'T1500-1249', 'T1500-2096', 'T1500-1426', 'T1500-1367', 'T1500-0107']","[0.58073801, 0.56552112, 0.53769994, 0.58381987, 0.55018455, 0.52138019, 0.54503661, 0.51369321, 0.52321351, 0.54272664]",,0,0,0,0,ce6aec4df5d81b8e1ed28773ffec0a105e368ca35b61a132b930701236f5a3a1,4b37a5ed9cfdc71b591d28bacc024e42e8ebe679ab10903583897e072da5c95b,2026-08-06T20:59:03.328076+00:00
Q430,price,T1500,DENSE_BM25_RRF,"['T1500-0076', 'T1500-0069', 'T1500-1622', 'T1500-0077', 'T1500-1613', 'T1500-1626', 'T1500-0122', 'T1500-1546', 'T1500-1623', 'T1500-1538']","[0.51667005, 0.49599084, 0.49963078, 0.5039891, 0.52257967, 0.495774, 0.47367421, 0.49119344, 0.49694496, 0.50098157]",2,0,1,1,1,4edd3668af8bc867b0f41e331661eda7cf8329c3d9928f9275e402a71f5c515e,4b37a5ed9cfdc71b591d28bacc024e42e8ebe679ab10903583897e072da5c95b,2026-08-06T20:59:03.341343+00:00
Q431,price,T1500,DENSE_BM25_RRF,"['T1500-1796', 'T1500-1914', 'T1500-1921', 'T1500-1912', 'T1500-1805', 'T1500-1803', 'T1500-1845', 'T1500-1802', 'T1500-1923', 'T1500-1800']","[0.75019574, 0.67203325, 0.67009479, 0.66168267, 0.65758419, 0.66648924, 0.65376204, 0.66289997, 0.67182529, 0.63649446]",1,1,1,1,1,8bc3ba553d16b47a22ee55939f80f71c39dc5cfa66d8901ecfb39678c01e3206,4b37a5ed9cfdc71b591d28bacc024e42e8ebe679ab10903583897e072da5c95b,2026-08-06T20:59:03.349630+00:00
Q432,attribute,T1500,DENSE_BM25_RRF,"['T1500-1095', 'T1500-1301', 'T1500-1299', 'T1500-1122', 'T1500-1789', 'T1500-1092', 'T1500-1094', 'T1500-1091', 'T1500-1300', 'T1500-1090']","[0.65786755, 0.59962058, 0.58120966, 0.5932641, 0.57171226, 0.58477545, 0.5631187, 0.56310117, 0.55995572, 0.55926478]",,0,0,0,0,795e91ba16384747a4305a51d34a9c075b5e42719af1947cf1bc438442dd580e,4b37a5ed9cfdc71b591d28bacc024e42e8ebe679ab10903583897e072da5c95b,2026-08-06T20:59:03.359432+00:00
Q433,price,T1500,DENSE_BM25_RRF,"['T1500-1570', 'T1500-1568', 'T1500-1622', 'T1500-0191', 'T1500-1635', 'T1500-1648', 'T1500-1613', 'T1500-1529', 'T1500-1614', 'T1500-1637']","[0.64472723, 0.56506234, 0.54691446, 0.5263474, 0.53328705, 0.53533649, 0.54916263, 0.5183177, 0.51158512, 0.50922567]",1,1,1,1,1,67b5e35baa7cd288b27f60272d1cb96cf230186f4223b8a0d161aef6385a6739,4b37a5ed9cfdc71b591d28bacc024e42e8ebe679ab10903583897e072da5c95b,2026-08-06T20:59:03.365734+00:00
Q434,attribute,T1500,DENSE_BM25_RRF,"['T1500-0330', 'T1500-0329', 'T1500-0331', 'T1500-0332', 'T1500-0328', 'T1500-0327', 'T1500-0325', 'T1500-0326', 'T1500-0348', 'T1500-0534']","[0.66006303, 0.65179515, 0.63888669, 0.64415431, 0.6210658, 0.60664779, 0.5991745, 0.58938473, 0.61430734, 0.61218095]",,0,0,0,0,e46075d0690616b6edf1aea8691a4145110abd99e3304cc57f2b1c9739bb88bc,4b37a5ed9cfdc71b591d28bacc024e42e8ebe679ab10903583897e072da5c95b,2026-08-06T20:59:03.373325+00:00
Q435,price,T1500,DENSE_BM25_RRF,"['T1500-1371', 'T1500-0282', 'T1500-0283', 'T1500-1367', 'T1500-1370', 'T1500-1373', 'T1500-1345', 'T1500-0932', 'T1500-1383', 'T1500-1520']","[0.53227043, 0.50140965, 0.49873316, 0.55199951, 0.5498873, 0.46664676, 0.54097462, 0.36240113, 0.53246349, 0.45153582]",1,1,1,1,1,8eb6309626904d0e284d6a1ecbda6b0df5b2883efd1d760f0e2c5b08c1e8f3b7,4b37a5ed9cfdc71b591d28bacc024e42e8ebe679ab10903583897e072da5c95b,2026-08-06T20:59:03.377130+00:00
Q436,attribute,T1500,DENSE_BM25_RRF,"['T1500-1643', 'T1500-1538', 'T1500-1646', 'T1500-1622', 'T1500-1647', 'T1500-1539', 'T1500-0097', 'T1500-1613', 'T1500-0076', 'T1500-1642']","[0.63496751, 0.63834226, 0.64852774, 0.64363325, 0.64450502, 0.61306447, 0.62488741, 0.6151768, 0.62023497, 0.60219729]",1,1,1,1,1,05f9fbd34259e212e10f19ae2a22357d288f02fc960aeb858c830f5e55ecb597,4b37a5ed9cfdc71b591d28bacc024e42e8ebe679ab10903583897e072da5c95b,2026-08-06T20:59:03.387624+00:00
Q437,attribute,T1500,DENSE_BM25_RRF,"['T1500-0840', 'T1500-0842', 'T1500-0841', 'T1500-0836', 'T1500-0838', 'T1500-0839', 'T1500-0825', 'T1500-0837', 'T1500-0834', 'T1500-0832']","[0.70197397, 0.65881449, 0.69824094, 0.66996443, 0.6542142, 0.61462492, 0.62155133, 0.61012065, 0.58554924, 0.60311055]",1,1,1,1,1,c84248c448d27bb580aab7b2660b177572150455ee0c50bdccf645a01c2e2008,4b37a5ed9cfdc71b591d28bacc024e42e8ebe679ab10903583897e072da5c95b,2026-08-06T20:59:03.397075+00:00
Q438,price,T1500,DENSE_BM25_RRF,"['T1500-1366', 'T1500-1637', 'T1500-1364', 'T1500-0299', 'T1500-1534', 'T1500-0020', 'T1500-1383', 'T1500-1529', 'T1500-1347', 'T1500-1351']","[0.54595381, 0.53826201, 0.50903934, 0.49333525, 0.48996496, 0.52140665, 0.51012063, 0.47709167, 0.49886885, 0.50436664]",2,0,1,1,1,f755fe8a4e523d3794f10ba51fd20c738dc7129acaf300a464b169770dc5a37d,4b37a5ed9cfdc71b591d28bacc024e42e8ebe679ab10903583897e072da5c95b,2026-08-06T20:59:03.401078+00:00
Q439,price,T1500,DENSE_BM25_RRF,"['T1500-0310', 'T1500-0143', 'T1500-0312', 'T1500-1339', 'T1500-1335', 'T1500-0311', 'T1500-1730', 'T1500-1327', 'T1500-0088', 'T1500-1666']","[0.55363333, 0.47493654, 0.46884891, 0.50166446, 0.49816975, 0.44108021, 0.49591938, 0.49554911, 0.37865674, 0.49008584]",1,1,1,1,1,cd2036e4aa6a794c602a205e665719b223b8fcc72f34d98f8c1cd0b964ed083f,4b37a5ed9cfdc71b591d28bacc024e42e8ebe679ab10903583897e072da5c95b,2026-08-06T20:59:03.405358+00:00
Q440,attribute,T1500,DENSE_BM25_RRF,"['T1500-2102', 'T1500-0818', 'T1500-1208', 'T1500-0960', 'T1500-0703', 'T1500-1055', 'T1500-0705', 'T1500-1193', 'T1500-0814', 'T1500-0701']","[0.56290269, 0.55516195, 0.56537259, 0.51245272, 0.56319845, 0.5038296, 0.56319779, 0.48149788, 0.50080222, 0.56130743]",4,0,0,1,1,009452d41a4b8f9d482d52ae17c672eeb5d3052c39ae93bdce286b6d2db8b388,4b37a5ed9cfdc71b591d28bacc024e42e8ebe679ab10903583897e072da5c95b,2026-08-06T20:59:03.413838+00:00
Q441,price,T1500,DENSE_BM25_RRF,"['T1500-0849', 'T1500-0846', 'T1500-0859', 'T1500-0844', 'T1500-0850', 'T1500-0856', 'T1500-0857', 'T1500-0848', 'T1500-0853', 'T1500-0845']","[0.6351161, 0.63663131, 0.65808892, 0.63670784, 0.62784278, 0.6378535, 0.65233439, 0.61486089, 0.62568533, 0.62585807]",1,1,1,1,1,bda9abdd1429194a79186388d18619b478567c220196940d2ebc93448f7a6b63,4b37a5ed9cfdc71b591d28bacc024e42e8ebe679ab10903583897e072da5c95b,2026-08-06T20:59:03.423107+00:00
Q442,price,T1500,DENSE_BM25_RRF,"['T1500-0944', 'T1500-0945', 'T1500-0946', 'T1500-0942', 'T1500-0940', 'T1500-0943', 'T1500-1964', 'T1500-1965', 'T1500-0947', 'T1500-0949']","[0.66092777, 0.65527022, 0.6516577, 0.63446194, 0.62956727, 0.65133023, 0.64174068, 0.62328732, 0.62860966, 0.62293291]",3,0,1,1,1,f596a0ecbc8089f2fd271b9142d4a5da56d676b5924807aaed48a5f94d34f052,4b37a5ed9cfdc71b591d28bacc024e42e8ebe679ab10903583897e072da5c95b,2026-08-06T20:59:03.429965+00:00
Q443,price,T1500,DENSE_BM25_RRF,"['T1500-1627', 'T1500-1629', 'T1500-1613', 'T1500-1625', 'T1500-1571', 'T1500-0198', 'T1500-1604', 'T1500-1538', 'T1500-0070', 'T1500-1602']","[0.47274446, 0.46239775, 0.46254992, 0.47354031, 0.43874592, 0.44063336, 0.45310301, 0.45375669, 0.43826774, 0.44774067]",,0,0,0,0,79148fdf1e0ed93c08b15b52d9721db1320256bcef241824e26be5dd53640a0a,4b37a5ed9cfdc71b591d28bacc024e42e8ebe679ab10903583897e072da5c95b,2026-08-06T20:59:03.435072+00:00
Q444,attribute,T1500,DENSE_BM25_RRF,"['T1500-0020', 'T1500-1366', 'T1500-2099', 'T1500-2102', 'T1500-2089', 'T1500-2091', 'T1500-2087', 'T1500-2090', 'T1500-2096', 'T1500-2088']","[0.64407659, 0.58466244, 0.57267147, 0.57588619, 0.59049135, 0.59673595, 0.55387878, 0.58224636, 0.55951446, 0.61280131]",1,1,1,1,1,38f56472aac36a508acfd4e88fe6d6cd09beb28b82e9e25fe558abef3b91589d,4b37a5ed9cfdc71b591d28bacc024e42e8ebe679ab10903583897e072da5c95b,2026-08-06T20:59:03.444343+00:00
Q445,price,T1500,DENSE_BM25_RRF,"['T1500-1814', 'T1500-1813', 'T1500-1842', 'T1500-1841', 'T1500-1811', 'T1500-1815', 'T1500-1844', 'T1500-1810', 'T1500-1939', 'T1500-1938']","[0.70467746, 0.6979413, 0.68818772, 0.66041768, 0.64303696, 0.64797986, 0.64037287, 0.60683262, 0.65330362, 0.62375861]",2,0,1,1,1,a4085663e396e0874ecc9b8015f7f6e6df15203b467a982aa16fddb78eee4ad5,4b37a5ed9cfdc71b591d28bacc024e42e8ebe679ab10903583897e072da5c95b,2026-08-06T20:59:03.450323+00:00
Q446,price,T1500,DENSE_BM25_RRF,"['T1500-0322', 'T1500-0321', 'T1500-0323', 'T1500-0354', 'T1500-0353', 'T1500-0320', 'T1500-0319', 'T1500-0344', 'T1500-0324', 'T1500-0345']","[0.64175606, 0.63914925, 0.62391156, 0.59432971, 0.58529675, 0.6007812, 0.62413406, 0.57736874, 0.57814378, 0.60075688]",1,1,1,1,1,414efc0bf76d001428cfeed4f737ab220d252f6e9425173ec435c2d6f428dbb9,4b37a5ed9cfdc71b591d28bacc024e42e8ebe679ab10903583897e072da5c95b,2026-08-06T20:59:03.456111+00:00
Q447,price,T1500,DENSE_BM25_RRF,"['T1500-0990', 'T1500-0991', 'T1500-0996', 'T1500-0997', 'T1500-0994', 'T1500-0995', 'T1500-0989', 'T1500-1008', 'T1500-0993', 'T1500-1006']","[0.67004544, 0.66197145, 0.65808064, 0.6536901, 0.63206303, 0.64213789, 0.63663948, 0.59623468, 0.59951425, 0.59833431]",2,0,1,1,1,6bd0dabbab360bb94b4124a0fb29abd22c24d71944c395e38edda3a93f4a6239,4b37a5ed9cfdc71b591d28bacc024e42e8ebe679ab10903583897e072da5c95b,2026-08-06T20:59:03.463777+00:00
Q448,attribute,T1500,DENSE_BM25_RRF,"['T1500-0331', 'T1500-0330', 'T1500-0329', 'T1500-0332', 'T1500-0328', 'T1500-0325', 'T1500-0327', 'T1500-0326', 'T1500-0348', 'T1500-0374']","[0.6528765, 0.64707088, 0.64468509, 0.65370524, 0.61658287, 0.60184622, 0.59810066, 0.59501839, 0.61127383, 0.60880005]",,0,0,0,0,a8831be737b4aa8fb83fc62c3fc200334d03a0609f21cd9923f0232cc69096e8,4b37a5ed9cfdc71b591d28bacc024e42e8ebe679ab10903583897e072da5c95b,2026-08-06T20:59:03.471993+00:00
Q449,price,T1500,DENSE_BM25_RRF,"['T1500-1839', 'T1500-1841', 'T1500-1810', 'T1500-1814', 'T1500-1815', 'T1500-1811', 'T1500-1844', 'T1500-1813', 'T1500-1941', 'T1500-1938']","[0.69451272, 0.67855787, 0.60573655, 0.59887695, 0.61701053, 0.59874827, 0.60344255, 0.58820009, 0.62947714, 0.64448887]",1,1,1,1,1,934a3bb090077e3d346e1978d9bf73bbb227b5b19c964040d2d8a3bc01b8a636,4b37a5ed9cfdc71b591d28bacc024e42e8ebe679ab10903583897e072da5c95b,2026-08-06T20:59:03.477328+00:00
Q450,price,T1500,DENSE_BM25_RRF,"['T1500-0297', 'T1500-0298', 'T1500-0019', 'T1500-0299', 'T1500-0300', 'T1500-1747', 'T1500-1749', 'T1500-0016', 'T1500-1586', 'T1500-1730']","[0.65237194, 0.64218599, 0.49260747, 0.49323002, 0.48816505, 0.48087275, 0.48114127, 0.47324678, 0.48517293, 0.47486866]",1,1,1,1,1,2485525f80168789b5017c89a3f461a57b6a3c956edf0ed0252938261c72e1a5,4b37a5ed9cfdc71b591d28bacc024e42e8ebe679ab10903583897e072da5c95b,2026-08-06T20:59:03.484336+00:00
Q451,price,T1500,DENSE_BM25_RRF,"['T1500-1862', 'T1500-1809', 'T1500-1259', 'T1500-1859', 'T1500-1832', 'T1500-1855', 'T1500-1848', 'T1500-1321', 'T1500-1927', 'T1500-1881']","[0.46200126, 0.50410175, 0.44965518, 0.48933011, 0.50064182, 0.44964084, 0.53550887, 0.35268307, 0.51853502, 0.39453745]",1,1,1,1,1,76507186f5505e0c95fd07ebbfce1ee0b128bb5ad3d40a8901842d43ecd22242,4b37a5ed9cfdc71b591d28bacc024e42e8ebe679ab10903583897e072da5c95b,2026-08-06T20:59:03.487519+00:00
Q452,price,T1500,DENSE_BM25_RRF,"['T1500-1633', 'T1500-1634', 'T1500-1613', 'T1500-1604', 'T1500-1537', 'T1500-1648', 'T1500-1630', 'T1500-1631', 'T1500-1605', 'T1500-1602']","[0.52254641, 0.52296168, 0.52074242, 0.52237546, 0.54249167, 0.51990026, 0.51996386, 0.49527344, 0.50835431, 0.50249106]",1,1,1,1,1,67447b9c626841446745bd19c626b172e2ff7455a1e7c74afa73da51ab6df1d9,4b37a5ed9cfdc71b591d28bacc024e42e8ebe679ab10903583897e072da5c95b,2026-08-06T20:59:03.493265+00:00
Q453,attribute,T1500,DENSE_BM25_RRF,"['T1500-0353', 'T1500-0355', 'T1500-0354', 'T1500-0324', 'T1500-0352', 'T1500-0342', 'T1500-0348', 'T1500-0322', 'T1500-0349', 'T1500-0341']","[0.67138207, 0.67081499, 0.65223694, 0.64419019, 0.64389646, 0.60369956, 0.61242843, 0.60550433, 0.59671748, 0.59517503]",1,1,1,1,1,1a46b2e5642485ac4a1639a98da20b7873db627340de573007e9021c0ee7333a,4b37a5ed9cfdc71b591d28bacc024e42e8ebe679ab10903583897e072da5c95b,2026-08-06T20:59:03.498432+00:00
Q454,price,T1500,DENSE_BM25_RRF,"['T1500-1205', 'T1500-1204', 'T1500-1216', 'T1500-1201', 'T1500-1217', 'T1500-1218', 'T1500-1202', 'T1500-1203', 'T1500-1206', 'T1500-1232']","[0.60055882, 0.59380776, 0.57555938, 0.57505417, 0.56418347, 0.57383025, 0.56470519, 0.56208861, 0.58885115, 0.57065916]",,0,0,0,0,117df845693912844f7af1b5f3f2f04b17b13f60b13530d02a2cfbd755a51902,4b37a5ed9cfdc71b591d28bacc024e42e8ebe679ab10903583897e072da5c95b,2026-08-06T20:59:03.502289+00:00
Q455,price,T1500,DENSE_BM25_RRF,"['T1500-1625', 'T1500-0188', 'T1500-1629', 'T1500-1571', 'T1500-1626', 'T1500-0198', 'T1500-1613', 'T1500-1630', 'T1500-1618', 'T1500-0129']","[0.58130127, 0.57314229, 0.54700369, 0.55608553, 0.55187953, 0.54209757, 0.54461277, 0.56409144, 0.58358353, 0.5556125]",,0,0,0,0,4e8be7ea737941825646c5b2a2a18a68db5225c97acad297c224d67ce76978fd,4b37a5ed9cfdc71b591d28bacc024e42e8ebe679ab10903583897e072da5c95b,2026-08-06T20:59:03.505520+00:00
Q456,price,T1500,DENSE_BM25_RRF,"['T1500-1623', 'T1500-0053', 'T1500-0128', 'T1500-1625', 'T1500-1618', 'T1500-1571', 'T1500-1626', 'T1500-0129', 'T1500-1630', 'T1500-1629']","[0.51824558, 0.49183559, 0.50810122, 0.50600779, 0.504861, 0.47789425, 0.49817392, 0.49436799, 0.49975696, 0.47898477]",2,0,1,1,1,b5a39ee521768525a274ace392b45b3f575e72ef951b605038742fa1f3a18ab4,4b37a5ed9cfdc71b591d28bacc024e42e8ebe679ab10903583897e072da5c95b,2026-08-06T20:59:03.508536+00:00
Q457,price,T1500,DENSE_BM25_RRF,"['T1500-0531', 'T1500-0437', 'T1500-0532', 'T1500-0436', 'T1500-0434', 'T1500-0438', 'T1500-0439', 'T1500-0535', 'T1500-0435', 'T1500-0442']","[0.6645664, 0.6608485, 0.65893489, 0.65138257, 0.65245199, 0.6561296, 0.64976466, 0.64767241, 0.64465761, 0.64328957]",2,0,1,1,1,b51c4b65ea8ebaada5b99c76c243be6e0b8aa4c9f554e6f796cd873f3d710802,4b37a5ed9cfdc71b591d28bacc024e42e8ebe679ab10903583897e072da5c95b,2026-08-06T20:59:03.511372+00:00
Q458,price,T1500,DENSE_BM25_RRF,"['T1500-1594', 'T1500-1595', 'T1500-1591', 'T1500-1590', 'T1500-1633', 'T1500-1623', 'T1500-1642', 'T1500-1538', 'T1500-1602', 'T1500-1646']","[0.69135243, 0.66975611, 0.65172052, 0.64144421, 0.62306142, 0.67639917, 0.61223549, 0.6299873, 0.64028144, 0.60871589]",1,1,1,1,1,c2555be49962fadca0853e9ba72c50e0a341d829a2a82574a9bad5467eef8283,4b37a5ed9cfdc71b591d28bacc024e42e8ebe679ab10903583897e072da5c95b,2026-08-06T20:59:03.516795+00:00
Q459,attribute,T1500,DENSE_BM25_RRF,"['T1500-1045', 'T1500-1851', 'T1500-1046', 'T1500-1047', 'T1500-1852', 'T1500-1854', 'T1500-1044', 'T1500-1048', 'T1500-1935', 'T1500-1936']","[0.63982034, 0.64654833, 0.61193991, 0.62441736, 0.60254836, 0.5797267, 0.57880414, 0.56220746, 0.55935943, 0.55654186]",1,1,1,1,1,2da454e5cd82f19da5235ee71a8f791e666cdf75fca0006dc9370908a079f101,4b37a5ed9cfdc71b591d28bacc024e42e8ebe679ab10903583897e072da5c95b,2026-08-06T20:59:03.523869+00:00
Q460,attribute,T1500,DENSE_BM25_RRF,"['T1500-0297', 'T1500-0298', 'T1500-0299', 'T1500-0300', 'T1500-0020', 'T1500-1749', 'T1500-2055', 'T1500-0251', 'T1500-0160', 'T1500-2064']","[0.70043707, 0.68891525, 0.5185076, 0.51022565, 0.50229472, 0.50032157, 0.51612467, 0.50306928, 0.49262923, 0.55153549]",1,1,1,1,1,fb689a4bf6a97d5b7593f621c30153543cf10a401dd612b5869e9c195d52bac2,4b37a5ed9cfdc71b591d28bacc024e42e8ebe679ab10903583897e072da5c95b,2026-08-06T20:59:03.535338+00:00
Q461,price,T1500,DENSE_BM25_RRF,"['T1500-1667', 'T1500-1669', 'T1500-1693', 'T1500-1666', 'T1500-1670', 'T1500-1663', 'T1500-1371', 'T1500-1339', 'T1500-1699', 'T1500-1722']","[0.60308009, 0.55211186, 0.53486896, 0.51101053, 0.50559032, 0.50899506, 0.50443226, 0.51911896, 0.504825, 0.49749786]",1,1,1,1,1,8fe72ba4e2536fbd25c7f90aa8945cb138ab92b0a76578caa7eb36647fedb346,4b37a5ed9cfdc71b591d28bacc024e42e8ebe679ab10903583897e072da5c95b,2026-08-06T20:59:03.538951+00:00
Q462,attribute,T1500,DENSE_BM25_RRF,"['T1500-1367', 'T1500-1353', 'T1500-1348', 'T1500-1369', 'T1500-1352', 'T1500-1366', 'T1500-1382', 'T1500-1357', 'T1500-1351', 'T1500-1347']","[0.64644426, 0.63222367, 0.62941277, 0.60198319, 0.59310293, 0.62816989, 0.57364553, 0.57050622, 0.56139213, 0.57493246]",1,1,1,1,1,da43d821099af390d8571be4c0a5287e57a108609d53a0ad93c8ab553d054d01,4b37a5ed9cfdc71b591d28bacc024e42e8ebe679ab10903583897e072da5c95b,2026-08-06T20:59:03.546808+00:00
Q463,attribute,T1500,DENSE_BM25_RRF,"['T1500-0149', 'T1500-0151', 'T1500-0148', 'T1500-1056', 'T1500-0330', 'T1500-2080', 'T1500-0329', 'T1500-1057', 'T1500-0332', 'T1500-0919']","[0.57825041, 0.52388412, 0.55397558, 0.47059506, 0.53506517, 0.33705667, 0.53459913, 0.46407536, 0.53038549, 0.47273338]",2,0,1,1,1,45ed8992fbe03e5791c019556309deabd763d4844fcde94a87709ef8b53500dd,4b37a5ed9cfdc71b591d28bacc024e42e8ebe679ab10903583897e072da5c95b,2026-08-06T20:59:03.553857+00:00
Q464,attribute,T1500,DENSE_BM25_RRF,"['T1500-1557', 'T1500-1555', 'T1500-1560', 'T1500-1550', 'T1500-1558', 'T1500-1549', 'T1500-1553', 'T1500-1607', 'T1500-1546', 'T1500-1551']","[0.61055934, 0.57398462, 0.56286669, 0.55962169, 0.53366208, 0.5103398, 0.50353706, 0.51211333, 0.50223565, 0.49777097]",1,1,1,1,1,d3083ba2de4ad1495206a4237349c1a49261187e0a7381e81c6aba7a8593e375,4b37a5ed9cfdc71b591d28bacc024e42e8ebe679ab10903583897e072da5c95b,2026-08-06T20:59:03.564448+00:00
Q465,price,T1500,DENSE_BM25_RRF,"['T1500-0341', 'T1500-0337', 'T1500-0348', 'T1500-0335', 'T1500-0319', 'T1500-0336', 'T1500-0340', 'T1500-0346', 'T1500-0338', 'T1500-0872']","[0.62832129, 0.62114787, 0.61646104, 0.60916209, 0.60219634, 0.58987498, 0.5790273, 0.62316322, 0.57294059, 0.58937913]",1,1,1,1,1,f8eeb51be50c0b67a0789630924d94f7db36b1bd7ec540fb99777ae3e1c894d8,4b37a5ed9cfdc71b591d28bacc024e42e8ebe679ab10903583897e072da5c95b,2026-08-06T20:59:03.568718+00:00
Q466,price,T1500,DENSE_BM25_RRF,"['T1500-1560', 'T1500-1558', 'T1500-1561', 'T1500-1550', 'T1500-1567', 'T1500-1546', 'T1500-1557', 'T1500-1549', 'T1500-1583', 'T1500-1533']","[0.65110981, 0.59072882, 0.55767924, 0.57226741, 0.54901719, 0.53554332, 0.55012417, 0.54268628, 0.56305707, 0.53840864]",1,1,1,1,1,8d25ee4aa5d5ad97e8d87696b362111127be2e763acd95e08f6e930f645f10bf,4b37a5ed9cfdc71b591d28bacc024e42e8ebe679ab10903583897e072da5c95b,2026-08-06T20:59:03.575091+00:00
Q467,price,T1500,DENSE_BM25_RRF,"['T1500-0451', 'T1500-0547', 'T1500-0545', 'T1500-0546', 'T1500-0450', 'T1500-0452', 'T1500-1261', 'T1500-0453', 'T1500-2023', 'T1500-1777']","[0.61651468, 0.57959425, 0.58046877, 0.57544112, 0.56560731, 0.57472831, 0.5464772, 0.56316304, 0.55543458, 0.55318218]",1,1,1,1,1,63cbfbfd181c99e6cc4a6b540057475197db63fc6736175df7356cb8a4e4207e,4b37a5ed9cfdc71b591d28bacc024e42e8ebe679ab10903583897e072da5c95b,2026-08-06T20:59:03.579931+00:00
Q468,price,T1500,DENSE_BM25_RRF,"['T1500-1233', 'T1500-1234', 'T1500-1228', 'T1500-1231', 'T1500-1232', 'T1500-1230', 'T1500-1229', 'T1500-1263', 'T1500-1265', 'T1500-1235']","[0.68697655, 0.68211317, 0.66768801, 0.67209661, 0.66255862, 0.66573322, 0.65285683, 0.65529633, 0.64255363, 0.62290597]",2,0,1,1,1,ddc13b7bab6312922b03a9fb33286a94779e060abffa6acf2a4aec3ffd743f43,4b37a5ed9cfdc71b591d28bacc024e42e8ebe679ab10903583897e072da5c95b,2026-08-06T20:59:03.584108+00:00
Q469,attribute,T1500,DENSE_BM25_RRF,"['T1500-1102', 'T1500-1101', 'T1500-1100', 'T1500-1155', 'T1500-1034', 'T1500-1160', 'T1500-0970', 'T1500-1978', 'T1500-1149', 'T1500-1980']","[0.68600267, 0.65532076, 0.60513508, 0.59027541, 0.56997108, 0.58134806, 0.56838495, 0.60841858, 0.53498977, 0.6069988]",2,0,1,1,1,44a0a0bc854059517f1f3bb87fe8432ac95656e455d5912ea8a55cdde9220902,4b37a5ed9cfdc71b591d28bacc024e42e8ebe679ab10903583897e072da5c95b,2026-08-06T20:59:03.595168+00:00
Q470,attribute,T1500,DENSE_BM25_RRF,"['T1500-1074', 'T1500-1075', 'T1500-1077', 'T1500-1078', 'T1500-1079', 'T1500-1072', 'T1500-1076', 'T1500-1833', 'T1500-1073', 'T1500-1261']","[0.60682559, 0.62229711, 0.60059124, 0.57778525, 0.55890751, 0.53787982, 0.53681207, 0.60510004, 0.52574164, 0.54252207]",,0,0,0,0,cb52571e6080b78de6b60cdf0d5cd887878be6a5db6cf8d65ccb6d6e3afa868b,4b37a5ed9cfdc71b591d28bacc024e42e8ebe679ab10903583897e072da5c95b,2026-08-06T20:59:03.605684+00:00
Q471,price,T1500,DENSE_BM25_RRF,"['T1500-1985', 'T1500-1982', 'T1500-1947', 'T1500-1964', 'T1500-1949', 'T1500-1983', 'T1500-1805', 'T1500-0951', 'T1500-1920', 'T1500-1997']","[0.65116948, 0.60769188, 0.57657433, 0.54744148, 0.52563304, 0.59722936, 0.59000391, 0.50447309, 0.58435631, 0.49562413]",1,1,1,1,1,f93dcb56839345a079e94eed586a3edd568989cdce66a9e73c0d3b6a72f97721,4b37a5ed9cfdc71b591d28bacc024e42e8ebe679ab10903583897e072da5c95b,2026-08-06T20:59:03.609384+00:00
Q472,price,T1500,DENSE_BM25_RRF,"['T1500-1842', 'T1500-1814', 'T1500-1813', 'T1500-1841', 'T1500-1844', 'T1500-1810', 'T1500-1811', 'T1500-1815', 'T1500-1939', 'T1500-1938']","[0.66908658, 0.56649911, 0.56863248, 0.53680539, 0.55701399, 0.49319494, 0.51148736, 0.48711783, 0.49972942, 0.49202856]",1,1,1,1,1,7113ad1693c4cbc79226a8b043ef52739dc2e4824359d3d234739ce47bbf09de,4b37a5ed9cfdc71b591d28bacc024e42e8ebe679ab10903583897e072da5c95b,2026-08-06T20:59:03.619821+00:00
Q473,price,T1500,DENSE_BM25_RRF,"['T1500-1833', 'T1500-1832', 'T1500-1261', 'T1500-1835', 'T1500-2023', 'T1500-1850', 'T1500-0545', 'T1500-1777', 'T1500-0450', 'T1500-1223']","[0.63143456, 0.59743881, 0.58649147, 0.60262936, 0.56031489, 0.5235675, 0.54854846, 0.55595624, 0.52342016, 0.52752548]",2,0,1,1,1,f57a758364ade54addea71fd13da5ba22619fbed0dc462672351516fa9f8f583,4b37a5ed9cfdc71b591d28bacc024e42e8ebe679ab10903583897e072da5c95b,2026-08-06T20:59:03.624134+00:00
Q474,price,T1500,DENSE_BM25_RRF,"['T1500-1805', 'T1500-1806', 'T1500-1939', 'T1500-1938', 'T1500-1813', 'T1500-1810', 'T1500-1941', 'T1500-1814', 'T1500-1841', 'T1500-1811']","[0.6937952, 0.6911608, 0.658005, 0.6442076, 0.63749343, 0.6282118, 0.62820029, 0.64896715, 0.6319716, 0.62989134]",1,1,1,1,1,13e24e0b27bacdc6ebf44d3793bb1fd76fe337419234dbc46e713c3cb353c507,4b37a5ed9cfdc71b591d28bacc024e42e8ebe679ab10903583897e072da5c95b,2026-08-06T20:59:03.630048+00:00
Q475,attribute,T1500,DENSE_BM25_RRF,"['T1500-1128', 'T1500-1129', 'T1500-1126', 'T1500-1125', 'T1500-1131', 'T1500-1127', 'T1500-1130', 'T1500-1791', 'T1500-1773', 'T1500-1124']","[0.65403259, 0.62371475, 0.62156612, 0.62149537, 0.62084079, 0.60443926, 0.584674, 0.58461785, 0.59521663, 0.60035729]",1,1,1,1,1,acc284581545fad01fc2ff9810522a7bd8a5fbf25488b939cc20a7e9a8e0edb6,4b37a5ed9cfdc71b591d28bacc024e42e8ebe679ab10903583897e072da5c95b,2026-08-06T20:59:03.637256+00:00
Q476,price,T1500,DENSE_BM25_RRF,"['T1500-1614', 'T1500-1613', 'T1500-1622', 'T1500-0016', 'T1500-1637', 'T1500-1749', 'T1500-1582', 'T1500-1678', 'T1500-1639', 'T1500-1630']","[0.62851167, 0.53920305, 0.53468525, 0.51155132, 0.51679516, 0.49118078, 0.50458729, 0.501445, 0.48645723, 0.50692308]",1,1,1,1,1,f0f320f9f4809684541052561f403866459eac81a1de141431d22a5897ccbd5a,4b37a5ed9cfdc71b591d28bacc024e42e8ebe679ab10903583897e072da5c95b,2026-08-06T20:59:03.643362+00:00
Q477,price,T1500,DENSE_BM25_RRF,"['T1500-1530', 'T1500-1531', 'T1500-0128', 'T1500-0067', 'T1500-0097', 'T1500-0085', 'T1500-1622', 'T1500-0068', 'T1500-1545', 'T1500-1583']","[0.66310036, 0.5818066, 0.58750212, 0.58278167, 0.59957457, 0.5718298, 0.57561302, 0.56836426, 0.55872196, 0.59545732]",1,1,1,1,1,376dc4f63296a07b32291634b0bcbef90cf11608649c251590b12d503883a326,4b37a5ed9cfdc71b591d28bacc024e42e8ebe679ab10903583897e072da5c95b,2026-08-06T20:59:03.648078+00:00
Q478,attribute,T1500,DENSE_BM25_RRF,"['T1500-1608', 'T1500-1607', 'T1500-1591', 'T1500-1618', 'T1500-1610', 'T1500-1571', 'T1500-1611', 'T1500-1590', 'T1500-0073', 'T1500-1594']","[0.60803425, 0.60387921, 0.59321725, 0.57899415, 0.57388914, 0.57319009, 0.57743359, 0.58992982, 0.57078928, 0.57183534]",2,0,1,1,1,4c83ccf81bf260962a8c0864ca854a0400bc0c40a9aef6cec741bd155373adb3,4b37a5ed9cfdc71b591d28bacc024e42e8ebe679ab10903583897e072da5c95b,2026-08-06T20:59:03.659366+00:00
Q479,attribute,T1500,DENSE_BM25_RRF,"['T1500-0026', 'T1500-0025', 'T1500-0027', 'T1500-0029', 'T1500-0030', 'T1500-0301', 'T1500-0028', 'T1500-1614', 'T1500-1638', 'T1500-1541']","[0.6340391, 0.56780058, 0.54486918, 0.56213188, 0.5125342, 0.50893939, 0.51113337, 0.47844201, 0.49180335, 0.47540355]",1,1,1,1,1,40bf022ef9f39b5f03ee405f3e431387e503632b012c3d07943587fa4bcb5ca0,4b37a5ed9cfdc71b591d28bacc024e42e8ebe679ab10903583897e072da5c95b,2026-08-06T20:59:03.667440+00:00
Q480,price,T1500,DENSE_BM25_RRF,"['T1500-0341', 'T1500-0348', 'T1500-0337', 'T1500-0340', 'T1500-0335', 'T1500-0319', 'T1500-0346', 'T1500-0338', 'T1500-0336', 'T1500-0881']","[0.53907371, 0.54134119, 0.5378961, 0.50882351, 0.53707027, 0.53202355, 0.55560368, 0.49634579, 0.50263977, 0.53431684]",1,1,1,1,1,65cb7fd047031f6e1f366b31e62a1cead7da013280b8e8d6fcd9f123632b279f,4b37a5ed9cfdc71b591d28bacc024e42e8ebe679ab10903583897e072da5c95b,2026-08-06T20:59:03.671745+00:00
Q481,attribute,T1500,DENSE_BM25_RRF,"['T1500-1225', 'T1500-1226', 'T1500-1224', 'T1500-1227', 'T1500-1793', 'T1500-1223', 'T1500-1788', 'T1500-1784', 'T1500-1017', 'T1500-1110']","[0.66727209, 0.68270659, 0.66173637, 0.64926624, 0.61588049, 0.61418873, 0.61418402, 0.61215788, 0.61348093, 0.61910665]",,0,0,0,0,80acd1633ba494e4f9bdd0ab96137eded1dd3592aadfc21c40f94f1e6129e52f,4b37a5ed9cfdc71b591d28bacc024e42e8ebe679ab10903583897e072da5c95b,2026-08-06T20:59:03.685559+00:00
Q482,attribute,T1500,DENSE_BM25_RRF,"['T1500-1621', 'T1500-1619', 'T1500-0074', 'T1500-0041', 'T1500-1565', 'T1500-0113', 'T1500-0070', 'T1500-1533', 'T1500-1611', 'T1500-0307']","[0.63712168, 0.56595492, 0.60635418, 0.58513588, 0.60035813, 0.55040014, 0.60810566, 0.60416269, 0.56043404, 0.56965858]",1,1,1,1,1,3d4529f4def529f94dbd165e7434569d60e515c06be4b19e22d819281f1bd546,4b37a5ed9cfdc71b591d28bacc024e42e8ebe679ab10903583897e072da5c95b,2026-08-06T20:59:03.694726+00:00
Q483,attribute,T1500,DENSE_BM25_RRF,"['T1500-1836', 'T1500-1838', 'T1500-1835', 'T1500-1317', 'T1500-1755', 'T1500-1267', 'T1500-0616', 'T1500-0003', 'T1500-0555', 'T1500-0931']","[0.60626435, 0.55247307, 0.57042241, 0.3109225, 0.53334665, 0.46441007, 0.51497495, 0.26512685, 0.51398921, 0.4243125]",,0,0,0,0,27f3f591f45e00481bcb238536ef9d120fe74985a41bf4d3b890cbf8abdf4345,4b37a5ed9cfdc71b591d28bacc024e42e8ebe679ab10903583897e072da5c95b,2026-08-06T20:59:03.702791+00:00
Q484,attribute,T1500,DENSE_BM25_RRF,"['T1500-1614', 'T1500-1637', 'T1500-0098', 'T1500-1749', 'T1500-2088', 'T1500-0301', 'T1500-0089', 'T1500-0304', 'T1500-1747', 'T1500-0111']","[0.60771281, 0.52608484, 0.52224326, 0.56030071, 0.52732098, 0.54853469, 0.54377311, 0.54108018, 0.51279563, 0.51913226]",1,1,1,1,1,9cdcd9f9220984a598fa688e551b0f03c234ec261e108e47f95faf3b0c6d1100,4b37a5ed9cfdc71b591d28bacc024e42e8ebe679ab10903583897e072da5c95b,2026-08-06T20:59:03.712250+00:00
Q485,price,T1500,DENSE_BM25_RRF,"['T1500-1967', 'T1500-1965', 'T1500-1964', 'T1500-1891', 'T1500-1870', 'T1500-1867', 'T1500-1893', 'T1500-1894', 'T1500-1868', 'T1500-1968']","[0.68472588, 0.68420851, 0.68940496, 0.62437153, 0.64551544, 0.6512419, 0.60722458, 0.61932623, 0.6424017, 0.62441051]",1,1,1,1,1,ea3f1e1a24092c53ba61dc84d1a0a7ab0bf064b8b904868091786af516739ac5,4b37a5ed9cfdc71b591d28bacc024e42e8ebe679ab10903583897e072da5c95b,2026-08-06T20:59:03.719151+00:00
Q486,attribute,T1500,DENSE_BM25_RRF,"['T1500-1952', 'T1500-1025', 'T1500-1028', 'T1500-1954', 'T1500-1951', 'T1500-1021', 'T1500-1026', 'T1500-1023', 'T1500-1948', 'T1500-1027']","[0.70574206, 0.68240201, 0.67776239, 0.69166553, 0.69459319, 0.66946679, 0.6723792, 0.66653711, 0.67933571, 0.66923416]",2,0,1,1,1,26a59ff30d4b7a4e24968fac1809ce13ebacff53de51e8650787d2e978dd555c,4b37a5ed9cfdc71b591d28bacc024e42e8ebe679ab10903583897e072da5c95b,2026-08-06T20:59:03.730399+00:00
Q487,attribute,T1500,DENSE_BM25_RRF,"['T1500-0158', 'T1500-0159', 'T1500-0160', 'T1500-0400', 'T1500-0008', 'T1500-0394', 'T1500-0001', 'T1500-1254', 'T1500-1318', 'T1500-0383']","[0.48502702, 0.50782311, 0.39159799, 0.4796074, 0.36159921, 0.47596109, 0.33824402, 0.47588012, 0.32638058, 0.47380912]",,0,0,0,0,330b9cdbe6ac70d25a6e65697f4313c966363dbdcdd9e54d2b9837f5b1c55b77,4b37a5ed9cfdc71b591d28bacc024e42e8ebe679ab10903583897e072da5c95b,2026-08-06T20:59:03.736094+00:00
Q488,price,T1500,DENSE_BM25_RRF,"['T1500-1601', 'T1500-1602', 'T1500-1605', 'T1500-1599', 'T1500-1598', 'T1500-1604', 'T1500-1613', 'T1500-1597', 'T1500-1538', 'T1500-1537']","[0.68695188, 0.66508675, 0.6264708, 0.63774145, 0.63109356, 0.58868504, 0.59504044, 0.59877896, 0.58225238, 0.59030801]",1,1,1,1,1,bc5f310c408ed0e10de74fab5834c1f222f92d719494a9c7583948c39549fd28,4b37a5ed9cfdc71b591d28bacc024e42e8ebe679ab10903583897e072da5c95b,2026-08-06T20:59:03.743526+00:00
Q489,price,T1500,DENSE_BM25_RRF,"['T1500-1729', 'T1500-1730', 'T1500-1723', 'T1500-1214', 'T1500-1722', 'T1500-0431', 'T1500-1213', 'T1500-0316', 'T1500-1367', 'T1500-1835']","[0.70090085, 0.65890282, 0.61696768, 0.59119344, 0.59164035, 0.55873972, 0.5478338, 0.53397369, 0.56047839, 0.54446739]",1,1,1,1,1,341febbc65c444616d0c103df1d0499acbd632a4215352808ede0354d660b6f3,4b37a5ed9cfdc71b591d28bacc024e42e8ebe679ab10903583897e072da5c95b,2026-08-06T20:59:03.751178+00:00
Q490,price,T1500,DENSE_BM25_RRF,"['T1500-1634', 'T1500-1633', 'T1500-1605', 'T1500-1599', 'T1500-1613', 'T1500-1601', 'T1500-1538', 'T1500-1539', 'T1500-1602', 'T1500-1631']","[0.48350021, 0.47248942, 0.48432094, 0.48150703, 0.46074504, 0.47330695, 0.4841758, 0.48271745, 0.4606266, 0.44639918]",2,0,1,1,1,8c9bf01316a86091ae26871e139618fe7544354db82a523dc652da0a9d3ae047,4b37a5ed9cfdc71b591d28bacc024e42e8ebe679ab10903583897e072da5c95b,2026-08-06T20:59:03.756553+00:00
Q491,price,T1500,DENSE_BM25_RRF,"['T1500-1604', 'T1500-1602', 'T1500-1537', 'T1500-1538', 'T1500-1623', 'T1500-1613', 'T1500-1642', 'T1500-1605', 'T1500-1597', 'T1500-1601']","[0.58355522, 0.53594446, 0.53492802, 0.52566981, 0.52350718, 0.50085199, 0.50365198, 0.53331399, 0.49197263, 0.51388323]",1,1,1,1,1,afb5e844578a08b5b506fc48c38b8cfd8e0d14ce605392ed80997aed39315c6d,4b37a5ed9cfdc71b591d28bacc024e42e8ebe679ab10903583897e072da5c95b,2026-08-06T20:59:03.763274+00:00
Q492,attribute,T1500,DENSE_BM25_RRF,"['T1500-0437', 'T1500-0531', 'T1500-0532', 'T1500-0436', 'T1500-0438', 'T1500-0533', 'T1500-0441', 'T1500-0434', 'T1500-0537', 'T1500-0534']","[0.67246145, 0.6715011, 0.6638453, 0.66374624, 0.65989661, 0.65967661, 0.65892935, 0.65554214, 0.65841258, 0.66193366]",1,1,1,1,1,27fd7761356e16b95d4cc4113a81fbf412939f6b5e19957e198f07d59c0d6364,4b37a5ed9cfdc71b591d28bacc024e42e8ebe679ab10903583897e072da5c95b,2026-08-06T20:59:03.769816+00:00
Q493,price,T1500,DENSE_BM25_RRF,"['T1500-1627', 'T1500-1623', 'T1500-1604', 'T1500-0119', 'T1500-1629', 'T1500-1571', 'T1500-0070', 'T1500-1605', 'T1500-1542', 'T1500-0197']","[0.5634895, 0.54738784, 0.5375911, 0.50284696, 0.53278834, 0.5007121, 0.50328004, 0.51057541, 0.49480668, 0.48516792]",4,0,0,1,1,00ed3334cbf8f4912755532812a66a54d06e8282c18a5a2c6d2ae82d5e880f06,4b37a5ed9cfdc71b591d28bacc024e42e8ebe679ab10903583897e072da5c95b,2026-08-06T20:59:03.775328+00:00
Q494,price,T1500,DENSE_BM25_RRF,"['T1500-0697', 'T1500-0688', 'T1500-0685', 'T1500-0686', 'T1500-0693', 'T1500-0694', 'T1500-0689', 'T1500-0691', 'T1500-0695', 'T1500-0692']","[0.58136547, 0.57380033, 0.56848836, 0.56440008, 0.56994981, 0.568748, 0.55923152, 0.56081688, 0.56602901, 0.55970937]",2,0,1,1,1,5bb163288ec7bfbb65e8f1e52b42e18579cd7410d05b2aa4c2ab996bafdec165,4b37a5ed9cfdc71b591d28bacc024e42e8ebe679ab10903583897e072da5c95b,2026-08-06T20:59:03.780786+00:00
Q495,price,T1500,DENSE_BM25_RRF,"['T1500-1203', 'T1500-1947', 'T1500-1206', 'T1500-1205', 'T1500-1034', 'T1500-1204', 'T1500-1202', 'T1500-1964', 'T1500-1201', 'T1500-1948']","[0.63627744, 0.64219534, 0.61792064, 0.60965514, 0.58124262, 0.60123724, 0.60693359, 0.62313569, 0.58294553, 0.60451508]",1,1,1,1,1,a41d30c44906e7b426ea7a4b01ae411cdd210ebb2b595d8e7790846c199ac8ed,4b37a5ed9cfdc71b591d28bacc024e42e8ebe679ab10903583897e072da5c95b,2026-08-06T20:59:03.786005+00:00
Q496,attribute,T1500,DENSE_BM25_RRF,"['T1500-1097', 'T1500-1098', 'T1500-1948', 'T1500-0977', 'T1500-0972', 'T1500-0975', 'T1500-1952', 'T1500-1951', 'T1500-1954', 'T1500-1995']","[0.67311168, 0.6629504, 0.60682988, 0.60764849, 0.60702503, 0.60697138, 0.59870374, 0.59840965, 0.59763604, 0.63754928]",1,1,1,1,1,df8afd89b9549f0d733105004283ea271032f152ac93ab35994ed6ccba2b1d32,4b37a5ed9cfdc71b591d28bacc024e42e8ebe679ab10903583897e072da5c95b,2026-08-06T20:59:03.799153+00:00
Q497,attribute,T1500,DENSE_BM25_RRF,"['T1500-1205', 'T1500-1168', 'T1500-1169', 'T1500-1171', 'T1500-1172', 'T1500-1181', 'T1500-1174', 'T1500-1204', 'T1500-1177', 'T1500-1175']","[0.68137765, 0.64753485, 0.64388955, 0.64384907, 0.64269865, 0.6433847, 0.64228952, 0.65632725, 0.64130461, 0.63943446]",1,1,1,1,1,d624437601eb743254f92b6ffa4311b9d2f9d431af08d47a576686184927aed8,4b37a5ed9cfdc71b591d28bacc024e42e8ebe679ab10903583897e072da5c95b,2026-08-06T20:59:03.808273+00:00
Q498,attribute,T1500,DENSE_BM25_RRF,"['T1500-1351', 'T1500-1347', 'T1500-1355', 'T1500-1348', 'T1500-1349', 'T1500-1366', 'T1500-1352', 'T1500-1367', 'T1500-1357', 'T1500-1353']","[0.65415609, 0.64917833, 0.6384632, 0.62534267, 0.6096971, 0.66830218, 0.61870652, 0.63287818, 0.60218799, 0.60361969]",1,1,1,1,1,14adace0c7af92ce76a0812b61f8b88a57711487c5700386f8741a980778e785,4b37a5ed9cfdc71b591d28bacc024e42e8ebe679ab10903583897e072da5c95b,2026-08-06T20:59:03.816594+00:00
Q499,price,T1500,DENSE_BM25_RRF,"['T1500-0990', 'T1500-0991', 'T1500-0996', 'T1500-0989', 'T1500-0997', 'T1500-0995', 'T1500-0994', 'T1500-1007', 'T1500-1008', 'T1500-1006']","[0.67952454, 0.65824914, 0.66703486, 0.64325833, 0.65770173, 0.65343535, 0.61725467, 0.60019588, 0.60540903, 0.60692453]",4,0,0,1,1,f735bfc655124d0e69aa156b978220f0585e8ca4e08938b0a2290645dccc2f17,4b37a5ed9cfdc71b591d28bacc024e42e8ebe679ab10903583897e072da5c95b,2026-08-06T20:59:03.823075+00:00
Q500,price,T1500,DENSE_BM25_RRF,"['T1500-1622', 'T1500-1621', 'T1500-0065', 'T1500-1608', 'T1500-1618', 'T1500-1591', 'T1500-1630', 'T1500-1534', 'T1500-0024', 'T1500-1639']","[0.64593661, 0.61956716, 0.558218, 0.5439707, 0.54479015, 0.55717564, 0.55330515, 0.58846283, 0.53559542, 0.54711604]",1,1,1,1,1,7aa93253ff9d9759d103cd2c7582072a4b46776346d96f2aa44a2ae32d11c2a9,4b37a5ed9cfdc71b591d28bacc024e42e8ebe679ab10903583897e072da5c95b,2026-08-06T20:59:03.828880+00:00
Q001,price,R1500,DENSE_BM25_RRF,"['R1500-0704', 'R1500-0705', 'R1500-0714', 'R1500-0701', 'R1500-0664', 'R1500-0724', 'R1500-0687', 'R1500-0688', 'R1500-0666', 'R1500-0665']","[0.62809587, 0.61991799, 0.6121645, 0.61469114, 0.62616217, 0.61929846, 0.61571378, 0.64296603, 0.60330784, 0.61753684]",1,1,1,1,1,48c9980aff888ec99ed03914aac8b562d47217d267f9095a5f7a0e512803d1b8,ef9f27141658502ed1cce3a9b2f8c98443b6bbdea16cb1e1dff03c7ce07b1cb1,2026-08-06T20:59:04.562113+00:00
Q002,price,R1500,DENSE_BM25_RRF,"['R1500-0621', 'R1500-0622', 'R1500-0615', 'R1500-0625', 'R1500-0029', 'R1500-0616', 'R1500-0620', 'R1500-0611', 'R1500-0051', 'R1500-0594']","[0.61609614, 0.56312013, 0.55683482, 0.54081333, 0.54375124, 0.57627618, 0.562765, 0.52343833, 0.54051334, 0.53789717]",1,1,1,1,1,3be65393ec725ae6bb36e4428f29fc1a95c0fcf13b5d9668829d0e4329e9948f,ef9f27141658502ed1cce3a9b2f8c98443b6bbdea16cb1e1dff03c7ce07b1cb1,2026-08-06T20:59:04.563836+00:00
Q003,attribute,R1500,DENSE_BM25_RRF,"['R1500-0262', 'R1500-0261', 'R1500-0260', 'R1500-0270', 'R1500-0268', 'R1500-0266', 'R1500-0249', 'R1500-0251', 'R1500-0265', 'R1500-0292']","[0.65409577, 0.60618496, 0.59341335, 0.58006716, 0.58743972, 0.58176088, 0.56765783, 0.56294197, 0.56950414, 0.54879344]",1,1,1,1,1,b28db1aada14e327e7ab73fa1f02c7de0c86dc6b589a0d245c16299671ea7533,ef9f27141658502ed1cce3a9b2f8c98443b6bbdea16cb1e1dff03c7ce07b1cb1,2026-08-06T20:59:04.566122+00:00
Q004,attribute,R1500,DENSE_BM25_RRF,"['R1500-0031', 'R1500-0046', 'R1500-0085', 'R1500-0616', 'R1500-0040', 'R1500-0030', 'R1500-0084', 'R1500-0034', 'R1500-0013', 'R1500-0045']","[0.57800102, 0.60892349, 0.58571935, 0.58277154, 0.57202983, 0.57078803, 0.55991721, 0.5649277, 0.56748116, 0.58297372]",5,0,0,1,1,81eb045c663f0afa7e3fa42b9b1c61168e8ef0933a04883c7d097729f9beca57,ef9f27141658502ed1cce3a9b2f8c98443b6bbdea16cb1e1dff03c7ce07b1cb1,2026-08-06T20:59:04.568837+00:00
Q005,attribute,R1500,DENSE_BM25_RRF,"['R1500-0599', 'R1500-0600', 'R1500-0596', 'R1500-0597', 'R1500-0598', 'R1500-0601', 'R1500-0618', 'R1500-0604', 'R1500-0084', 'R1500-0035']","[0.57817018, 0.56235766, 0.56360435, 0.56496334, 0.55987328, 0.50890142, 0.51178658, 0.51512384, 0.49961799, 0.5318836]",1,1,1,1,1,92ceefe6b7735b49e461723bd2e9c52dd37a292609400267774536457843a2e6,ef9f27141658502ed1cce3a9b2f8c98443b6bbdea16cb1e1dff03c7ce07b1cb1,2026-08-06T20:59:04.571179+00:00
Q006,price,R1500,DENSE_BM25_RRF,"['R1500-0142', 'R1500-0005', 'R1500-0651', 'R1500-0006', 'R1500-0144', 'R1500-0629', 'R1500-0744', 'R1500-0553', 'R1500-0745', 'R1500-0646']","[0.63599825, 0.58071226, 0.56622893, 0.51965225, 0.51120979, 0.51644963, 0.54434961, 0.53325224, 0.50700408, 0.51100343]",1,1,1,1,1,758c8cdd2e473ba80e1e094c8a062e55b0a1813d79493841a5b0dc41af4d7f51,ef9f27141658502ed1cce3a9b2f8c98443b6bbdea16cb1e1dff03c7ce07b1cb1,2026-08-06T20:59:04.573080+00:00
Q007,attribute,R1500,DENSE_BM25_RRF,"['R1500-0600', 'R1500-0601', 'R1500-0595', 'R1500-0030', 'R1500-0604', 'R1500-0608', 'R1500-0034', 'R1500-0618', 'R1500-0624', 'R1500-0084']","[0.56892079, 0.54661262, 0.53856409, 0.55211723, 0.54388893, 0.56408995, 0.52935278, 0.51141453, 0.5142675, 0.51443088]",4,0,0,1,1,4b7c7532a94594844061c797ba4cb1657ae84c54e804faa49e6c99350b41f834,ef9f27141658502ed1cce3a9b2f8c98443b6bbdea16cb1e1dff03c7ce07b1cb1,2026-08-06T20:59:04.575898+00:00
Q008,attribute,R1500,DENSE_BM25_RRF,"['R1500-0046', 'R1500-0085', 'R1500-0616', 'R1500-0619', 'R1500-0621', 'R1500-0620', 'R1500-0030', 'R1500-0040', 'R1500-0031', 'R1500-0617']","[0.61304557, 0.60076898, 0.59807873, 0.60996908, 0.57212543, 0.5741387, 0.54989445, 0.58617198, 0.60079187, 0.54788345]",3,0,1,1,1,c221246c809e91c9f7959fd6099aa8489b464b26fb136419e1b3b64926ed2d90,ef9f27141658502ed1cce3a9b2f8c98443b6bbdea16cb1e1dff03c7ce07b1cb1,2026-08-06T20:59:04.578359+00:00
Q009,price,R1500,DENSE_BM25_RRF,"['R1500-0603', 'R1500-0602', 'R1500-0616', 'R1500-0015', 'R1500-0618', 'R1500-0621', 'R1500-0030', 'R1500-0615', 'R1500-0594', 'R1500-0601']","[0.64570481, 0.58893788, 0.57397246, 0.52124584, 0.53443259, 0.51578015, 0.50566995, 0.51735085, 0.50546414, 0.53252262]",1,1,1,1,1,1e041530cbdd16f4c649a79b9be701cac9342d113a97477922a048088a0b6f46,ef9f27141658502ed1cce3a9b2f8c98443b6bbdea16cb1e1dff03c7ce07b1cb1,2026-08-06T20:59:04.580834+00:00
Q010,attribute,R1500,DENSE_BM25_RRF,"['R1500-0213', 'R1500-0187', 'R1500-0188', 'R1500-0214', 'R1500-0215', 'R1500-0191', 'R1500-0189', 'R1500-0216', 'R1500-0190', 'R1500-0186']","[0.68362081, 0.6702137, 0.6694355, 0.66884816, 0.66768974, 0.65164125, 0.66631341, 0.66130239, 0.66321838, 0.66426122]",1,1,1,1,1,8464b0207cdff8f9cacdaa62103085147699817cb78f292c57b610d70ea5695d,ef9f27141658502ed1cce3a9b2f8c98443b6bbdea16cb1e1dff03c7ce07b1cb1,2026-08-06T20:59:04.583245+00:00
Q011,price,R1500,DENSE_BM25_RRF,"['R1500-0556', 'R1500-0550', 'R1500-0549', 'R1500-0140', 'R1500-0020', 'R1500-0557', 'R1500-0087', 'R1500-0552', 'R1500-0548', 'R1500-0019']","[0.65822792, 0.59049737, 0.55446684, 0.55232799, 0.57932079, 0.49569416, 0.52183223, 0.5019846, 0.49410862, 0.54453635]",6,0,0,0,1,98e8263dea4c229e5ab838825bf5597870c2864f07ba19a8d82c75f825e1489b,ef9f27141658502ed1cce3a9b2f8c98443b6bbdea16cb1e1dff03c7ce07b1cb1,2026-08-06T20:59:04.584667+00:00
Q012,attribute,R1500,DENSE_BM25_RRF,"['R1500-0176', 'R1500-0177', 'R1500-0174', 'R1500-0175', 'R1500-0426', 'R1500-0512', 'R1500-0532', 'R1500-0172', 'R1500-0734', 'R1500-0077']","[0.52107358, 0.51332915, 0.5138098, 0.51316148, 0.4885076, 0.48329467, 0.50211537, 0.49534065, 0.48268914, 0.48287439]",,0,0,0,0,bd0396f9677602e4f9c984ff699b54f47edd2ff10824aaffb00d280e56a11d98,ef9f27141658502ed1cce3a9b2f8c98443b6bbdea16cb1e1dff03c7ce07b1cb1,2026-08-06T20:59:04.586679+00:00
Q013,attribute,R1500,DENSE_BM25_RRF,"['R1500-0161', 'R1500-0162', 'R1500-0159', 'R1500-0160', 'R1500-0156', 'R1500-0164', 'R1500-0165', 'R1500-0305', 'R1500-0232', 'R1500-0168']","[0.67890686, 0.62077272, 0.63342446, 0.64974207, 0.60240638, 0.60860431, 0.59633064, 0.58460391, 0.56090838, 0.54456103]",,0,0,0,0,27c188fcfa0a8df3a7ef9db7371a765b775aa7f7f7ca65556b1d4135f4972286,ef9f27141658502ed1cce3a9b2f8c98443b6bbdea16cb1e1dff03c7ce07b1cb1,2026-08-06T20:59:04.588330+00:00
Q014,price,R1500,DENSE_BM25_RRF,"['R1500-0593', 'R1500-0614', 'R1500-0051', 'R1500-0624', 'R1500-0619', 'R1500-0613', 'R1500-0029', 'R1500-0616', 'R1500-0621', 'R1500-0620']","[0.44982257, 0.42809087, 0.41556343, 0.43052229, 0.42201379, 0.40861636, 0.39763486, 0.38831991, 0.39538461, 0.3956801]",1,1,1,1,1,a2916f8e16349cacfb064af98e283b2f6c2e4e4b510f6fe50a432d68b4b00377,ef9f27141658502ed1cce3a9b2f8c98443b6bbdea16cb1e1dff03c7ce07b1cb1,2026-08-06T20:59:04.590092+00:00
Q015,price,R1500,DENSE_BM25_RRF,"['R1500-0490', 'R1500-0488', 'R1500-0489', 'R1500-0492', 'R1500-0491', 'R1500-0510', 'R1500-0511', 'R1500-0507', 'R1500-0509', 'R1500-0508']","[0.71925032, 0.70568168, 0.66645038, 0.68576431, 0.66391373, 0.64555669, 0.61146361, 0.59565401, 0.59220254, 0.58198225]",1,1,1,1,1,a80003d6ae3ff295c093f2404ae8ac063ef9ef346b56a84c0acdd65111ef1ef6,ef9f27141658502ed1cce3a9b2f8c98443b6bbdea16cb1e1dff03c7ce07b1cb1,2026-08-06T20:59:04.591408+00:00
Q016,attribute,R1500,DENSE_BM25_RRF,"['R1500-0382', 'R1500-0383', 'R1500-0381', 'R1500-0429', 'R1500-0427', 'R1500-0487', 'R1500-0428', 'R1500-0721', 'R1500-0434', 'R1500-0437']","[0.67748594, 0.66080576, 0.62155443, 0.61420482, 0.62384415, 0.5900231, 0.60341775, 0.58444822, 0.6035344, 0.58064437]",,0,0,0,0,21739205be7d9c316a2dbba2c4f6d14b94259cdd3ec7916da0cef16d9236040c,ef9f27141658502ed1cce3a9b2f8c98443b6bbdea16cb1e1dff03c7ce07b1cb1,2026-08-06T20:59:04.593241+00:00
Q017,attribute,R1500,DENSE_BM25_RRF,"['R1500-0666', 'R1500-0664', 'R1500-0699', 'R1500-0714', 'R1500-0733', 'R1500-0361', 'R1500-0667', 'R1500-0399', 'R1500-0343', 'R1500-0672']","[0.61459202, 0.6096527, 0.61008668, 0.59875125, 0.62759161, 0.62417758, 0.5799371, 0.62344515, 0.61786008, 0.54005289]",2,0,1,1,1,2a321e0a7b0a1c70ea5bea197d15654b1e9a19355309bd6fe61cd258d9d72ecf,ef9f27141658502ed1cce3a9b2f8c98443b6bbdea16cb1e1dff03c7ce07b1cb1,2026-08-06T20:59:04.595400+00:00
Q018,attribute,R1500,DENSE_BM25_RRF,"['R1500-0613', 'R1500-0029', 'R1500-0594', 'R1500-0013', 'R1500-0621', 'R1500-0043', 'R1500-0616', 'R1500-0617', 'R1500-0604', 'R1500-0030']","[0.46127608, 0.4567169, 0.46414655, 0.44127285, 0.47699702, 0.44095773, 0.45339489, 0.44610232, 0.47403803, 0.45322192]",,0,0,0,0,be3cbea80945eab697f8baa07af46d043cc2722f3f4ae56debc891ae0b791e59,ef9f27141658502ed1cce3a9b2f8c98443b6bbdea16cb1e1dff03c7ce07b1cb1,2026-08-06T20:59:04.597336+00:00
Q019,attribute,R1500,DENSE_BM25_RRF,"['R1500-0604', 'R1500-0622', 'R1500-0591', 'R1500-0619', 'R1500-0608', 'R1500-0048', 'R1500-0623', 'R1500-0031', 'R1500-0045', 'R1500-0028']","[0.53440386, 0.57415307, 0.52502477, 0.53147942, 0.52720737, 0.53012085, 0.50592643, 0.52706826, 0.51304829, 0.51189923]",3,0,1,1,1,0a91a2bcee55e662d66c3b1497721adcebf68fe2c48ff4511961ef6769b6c3fd,ef9f27141658502ed1cce3a9b2f8c98443b6bbdea16cb1e1dff03c7ce07b1cb1,2026-08-06T20:59:04.599762+00:00
Q020,attribute,R1500,DENSE_BM25_RRF,"['R1500-0601', 'R1500-0038', 'R1500-0621', 'R1500-0602', 'R1500-0624', 'R1500-0034', 'R1500-0599', 'R1500-0084', 'R1500-0603', 'R1500-0622']","[0.4834094, 0.47510374, 0.45283085, 0.44817352, 0.47550979, 0.44771981, 0.45617467, 0.47585142, 0.43389273, 0.4306421]",6,0,0,0,1,116dba510243e25bd48d2da2c803a1ab6e9a42b3f657cd5f841b66f79c948450,ef9f27141658502ed1cce3a9b2f8c98443b6bbdea16cb1e1dff03c7ce07b1cb1,2026-08-06T20:59:04.602518+00:00
Q021,price,R1500,DENSE_BM25_RRF,"['R1500-0384', 'R1500-0388', 'R1500-0387', 'R1500-0389', 'R1500-0385', 'R1500-0390', 'R1500-0392', 'R1500-0391', 'R1500-0393', 'R1500-0714']","[0.66746867, 0.66147548, 0.66958779, 0.66133994, 0.68676412, 0.65313238, 0.64173138, 0.66097474, 0.65572715, 0.66323161]",1,1,1,1,1,f2cb3755b85f79c59b1932f7894e9268ed857ce3743ea20932f2af2f7dd821c6,ef9f27141658502ed1cce3a9b2f8c98443b6bbdea16cb1e1dff03c7ce07b1cb1,2026-08-06T20:59:04.604419+00:00
Q022,price,R1500,DENSE_BM25_RRF,"['R1500-0214', 'R1500-0187', 'R1500-0188', 'R1500-0189', 'R1500-0215', 'R1500-0213', 'R1500-0190', 'R1500-0216', 'R1500-0186', 'R1500-0191']","[0.669182, 0.66768527, 0.66690987, 0.65146708, 0.64743173, 0.6546244, 0.65357232, 0.64952183, 0.66453475, 0.62206614]",1,1,1,1,1,7249145d51f8167d9f214f805ca9c4a91dd247d69b2a057cd8e2f0e395210604,ef9f27141658502ed1cce3a9b2f8c98443b6bbdea16cb1e1dff03c7ce07b1cb1,2026-08-06T20:59:04.605342+00:00
Q023,price,R1500,DENSE_BM25_RRF,"['R1500-0390', 'R1500-0387', 'R1500-0385', 'R1500-0392', 'R1500-0391', 'R1500-0393', 'R1500-0714', 'R1500-0389', 'R1500-0388', 'R1500-0386']","[0.61438215, 0.62380338, 0.64026368, 0.59947324, 0.60652244, 0.60627484, 0.61579823, 0.59577847, 0.58748984, 0.5821442]",1,1,1,1,1,e1b1f126f0537effb5ec452a2812469cef2362c0b0c655356b693ce95c16f2c4,ef9f27141658502ed1cce3a9b2f8c98443b6bbdea16cb1e1dff03c7ce07b1cb1,2026-08-06T20:59:04.607305+00:00
Q024,attribute,R1500,DENSE_BM25_RRF,"['R1500-0177', 'R1500-0174', 'R1500-0175', 'R1500-0176', 'R1500-0191', 'R1500-0220', 'R1500-0773', 'R1500-0759', 'R1500-0770', 'R1500-0135']","[0.57922399, 0.57352757, 0.53496921, 0.53589296, 0.50921941, 0.50086713, 0.55030894, 0.54825759, 0.47010079, 0.42782736]",2,0,1,1,1,6411c0d0819a8766ef1738c514c22f1182d5a7fe2bc1bb1b1cf0d67402e4f12b,ef9f27141658502ed1cce3a9b2f8c98443b6bbdea16cb1e1dff03c7ce07b1cb1,2026-08-06T20:59:04.609237+00:00
Q025,price,R1500,DENSE_BM25_RRF,"['R1500-0750', 'R1500-0544', 'R1500-0004', 'R1500-0752', 'R1500-0633', 'R1500-0636', 'R1500-0637', 'R1500-0747', 'R1500-0542', 'R1500-0746']","[0.5522387, 0.54094332, 0.51565814, 0.50709319, 0.516285, 0.50677305, 0.49762744, 0.50660324, 0.50609529, 0.48255199]",2,0,1,1,1,2696fcf86e3b8362430147c56b3b97df4c690f6d605c598f36e3aa39cfbad58b,ef9f27141658502ed1cce3a9b2f8c98443b6bbdea16cb1e1dff03c7ce07b1cb1,2026-08-06T20:59:04.610049+00:00
Q026,price,R1500,DENSE_BM25_RRF,"['R1500-0553', 'R1500-0547', 'R1500-0552', 'R1500-0548', 'R1500-0556', 'R1500-0549', 'R1500-0550', 'R1500-0554', 'R1500-0562', 'R1500-0623']","[0.64137197, 0.62843484, 0.62152195, 0.59523851, 0.58999199, 0.57201171, 0.58255994, 0.55628049, 0.54781008, 0.50686967]",1,1,1,1,1,46f459bde31a4ba025c5f7763d0abe3c98be6ddb8ca9144db9e53140e344bac6,ef9f27141658502ed1cce3a9b2f8c98443b6bbdea16cb1e1dff03c7ce07b1cb1,2026-08-06T20:59:04.611262+00:00
Q027,price,R1500,DENSE_BM25_RRF,"['R1500-0682', 'R1500-0192', 'R1500-0668', 'R1500-0444', 'R1500-0570', 'R1500-0495', 'R1500-0408', 'R1500-0561', 'R1500-0394', 'R1500-0402']","[0.52498162, 0.49879676, 0.52923048, 0.48737064, 0.53861666, 0.53414464, 0.43807244, 0.53027534, 0.42442852, 0.44247699]",1,1,1,1,1,36b50107fa62ce56aa7e9d51ce36363b7e4f987c46a5b435ce913b93f98d734b,ef9f27141658502ed1cce3a9b2f8c98443b6bbdea16cb1e1dff03c7ce07b1cb1,2026-08-06T20:59:04.612491+00:00
Q028,attribute,R1500,DENSE_BM25_RRF,"['R1500-0623', 'R1500-0769', 'R1500-0647', 'R1500-0770', 'R1500-0039', 'R1500-0030', 'R1500-0013', 'R1500-0608', 'R1500-0035', 'R1500-0604']","[0.54709935, 0.54730296, 0.53962672, 0.52955186, 0.5467701, 0.51659489, 0.52754802, 0.5312652, 0.52281308, 0.53448701]",1,1,1,1,1,d07d4735ecc3432fbfc4c2573233e98a6c9043bd046c73e17eba253369c4be5a,ef9f27141658502ed1cce3a9b2f8c98443b6bbdea16cb1e1dff03c7ce07b1cb1,2026-08-06T20:59:04.614461+00:00
Q029,price,R1500,DENSE_BM25_RRF,"['R1500-0029', 'R1500-0594', 'R1500-0620', 'R1500-0616', 'R1500-0621', 'R1500-0619', 'R1500-0624', 'R1500-0607', 'R1500-0611', 'R1500-0593']","[0.45952106, 0.42405984, 0.430363, 0.42871946, 0.42361468, 0.42123008, 0.43649536, 0.42107189, 0.40230256, 0.40911931]",1,1,1,1,1,faee91e538ef045c568482ad1643dfc84568e9601e5f6ce7f80e94d3f11bf3ed,ef9f27141658502ed1cce3a9b2f8c98443b6bbdea16cb1e1dff03c7ce07b1cb1,2026-08-06T20:59:04.615996+00:00
Q030,attribute,R1500,DENSE_BM25_RRF,"['R1500-0174', 'R1500-0177', 'R1500-0175', 'R1500-0176', 'R1500-0785', 'R1500-0269', 'R1500-0773', 'R1500-0171', 'R1500-0770', 'R1500-0759']","[0.59470403, 0.59016114, 0.53543591, 0.53643531, 0.51055849, 0.50580084, 0.567442, 0.55302459, 0.48963195, 0.54958725]",1,1,1,1,1,da30b530434ef5e203a443d0bfe3239bf6469b43df6365b32edd327b9043f02e,ef9f27141658502ed1cce3a9b2f8c98443b6bbdea16cb1e1dff03c7ce07b1cb1,2026-08-06T20:59:04.617828+00:00
Q031,attribute,R1500,DENSE_BM25_RRF,"['R1500-0724', 'R1500-0725', 'R1500-0346', 'R1500-0492', 'R1500-0344', 'R1500-0349', 'R1500-0479', 'R1500-0491', 'R1500-0470', 'R1500-0472']","[0.61001325, 0.58337301, 0.55354047, 0.57648349, 0.55292714, 0.55140519, 0.5520153, 0.54281223, 0.54220688, 0.52063525]",1,1,1,1,1,df2debf9e71566709d26a751b166490f2c236248091ea5556c5623f7d1813e27,ef9f27141658502ed1cce3a9b2f8c98443b6bbdea16cb1e1dff03c7ce07b1cb1,2026-08-06T20:59:04.619425+00:00
Q032,price,R1500,DENSE_BM25_RRF,"['R1500-0677', 'R1500-0668', 'R1500-0678', 'R1500-0679', 'R1500-0667', 'R1500-0712', 'R1500-0674', 'R1500-0673', 'R1500-0446', 'R1500-0680']","[0.63498902, 0.59805715, 0.5939132, 0.59838784, 0.58535159, 0.58985871, 0.59138942, 0.57269192, 0.58701527, 0.56725603]",3,0,1,1,1,e2c015ee70445ff59a146cec92e2498b780971fa144351ed0f2a63e3ba419293,ef9f27141658502ed1cce3a9b2f8c98443b6bbdea16cb1e1dff03c7ce07b1cb1,2026-08-06T20:59:04.621095+00:00
Q033,attribute,R1500,DENSE_BM25_RRF,"['R1500-0596', 'R1500-0600', 'R1500-0598', 'R1500-0599', 'R1500-0604', 'R1500-0597', 'R1500-0601', 'R1500-0611', 'R1500-0595', 'R1500-0603']","[0.60994881, 0.59788388, 0.56728715, 0.54931623, 0.53938675, 0.5667572, 0.51116586, 0.54386216, 0.49679869, 0.50328118]",1,1,1,1,1,785d8a4f035c54da8b460fe4cff17cda0f2f588bc3a1d2adb29ecfd8ee9b453f,ef9f27141658502ed1cce3a9b2f8c98443b6bbdea16cb1e1dff03c7ce07b1cb1,2026-08-06T20:59:04.623519+00:00
Q034,attribute,R1500,DENSE_BM25_RRF,"['R1500-0722', 'R1500-0391', 'R1500-0393', 'R1500-0714', 'R1500-0733', 'R1500-0455', 'R1500-0385', 'R1500-0719', 'R1500-0361', 'R1500-0479']","[0.66814047, 0.62942684, 0.62920725, 0.6195538, 0.63153285, 0.63250816, 0.62763166, 0.61205024, 0.62832671, 0.61336184]",1,1,1,1,1,2d10b2fbecfefab06a308d79ab14ee0ed5278559760abb1a402688d98914a590,ef9f27141658502ed1cce3a9b2f8c98443b6bbdea16cb1e1dff03c7ce07b1cb1,2026-08-06T20:59:04.625511+00:00
Q035,attribute,R1500,DENSE_BM25_RRF,"['R1500-0617', 'R1500-0618', 'R1500-0037', 'R1500-0595', 'R1500-0621', 'R1500-0601', 'R1500-0029', 'R1500-0604', 'R1500-0611', 'R1500-0042']","[0.57724202, 0.57054013, 0.5235393, 0.5303275, 0.5319925, 0.50821579, 0.5321883, 0.51566023, 0.55173308, 0.502621]",1,1,1,1,1,1d9f881d89be94760c950ff65a96f44cf37d6199abf4065274c3893d478d79ab,ef9f27141658502ed1cce3a9b2f8c98443b6bbdea16cb1e1dff03c7ce07b1cb1,2026-08-06T20:59:04.627588+00:00
Q036,attribute,R1500,DENSE_BM25_RRF,"['R1500-0595', 'R1500-0029', 'R1500-0594', 'R1500-0601', 'R1500-0611', 'R1500-0621', 'R1500-0030', 'R1500-0612', 'R1500-0616', 'R1500-0618']","[0.54303002, 0.56743485, 0.54525995, 0.55536747, 0.56924903, 0.53449905, 0.52036524, 0.52560616, 0.55391848, 0.52768588]",2,0,1,1,1,f8049b4cf2016a6aa570a641371de444215928ca645467a1307210ce014613d6,ef9f27141658502ed1cce3a9b2f8c98443b6bbdea16cb1e1dff03c7ce07b1cb1,2026-08-06T20:59:04.629861+00:00
Q037,attribute,R1500,DENSE_BM25_RRF,"['R1500-0477', 'R1500-0461', 'R1500-0462', 'R1500-0463', 'R1500-0465', 'R1500-0464', 'R1500-0466', 'R1500-0467', 'R1500-0387', 'R1500-0360']","[0.63707888, 0.5916692, 0.58327925, 0.58452308, 0.58678067, 0.58216071, 0.58073956, 0.58102208, 0.60003704, 0.58250332]",,0,0,0,0,dd46f2ca6d03301dec3323cb4a87a0737212959ee1d2df56f7b6b35850c2a2b2,ef9f27141658502ed1cce3a9b2f8c98443b6bbdea16cb1e1dff03c7ce07b1cb1,2026-08-06T20:59:04.631800+00:00
Q038,attribute,R1500,DENSE_BM25_RRF,"['R1500-0625', 'R1500-0626', 'R1500-0649', 'R1500-0556', 'R1500-0768', 'R1500-0101', 'R1500-0562', 'R1500-0772', 'R1500-0077', 'R1500-0025']","[0.58250219, 0.53096056, 0.49445188, 0.49774936, 0.49386337, 0.50649285, 0.49426728, 0.49552608, 0.48670691, 0.54688907]",1,1,1,1,1,4c0079661935c4c0355919a3856cb84e349440087da04292506da535b6cee0c9,ef9f27141658502ed1cce3a9b2f8c98443b6bbdea16cb1e1dff03c7ce07b1cb1,2026-08-06T20:59:04.633640+00:00
Q039,price,R1500,DENSE_BM25_RRF,"['R1500-0092', 'R1500-0533', 'R1500-0648', 'R1500-0185', 'R1500-0651', 'R1500-0544', 'R1500-0543', 'R1500-0094', 'R1500-0542', 'R1500-0384']","[0.41726351, 0.41941422, 0.42215347, 0.40389082, 0.46965203, 0.46575958, 0.46322483, 0.33351797, 0.45181519, 0.34074125]",1,1,1,1,1,a68dc22430bd70b962ac044241cb2ede627f78f54b327972be36635a7dde78a0,ef9f27141658502ed1cce3a9b2f8c98443b6bbdea16cb1e1dff03c7ce07b1cb1,2026-08-06T20:59:04.634660+00:00
Q040,attribute,R1500,DENSE_BM25_RRF,"['R1500-0143', 'R1500-0651', 'R1500-0144', 'R1500-0652', 'R1500-0142', 'R1500-0147', 'R1500-0005', 'R1500-0006', 'R1500-0623', 'R1500-0617']","[0.65038955, 0.69965231, 0.67820841, 0.58637154, 0.64328378, 0.53449535, 0.55116677, 0.52585876, 0.51137698, 0.50610393]",10,0,0,0,1,60dd4723eb92301208520043ff4b454b0669e8cfa856d62c6127e8c8baa26774,ef9f27141658502ed1cce3a9b2f8c98443b6bbdea16cb1e1dff03c7ce07b1cb1,2026-08-06T20:59:04.637099+00:00
Q041,attribute,R1500,DENSE_BM25_RRF,"['R1500-0640', 'R1500-0641', 'R1500-0768', 'R1500-0631', 'R1500-0637', 'R1500-0636', 'R1500-0309', 'R1500-0635', 'R1500-0310', 'R1500-0312']","[0.60856915, 0.56968254, 0.56328374, 0.60149658, 0.59375763, 0.55225259, 0.59422189, 0.543773, 0.56775248, 0.57101095]",1,1,1,1,1,9677590218dee84df7d35781a840d58479b82c2818ae72218839906cf7046d15,ef9f27141658502ed1cce3a9b2f8c98443b6bbdea16cb1e1dff03c7ce07b1cb1,2026-08-06T20:59:04.638513+00:00
Q042,attribute,R1500,DENSE_BM25_RRF,"['R1500-0620', 'R1500-0621', 'R1500-0029', 'R1500-0604', 'R1500-0619', 'R1500-0085', 'R1500-0616', 'R1500-0595', 'R1500-0617', 'R1500-0611']","[0.61657929, 0.58036005, 0.57600188, 0.54823738, 0.58316535, 0.54186535, 0.56079137, 0.57139164, 0.53610408, 0.54076022]",7,0,0,0,1,5b4483356d58b9e1336d9ca4eec05777697977337e71b2259a4308167d6a0e88,ef9f27141658502ed1cce3a9b2f8c98443b6bbdea16cb1e1dff03c7ce07b1cb1,2026-08-06T20:59:04.640524+00:00
Q043,attribute,R1500,DENSE_BM25_RRF,"['R1500-0213', 'R1500-0187', 'R1500-0186', 'R1500-0215', 'R1500-0188', 'R1500-0191', 'R1500-0214', 'R1500-0190', 'R1500-0189', 'R1500-0216']","[0.69581074, 0.68091017, 0.67809695, 0.68281114, 0.68031818, 0.66181815, 0.67782879, 0.66863644, 0.67746812, 0.66732192]",1,1,1,1,1,882ab44efeef7d0cb1ed01601b6aeaf4c73b8f387dec9efa5ab788fea1c101ba,ef9f27141658502ed1cce3a9b2f8c98443b6bbdea16cb1e1dff03c7ce07b1cb1,2026-08-06T20:59:04.642468+00:00
Q044,attribute,R1500,DENSE_BM25_RRF,"['R1500-0097', 'R1500-0096', 'R1500-0098', 'R1500-0496', 'R1500-0320', 'R1500-0497', 'R1500-0775', 'R1500-0321', 'R1500-0077', 'R1500-0382']","[0.61808228, 0.59077322, 0.54097337, 0.5246973, 0.5272851, 0.51725316, 0.53110522, 0.50885516, 0.50846636, 0.55138838]",1,1,1,1,1,12b2ccb66d0f679501540c1665f4ba38028868b21e3077bdfaa443cf926a7f6a,ef9f27141658502ed1cce3a9b2f8c98443b6bbdea16cb1e1dff03c7ce07b1cb1,2026-08-06T20:59:04.644224+00:00
Q045,price,R1500,DENSE_BM25_RRF,"['R1500-0617', 'R1500-0651', 'R1500-0144', 'R1500-0552', 'R1500-0623', 'R1500-0636', 'R1500-0642', 'R1500-0045', 'R1500-0591', 'R1500-0621']","[0.619802, 0.5424552, 0.5159291, 0.51270819, 0.48797554, 0.48927203, 0.48007214, 0.50146687, 0.46584323, 0.4926064]",1,1,1,1,1,ed56217445d145c023017f4a42f7f22078b0f2a05e61142ed090bcc46bf9c72e,ef9f27141658502ed1cce3a9b2f8c98443b6bbdea16cb1e1dff03c7ce07b1cb1,2026-08-06T20:59:04.645301+00:00
Q046,price,R1500,DENSE_BM25_RRF,"['R1500-0620', 'R1500-0594', 'R1500-0621', 'R1500-0033', 'R1500-0610', 'R1500-0030', 'R1500-0616', 'R1500-0085', 'R1500-0611', 'R1500-0617']","[0.63868737, 0.62429905, 0.62847257, 0.60553664, 0.60364527, 0.56122768, 0.60297412, 0.57702947, 0.56158578, 0.55737376]",6,0,0,0,1,b3ae3f9c270615662398a303643e69920d1202163d7112b0eff81b39a55214df,ef9f27141658502ed1cce3a9b2f8c98443b6bbdea16cb1e1dff03c7ce07b1cb1,2026-08-06T20:59:04.646682+00:00
Q047,attribute,R1500,DENSE_BM25_RRF,"['R1500-0388', 'R1500-0387', 'R1500-0390', 'R1500-0391', 'R1500-0385', 'R1500-0384', 'R1500-0392', 'R1500-0389', 'R1500-0386', 'R1500-0715']","[0.67288303, 0.67245513, 0.65946019, 0.65981436, 0.68143648, 0.65814614, 0.64754778, 0.65703875, 0.64036393, 0.63600957]",1,1,1,1,1,031b79b565ab7a7d3f92fe9b9762ac4331438962a66f76ddfad387e21abdb995,ef9f27141658502ed1cce3a9b2f8c98443b6bbdea16cb1e1dff03c7ce07b1cb1,2026-08-06T20:59:04.649186+00:00
Q048,price,R1500,DENSE_BM25_RRF,"['R1500-0723', 'R1500-0724', 'R1500-0722', 'R1500-0719', 'R1500-0720', 'R1500-0432', 'R1500-0718', 'R1500-0343', 'R1500-0727', 'R1500-0687']","[0.6719988, 0.61655545, 0.62643981, 0.61223245, 0.59682953, 0.59196293, 0.58916116, 0.59803271, 0.58430296, 0.61291587]",1,1,1,1,1,33030868eb141530542a49270613474d36ad3747c568df15ef7680c2687d4665,ef9f27141658502ed1cce3a9b2f8c98443b6bbdea16cb1e1dff03c7ce07b1cb1,2026-08-06T20:59:04.650753+00:00
Q049,attribute,R1500,DENSE_BM25_RRF,"['R1500-0435', 'R1500-0721', 'R1500-0660', 'R1500-0511', 'R1500-0661', 'R1500-0662', 'R1500-0486', 'R1500-0508', 'R1500-0517', 'R1500-0423']","[0.63085246, 0.62053049, 0.58671677, 0.58618873, 0.56031382, 0.57389271, 0.55047131, 0.5672155, 0.54304481, 0.55929708]",1,1,1,1,1,661c1a740d8efc1c1ad8949d6844bc356882ff19cb0eb12eca423d800d2a8ebe,ef9f27141658502ed1cce3a9b2f8c98443b6bbdea16cb1e1dff03c7ce07b1cb1,2026-08-06T20:59:04.652527+00:00
Q050,price,R1500,DENSE_BM25_RRF,"['R1500-0492', 'R1500-0722', 'R1500-0491', 'R1500-0719', 'R1500-0346', 'R1500-0723', 'R1500-0714', 'R1500-0490', 'R1500-0724', 'R1500-0344']","[0.59351969, 0.56227487, 0.53490281, 0.52743113, 0.52791405, 0.51146901, 0.52065206, 0.53187943, 0.53333843, 0.5215621]",2,0,1,1,1,d65ddba4bebd758abca9e6387c0a087a8160922e59f052a30a2a93d121d306bb,ef9f27141658502ed1cce3a9b2f8c98443b6bbdea16cb1e1dff03c7ce07b1cb1,2026-08-06T20:59:04.653979+00:00
Q051,attribute,R1500,DENSE_BM25_RRF,"['R1500-0488', 'R1500-0491', 'R1500-0492', 'R1500-0490', 'R1500-0489', 'R1500-0511', 'R1500-0510', 'R1500-0725', 'R1500-0509', 'R1500-0412']","[0.69255865, 0.64902067, 0.67806339, 0.65632176, 0.64056027, 0.59507298, 0.62356883, 0.57346815, 0.56639147, 0.55120218]",1,1,1,1,1,dc9752bdc4dbafe3d716ab933ee28319f1ca874f14c7675d1ba3d3e69021b612,ef9f27141658502ed1cce3a9b2f8c98443b6bbdea16cb1e1dff03c7ce07b1cb1,2026-08-06T20:59:04.655505+00:00
Q052,attribute,R1500,DENSE_BM25_RRF,"['R1500-0719', 'R1500-0701', 'R1500-0455', 'R1500-0727', 'R1500-0468', 'R1500-0714', 'R1500-0469', 'R1500-0464', 'R1500-0467', 'R1500-0462']","[0.6403473, 0.62019241, 0.6217463, 0.62222803, 0.61644495, 0.6107043, 0.60833639, 0.61167252, 0.61236459, 0.61000729]",1,1,1,1,1,3e0c19e366df16d1eed0f9dc657ffcb558575af3d4b2ed4fbb8a3f6883786c4f,ef9f27141658502ed1cce3a9b2f8c98443b6bbdea16cb1e1dff03c7ce07b1cb1,2026-08-06T20:59:04.657582+00:00
Q053,price,R1500,DENSE_BM25_RRF,"['R1500-0324', 'R1500-0288', 'R1500-0289', 'R1500-0285', 'R1500-0284', 'R1500-0144', 'R1500-0651', 'R1500-0732', 'R1500-0006', 'R1500-0646']","[0.50966465, 0.47342986, 0.46805733, 0.47053993, 0.45984894, 0.42950013, 0.46331832, 0.45426863, 0.43150598, 0.45650715]",1,1,1,1,1,c084fa28cd981b1dc4afd0a791b090ac7a9a69115a1f817225d5218475b9a982,ef9f27141658502ed1cce3a9b2f8c98443b6bbdea16cb1e1dff03c7ce07b1cb1,2026-08-06T20:59:04.658643+00:00
Q054,attribute,R1500,DENSE_BM25_RRF,"['R1500-0452', 'R1500-0451', 'R1500-0447', 'R1500-0455', 'R1500-0450', 'R1500-0446', 'R1500-0449', 'R1500-0453', 'R1500-0454', 'R1500-0448']","[0.70466048, 0.6690011, 0.67209065, 0.63910568, 0.64985764, 0.66845727, 0.62809575, 0.61797112, 0.61836624, 0.60395622]",,0,0,0,0,fcce046289cf5ea17529a4eb6f4af971164ac8c36f2162c9e803958aa7da1aa7,ef9f27141658502ed1cce3a9b2f8c98443b6bbdea16cb1e1dff03c7ce07b1cb1,2026-08-06T20:59:04.661114+00:00
Q055,price,R1500,DENSE_BM25_RRF,"['R1500-0413', 'R1500-0414', 'R1500-0490', 'R1500-0488', 'R1500-0492', 'R1500-0484', 'R1500-0412', 'R1500-0724', 'R1500-0489', 'R1500-0687']","[0.64654255, 0.61707377, 0.60533357, 0.60648084, 0.60802561, 0.5883466, 0.60086679, 0.58784509, 0.57518685, 0.57623565]",2,0,1,1,1,9c23361414860d97d655d8647a3e2819f44b0d06174592683773cb3479c89276,ef9f27141658502ed1cce3a9b2f8c98443b6bbdea16cb1e1dff03c7ce07b1cb1,2026-08-06T20:59:04.662674+00:00
Q056,price,R1500,DENSE_BM25_RRF,"['R1500-0143', 'R1500-0651', 'R1500-0144', 'R1500-0652', 'R1500-0142', 'R1500-0147', 'R1500-0149', 'R1500-0617', 'R1500-0148', 'R1500-0150']","[0.68165177, 0.69960719, 0.69273978, 0.58658522, 0.62385333, 0.54403573, 0.54632699, 0.5137803, 0.61513555, 0.54347825]",1,1,1,1,1,b88e7b5c06d7e9432120b429b9ad11b6fa9e323f55323aa1faeaed303226d9ab,ef9f27141658502ed1cce3a9b2f8c98443b6bbdea16cb1e1dff03c7ce07b1cb1,2026-08-06T20:59:04.664081+00:00
Q057,price,R1500,DENSE_BM25_RRF,"['R1500-0325', 'R1500-0324', 'R1500-0279', 'R1500-0327', 'R1500-0650', 'R1500-0646', 'R1500-0731', 'R1500-0674', 'R1500-0707', 'R1500-0770']","[0.54912335, 0.50978923, 0.49923283, 0.51330107, 0.48426491, 0.47752357, 0.48992091, 0.53161365, 0.51816046, 0.41816169]",1,1,1,1,1,5a9204327ca943122223305c25821bee0bd45763870943b35719fd9e6584f949,ef9f27141658502ed1cce3a9b2f8c98443b6bbdea16cb1e1dff03c7ce07b1cb1,2026-08-06T20:59:04.665268+00:00
Q058,attribute,R1500,DENSE_BM25_RRF,"['R1500-0618', 'R1500-0038', 'R1500-0615', 'R1500-0621', 'R1500-0593', 'R1500-0619', 'R1500-0030', 'R1500-0617', 'R1500-0591', 'R1500-0623']","[0.60946333, 0.58009952, 0.58045328, 0.57101798, 0.57522929, 0.5938729, 0.55956751, 0.54948467, 0.53764737, 0.5716601]",3,0,1,1,1,94aaaf6613c41265964d259ad2b5d9190a330f4b3279d97460fa5bda283e694b,ef9f27141658502ed1cce3a9b2f8c98443b6bbdea16cb1e1dff03c7ce07b1cb1,2026-08-06T20:59:04.667578+00:00
Q059,price,R1500,DENSE_BM25_RRF,"['R1500-0578', 'R1500-0435', 'R1500-0543', 'R1500-0437', 'R1500-0545', 'R1500-0658', 'R1500-0586', 'R1500-0661', 'R1500-0590', 'R1500-0657']","[0.49665979, 0.32858521, 0.49158877, 0.34741211, 0.48149192, 0.38673276, 0.47836173, 0.39331847, 0.4753679, 0.39318407]",2,0,1,1,1,fe86a6a9ffd76f2441a0885aae52db72a4c56cf21f427769b1c5f7a4e8fa75f3,ef9f27141658502ed1cce3a9b2f8c98443b6bbdea16cb1e1dff03c7ce07b1cb1,2026-08-06T20:59:04.668865+00:00
Q060,price,R1500,DENSE_BM25_RRF,"['R1500-0097', 'R1500-0096', 'R1500-0098', 'R1500-0099', 'R1500-0101', 'R1500-0321', 'R1500-0646', 'R1500-0077', 'R1500-0100', 'R1500-0619']","[0.65402228, 0.56693304, 0.52510703, 0.51153171, 0.48706949, 0.48111767, 0.47904581, 0.471396, 0.45834079, 0.50457668]",1,1,1,1,1,54c604dcdffd88c41eea5be5fb4e31d957f909ac771a1d5942ac4c07d7563b2e,ef9f27141658502ed1cce3a9b2f8c98443b6bbdea16cb1e1dff03c7ce07b1cb1,2026-08-06T20:59:04.669912+00:00
Q061,attribute,R1500,DENSE_BM25_RRF,"['R1500-0601', 'R1500-0600', 'R1500-0603', 'R1500-0595', 'R1500-0030', 'R1500-0597', 'R1500-0621', 'R1500-0027', 'R1500-0034', 'R1500-0622']","[0.55570114, 0.53763795, 0.49623287, 0.48857033, 0.49247211, 0.48252004, 0.48593161, 0.50663143, 0.46820289, 0.47662199]",5,0,0,1,1,f61c960bf55513f58a4ce5bfa4b66875fd72b79029d33e94765cc9706fb7808f,ef9f27141658502ed1cce3a9b2f8c98443b6bbdea16cb1e1dff03c7ce07b1cb1,2026-08-06T20:59:04.672524+00:00
Q062,attribute,R1500,DENSE_BM25_RRF,"['R1500-0770', 'R1500-0433', 'R1500-0269', 'R1500-0267', 'R1500-0270', 'R1500-0266', 'R1500-0091', 'R1500-0774', 'R1500-0435', 'R1500-0759']","[0.5236479, 0.50933522, 0.51892632, 0.51814079, 0.51561344, 0.51372361, 0.51314402, 0.55616498, 0.48951584, 0.5534699]",9,0,0,0,1,5c8adef11b7f9f14fdaf3f2b05f4bf2eade2fd127cc06c168c30d5a264f2e19b,ef9f27141658502ed1cce3a9b2f8c98443b6bbdea16cb1e1dff03c7ce07b1cb1,2026-08-06T20:59:04.675790+00:00
Q063,attribute,R1500,DENSE_BM25_RRF,"['R1500-0601', 'R1500-0051', 'R1500-0030', 'R1500-0085', 'R1500-0031', 'R1500-0084', 'R1500-0034', 'R1500-0048', 'R1500-0049', 'R1500-0013']","[0.58171856, 0.57596916, 0.57771891, 0.58094192, 0.58143687, 0.58636057, 0.56008339, 0.54583097, 0.53627253, 0.56132233]",2,0,1,1,1,2fcb8f74fb288a267371bea041e2ef92fecbf40c3afefeadee4eedb4b37a4b7d,ef9f27141658502ed1cce3a9b2f8c98443b6bbdea16cb1e1dff03c7ce07b1cb1,2026-08-06T20:59:04.677516+00:00
Q064,price,R1500,DENSE_BM25_RRF,"['R1500-0243', 'R1500-0270', 'R1500-0266', 'R1500-0247', 'R1500-0241', 'R1500-0268', 'R1500-0244', 'R1500-0245', 'R1500-0246', 'R1500-0264']","[0.53012872, 0.53654665, 0.53625333, 0.51627445, 0.54509348, 0.52081376, 0.50276989, 0.5017606, 0.50527179, 0.52615023]",7,0,0,0,1,b62bbb3caaebfa64c64403faf2829200275bb07c63c054534fd50e9d8116f3cf,ef9f27141658502ed1cce3a9b2f8c98443b6bbdea16cb1e1dff03c7ce07b1cb1,2026-08-06T20:59:04.679226+00:00
Q065,price,R1500,DENSE_BM25_RRF,"['R1500-0665', 'R1500-0719', 'R1500-0701', 'R1500-0452', 'R1500-0395', 'R1500-0397', 'R1500-0727', 'R1500-0396', 'R1500-0394', 'R1500-0666']","[0.65839541, 0.59878588, 0.57919669, 0.62924558, 0.59723425, 0.58340394, 0.56642562, 0.55462188, 0.56372541, 0.56569135]",1,1,1,1,1,0946c2b0edc6e35b71765e99fa35342b581ce1d4ca3cc6f5a90b51f99d8ed5f0,ef9f27141658502ed1cce3a9b2f8c98443b6bbdea16cb1e1dff03c7ce07b1cb1,2026-08-06T20:59:04.680410+00:00
Q066,price,R1500,DENSE_BM25_RRF,"['R1500-0618', 'R1500-0617', 'R1500-0624', 'R1500-0601', 'R1500-0611', 'R1500-0596', 'R1500-0598', 'R1500-0599', 'R1500-0595', 'R1500-0619']","[0.56605256, 0.53201228, 0.51970291, 0.49507493, 0.52418375, 0.48810458, 0.49669972, 0.49807256, 0.47258025, 0.53290331]",1,1,1,1,1,39cabc2d4618c65602c74069cf838df5aec06eb59c9fee6d33c2d04eba6b55ba,ef9f27141658502ed1cce3a9b2f8c98443b6bbdea16cb1e1dff03c7ce07b1cb1,2026-08-06T20:59:04.681902+00:00
Q067,price,R1500,DENSE_BM25_RRF,"['R1500-0156', 'R1500-0162', 'R1500-0164', 'R1500-0161', 'R1500-0159', 'R1500-0165', 'R1500-0155', 'R1500-0160', 'R1500-0305', 'R1500-0158']","[0.64553225, 0.62165964, 0.60265476, 0.6081804, 0.61029416, 0.59951425, 0.60984427, 0.63102126, 0.5993104, 0.640149]",1,1,1,1,1,4fbeb0d3561fca0da8c4845058189be42e655f261b015252a30d2e669b679146,ef9f27141658502ed1cce3a9b2f8c98443b6bbdea16cb1e1dff03c7ce07b1cb1,2026-08-06T20:59:04.683043+00:00
Q068,price,R1500,DENSE_BM25_RRF,"['R1500-0618', 'R1500-0596', 'R1500-0598', 'R1500-0601', 'R1500-0593', 'R1500-0600', 'R1500-0617', 'R1500-0597', 'R1500-0622', 'R1500-0603']","[0.53303683, 0.4860051, 0.48632634, 0.4701854, 0.48781848, 0.47274002, 0.4659608, 0.46617532, 0.46868199, 0.46958819]",1,1,1,1,1,16b6a385479043c13164937fb1b2ecc6a79d8d9a6d4de83b9a3100d45cf1579b,ef9f27141658502ed1cce3a9b2f8c98443b6bbdea16cb1e1dff03c7ce07b1cb1,2026-08-06T20:59:04.684544+00:00
Q069,attribute,R1500,DENSE_BM25_RRF,"['R1500-0644', 'R1500-0648', 'R1500-0505', 'R1500-0323', 'R1500-0169', 'R1500-0322', 'R1500-0476', 'R1500-0510', 'R1500-0327', 'R1500-0120']","[0.50354028, 0.49458998, 0.5366298, 0.43412837, 0.52859545, 0.47092167, 0.52809221, 0.52678347, 0.45322496, 0.52659965]",,0,0,0,0,7c1b1722837dd6c135fa736bb1976d0162527707dca96900bef101bb1d9ffc87,ef9f27141658502ed1cce3a9b2f8c98443b6bbdea16cb1e1dff03c7ce07b1cb1,2026-08-06T20:59:04.686574+00:00
Q070,price,R1500,DENSE_BM25_RRF,"['R1500-0062', 'R1500-0061', 'R1500-0152', 'R1500-0153', 'R1500-0731', 'R1500-0101', 'R1500-0057', 'R1500-0693', 'R1500-0692', 'R1500-0644']","[0.55399829, 0.5285033, 0.49998629, 0.46534988, 0.46233523, 0.44318926, 0.44634131, 0.46671292, 0.4653995, 0.45355764]",1,1,1,1,1,448f241fd305ade36c04f3c45fa21450017097d9dd853ec5a1a778f3cbaf0c22,ef9f27141658502ed1cce3a9b2f8c98443b6bbdea16cb1e1dff03c7ce07b1cb1,2026-08-06T20:59:04.688339+00:00
Q071,attribute,R1500,DENSE_BM25_RRF,"['R1500-0593', 'R1500-0031', 'R1500-0617', 'R1500-0621', 'R1500-0619', 'R1500-0624', 'R1500-0038', 'R1500-0030', 'R1500-0049', 'R1500-0046']","[0.58061343, 0.58717173, 0.57628959, 0.56778616, 0.58449715, 0.57312369, 0.58135724, 0.5629729, 0.57270986, 0.57810742]",,0,0,0,0,bfffbe93a1080674ab56c5ed9ee85acb26fda9c08dec35c35a8a507c6195cf92,ef9f27141658502ed1cce3a9b2f8c98443b6bbdea16cb1e1dff03c7ce07b1cb1,2026-08-06T20:59:04.690268+00:00
Q072,attribute,R1500,DENSE_BM25_RRF,"['R1500-0708', 'R1500-0772', 'R1500-0770', 'R1500-0710', 'R1500-0539', 'R1500-0232', 'R1500-0045', 'R1500-0494', 'R1500-0538', 'R1500-0177']","[0.44878334, 0.45888847, 0.39833653, 0.45121968, 0.32474273, 0.45073199, 0.38969308, 0.45011032, 0.37346041, 0.45000172]",1,1,1,1,1,93bbb53ae5b88ede9b16f0bcc2984adcab6fdfb76083b5eaa374616f4bd938fd,ef9f27141658502ed1cce3a9b2f8c98443b6bbdea16cb1e1dff03c7ce07b1cb1,2026-08-06T20:59:04.691648+00:00
Q073,attribute,R1500,DENSE_BM25_RRF,"['R1500-0365', 'R1500-0485', 'R1500-0494', 'R1500-0499', 'R1500-0475', 'R1500-0480', 'R1500-0500', 'R1500-0366', 'R1500-0416', 'R1500-0498']","[0.6036123, 0.57439631, 0.62285376, 0.57599699, 0.59576392, 0.56410289, 0.57065415, 0.55405045, 0.55588013, 0.56154567]",1,1,1,1,1,a21798215057da92677e93d19b984f45adb740e2e0c46c68a159bccbaebc2026,ef9f27141658502ed1cce3a9b2f8c98443b6bbdea16cb1e1dff03c7ce07b1cb1,2026-08-06T20:59:04.694221+00:00
Q074,attribute,R1500,DENSE_BM25_RRF,"['R1500-0547', 'R1500-0550', 'R1500-0552', 'R1500-0548', 'R1500-0553', 'R1500-0786', 'R1500-0549', 'R1500-0768', 'R1500-0758', 'R1500-0554']","[0.61659282, 0.59111392, 0.61997634, 0.56889176, 0.57596672, 0.55554605, 0.53928268, 0.55173719, 0.56175077, 0.5955072]",7,0,0,0,1,b87d12fd26d3ba196ab6c5cebef1a236e3aa0034e2467907aa2e5fee1ff4e357,ef9f27141658502ed1cce3a9b2f8c98443b6bbdea16cb1e1dff03c7ce07b1cb1,2026-08-06T20:59:04.696100+00:00
Q075,price,R1500,DENSE_BM25_RRF,"['R1500-0624', 'R1500-0625', 'R1500-0621', 'R1500-0038', 'R1500-0029', 'R1500-0617', 'R1500-0601', 'R1500-0615', 'R1500-0613', 'R1500-0612']","[0.54553294, 0.52281976, 0.53149289, 0.5376153, 0.53206968, 0.50089949, 0.50153279, 0.50950396, 0.48520711, 0.48614544]",2,0,1,1,1,9d1d2d484d9036bef4cac724d6492e6d47a1610035542de6885381a988a7f0ba,ef9f27141658502ed1cce3a9b2f8c98443b6bbdea16cb1e1dff03c7ce07b1cb1,2026-08-06T20:59:04.697452+00:00
Q076,attribute,R1500,DENSE_BM25_RRF,"['R1500-0608', 'R1500-0619', 'R1500-0621', 'R1500-0617', 'R1500-0615', 'R1500-0623', 'R1500-0620', 'R1500-0029', 'R1500-0147', 'R1500-0023']","[0.60074294, 0.50472224, 0.49331355, 0.48607197, 0.48493865, 0.49507505, 0.49158362, 0.48002842, 0.48136532, 0.48050392]",4,0,0,1,1,542dd2c610ac347a3f296c3a0fa38c358f57443ccdc9edae1a2d10fd889dd6c2,ef9f27141658502ed1cce3a9b2f8c98443b6bbdea16cb1e1dff03c7ce07b1cb1,2026-08-06T20:59:04.699350+00:00
Q077,price,R1500,DENSE_BM25_RRF,"['R1500-0598', 'R1500-0597', 'R1500-0595', 'R1500-0600', 'R1500-0596', 'R1500-0601', 'R1500-0624', 'R1500-0616', 'R1500-0611', 'R1500-0593']","[0.60945475, 0.62682241, 0.58835423, 0.58451712, 0.57599807, 0.57122749, 0.57779622, 0.57066256, 0.53176647, 0.55563754]",1,1,1,1,1,ea6cec30bd2063961606711ed52523a21fb3d485dcfcbb18b5d45fd7a954eac8,ef9f27141658502ed1cce3a9b2f8c98443b6bbdea16cb1e1dff03c7ce07b1cb1,2026-08-06T20:59:04.701079+00:00
Q078,price,R1500,DENSE_BM25_RRF,"['R1500-0719', 'R1500-0720', 'R1500-0687', 'R1500-0385', 'R1500-0714', 'R1500-0688', 'R1500-0393', 'R1500-0391', 'R1500-0452', 'R1500-0455']","[0.73176724, 0.66372526, 0.66190511, 0.6784265, 0.65959138, 0.65896052, 0.64881188, 0.64035887, 0.67307705, 0.63469112]",1,1,1,1,1,fc873e1dcc9000570de62d94a2214779d1e9bafbde0aa7e0756b5ac228f60e08,ef9f27141658502ed1cce3a9b2f8c98443b6bbdea16cb1e1dff03c7ce07b1cb1,2026-08-06T20:59:04.703306+00:00
Q079,attribute,R1500,DENSE_BM25_RRF,"['R1500-0038', 'R1500-0624', 'R1500-0034', 'R1500-0084', 'R1500-0601', 'R1500-0035', 'R1500-0621', 'R1500-0593', 'R1500-0619', 'R1500-0591']","[0.4677304, 0.47042429, 0.45561856, 0.48445052, 0.4340021, 0.44650057, 0.43592638, 0.45785335, 0.4416889, 0.44506982]",3,0,1,1,1,ed953d21a16c62da20720634367cf8606681e6b2279069688dd9dcf59c07940d,ef9f27141658502ed1cce3a9b2f8c98443b6bbdea16cb1e1dff03c7ce07b1cb1,2026-08-06T20:59:04.705900+00:00
Q080,attribute,R1500,DENSE_BM25_RRF,"['R1500-0388', 'R1500-0393', 'R1500-0389', 'R1500-0392', 'R1500-0385', 'R1500-0387', 'R1500-0384', 'R1500-0390', 'R1500-0391', 'R1500-0715']","[0.6953876, 0.69689536, 0.69428742, 0.67557847, 0.7096526, 0.700297, 0.6851846, 0.67484242, 0.69071007, 0.66014171]",1,1,1,1,1,26f5eca35905436c06e41e3a185b5442ea1980d82bb31c81884675035a79626b,ef9f27141658502ed1cce3a9b2f8c98443b6bbdea16cb1e1dff03c7ce07b1cb1,2026-08-06T20:59:04.708897+00:00
Q081,price,R1500,DENSE_BM25_RRF,"['R1500-0452', 'R1500-0451', 'R1500-0450', 'R1500-0447', 'R1500-0446', 'R1500-0449', 'R1500-0453', 'R1500-0454', 'R1500-0448', 'R1500-0455']","[0.69899195, 0.68258715, 0.67030621, 0.66539776, 0.65109783, 0.64372593, 0.62066853, 0.62274987, 0.59382689, 0.59432763]",2,0,1,1,1,93e08fb64a3064cb417f5542f325d90c621d6804e71cbcf703d73e0ea58ea43a,ef9f27141658502ed1cce3a9b2f8c98443b6bbdea16cb1e1dff03c7ce07b1cb1,2026-08-06T20:59:04.710730+00:00
Q082,attribute,R1500,DENSE_BM25_RRF,"['R1500-0604', 'R1500-0603', 'R1500-0591', 'R1500-0619', 'R1500-0045', 'R1500-0028', 'R1500-0622', 'R1500-0031', 'R1500-0553', 'R1500-0030']","[0.52885306, 0.52191377, 0.51999444, 0.50489402, 0.49280441, 0.49275783, 0.49553549, 0.48864678, 0.49772823, 0.49021962]",1,1,1,1,1,8ca3b65200fdf1a357365a65a56a9186cc4c373dc757eb64d69dbf2e5200eee1,ef9f27141658502ed1cce3a9b2f8c98443b6bbdea16cb1e1dff03c7ce07b1cb1,2026-08-06T20:59:04.713336+00:00
Q083,attribute,R1500,DENSE_BM25_RRF,"['R1500-0195', 'R1500-0222', 'R1500-0223', 'R1500-0197', 'R1500-0194', 'R1500-0303', 'R1500-0224', 'R1500-0221', 'R1500-0196', 'R1500-0220']","[0.5882051, 0.59000838, 0.58622944, 0.61227787, 0.58234143, 0.63519144, 0.57178819, 0.57758397, 0.58122629, 0.58018124]",10,0,0,0,1,4b9d9334944a6e85fcb640a35cb2ad35161a1dc531510f9b31b1a65c0eca0c14,ef9f27141658502ed1cce3a9b2f8c98443b6bbdea16cb1e1dff03c7ce07b1cb1,2026-08-06T20:59:04.714911+00:00
Q084,attribute,R1500,DENSE_BM25_RRF,"['R1500-0031', 'R1500-0624', 'R1500-0593', 'R1500-0030', 'R1500-0619', 'R1500-0046', 'R1500-0051', 'R1500-0038', 'R1500-0608', 'R1500-0085']","[0.66652727, 0.62246108, 0.62743986, 0.61334097, 0.65156758, 0.64287275, 0.6083501, 0.65014648, 0.59916633, 0.61814725]",2,0,1,1,1,0452b3930eb8f92f27287b6634e5044b6eedfc85ffb7527a9b2ab26255ebebb6,ef9f27141658502ed1cce3a9b2f8c98443b6bbdea16cb1e1dff03c7ce07b1cb1,2026-08-06T20:59:04.717475+00:00
Q085,attribute,R1500,DENSE_BM25_RRF,"['R1500-0049', 'R1500-0028', 'R1500-0594', 'R1500-0048', 'R1500-0085', 'R1500-0591', 'R1500-0030', 'R1500-0616', 'R1500-0084', 'R1500-0617']","[0.55350667, 0.54351318, 0.50516665, 0.50619233, 0.50098324, 0.54175508, 0.51947021, 0.4943496, 0.52442908, 0.48826224]",4,0,0,1,1,72fd26f2620adc949eec1422a9cfc04a1bf87a992cbbf5f3829b18ae6ac25fd1,ef9f27141658502ed1cce3a9b2f8c98443b6bbdea16cb1e1dff03c7ce07b1cb1,2026-08-06T20:59:04.719653+00:00
Q086,attribute,R1500,DENSE_BM25_RRF,"['R1500-0426', 'R1500-0425', 'R1500-0424', 'R1500-0487', 'R1500-0423', 'R1500-0520', 'R1500-0428', 'R1500-0486', 'R1500-0427', 'R1500-0437']","[0.60187215, 0.59645689, 0.57535642, 0.59022605, 0.55752265, 0.53152275, 0.59643483, 0.57305282, 0.59149075, 0.5259099]",,0,0,0,0,1e1ccaa368c1de37643e9441fecdf4c57f48fef4d9c24ac5a88fa6a5a698c84f,ef9f27141658502ed1cce3a9b2f8c98443b6bbdea16cb1e1dff03c7ce07b1cb1,2026-08-06T20:59:04.722019+00:00
Q087,price,R1500,DENSE_BM25_RRF,"['R1500-0424', 'R1500-0426', 'R1500-0425', 'R1500-0427', 'R1500-0486', 'R1500-0428', 'R1500-0487', 'R1500-0423', 'R1500-0658', 'R1500-0383']","[0.54979408, 0.53261554, 0.50753504, 0.512752, 0.49616832, 0.50766575, 0.48352554, 0.47640717, 0.47366112, 0.4794682]",2,0,1,1,1,d239a027d017e98a3689ffdc5b526c1c2c4cd57e25617291536bd757dd2e8036,ef9f27141658502ed1cce3a9b2f8c98443b6bbdea16cb1e1dff03c7ce07b1cb1,2026-08-06T20:59:04.723306+00:00
Q088,attribute,R1500,DENSE_BM25_RRF,"['R1500-0648', 'R1500-0562', 'R1500-0644', 'R1500-0553', 'R1500-0629', 'R1500-0630', 'R1500-0538', 'R1500-0547', 'R1500-0550', 'R1500-0077']","[0.53106713, 0.5431909, 0.52563316, 0.51036459, 0.50536877, 0.50976026, 0.50665236, 0.52623141, 0.51186723, 0.49964854]",7,0,0,0,1,01977f9cbfe28fa1b4feacdebe225291ea0b0cc95017ebaa53f862be749aba96,ef9f27141658502ed1cce3a9b2f8c98443b6bbdea16cb1e1dff03c7ce07b1cb1,2026-08-06T20:59:04.725830+00:00
Q089,attribute,R1500,DENSE_BM25_RRF,"['R1500-0712', 'R1500-0453', 'R1500-0400', 'R1500-0446', 'R1500-0394', 'R1500-0664', 'R1500-0447', 'R1500-0733', 'R1500-0452', 'R1500-0399']","[0.6507104, 0.62687856, 0.60571355, 0.60053408, 0.60760939, 0.6014902, 0.58556992, 0.61580205, 0.59069473, 0.60510856]",,0,0,0,0,41a4be0fd333336e60fdc0752120f5e1e677857fd06999e33447652e45b42b19,ef9f27141658502ed1cce3a9b2f8c98443b6bbdea16cb1e1dff03c7ce07b1cb1,2026-08-06T20:59:04.728366+00:00
Q090,attribute,R1500,DENSE_BM25_RRF,"['R1500-0591', 'R1500-0028', 'R1500-0030', 'R1500-0027', 'R1500-0593', 'R1500-0014', 'R1500-0604', 'R1500-0592', 'R1500-0618', 'R1500-0597']","[0.57644403, 0.55818218, 0.50232077, 0.54574132, 0.49439484, 0.5047971, 0.53133857, 0.54495162, 0.48659268, 0.54755008]",1,1,1,1,1,c71be014ca61c475c8778980ea20f8f4631966967e1025d97e402ca8750ebc0b,ef9f27141658502ed1cce3a9b2f8c98443b6bbdea16cb1e1dff03c7ce07b1cb1,2026-08-06T20:59:04.731063+00:00
Q091,attribute,R1500,DENSE_BM25_RRF,"['R1500-0189', 'R1500-0214', 'R1500-0213', 'R1500-0190', 'R1500-0187', 'R1500-0216', 'R1500-0188', 'R1500-0215', 'R1500-0186', 'R1500-0191']","[0.65978503, 0.65550894, 0.65527642, 0.64466393, 0.65425289, 0.64396, 0.65464675, 0.65213132, 0.64954245, 0.61348855]",3,0,1,1,1,81cd09d3ba23fac5560b9f45d0abe84bf9bbae4c3c84f95c4725e2cd2965c591,ef9f27141658502ed1cce3a9b2f8c98443b6bbdea16cb1e1dff03c7ce07b1cb1,2026-08-06T20:59:04.733108+00:00
Q092,price,R1500,DENSE_BM25_RRF,"['R1500-0675', 'R1500-0445', 'R1500-0509', 'R1500-0676', 'R1500-0410', 'R1500-0734', 'R1500-0409', 'R1500-0420', 'R1500-0220', 'R1500-0219']","[0.57211858, 0.52763879, 0.54327041, 0.56141841, 0.55582857, 0.50839251, 0.50006354, 0.50079411, 0.50158387, 0.49840438]",1,1,1,1,1,40f44dea97edd6da4b1cdad8eb61c02224d4e5d5b6bfdeb4fd8208425455b1a6,ef9f27141658502ed1cce3a9b2f8c98443b6bbdea16cb1e1dff03c7ce07b1cb1,2026-08-06T20:59:04.734698+00:00
Q093,price,R1500,DENSE_BM25_RRF,"['R1500-0438', 'R1500-0658', 'R1500-0439', 'R1500-0132', 'R1500-0131', 'R1500-0657', 'R1500-0130', 'R1500-0721', 'R1500-0404', 'R1500-0659']","[0.56152499, 0.58210468, 0.58178049, 0.3269974, 0.3701278, 0.55225295, 0.33710259, 0.54990983, 0.44514394, 0.52735096]",1,1,1,1,1,e6ea363016cdbf5d3dcda05ee04db4e86a0015345cf7e71ecb8636fd92c1f626,ef9f27141658502ed1cce3a9b2f8c98443b6bbdea16cb1e1dff03c7ce07b1cb1,2026-08-06T20:59:04.735406+00:00
Q094,attribute,R1500,DENSE_BM25_RRF,"['R1500-0621', 'R1500-0622', 'R1500-0620', 'R1500-0594', 'R1500-0029', 'R1500-0033', 'R1500-0624', 'R1500-0617', 'R1500-0610', 'R1500-0619']","[0.61900043, 0.55943209, 0.58656222, 0.56767547, 0.54888403, 0.58335221, 0.57768059, 0.54026377, 0.54966938, 0.55392838]",1,1,1,1,1,b145825622bd1f7f13de9f56ac001f4bb3aa46a4b42840b7680056ed484bca8e,ef9f27141658502ed1cce3a9b2f8c98443b6bbdea16cb1e1dff03c7ce07b1cb1,2026-08-06T20:59:04.737991+00:00
Q095,attribute,R1500,DENSE_BM25_RRF,"['R1500-0365', 'R1500-0485', 'R1500-0494', 'R1500-0496', 'R1500-0416', 'R1500-0500', 'R1500-0499', 'R1500-0475', 'R1500-0498', 'R1500-0497']","[0.65826774, 0.61794746, 0.66987002, 0.61663419, 0.60185182, 0.61554039, 0.61528993, 0.63711202, 0.60863185, 0.59479856]",5,0,0,1,1,9eb280340efed1b584663218b7efcf8fd5cc82a53bb4af42fc8fa5f011a4de02,ef9f27141658502ed1cce3a9b2f8c98443b6bbdea16cb1e1dff03c7ce07b1cb1,2026-08-06T20:59:04.741902+00:00
Q096,attribute,R1500,DENSE_BM25_RRF,"['R1500-0649', 'R1500-0030', 'R1500-0470', 'R1500-0471', 'R1500-0501', 'R1500-0463', 'R1500-0615', 'R1500-0472', 'R1500-0462', 'R1500-0466']","[0.55953676, 0.5322485, 0.51126564, 0.51913667, 0.5024277, 0.50972211, 0.50330341, 0.50764203, 0.50360274, 0.50460529]",1,1,1,1,1,c194ae1720d9977b7d02353887f607b5723032f71a7e6f028c257be3a3712ffe,ef9f27141658502ed1cce3a9b2f8c98443b6bbdea16cb1e1dff03c7ce07b1cb1,2026-08-06T20:59:04.745784+00:00
Q097,attribute,R1500,DENSE_BM25_RRF,"['R1500-0608', 'R1500-0619', 'R1500-0617', 'R1500-0031', 'R1500-0028', 'R1500-0621', 'R1500-0591', 'R1500-0023', 'R1500-0032', 'R1500-0620']","[0.51607794, 0.5240733, 0.50422668, 0.52588373, 0.49464172, 0.50361729, 0.48517826, 0.47823632, 0.46961641, 0.49597579]",3,0,1,1,1,57643ed3091e09daa86267441d43825b0764e7294dd55f1cf189f9beb4aca7b4,ef9f27141658502ed1cce3a9b2f8c98443b6bbdea16cb1e1dff03c7ce07b1cb1,2026-08-06T20:59:04.748369+00:00
Q098,price,R1500,DENSE_BM25_RRF,"['R1500-0214', 'R1500-0188', 'R1500-0187', 'R1500-0213', 'R1500-0190', 'R1500-0215', 'R1500-0189', 'R1500-0186', 'R1500-0216', 'R1500-0191']","[0.6595757, 0.64948857, 0.65069753, 0.6343447, 0.62635309, 0.63320613, 0.63348544, 0.6381852, 0.62511182, 0.61059225]",1,1,1,1,1,83802b2e2b5f5c8c762ab7da7fa50553e6f83c7e51e620854e7c974cdd3025d6,ef9f27141658502ed1cce3a9b2f8c98443b6bbdea16cb1e1dff03c7ce07b1cb1,2026-08-06T20:59:04.749528+00:00
Q099,price,R1500,DENSE_BM25_RRF,"['R1500-0427', 'R1500-0383', 'R1500-0429', 'R1500-0428', 'R1500-0382', 'R1500-0381', 'R1500-0426', 'R1500-0487', 'R1500-0486', 'R1500-0425']","[0.68119985, 0.68538404, 0.67727995, 0.65115333, 0.672809, 0.60516346, 0.6681698, 0.60798097, 0.58568835, 0.59989911]",1,1,1,1,1,feef7e50071355503e33bead40b3a873a63303d80e610532b70b715224b07919,ef9f27141658502ed1cce3a9b2f8c98443b6bbdea16cb1e1dff03c7ce07b1cb1,2026-08-06T20:59:04.750702+00:00
Q100,price,R1500,DENSE_BM25_RRF,"['R1500-0495', 'R1500-0321', 'R1500-0320', 'R1500-0169', 'R1500-0317', 'R1500-0630', 'R1500-0318', 'R1500-0642', 'R1500-0319', 'R1500-0170']","[0.59772331, 0.54297984, 0.52664244, 0.56307018, 0.49231818, 0.55891061, 0.50281578, 0.55712759, 0.50564688, 0.55009884]",1,1,1,1,1,1bc2f80c0114736bf878d65f14abb8d9b606b9be13715263bbc1f9f5b9e538fe,ef9f27141658502ed1cce3a9b2f8c98443b6bbdea16cb1e1dff03c7ce07b1cb1,2026-08-06T20:59:04.751819+00:00
Q101,price,R1500,DENSE_BM25_RRF,"['R1500-0488', 'R1500-0489', 'R1500-0492', 'R1500-0490', 'R1500-0491', 'R1500-0510', 'R1500-0493', 'R1500-0511', 'R1500-0724', 'R1500-0484']","[0.70627367, 0.66173959, 0.6886692, 0.66687828, 0.65432471, 0.63350308, 0.59855312, 0.59843862, 0.5972755, 0.58309829]",2,0,1,1,1,3dfa73ce270bce1c609cd3a1b659d7658ec7bbfc5790a4cb1e0c1e67af5e465b,ef9f27141658502ed1cce3a9b2f8c98443b6bbdea16cb1e1dff03c7ce07b1cb1,2026-08-06T20:59:04.753213+00:00
Q102,attribute,R1500,DENSE_BM25_RRF,"['R1500-0039', 'R1500-0623', 'R1500-0030', 'R1500-0013', 'R1500-0014', 'R1500-0593', 'R1500-0594', 'R1500-0758', 'R1500-0619', 'R1500-0045']","[0.58859897, 0.57036483, 0.58171308, 0.58054328, 0.56683433, 0.58951467, 0.55897701, 0.56826848, 0.59655088, 0.5614953]",1,1,1,1,1,2fc2187a8808915ece4b89d74d6f186293be5c2db9356c9c69d281dee2016e34,ef9f27141658502ed1cce3a9b2f8c98443b6bbdea16cb1e1dff03c7ce07b1cb1,2026-08-06T20:59:04.755985+00:00
Q103,price,R1500,DENSE_BM25_RRF,"['R1500-0711', 'R1500-0678', 'R1500-0668', 'R1500-0667', 'R1500-0679', 'R1500-0671', 'R1500-0712', 'R1500-0670', 'R1500-0669', 'R1500-0446']","[0.58585989, 0.59382582, 0.58231676, 0.58163774, 0.57812405, 0.57381809, 0.56972456, 0.56629938, 0.55656713, 0.58012998]",1,1,1,1,1,775535b727f374237ca640ce830a5739473aa99381245763c78a3fb326546d0f,ef9f27141658502ed1cce3a9b2f8c98443b6bbdea16cb1e1dff03c7ce07b1cb1,2026-08-06T20:59:04.757680+00:00
Q104,attribute,R1500,DENSE_BM25_RRF,"['R1500-0622', 'R1500-0608', 'R1500-0615', 'R1500-0591', 'R1500-0030', 'R1500-0035', 'R1500-0604', 'R1500-0421', 'R1500-0014', 'R1500-0623']","[0.56796753, 0.52503526, 0.55197537, 0.49665493, 0.51290327, 0.50962114, 0.53711653, 0.49769351, 0.49600118, 0.48756918]",1,1,1,1,1,073b5ccbbb5d12df864a1203cc6edbf8f8229328e151851fa3e26b64b4fbe5c4,ef9f27141658502ed1cce3a9b2f8c98443b6bbdea16cb1e1dff03c7ce07b1cb1,2026-08-06T20:59:04.760315+00:00
Q105,attribute,R1500,DENSE_BM25_RRF,"['R1500-0552', 'R1500-0553', 'R1500-0768', 'R1500-0547', 'R1500-0554', 'R1500-0550', 'R1500-0006', 'R1500-0784', 'R1500-0786', 'R1500-0783']","[0.63462293, 0.6200546, 0.59398246, 0.61168647, 0.63416851, 0.59358412, 0.59091938, 0.62290108, 0.60058296, 0.61074543]",1,1,1,1,1,30fccae8d08079515190429ec1ce426195208b39625cae98ae70b7075f7c9ae6,ef9f27141658502ed1cce3a9b2f8c98443b6bbdea16cb1e1dff03c7ce07b1cb1,2026-08-06T20:59:04.762501+00:00
Q106,attribute,R1500,DENSE_BM25_RRF,"['R1500-0705', 'R1500-0706', 'R1500-0664', 'R1500-0510', 'R1500-0687', 'R1500-0700', 'R1500-0358', 'R1500-0361', 'R1500-0357', 'R1500-0360']","[0.64631748, 0.6184473, 0.62149185, 0.64308727, 0.61353141, 0.62339765, 0.60537469, 0.60382438, 0.60051495, 0.60225475]",6,0,0,0,1,9b2cb844fe1d46d1c6b2585188ad5cd9e861f3d8a3597c47a16848f14aa9d1c0,ef9f27141658502ed1cce3a9b2f8c98443b6bbdea16cb1e1dff03c7ce07b1cb1,2026-08-06T20:59:04.766008+00:00
Q107,price,R1500,DENSE_BM25_RRF,"['R1500-0196', 'R1500-0303', 'R1500-0223', 'R1500-0302', 'R1500-0197', 'R1500-0220', 'R1500-0195', 'R1500-0194', 'R1500-0222', 'R1500-0224']","[0.62086785, 0.63953817, 0.59219688, 0.58574772, 0.62750679, 0.58299685, 0.58965194, 0.57758546, 0.57873821, 0.57557237]",1,1,1,1,1,ecfe8a4b08ccdbf10d87b0674ca3a6ee004d6cfcefbd40a7f2fde68e2cf6f484,ef9f27141658502ed1cce3a9b2f8c98443b6bbdea16cb1e1dff03c7ce07b1cb1,2026-08-06T20:59:04.767183+00:00
Q108,attribute,R1500,DENSE_BM25_RRF,"['R1500-0723', 'R1500-0478', 'R1500-0722', 'R1500-0432', 'R1500-0344', 'R1500-0345', 'R1500-0346', 'R1500-0348', 'R1500-0343', 'R1500-0349']","[0.66435009, 0.63622957, 0.62557775, 0.62470043, 0.62252247, 0.62223971, 0.61760765, 0.61805844, 0.62222922, 0.61877775]",3,0,1,1,1,96f67eb8e648187bf4d081f291f6615fc8eff182e554114e400a82bc1863e6df,ef9f27141658502ed1cce3a9b2f8c98443b6bbdea16cb1e1dff03c7ce07b1cb1,2026-08-06T20:59:04.770369+00:00
Q109,price,R1500,DENSE_BM25_RRF,"['R1500-0452', 'R1500-0453', 'R1500-0449', 'R1500-0450', 'R1500-0446', 'R1500-0451', 'R1500-0448', 'R1500-0447', 'R1500-0454', 'R1500-0394']","[0.74738187, 0.71809399, 0.67774367, 0.67354035, 0.64599836, 0.66011906, 0.64890027, 0.65553749, 0.63391113, 0.64287794]",1,1,1,1,1,a87513a21da239ee80707417e2d5e28bb0e2d0c25bcc707dabfd2551b9833ce6,ef9f27141658502ed1cce3a9b2f8c98443b6bbdea16cb1e1dff03c7ce07b1cb1,2026-08-06T20:59:04.774072+00:00
Q110,price,R1500,DENSE_BM25_RRF,"['R1500-0652', 'R1500-0146', 'R1500-0145', 'R1500-0147', 'R1500-0640', 'R1500-0637', 'R1500-0639', 'R1500-0010', 'R1500-0609', 'R1500-0636']","[0.66060686, 0.67675245, 0.64659971, 0.54829586, 0.55563521, 0.55461425, 0.54582942, 0.53556538, 0.52974486, 0.53902364]",1,1,1,1,1,4f47ce968956ec1b9dcfa6fb89d16e695a7903720db30a29461dc3242eafa943,ef9f27141658502ed1cce3a9b2f8c98443b6bbdea16cb1e1dff03c7ce07b1cb1,2026-08-06T20:59:04.777438+00:00
Q111,attribute,R1500,DENSE_BM25_RRF,"['R1500-0664', 'R1500-0510', 'R1500-0447', 'R1500-0448', 'R1500-0714', 'R1500-0667', 'R1500-0705', 'R1500-0699', 'R1500-0702', 'R1500-0700']","[0.64213347, 0.63479686, 0.62038064, 0.61767739, 0.61016405, 0.60122162, 0.60775119, 0.60779583, 0.60211879, 0.60721195]",1,1,1,1,1,00e1a44afcc90d43d2582e730e2ece89e06e7b8caaa68d9122bcde5dd443c4fe,ef9f27141658502ed1cce3a9b2f8c98443b6bbdea16cb1e1dff03c7ce07b1cb1,2026-08-06T20:59:04.779795+00:00
Q112,price,R1500,DENSE_BM25_RRF,"['R1500-0194', 'R1500-0195', 'R1500-0197', 'R1500-0222', 'R1500-0196', 'R1500-0303', 'R1500-0223', 'R1500-0220', 'R1500-0221', 'R1500-0224']","[0.60262334, 0.59257305, 0.61590546, 0.56519198, 0.58602107, 0.60282528, 0.5643065, 0.56135166, 0.56002027, 0.53960311]",1,1,1,1,1,d4a200f7c79abfadaabdfc1911cd4429b157c6abde39b1305f85d1ec0811767d,ef9f27141658502ed1cce3a9b2f8c98443b6bbdea16cb1e1dff03c7ce07b1cb1,2026-08-06T20:59:04.780805+00:00
Q113,price,R1500,DENSE_BM25_RRF,"['R1500-0664', 'R1500-0453', 'R1500-0510', 'R1500-0701', 'R1500-0712', 'R1500-0704', 'R1500-0703', 'R1500-0665', 'R1500-0666', 'R1500-0454']","[0.68435663, 0.62465608, 0.62876117, 0.61812615, 0.63870811, 0.60999244, 0.59848839, 0.5902012, 0.58312786, 0.57534277]",1,1,1,1,1,6bb4a27e2d029f166f1958687a4afd70c10587e5b99a71471173da86451e17ab,ef9f27141658502ed1cce3a9b2f8c98443b6bbdea16cb1e1dff03c7ce07b1cb1,2026-08-06T20:59:04.782259+00:00
Q114,price,R1500,DENSE_BM25_RRF,"['R1500-0092', 'R1500-0093', 'R1500-0533', 'R1500-0148', 'R1500-0144', 'R1500-0608', 'R1500-0147', 'R1500-0615', 'R1500-0647', 'R1500-0648']","[0.4875136, 0.49952471, 0.42324448, 0.50186622, 0.43212312, 0.46128067, 0.41743499, 0.43080211, 0.41605777, 0.41442299]",1,1,1,1,1,9691c026bc4bea91f64a899878df11e7db1e4bce6b4a7f60afe37ecca89f6f64,ef9f27141658502ed1cce3a9b2f8c98443b6bbdea16cb1e1dff03c7ce07b1cb1,2026-08-06T20:59:04.783378+00:00
Q115,price,R1500,DENSE_BM25_RRF,"['R1500-0724', 'R1500-0725', 'R1500-0714', 'R1500-0727', 'R1500-0705', 'R1500-0719', 'R1500-0673', 'R1500-0674', 'R1500-0492', 'R1500-0343']","[0.59300458, 0.53288853, 0.47589725, 0.46182406, 0.48190632, 0.46888912, 0.52107859, 0.51868963, 0.50188506, 0.45050827]",1,1,1,1,1,2e1b099df3e03cb9b343938d4b186ae61af215efa56e01e984ce04ab8aba526b,ef9f27141658502ed1cce3a9b2f8c98443b6bbdea16cb1e1dff03c7ce07b1cb1,2026-08-06T20:59:04.784546+00:00
Q116,price,R1500,DENSE_BM25_RRF,"['R1500-0324', 'R1500-0646', 'R1500-0495', 'R1500-0644', 'R1500-0073', 'R1500-0732', 'R1500-0626', 'R1500-0561', 'R1500-0627', 'R1500-0628']","[0.47667015, 0.4695285, 0.45951629, 0.48025304, 0.43382913, 0.43472409, 0.44322044, 0.44662166, 0.43837991, 0.43221173]",1,1,1,1,1,973d56c38a9c431edd989310f37b3e7e33c4aa20e78d648d92632c62bc319e55,ef9f27141658502ed1cce3a9b2f8c98443b6bbdea16cb1e1dff03c7ce07b1cb1,2026-08-06T20:59:04.785381+00:00
Q117,price,R1500,DENSE_BM25_RRF,"['R1500-0426', 'R1500-0424', 'R1500-0425', 'R1500-0487', 'R1500-0486', 'R1500-0383', 'R1500-0658', 'R1500-0423', 'R1500-0526', 'R1500-0523']","[0.49966371, 0.5224337, 0.50344586, 0.47474444, 0.46858716, 0.45968506, 0.45084998, 0.43124276, 0.43207347, 0.4453896]",1,1,1,1,1,5609e748e6565211c6854d9da53b6a2f0d89f74cfe73a4b44430f44dcce6d882,ef9f27141658502ed1cce3a9b2f8c98443b6bbdea16cb1e1dff03c7ce07b1cb1,2026-08-06T20:59:04.786278+00:00
Q118,attribute,R1500,DENSE_BM25_RRF,"['R1500-0438', 'R1500-0439', 'R1500-0440', 'R1500-0437', 'R1500-0434', 'R1500-0433', 'R1500-0658', 'R1500-0435', 'R1500-0663', 'R1500-0405']","[0.65366673, 0.64473987, 0.63016915, 0.6150353, 0.5950166, 0.58297783, 0.55173248, 0.57654482, 0.54913819, 0.52625489]",1,1,1,1,1,9a6d95e707906a22be115e683f0f8195e5c4d47bae1b7a6c8eee99479e63fd5e,ef9f27141658502ed1cce3a9b2f8c98443b6bbdea16cb1e1dff03c7ce07b1cb1,2026-08-06T20:59:04.788680+00:00
Q119,price,R1500,DENSE_BM25_RRF,"['R1500-0593', 'R1500-0051', 'R1500-0624', 'R1500-0614', 'R1500-0621', 'R1500-0619', 'R1500-0031', 'R1500-0616', 'R1500-0611', 'R1500-0613']","[0.55628848, 0.54173952, 0.55793804, 0.55186421, 0.55577749, 0.60509276, 0.58214188, 0.56663239, 0.51585507, 0.55421716]",1,1,1,1,1,dae9e176af9e63f7ca77e382bc0ff6010e0f46e3f648a0f351bddad5d9e15c11,ef9f27141658502ed1cce3a9b2f8c98443b6bbdea16cb1e1dff03c7ce07b1cb1,2026-08-06T20:59:04.789828+00:00
Q120,price,R1500,DENSE_BM25_RRF,"['R1500-0378', 'R1500-0380', 'R1500-0379', 'R1500-0377', 'R1500-0368', 'R1500-0373', 'R1500-0371', 'R1500-0375', 'R1500-0376', 'R1500-0369']","[0.6390413, 0.65844911, 0.62612104, 0.63643253, 0.58306199, 0.55932343, 0.5488041, 0.55649853, 0.55179811, 0.54386187]",3,0,1,1,1,f5d51c683fab70ca719bbc64cc698ad47437a0b33c7e40b373408d369e2d66a5,ef9f27141658502ed1cce3a9b2f8c98443b6bbdea16cb1e1dff03c7ce07b1cb1,2026-08-06T20:59:04.791880+00:00
Q121,price,R1500,DENSE_BM25_RRF,"['R1500-0571', 'R1500-0572', 'R1500-0573', 'R1500-0078', 'R1500-0590', 'R1500-0567', 'R1500-0565', 'R1500-0570', 'R1500-0564', 'R1500-0563']","[0.53081679, 0.47124827, 0.45728514, 0.45878744, 0.46058035, 0.4515087, 0.44470376, 0.4678846, 0.43414831, 0.4463585]",1,1,1,1,1,552191e84c5c679c754387e93cc1776085f91b9f84a6f57cc9e77dd292c9d8e6,ef9f27141658502ed1cce3a9b2f8c98443b6bbdea16cb1e1dff03c7ce07b1cb1,2026-08-06T20:59:04.794113+00:00
Q122,price,R1500,DENSE_BM25_RRF,"['R1500-0555', 'R1500-0556', 'R1500-0552', 'R1500-0553', 'R1500-0550', 'R1500-0644', 'R1500-0546', 'R1500-0640', 'R1500-0545', 'R1500-0557']","[0.59981024, 0.59338248, 0.54309422, 0.55781424, 0.58469445, 0.53896016, 0.51331735, 0.52411503, 0.51057982, 0.52026802]",1,1,1,1,1,3bd0c461db5f4eb09e428b5cb253afbf4fcedf9e6aa2d8afe02e3f7634bacb57,ef9f27141658502ed1cce3a9b2f8c98443b6bbdea16cb1e1dff03c7ce07b1cb1,2026-08-06T20:59:04.795274+00:00
Q123,attribute,R1500,DENSE_BM25_RRF,"['R1500-0013', 'R1500-0030', 'R1500-0594', 'R1500-0031', 'R1500-0014', 'R1500-0029', 'R1500-0085', 'R1500-0051', 'R1500-0616', 'R1500-0604']","[0.65181631, 0.63706195, 0.62350392, 0.60394192, 0.58655763, 0.58688456, 0.58841419, 0.59030104, 0.63521045, 0.60838044]",1,1,1,1,1,56fcd27e00ef9aef2b112a433f47dc209c9b4eeca75b8367b88929642ad0afe2,ef9f27141658502ed1cce3a9b2f8c98443b6bbdea16cb1e1dff03c7ce07b1cb1,2026-08-06T20:59:04.797836+00:00
Q124,attribute,R1500,DENSE_BM25_RRF,"['R1500-0030', 'R1500-0594', 'R1500-0619', 'R1500-0616', 'R1500-0044', 'R1500-0615', 'R1500-0029', 'R1500-0762', 'R1500-0761', 'R1500-0758']","[0.56872541, 0.55383801, 0.53485674, 0.56289816, 0.54097688, 0.5013392, 0.50575435, 0.48770562, 0.47792187, 0.48234272]",1,1,1,1,1,e2663a8a7b1c0af68f47c8237b45e970eaf0b49915bf06892b7498f8bf20d8ae,ef9f27141658502ed1cce3a9b2f8c98443b6bbdea16cb1e1dff03c7ce07b1cb1,2026-08-06T20:59:04.800296+00:00
Q125,attribute,R1500,DENSE_BM25_RRF,"['R1500-0190', 'R1500-0216', 'R1500-0188', 'R1500-0187', 'R1500-0215', 'R1500-0214', 'R1500-0189', 'R1500-0213', 'R1500-0191', 'R1500-0186']","[0.70124972, 0.7007162, 0.68429267, 0.6786474, 0.67984056, 0.67930317, 0.67943424, 0.67376411, 0.63774461, 0.6405164]",1,1,1,1,1,0e701a71d0e6771b3da40836f2b239dad9c55d76e85ad8802dc2bde3df036fa5,ef9f27141658502ed1cce3a9b2f8c98443b6bbdea16cb1e1dff03c7ce07b1cb1,2026-08-06T20:59:04.801884+00:00
Q126,price,R1500,DENSE_BM25_RRF,"['R1500-0624', 'R1500-0614', 'R1500-0593', 'R1500-0029', 'R1500-0619', 'R1500-0613', 'R1500-0051', 'R1500-0621', 'R1500-0620', 'R1500-0031']","[0.43759602, 0.41882882, 0.43646806, 0.4064191, 0.43027085, 0.40801042, 0.44887799, 0.42658469, 0.4252871, 0.39972723]",,0,0,0,0,1f5c5a873218d0a08387e1ced4f689cd006ff0b18d8e9ead4eea0dc27a2d6eda,ef9f27141658502ed1cce3a9b2f8c98443b6bbdea16cb1e1dff03c7ce07b1cb1,2026-08-06T20:59:04.804318+00:00
Q127,price,R1500,DENSE_BM25_RRF,"['R1500-0721', 'R1500-0719', 'R1500-0720', 'R1500-0348', 'R1500-0347', 'R1500-0345', 'R1500-0349', 'R1500-0338', 'R1500-0491', 'R1500-0687']","[0.62223852, 0.62299287, 0.62084132, 0.59391308, 0.59967434, 0.5900315, 0.59404838, 0.58728772, 0.60592586, 0.59414756]",1,1,1,1,1,7a859cdd59887ef1fa0bb873d69171929c221848125094a1714b587ebb9de06e,ef9f27141658502ed1cce3a9b2f8c98443b6bbdea16cb1e1dff03c7ce07b1cb1,2026-08-06T20:59:04.805915+00:00
Q128,price,R1500,DENSE_BM25_RRF,"['R1500-0101', 'R1500-0006', 'R1500-0553', 'R1500-0552', 'R1500-0651', 'R1500-0100', 'R1500-0731', 'R1500-0025', 'R1500-0077', 'R1500-0170']","[0.51895678, 0.50057733, 0.48253846, 0.50154054, 0.48975202, 0.4771122, 0.45521143, 0.47718155, 0.45608962, 0.52057719]",1,1,1,1,1,c3c474d4183f4eda9620d59c995838738351dde95d662cef616da1e537db7d59,ef9f27141658502ed1cce3a9b2f8c98443b6bbdea16cb1e1dff03c7ce07b1cb1,2026-08-06T20:59:04.807189+00:00
Q129,price,R1500,DENSE_BM25_RRF,"['R1500-0505', 'R1500-0504', 'R1500-0212', 'R1500-0218', 'R1500-0192', 'R1500-0191', 'R1500-0677', 'R1500-0006', 'R1500-0173', 'R1500-0103']","[0.53600466, 0.49084097, 0.48832861, 0.50432581, 0.47672844, 0.48555243, 0.49507231, 0.48933035, 0.50991857, 0.49929935]",1,1,1,1,1,67a84a8fc181bcbaf09d3a142372a5aa193aecd6c497215c7c128c4621dee0d6,ef9f27141658502ed1cce3a9b2f8c98443b6bbdea16cb1e1dff03c7ce07b1cb1,2026-08-06T20:59:04.808229+00:00
Q130,attribute,R1500,DENSE_BM25_RRF,"['R1500-0089', 'R1500-0644', 'R1500-0090', 'R1500-0088', 'R1500-0642', 'R1500-0091', 'R1500-0538', 'R1500-0497', 'R1500-0077', 'R1500-0064']","[0.60091501, 0.58772886, 0.62240994, 0.58983004, 0.56943369, 0.5387851, 0.53161711, 0.52178794, 0.50850272, 0.51916492]",1,1,1,1,1,2e1b18bd4a4882a5f2522c226cd89bce81719a76b7ac82e5067e62eb735c77fe,ef9f27141658502ed1cce3a9b2f8c98443b6bbdea16cb1e1dff03c7ce07b1cb1,2026-08-06T20:59:04.810134+00:00
Q131,attribute,R1500,DENSE_BM25_RRF,"['R1500-0724', 'R1500-0725', 'R1500-0727', 'R1500-0714', 'R1500-0479', 'R1500-0489', 'R1500-0770', 'R1500-0722', 'R1500-0492', 'R1500-0690']","[0.60905409, 0.58142477, 0.53982008, 0.50996721, 0.5320828, 0.51072717, 0.42693552, 0.56154817, 0.55043435, 0.45790505]",1,1,1,1,1,bb572e1146128a322b087235cd3c1fbc13b0f97c04e315748e680b07d45b57cb,ef9f27141658502ed1cce3a9b2f8c98443b6bbdea16cb1e1dff03c7ce07b1cb1,2026-08-06T20:59:04.811886+00:00
Q132,price,R1500,DENSE_BM25_RRF,"['R1500-0191', 'R1500-0217', 'R1500-0192', 'R1500-0218', 'R1500-0675', 'R1500-0509', 'R1500-0410', 'R1500-0676', 'R1500-0677', 'R1500-0213']","[0.56481695, 0.55223358, 0.56433547, 0.52361077, 0.52725148, 0.50421935, 0.50395352, 0.50861716, 0.5052014, 0.4934302]",1,1,1,1,1,580de183adfc2d31b3ccb2472e70096c18ecd17ffcbca8b8ce471e99fde0d534,ef9f27141658502ed1cce3a9b2f8c98443b6bbdea16cb1e1dff03c7ce07b1cb1,2026-08-06T20:59:04.813025+00:00
Q133,attribute,R1500,DENSE_BM25_RRF,"['R1500-0174', 'R1500-0177', 'R1500-0176', 'R1500-0175', 'R1500-0512', 'R1500-0406', 'R1500-0220', 'R1500-0511', 'R1500-0659', 'R1500-0657']","[0.49680626, 0.50016868, 0.49312204, 0.48014838, 0.46999848, 0.46318626, 0.46343946, 0.50870109, 0.44205362, 0.43889219]",,0,0,0,0,a128862140f64219e9d9451410eb723a9f97823d3cbab486be378117636e3e05,ef9f27141658502ed1cce3a9b2f8c98443b6bbdea16cb1e1dff03c7ce07b1cb1,2026-08-06T20:59:04.814676+00:00
Q134,attribute,R1500,DENSE_BM25_RRF,"['R1500-0665', 'R1500-0452', 'R1500-0719', 'R1500-0396', 'R1500-0724', 'R1500-0449', 'R1500-0727', 'R1500-0394', 'R1500-0734', 'R1500-0722']","[0.65816158, 0.67363191, 0.63052988, 0.61362708, 0.61918986, 0.63321888, 0.60663152, 0.62391269, 0.61017394, 0.61063826]",,0,0,0,0,bf138cceeef05d87e7675c3a9284facbeddd15679df9238e7e8fe860651d29f8,ef9f27141658502ed1cce3a9b2f8c98443b6bbdea16cb1e1dff03c7ce07b1cb1,2026-08-06T20:59:04.816612+00:00
Q135,attribute,R1500,DENSE_BM25_RRF,"['R1500-0722', 'R1500-0719', 'R1500-0348', 'R1500-0492', 'R1500-0714', 'R1500-0727', 'R1500-0362', 'R1500-0455', 'R1500-0491', 'R1500-0479']","[0.68161702, 0.6371367, 0.65657127, 0.67945635, 0.62299955, 0.63308644, 0.61964911, 0.63217723, 0.62124425, 0.61700875]",1,1,1,1,1,858d1b8e5ab94eec7d1fa940c84e3a451e68b4f997069493c95064b64318eb4d,ef9f27141658502ed1cce3a9b2f8c98443b6bbdea16cb1e1dff03c7ce07b1cb1,2026-08-06T20:59:04.819405+00:00
Q136,attribute,R1500,DENSE_BM25_RRF,"['R1500-0666', 'R1500-0407', 'R1500-0455', 'R1500-0343', 'R1500-0733', 'R1500-0389', 'R1500-0724', 'R1500-0479', 'R1500-0391', 'R1500-0722']","[0.64589703, 0.64155722, 0.62991047, 0.6291824, 0.63269866, 0.6060254, 0.61490101, 0.61634082, 0.61150688, 0.60916686]",,0,0,0,0,bd6b7874a4bfe44a0ff8e9f997c645733522a53760259eb0d86603cc7707f110,ef9f27141658502ed1cce3a9b2f8c98443b6bbdea16cb1e1dff03c7ce07b1cb1,2026-08-06T20:59:04.821552+00:00
Q137,price,R1500,DENSE_BM25_RRF,"['R1500-0196', 'R1500-0197', 'R1500-0223', 'R1500-0302', 'R1500-0303', 'R1500-0224', 'R1500-0195', 'R1500-0220', 'R1500-0194', 'R1500-0222']","[0.63446569, 0.63917744, 0.6018641, 0.59427863, 0.64427698, 0.58573729, 0.60315031, 0.58758295, 0.5916723, 0.58787757]",1,1,1,1,1,c8611d6569b38fcadefabce87af243085047e4a12884607241704344c2ada889,ef9f27141658502ed1cce3a9b2f8c98443b6bbdea16cb1e1dff03c7ce07b1cb1,2026-08-06T20:59:04.822489+00:00
Q138,price,R1500,DENSE_BM25_RRF,"['R1500-0618', 'R1500-0617', 'R1500-0621', 'R1500-0622', 'R1500-0601', 'R1500-0596', 'R1500-0593', 'R1500-0600', 'R1500-0598', 'R1500-0597']","[0.57971489, 0.53910398, 0.49561799, 0.49747288, 0.48543417, 0.48869807, 0.52138162, 0.48231551, 0.485484, 0.4816837]",1,1,1,1,1,cc888b125a1c9f6987e91c1c5fac3f08c3c7b54eca3161a0701487fef0f7fd1f,ef9f27141658502ed1cce3a9b2f8c98443b6bbdea16cb1e1dff03c7ce07b1cb1,2026-08-06T20:59:04.823810+00:00
Q139,price,R1500,DENSE_BM25_RRF,"['R1500-0057', 'R1500-0058', 'R1500-0060', 'R1500-0059', 'R1500-0052', 'R1500-0621', 'R1500-0062', 'R1500-0034', 'R1500-0022', 'R1500-0061']","[0.5503341, 0.47625598, 0.51474094, 0.46848619, 0.45608443, 0.44821876, 0.4742738, 0.44148833, 0.43481997, 0.43294373]",1,1,1,1,1,0fb640fdb62e3f50507524b42edc18402f980791cbde7ed538d223391a25b54c,ef9f27141658502ed1cce3a9b2f8c98443b6bbdea16cb1e1dff03c7ce07b1cb1,2026-08-06T20:59:04.826371+00:00
Q140,price,R1500,DENSE_BM25_RRF,"['R1500-0187', 'R1500-0188', 'R1500-0214', 'R1500-0190', 'R1500-0213', 'R1500-0186', 'R1500-0189', 'R1500-0170', 'R1500-0215', 'R1500-0216']","[0.66964382, 0.6692152, 0.66489816, 0.66220284, 0.65589321, 0.66671598, 0.65374815, 0.67864561, 0.64766169, 0.6483345]",2,0,1,1,1,cff6357be7e261a834dcc91c99e801a69badf28ebf6eb2709c19dd776b6f8d73,ef9f27141658502ed1cce3a9b2f8c98443b6bbdea16cb1e1dff03c7ce07b1cb1,2026-08-06T20:59:04.827526+00:00
Q141,price,R1500,DENSE_BM25_RRF,"['R1500-0390', 'R1500-0716', 'R1500-0393', 'R1500-0392', 'R1500-0385', 'R1500-0387', 'R1500-0391', 'R1500-0714', 'R1500-0389', 'R1500-0388']","[0.66094863, 0.64881963, 0.6691798, 0.64921796, 0.70414358, 0.66777766, 0.65797639, 0.66989499, 0.64193797, 0.63307506]",1,1,1,1,1,088cf0826aa589b40ad1370eb7e7fb5126236983f32d53ab13890912d49304c9,ef9f27141658502ed1cce3a9b2f8c98443b6bbdea16cb1e1dff03c7ce07b1cb1,2026-08-06T20:59:04.829837+00:00
Q142,price,R1500,DENSE_BM25_RRF,"['R1500-0159', 'R1500-0160', 'R1500-0163', 'R1500-0162', 'R1500-0158', 'R1500-0188', 'R1500-0186', 'R1500-0214', 'R1500-0157', 'R1500-0165']","[0.60564339, 0.59193963, 0.58618534, 0.5854646, 0.59201789, 0.55345196, 0.56412691, 0.55069625, 0.58644348, 0.55154955]",1,1,1,1,1,859f4c3f7abb4b1a58bd44af303f213d32118322651715979c9352ffe122e8c4,ef9f27141658502ed1cce3a9b2f8c98443b6bbdea16cb1e1dff03c7ce07b1cb1,2026-08-06T20:59:04.830862+00:00
Q143,attribute,R1500,DENSE_BM25_RRF,"['R1500-0669', 'R1500-0678', 'R1500-0668', 'R1500-0670', 'R1500-0679', 'R1500-0711', 'R1500-0667', 'R1500-0677', 'R1500-0712', 'R1500-0680']","[0.60670698, 0.59816337, 0.57720983, 0.58901596, 0.56782496, 0.5633868, 0.56865895, 0.55987686, 0.55585456, 0.55893147]",3,0,1,1,1,f4dee4305190b093ee11875ef6813cf5ce3e1f97d7e2eeffdf459f1e32d8d1ee,ef9f27141658502ed1cce3a9b2f8c98443b6bbdea16cb1e1dff03c7ce07b1cb1,2026-08-06T20:59:04.833255+00:00
Q144,price,R1500,DENSE_BM25_RRF,"['R1500-0304', 'R1500-0187', 'R1500-0188', 'R1500-0214', 'R1500-0190', 'R1500-0213', 'R1500-0170', 'R1500-0189', 'R1500-0305', 'R1500-0215']","[0.63263333, 0.64259291, 0.64472926, 0.64339805, 0.62571967, 0.62895191, 0.65091109, 0.62119687, 0.60031474, 0.61824334]",1,1,1,1,1,aeba23ebee74275402ae92bc0ce998ae9ec0b0a09ea8d5b5c604b6ac39b7c941,ef9f27141658502ed1cce3a9b2f8c98443b6bbdea16cb1e1dff03c7ce07b1cb1,2026-08-06T20:59:04.834694+00:00
Q145,attribute,R1500,DENSE_BM25_RRF,"['R1500-0652', 'R1500-0146', 'R1500-0145', 'R1500-0147', 'R1500-0640', 'R1500-0637', 'R1500-0639', 'R1500-0148', 'R1500-0636', 'R1500-0631']","[0.6491707, 0.70380425, 0.63696837, 0.55583262, 0.57132268, 0.53307796, 0.51460308, 0.51898885, 0.5282371, 0.54108691]",,0,0,0,0,6f03cbacb4eaa978ffb3d648a5ddb3014f246d61ca171872ee7584194ff28f5c,ef9f27141658502ed1cce3a9b2f8c98443b6bbdea16cb1e1dff03c7ce07b1cb1,2026-08-06T20:59:04.838566+00:00
Q146,price,R1500,DENSE_BM25_RRF,"['R1500-0603', 'R1500-0601', 'R1500-0621', 'R1500-0616', 'R1500-0618', 'R1500-0622', 'R1500-0619', 'R1500-0602', 'R1500-0624', 'R1500-0608']","[0.60198075, 0.53908843, 0.5022403, 0.54361039, 0.5369646, 0.49424145, 0.55418068, 0.48519418, 0.50937188, 0.50222176]",1,1,1,1,1,c15f28e5838eb5540b54e2dd7c7e4e9a1b06fdaa6a121d046f1a436c299248d5,ef9f27141658502ed1cce3a9b2f8c98443b6bbdea16cb1e1dff03c7ce07b1cb1,2026-08-06T20:59:04.841460+00:00
Q147,price,R1500,DENSE_BM25_RRF,"['R1500-0635', 'R1500-0636', 'R1500-0640', 'R1500-0637', 'R1500-0639', 'R1500-0633', 'R1500-0631', 'R1500-0750', 'R1500-0752', 'R1500-0634']","[0.5958128, 0.60242081, 0.62361628, 0.61517835, 0.57857931, 0.58298707, 0.64417994, 0.57359135, 0.52363962, 0.56697202]",7,0,0,0,1,f42bf362a9bae1680e3a777eb05b3a2d932f677cdac92a69c987cf802102410c,ef9f27141658502ed1cce3a9b2f8c98443b6bbdea16cb1e1dff03c7ce07b1cb1,2026-08-06T20:59:04.842378+00:00
Q148,price,R1500,DENSE_BM25_RRF,"['R1500-0547', 'R1500-0548', 'R1500-0550', 'R1500-0552', 'R1500-0549', 'R1500-0553', 'R1500-0556', 'R1500-0107', 'R1500-0006', 'R1500-0554']","[0.63530213, 0.60540044, 0.60863447, 0.61829883, 0.55934823, 0.57999086, 0.53682792, 0.52977592, 0.54188997, 0.57272846]",2,0,1,1,1,5888de19506654fc70581631b57245fa02d092deaffa1656a3370e2d7ea61305,ef9f27141658502ed1cce3a9b2f8c98443b6bbdea16cb1e1dff03c7ce07b1cb1,2026-08-06T20:59:04.843598+00:00
Q149,attribute,R1500,DENSE_BM25_RRF,"['R1500-0621', 'R1500-0620', 'R1500-0029', 'R1500-0616', 'R1500-0617', 'R1500-0604', 'R1500-0030', 'R1500-0051', 'R1500-0085', 'R1500-0615']","[0.59571826, 0.60465389, 0.59372866, 0.59295642, 0.54270345, 0.55257761, 0.54816532, 0.57129282, 0.57458425, 0.54253721]",4,0,0,1,1,79475664a4455679bb720f433b5ba06e7c2d3970663bfb507d7351c736a6b8bc,ef9f27141658502ed1cce3a9b2f8c98443b6bbdea16cb1e1dff03c7ce07b1cb1,2026-08-06T20:59:04.846276+00:00
Q150,attribute,R1500,DENSE_BM25_RRF,"['R1500-0056', 'R1500-0055', 'R1500-0057', 'R1500-0139', 'R1500-0054', 'R1500-0053', 'R1500-0550', 'R1500-0052', 'R1500-0140', 'R1500-0087']","[0.68434328, 0.60697317, 0.55908275, 0.58574504, 0.60672462, 0.5583638, 0.56844723, 0.53921956, 0.53459889, 0.55511987]",1,1,1,1,1,b8f085dada031f1ea66c9d944462b56aee8572c5af9a7e7984c8ae7495558b69,ef9f27141658502ed1cce3a9b2f8c98443b6bbdea16cb1e1dff03c7ce07b1cb1,2026-08-06T20:59:04.849340+00:00
Q151,price,R1500,DENSE_BM25_RRF,"['R1500-0099', 'R1500-0100', 'R1500-0101', 'R1500-0098', 'R1500-0097', 'R1500-0017', 'R1500-0134', 'R1500-0496', 'R1500-0497', 'R1500-0016']","[0.64195323, 0.57097042, 0.4992266, 0.48003823, 0.47678632, 0.50464094, 0.46903896, 0.46780998, 0.46601164, 0.47257435]",2,0,1,1,1,1208b1974eadda76d85e26db629c6220d4d1bb38780cf86a332fe08c84665024,ef9f27141658502ed1cce3a9b2f8c98443b6bbdea16cb1e1dff03c7ce07b1cb1,2026-08-06T20:59:04.850678+00:00
Q152,price,R1500,DENSE_BM25_RRF,"['R1500-0713', 'R1500-0664', 'R1500-0700', 'R1500-0667', 'R1500-0712', 'R1500-0679', 'R1500-0453', 'R1500-0701', 'R1500-0699', 'R1500-0447']","[0.6588614, 0.60145193, 0.58630586, 0.58040035, 0.58541942, 0.60519612, 0.55521154, 0.56466001, 0.55876291, 0.54894859]",1,1,1,1,1,d9e6297f3fecf4c1c603a640c391f92d24f351446e6705767c34a5ab413ba92b,ef9f27141658502ed1cce3a9b2f8c98443b6bbdea16cb1e1dff03c7ce07b1cb1,2026-08-06T20:59:04.851782+00:00
Q153,attribute,R1500,DENSE_BM25_RRF,"['R1500-0429', 'R1500-0428', 'R1500-0427', 'R1500-0426', 'R1500-0382', 'R1500-0487', 'R1500-0383', 'R1500-0381', 'R1500-0435', 'R1500-0423']","[0.65873599, 0.65829313, 0.65281886, 0.62666959, 0.60229021, 0.59238458, 0.61531115, 0.59727776, 0.56024426, 0.59451294]",,0,0,0,0,82576ad3f6bd4cf70fcfbacbbf31f827037615ada32da1b939038002e6a02f54,ef9f27141658502ed1cce3a9b2f8c98443b6bbdea16cb1e1dff03c7ce07b1cb1,2026-08-06T20:59:04.854051+00:00
Q154,attribute,R1500,DENSE_BM25_RRF,"['R1500-0289', 'R1500-0288', 'R1500-0290', 'R1500-0285', 'R1500-0292', 'R1500-0284', 'R1500-0287', 'R1500-0286', 'R1500-0293', 'R1500-0291']","[0.67367876, 0.63713855, 0.64393485, 0.58350956, 0.60457236, 0.59286499, 0.58270198, 0.55725181, 0.53540105, 0.57647359]",1,1,1,1,1,8139bc1e47a7a976c43c0a25a49f5db646947f321276d02658c39c3197b2db6c,ef9f27141658502ed1cce3a9b2f8c98443b6bbdea16cb1e1dff03c7ce07b1cb1,2026-08-06T20:59:04.856178+00:00
Q155,price,R1500,DENSE_BM25_RRF,"['R1500-0493', 'R1500-0494', 'R1500-0630', 'R1500-0365', 'R1500-0486', 'R1500-0495', 'R1500-0497', 'R1500-0732', 'R1500-0474', 'R1500-0642']","[0.54168022, 0.52386993, 0.53191614, 0.52202415, 0.50851941, 0.49734107, 0.48970431, 0.49570012, 0.50262725, 0.52415681]",1,1,1,1,1,145344b903cb304a974134d4fd4bdc8df403ca8749d1c64c78e70f5c2229b2f4,ef9f27141658502ed1cce3a9b2f8c98443b6bbdea16cb1e1dff03c7ce07b1cb1,2026-08-06T20:59:04.857287+00:00
Q156,price,R1500,DENSE_BM25_RRF,"['R1500-0176', 'R1500-0175', 'R1500-0177', 'R1500-0578', 'R1500-0543', 'R1500-0544', 'R1500-0174', 'R1500-0642', 'R1500-0541', 'R1500-0404']","[0.49455008, 0.47766781, 0.47718066, 0.51038969, 0.50573134, 0.50427175, 0.45120192, 0.49741, 0.49647921, 0.37089416]",1,1,1,1,1,34ba5c07e9f2b615884e32fef110095e7cdb1ba763f23b0e96c40a08d5515f68,ef9f27141658502ed1cce3a9b2f8c98443b6bbdea16cb1e1dff03c7ce07b1cb1,2026-08-06T20:59:04.858297+00:00
Q157,attribute,R1500,DENSE_BM25_RRF,"['R1500-0493', 'R1500-0496', 'R1500-0495', 'R1500-0500', 'R1500-0498', 'R1500-0731', 'R1500-0494', 'R1500-0730', 'R1500-0499', 'R1500-0562']","[0.63568914, 0.53560412, 0.52931827, 0.52887768, 0.53249139, 0.5274024, 0.52191532, 0.52521408, 0.52545035, 0.52968538]",,0,0,0,0,d86aab20083ae85a6169e6a5b95906bdb44fd9f3fb19036130c1e550bc3daf65,ef9f27141658502ed1cce3a9b2f8c98443b6bbdea16cb1e1dff03c7ce07b1cb1,2026-08-06T20:59:04.860166+00:00
Q158,attribute,R1500,DENSE_BM25_RRF,"['R1500-0495', 'R1500-0485', 'R1500-0642', 'R1500-0091', 'R1500-0475', 'R1500-0496', 'R1500-0498', 'R1500-0365', 'R1500-0088', 'R1500-0500']","[0.60186863, 0.59747595, 0.60358989, 0.5841198, 0.61946011, 0.58720225, 0.5701102, 0.58433658, 0.57714611, 0.57582527]",5,0,0,1,1,ed6cd526ef46ff81b16bf0824ff67afc2d05c3d4c4ed61d1b79a74e2ac3e469b,ef9f27141658502ed1cce3a9b2f8c98443b6bbdea16cb1e1dff03c7ce07b1cb1,2026-08-06T20:59:04.862425+00:00
Q159,attribute,R1500,DENSE_BM25_RRF,"['R1500-0142', 'R1500-0006', 'R1500-0651', 'R1500-0144', 'R1500-0143', 'R1500-0014', 'R1500-0758', 'R1500-0609', 'R1500-0652', 'R1500-0744']","[0.64351612, 0.53154176, 0.54216313, 0.53038269, 0.50915658, 0.49128523, 0.51545799, 0.51391214, 0.49332595, 0.55455351]",1,1,1,1,1,6c35f07c8628b7e554ba8e6dd393fdac18e782f66f5bff80baadc8a0e51cfa9d,ef9f27141658502ed1cce3a9b2f8c98443b6bbdea16cb1e1dff03c7ce07b1cb1,2026-08-06T20:59:04.865419+00:00
Q160,price,R1500,DENSE_BM25_RRF,"['R1500-0509', 'R1500-0146', 'R1500-0644', 'R1500-0640', 'R1500-0637', 'R1500-0639', 'R1500-0652', 'R1500-0642', 'R1500-0496', 'R1500-0553']","[0.532444, 0.51811492, 0.50357592, 0.52321625, 0.52249557, 0.51994717, 0.47769734, 0.4942193, 0.50284201, 0.51832718]",,0,0,0,0,47c7d154b536197644096c43b63dac86d420c45e98eed7898afd275936793696,ef9f27141658502ed1cce3a9b2f8c98443b6bbdea16cb1e1dff03c7ce07b1cb1,2026-08-06T20:59:04.866295+00:00
Q161,attribute,R1500,DENSE_BM25_RRF,"['R1500-0649', 'R1500-0570', 'R1500-0569', 'R1500-0650', 'R1500-0568', 'R1500-0538', 'R1500-0552', 'R1500-0556', 'R1500-0029', 'R1500-0619']","[0.58972085, 0.54951847, 0.53070438, 0.51783413, 0.54106724, 0.50652719, 0.50484788, 0.49180856, 0.50124365, 0.51204848]",6,0,0,0,1,4d81036ecab29f102a952871a035c25c4bf999fe1dafc3fde449adb0ce3a1fe7,ef9f27141658502ed1cce3a9b2f8c98443b6bbdea16cb1e1dff03c7ce07b1cb1,2026-08-06T20:59:04.868223+00:00
Q162,price,R1500,DENSE_BM25_RRF,"['R1500-0373', 'R1500-0371', 'R1500-0370', 'R1500-0368', 'R1500-0369', 'R1500-0375', 'R1500-0376', 'R1500-0380', 'R1500-0377', 'R1500-0374']","[0.70491415, 0.68549609, 0.65669835, 0.68405879, 0.62271976, 0.61321807, 0.60083199, 0.61743176, 0.6026985, 0.59238505]",1,1,1,1,1,c88ac06881715d43d6838c742b9d6c65af0375301d6d7466b575bd0c7dd076c8,ef9f27141658502ed1cce3a9b2f8c98443b6bbdea16cb1e1dff03c7ce07b1cb1,2026-08-06T20:59:04.870017+00:00
Q163,attribute,R1500,DENSE_BM25_RRF,"['R1500-0151', 'R1500-0759', 'R1500-0058', 'R1500-0152', 'R1500-0146', 'R1500-0238', 'R1500-0770', 'R1500-0773', 'R1500-0763', 'R1500-0330']","[0.62341905, 0.57068837, 0.54032791, 0.53714681, 0.54488569, 0.59169537, 0.53072393, 0.58207297, 0.47026756, 0.56974268]",1,1,1,1,1,9f54acb68ee3f31899db786d9a4077865283380827d4ae03ae3308f9e0ecc9f1,ef9f27141658502ed1cce3a9b2f8c98443b6bbdea16cb1e1dff03c7ce07b1cb1,2026-08-06T20:59:04.872300+00:00
Q164,price,R1500,DENSE_BM25_RRF,"['R1500-0677', 'R1500-0678', 'R1500-0679', 'R1500-0446', 'R1500-0667', 'R1500-0712', 'R1500-0668', 'R1500-0453', 'R1500-0701', 'R1500-0711']","[0.65723968, 0.58444262, 0.59128058, 0.59503847, 0.58850497, 0.57809544, 0.5596711, 0.56925452, 0.56631047, 0.56547761]",1,1,1,1,1,08cfca2e76e6e7bb076b1339eeabbcc4fbaadaf24b2c07ebd9749305a97620c6,ef9f27141658502ed1cce3a9b2f8c98443b6bbdea16cb1e1dff03c7ce07b1cb1,2026-08-06T20:59:04.874052+00:00
Q165,price,R1500,DENSE_BM25_RRF,"['R1500-0292', 'R1500-0290', 'R1500-0291', 'R1500-0293', 'R1500-0288', 'R1500-0289', 'R1500-0287', 'R1500-0285', 'R1500-0284', 'R1500-0298']","[0.7166537, 0.6504637, 0.62755394, 0.52067196, 0.58436143, 0.57066727, 0.52682233, 0.51943141, 0.51244825, 0.51215899]",4,0,0,1,1,8274cb4311a5c9d11ce7665b7f42d11f9acb66a6648f0902d9c92e3ba583da7e,ef9f27141658502ed1cce3a9b2f8c98443b6bbdea16cb1e1dff03c7ce07b1cb1,2026-08-06T20:59:04.875801+00:00
Q166,price,R1500,DENSE_BM25_RRF,"['R1500-0625', 'R1500-0626', 'R1500-0556', 'R1500-0649', 'R1500-0640', 'R1500-0562', 'R1500-0647', 'R1500-0768', 'R1500-0645', 'R1500-0621']","[0.57970095, 0.5741443, 0.49065724, 0.47751153, 0.50708479, 0.48673898, 0.47561109, 0.47473419, 0.52980858, 0.51706326]",2,0,1,1,1,b604181784cb0b75852fc717cd2057753abbdc44029f50653d4984425297f6b9,ef9f27141658502ed1cce3a9b2f8c98443b6bbdea16cb1e1dff03c7ce07b1cb1,2026-08-06T20:59:04.877026+00:00
Q167,price,R1500,DENSE_BM25_RRF,"['R1500-0194', 'R1500-0221', 'R1500-0197', 'R1500-0302', 'R1500-0196', 'R1500-0303', 'R1500-0220', 'R1500-0195', 'R1500-0224', 'R1500-0223']","[0.63151884, 0.61911869, 0.63626319, 0.60267651, 0.59868145, 0.64340413, 0.60272205, 0.60768604, 0.57365042, 0.58993065]",1,1,1,1,1,d7f7fcc2f0354f903893ab08d1ce1f8a8ca30c9d6bfec443c7eaa167a433a3c9,ef9f27141658502ed1cce3a9b2f8c98443b6bbdea16cb1e1dff03c7ce07b1cb1,2026-08-06T20:59:04.877919+00:00
Q168,price,R1500,DENSE_BM25_RRF,"['R1500-0157', 'R1500-0158', 'R1500-0160', 'R1500-0163', 'R1500-0159', 'R1500-0165', 'R1500-0162', 'R1500-0164', 'R1500-0161', 'R1500-0156']","[0.63613594, 0.62689012, 0.6097157, 0.5836845, 0.57058239, 0.56969017, 0.56486094, 0.5593254, 0.5580743, 0.55771613]",1,1,1,1,1,b5657d9b11f81754ed5eee5acb7b8ec5a41b4e8453ee76c732ec404e472b6305,ef9f27141658502ed1cce3a9b2f8c98443b6bbdea16cb1e1dff03c7ce07b1cb1,2026-08-06T20:59:04.878938+00:00
Q169,attribute,R1500,DENSE_BM25_RRF,"['R1500-0614', 'R1500-0621', 'R1500-0624', 'R1500-0029', 'R1500-0051', 'R1500-0593', 'R1500-0613', 'R1500-0619', 'R1500-0594', 'R1500-0615']","[0.62281358, 0.56301308, 0.55549836, 0.57087958, 0.58098924, 0.54017144, 0.52887905, 0.58065116, 0.54491013, 0.52622259]",10,0,0,0,1,0c560f050d3d82d81b766004f347a5e71ca4ea110260e5583597c52a5381549a,ef9f27141658502ed1cce3a9b2f8c98443b6bbdea16cb1e1dff03c7ce07b1cb1,2026-08-06T20:59:04.882029+00:00
Q170,price,R1500,DENSE_BM25_RRF,"['R1500-0100', 'R1500-0098', 'R1500-0099', 'R1500-0097', 'R1500-0096', 'R1500-0321', 'R1500-0101', 'R1500-0149', 'R1500-0009', 'R1500-0320']","[0.49512434, 0.4864971, 0.47988865, 0.47781926, 0.45163357, 0.4662438, 0.44826105, 0.44558781, 0.4547081, 0.44435829]",1,1,1,1,1,5a07536463b4d54efe28d0e6c0f32e9c94809a24cdd5251ea1543f512c0df37b,ef9f27141658502ed1cce3a9b2f8c98443b6bbdea16cb1e1dff03c7ce07b1cb1,2026-08-06T20:59:04.883374+00:00
Q171,price,R1500,DENSE_BM25_RRF,"['R1500-0176', 'R1500-0175', 'R1500-0174', 'R1500-0177', 'R1500-0172', 'R1500-0171', 'R1500-0676', 'R1500-0173', 'R1500-0677', 'R1500-0544']","[0.51286513, 0.49878341, 0.49650472, 0.49039239, 0.48209202, 0.47578734, 0.46382999, 0.45753586, 0.46893853, 0.49054816]",1,1,1,1,1,1fd2863e165e49da72af6f725925cbfce5b231b08afd325c3bc968951e0f65ec,ef9f27141658502ed1cce3a9b2f8c98443b6bbdea16cb1e1dff03c7ce07b1cb1,2026-08-06T20:59:04.884329+00:00
Q172,attribute,R1500,DENSE_BM25_RRF,"['R1500-0427', 'R1500-0429', 'R1500-0428', 'R1500-0383', 'R1500-0381', 'R1500-0382', 'R1500-0426', 'R1500-0487', 'R1500-0425', 'R1500-0434']","[0.65760469, 0.65069419, 0.63619554, 0.62675416, 0.61390448, 0.62307644, 0.63627636, 0.59329003, 0.5840559, 0.5840134]",,0,0,0,0,18e8e967ff54f9941f6b4d6e8eada3c224f728834692f8ac7888c80b6b926045,ef9f27141658502ed1cce3a9b2f8c98443b6bbdea16cb1e1dff03c7ce07b1cb1,2026-08-06T20:59:04.886269+00:00
Q173,attribute,R1500,DENSE_BM25_RRF,"['R1500-0030', 'R1500-0604', 'R1500-0622', 'R1500-0615', 'R1500-0048', 'R1500-0594', 'R1500-0618', 'R1500-0619', 'R1500-0095', 'R1500-0147']","[0.60424721, 0.55002409, 0.53642309, 0.53553379, 0.52274406, 0.55663979, 0.52979755, 0.55756664, 0.55242312, 0.50678658]",,0,0,0,0,f720b80185ea88f4589b0ec29b30eee21c5c1f5b041aed448386586ac399167e,ef9f27141658502ed1cce3a9b2f8c98443b6bbdea16cb1e1dff03c7ce07b1cb1,2026-08-06T20:59:04.888551+00:00
Q174,price,R1500,DENSE_BM25_RRF,"['R1500-0477', 'R1500-0490', 'R1500-0488', 'R1500-0724', 'R1500-0489', 'R1500-0491', 'R1500-0492', 'R1500-0714', 'R1500-0484', 'R1500-0395']","[0.66228163, 0.59699762, 0.58474624, 0.58374059, 0.56960189, 0.560974, 0.58944666, 0.57632059, 0.55952281, 0.5637387]",1,1,1,1,1,bb6c71a041434ac31f023f5b03934264177c1695dec56b4445ea81f8bd9cc8fd,ef9f27141658502ed1cce3a9b2f8c98443b6bbdea16cb1e1dff03c7ce07b1cb1,2026-08-06T20:59:04.889946+00:00
Q175,attribute,R1500,DENSE_BM25_RRF,"['R1500-0622', 'R1500-0615', 'R1500-0621', 'R1500-0617', 'R1500-0611', 'R1500-0618', 'R1500-0029', 'R1500-0625', 'R1500-0595', 'R1500-0619']","[0.55695683, 0.55828398, 0.56027073, 0.54787552, 0.55139035, 0.55675149, 0.53966939, 0.53563714, 0.52947426, 0.56039828]",3,0,1,1,1,485fcaa7cd1c30c0cea992dd715523efb1683ba26cfe1e304d2e381257e647dc,ef9f27141658502ed1cce3a9b2f8c98443b6bbdea16cb1e1dff03c7ce07b1cb1,2026-08-06T20:59:04.893961+00:00
Q176,attribute,R1500,DENSE_BM25_RRF,"['R1500-0719', 'R1500-0348', 'R1500-0720', 'R1500-0491', 'R1500-0718', 'R1500-0455', 'R1500-0347', 'R1500-0349', 'R1500-0345', 'R1500-0369']","[0.67269993, 0.6509279, 0.64279366, 0.64569193, 0.62558806, 0.62595546, 0.65527773, 0.65305024, 0.65030032, 0.6214937]",1,1,1,1,1,9bc5fb1b493a312da75f9bf55d34c8577054eaf7e53da5c535dec95e426fbb1e,ef9f27141658502ed1cce3a9b2f8c98443b6bbdea16cb1e1dff03c7ce07b1cb1,2026-08-06T20:59:04.906847+00:00
Q177,price,R1500,DENSE_BM25_RRF,"['R1500-0187', 'R1500-0213', 'R1500-0214', 'R1500-0190', 'R1500-0188', 'R1500-0186', 'R1500-0191', 'R1500-0189', 'R1500-0215', 'R1500-0216']","[0.68471777, 0.67097735, 0.66383088, 0.6554383, 0.66054982, 0.66593599, 0.6274929, 0.65499526, 0.64891034, 0.65351439]",1,1,1,1,1,38ae8f755770f5e95f7b32b98ee6ed1e765c677b95c409c89c9e263617e93491,ef9f27141658502ed1cce3a9b2f8c98443b6bbdea16cb1e1dff03c7ce07b1cb1,2026-08-06T20:59:04.908359+00:00
Q178,attribute,R1500,DENSE_BM25_RRF,"['R1500-0651', 'R1500-0143', 'R1500-0144', 'R1500-0652', 'R1500-0142', 'R1500-0147', 'R1500-0006', 'R1500-0005', 'R1500-0617', 'R1500-0094']","[0.70990419, 0.64152664, 0.66707671, 0.56970155, 0.63973916, 0.51693511, 0.52373743, 0.54649222, 0.49496251, 0.49975893]",9,0,0,0,1,540656bb0228de7f959eb5e1dc4040f4b8c6417f8a18dcef98275f0e708b1ccf,ef9f27141658502ed1cce3a9b2f8c98443b6bbdea16cb1e1dff03c7ce07b1cb1,2026-08-06T20:59:04.915469+00:00
Q179,attribute,R1500,DENSE_BM25_RRF,"['R1500-0323', 'R1500-0316', 'R1500-0307', 'R1500-0192', 'R1500-0309', 'R1500-0305', 'R1500-0218', 'R1500-0220', 'R1500-0303', 'R1500-0324']","[0.54258662, 0.5187602, 0.50351232, 0.51579535, 0.4962796, 0.50640416, 0.50084114, 0.49729121, 0.55084419, 0.46904689]",2,0,1,1,1,7a28fa828b4dc6ebce6bc589484bcc8529ee1a8d772c1c1515be867b487a98b2,ef9f27141658502ed1cce3a9b2f8c98443b6bbdea16cb1e1dff03c7ce07b1cb1,2026-08-06T20:59:04.926150+00:00
Q180,price,R1500,DENSE_BM25_RRF,"['R1500-0623', 'R1500-0617', 'R1500-0621', 'R1500-0618', 'R1500-0615', 'R1500-0611', 'R1500-0619', 'R1500-0604', 'R1500-0620', 'R1500-0616']","[0.46550477, 0.45942935, 0.4440549, 0.44878292, 0.42920625, 0.44280767, 0.43922573, 0.42610341, 0.44594616, 0.43182573]",1,1,1,1,1,00acbe99e5c9680d4477e5a714fb0614b6f6977126a994b796e0620009ed31cf,ef9f27141658502ed1cce3a9b2f8c98443b6bbdea16cb1e1dff03c7ce07b1cb1,2026-08-06T20:59:04.928110+00:00
Q181,price,R1500,DENSE_BM25_RRF,"['R1500-0043', 'R1500-0618', 'R1500-0038', 'R1500-0622', 'R1500-0616', 'R1500-0084', 'R1500-0035', 'R1500-0601', 'R1500-0621', 'R1500-0044']","[0.5312109, 0.56944501, 0.50947225, 0.50924939, 0.57387269, 0.50624979, 0.50894111, 0.50216877, 0.53597462, 0.47854382]",10,0,0,0,1,37be64013a7a3f7fd42e8bf659ae20751ae69cc47ef7409134872421a09770e3,ef9f27141658502ed1cce3a9b2f8c98443b6bbdea16cb1e1dff03c7ce07b1cb1,2026-08-06T20:59:04.929520+00:00
Q182,attribute,R1500,DENSE_BM25_RRF,"['R1500-0439', 'R1500-0438', 'R1500-0440', 'R1500-0437', 'R1500-0434', 'R1500-0658', 'R1500-0433', 'R1500-0405', 'R1500-0520', 'R1500-0406']","[0.64333963, 0.64217675, 0.61639476, 0.60153538, 0.57433456, 0.54232579, 0.565014, 0.52131122, 0.50636262, 0.48602444]",1,1,1,1,1,a3aa9aac8bf600816c7f35761c1a15bbebb4c6cd67584a37774a52a3840d91b1,ef9f27141658502ed1cce3a9b2f8c98443b6bbdea16cb1e1dff03c7ce07b1cb1,2026-08-06T20:59:04.939942+00:00
Q183,price,R1500,DENSE_BM25_RRF,"['R1500-0382', 'R1500-0383', 'R1500-0487', 'R1500-0658', 'R1500-0381', 'R1500-0662', 'R1500-0661', 'R1500-0721', 'R1500-0434', 'R1500-0660']","[0.67555499, 0.66263384, 0.6120435, 0.61570537, 0.59719312, 0.59917825, 0.60105872, 0.61112022, 0.59522527, 0.58362401]",1,1,1,1,1,66e4183d888044f3ee77a6c1dae63bd73d86a02f4aa57d5dfcca0fd9ec8fc246,ef9f27141658502ed1cce3a9b2f8c98443b6bbdea16cb1e1dff03c7ce07b1cb1,2026-08-06T20:59:04.947664+00:00
Q184,price,R1500,DENSE_BM25_RRF,"['R1500-0158', 'R1500-0157', 'R1500-0159', 'R1500-0160', 'R1500-0163', 'R1500-0165', 'R1500-0162', 'R1500-0161', 'R1500-0170', 'R1500-0186']","[0.65281951, 0.62106138, 0.58385366, 0.59588253, 0.57582283, 0.56477904, 0.56166971, 0.55414706, 0.60698062, 0.58002329]",1,1,1,1,1,05ef6497d4a47b77eda854d91601c598f4c145169d1f38abee00897b47aea875,ef9f27141658502ed1cce3a9b2f8c98443b6bbdea16cb1e1dff03c7ce07b1cb1,2026-08-06T20:59:04.954107+00:00
Q185,price,R1500,DENSE_BM25_RRF,"['R1500-0153', 'R1500-0154', 'R1500-0152', 'R1500-0062', 'R1500-0101', 'R1500-0061', 'R1500-0677', 'R1500-0102', 'R1500-0104', 'R1500-0675']","[0.66194898, 0.54054821, 0.55444419, 0.49315137, 0.44925311, 0.57860065, 0.50050819, 0.38503155, 0.39639223, 0.48619246]",1,1,1,1,1,484bd02904eebaaca6a24ac76c548933864654162222f8f5c1410326de30b223,ef9f27141658502ed1cce3a9b2f8c98443b6bbdea16cb1e1dff03c7ce07b1cb1,2026-08-06T20:59:04.959334+00:00
Q186,price,R1500,DENSE_BM25_RRF,"['R1500-0162', 'R1500-0160', 'R1500-0163', 'R1500-0159', 'R1500-0158', 'R1500-0304', 'R1500-0157', 'R1500-0161', 'R1500-0155', 'R1500-0170']","[0.60300279, 0.61475837, 0.59445918, 0.57755053, 0.62373149, 0.56909621, 0.61360288, 0.56822634, 0.56774187, 0.60206294]",1,1,1,1,1,d9e0686023eb4751de6897089db1bbc5ce4fb0c169f2abe576870fd0556ae332,ef9f27141658502ed1cce3a9b2f8c98443b6bbdea16cb1e1dff03c7ce07b1cb1,2026-08-06T20:59:04.961813+00:00
Q187,attribute,R1500,DENSE_BM25_RRF,"['R1500-0640', 'R1500-0631', 'R1500-0309', 'R1500-0637', 'R1500-0635', 'R1500-0317', 'R1500-0636', 'R1500-0768', 'R1500-0639', 'R1500-0312']","[0.61236107, 0.60269213, 0.59781849, 0.53386581, 0.52922058, 0.56405723, 0.52256846, 0.47942644, 0.50649929, 0.57473791]",1,1,1,1,1,7b67e2f0295e978b5492fb14023ee3eb7960b0bdfb53bfa3a1f0bb2dbdab8bd0,ef9f27141658502ed1cce3a9b2f8c98443b6bbdea16cb1e1dff03c7ce07b1cb1,2026-08-06T20:59:04.964949+00:00
Q188,price,R1500,DENSE_BM25_RRF,"['R1500-0720', 'R1500-0719', 'R1500-0346', 'R1500-0349', 'R1500-0344', 'R1500-0687', 'R1500-0721', 'R1500-0345', 'R1500-0347', 'R1500-0688']","[0.65769553, 0.64945549, 0.60938096, 0.59747863, 0.59457076, 0.61066884, 0.59055305, 0.59576809, 0.59439147, 0.5994584]",1,1,1,1,1,9f262b156d7549e6f9d28c84d37621d9c6ec10ad988576b6e0b63b44cf82076f,ef9f27141658502ed1cce3a9b2f8c98443b6bbdea16cb1e1dff03c7ce07b1cb1,2026-08-06T20:59:04.975360+00:00
Q189,attribute,R1500,DENSE_BM25_RRF,"['R1500-0758', 'R1500-0006', 'R1500-0759', 'R1500-0775', 'R1500-0765', 'R1500-0762', 'R1500-0651', 'R1500-0095', 'R1500-0766', 'R1500-0761']","[0.54162967, 0.52110183, 0.53124845, 0.52594525, 0.50877512, 0.504574, 0.50259447, 0.51848984, 0.52235591, 0.4900026]",,0,0,0,0,e20effc3456128d462be0c0ac7e56b1b92261be5914b673819e9409e6115ed3c,ef9f27141658502ed1cce3a9b2f8c98443b6bbdea16cb1e1dff03c7ce07b1cb1,2026-08-06T20:59:04.978966+00:00
Q190,price,R1500,DENSE_BM25_RRF,"['R1500-0659', 'R1500-0658', 'R1500-0660', 'R1500-0657', 'R1500-0709', 'R1500-0508', 'R1500-0675', 'R1500-0661', 'R1500-0662', 'R1500-0512']","[0.59718424, 0.58448589, 0.57650638, 0.56352746, 0.55300242, 0.57300979, 0.57271421, 0.56221861, 0.55272198, 0.54313409]",1,1,1,1,1,99ec604dc9b63d285e7362ab8949dfa0b1cb3def88256b6ac54dff678d360a0f,ef9f27141658502ed1cce3a9b2f8c98443b6bbdea16cb1e1dff03c7ce07b1cb1,2026-08-06T20:59:04.984996+00:00
Q191,price,R1500,DENSE_BM25_RRF,"['R1500-0667', 'R1500-0668', 'R1500-0446', 'R1500-0710', 'R1500-0688', 'R1500-0447', 'R1500-0692', 'R1500-0691', 'R1500-0670', 'R1500-0693']","[0.70080745, 0.62395585, 0.63738739, 0.61891711, 0.66139412, 0.60338581, 0.62884516, 0.62740123, 0.64287364, 0.62560588]",1,1,1,1,1,153412c3651d27b33bf87760cac0ae1afe053b93d731acd024e987b52f579365,ef9f27141658502ed1cce3a9b2f8c98443b6bbdea16cb1e1dff03c7ce07b1cb1,2026-08-06T20:59:04.990382+00:00
Q192,attribute,R1500,DENSE_BM25_RRF,"['R1500-0487', 'R1500-0486', 'R1500-0383', 'R1500-0663', 'R1500-0382', 'R1500-0657', 'R1500-0434', 'R1500-0658', 'R1500-0438', 'R1500-0426']","[0.70421165, 0.66338217, 0.61954081, 0.61613846, 0.61166954, 0.62012583, 0.61347413, 0.60595512, 0.61136997, 0.6346401]",,0,0,0,0,ccfbbe3e80a2bc50e98dfee9aaaac05ba2cd13ad69f062bbda722f71cdedf4e9,ef9f27141658502ed1cce3a9b2f8c98443b6bbdea16cb1e1dff03c7ce07b1cb1,2026-08-06T20:59:04.999908+00:00
Q193,attribute,R1500,DENSE_BM25_RRF,"['R1500-0614', 'R1500-0613', 'R1500-0612', 'R1500-0624', 'R1500-0619', 'R1500-0621', 'R1500-0029', 'R1500-0611', 'R1500-0595', 'R1500-0051']","[0.593364, 0.60229087, 0.56720138, 0.56032425, 0.582735, 0.56747258, 0.56893653, 0.5432725, 0.55381882, 0.56021905]",3,0,1,1,1,f92ae9e9028a81b594e445a6cddca57dedd30484ba53f3504f52631b96f5d198,ef9f27141658502ed1cce3a9b2f8c98443b6bbdea16cb1e1dff03c7ce07b1cb1,2026-08-06T20:59:05.010120+00:00
Q194,price,R1500,DENSE_BM25_RRF,"['R1500-0622', 'R1500-0621', 'R1500-0615', 'R1500-0617', 'R1500-0620', 'R1500-0618', 'R1500-0624', 'R1500-0593', 'R1500-0051', 'R1500-0623']","[0.4633342, 0.45937607, 0.4521156, 0.44516075, 0.49386179, 0.44699588, 0.4719553, 0.44779545, 0.43915159, 0.46760163]",1,1,1,1,1,361032195462dbb55a9f1f674cea5e3304ae46f54e59752c751f214ec5bc0730,ef9f27141658502ed1cce3a9b2f8c98443b6bbdea16cb1e1dff03c7ce07b1cb1,2026-08-06T20:59:05.015973+00:00
Q195,attribute,R1500,DENSE_BM25_RRF,"['R1500-0085', 'R1500-0031', 'R1500-0051', 'R1500-0594', 'R1500-0616', 'R1500-0030', 'R1500-0604', 'R1500-0032', 'R1500-0048', 'R1500-0013']","[0.53980231, 0.51955134, 0.49736601, 0.5215764, 0.51898026, 0.53882164, 0.50631058, 0.50121093, 0.48050368, 0.49833974]",1,1,1,1,1,a4dede8f167a5bf5832d2f1c66f466899c46e4a2712cd309e4d5af11d0c2b244,ef9f27141658502ed1cce3a9b2f8c98443b6bbdea16cb1e1dff03c7ce07b1cb1,2026-08-06T20:59:05.020413+00:00
Q196,attribute,R1500,DENSE_BM25_RRF,"['R1500-0619', 'R1500-0031', 'R1500-0624', 'R1500-0034', 'R1500-0608', 'R1500-0046', 'R1500-0013', 'R1500-0038', 'R1500-0045', 'R1500-0030']","[0.63799739, 0.62372363, 0.58503783, 0.61777616, 0.58622825, 0.62073028, 0.58780813, 0.6038326, 0.62733448, 0.57310081]",1,1,1,1,1,12cd0f4e89658a83f2c33333c7c18647c9a79aad04d2122f5536c06d9fc25435,ef9f27141658502ed1cce3a9b2f8c98443b6bbdea16cb1e1dff03c7ce07b1cb1,2026-08-06T20:59:05.031112+00:00
Q197,price,R1500,DENSE_BM25_RRF,"['R1500-0424', 'R1500-0426', 'R1500-0486', 'R1500-0425', 'R1500-0658', 'R1500-0427', 'R1500-0487', 'R1500-0428', 'R1500-0429', 'R1500-0383']","[0.54131609, 0.52151746, 0.51046538, 0.49589211, 0.49154839, 0.50066948, 0.49613574, 0.51027226, 0.51063263, 0.47175857]",2,0,1,1,1,d7b836d5783c7ad5561e8b4e9ecab4c20e50eeadd8cca5d00dfd37d78be18e1a,ef9f27141658502ed1cce3a9b2f8c98443b6bbdea16cb1e1dff03c7ce07b1cb1,2026-08-06T20:59:05.034071+00:00
Q198,attribute,R1500,DENSE_BM25_RRF,"['R1500-0082', 'R1500-0081', 'R1500-0019', 'R1500-0550', 'R1500-0020', 'R1500-0083', 'R1500-0121', 'R1500-0022', 'R1500-0555', 'R1500-0087']","[0.55618942, 0.544209, 0.53769195, 0.50719547, 0.5385946, 0.47179538, 0.4804222, 0.48282313, 0.48361948, 0.48490375]",1,1,1,1,1,6b3e39b9f1f68bed68a37f11abf5ebf249cc4b407c019ba3898d7b9af6962884,ef9f27141658502ed1cce3a9b2f8c98443b6bbdea16cb1e1dff03c7ce07b1cb1,2026-08-06T20:59:05.037743+00:00
Q199,attribute,R1500,DENSE_BM25_RRF,"['R1500-0493', 'R1500-0494', 'R1500-0500', 'R1500-0499', 'R1500-0495', 'R1500-0416', 'R1500-0498', 'R1500-0475', 'R1500-0789', 'R1500-0770']","[0.61843568, 0.58011341, 0.56556398, 0.5543716, 0.53576374, 0.54134303, 0.57087815, 0.55890191, 0.54772139, 0.5371964]",1,1,1,1,1,d25bf94ad957903283aa048c32e3a69fe540905b32397ede56a24313fafe2e77,ef9f27141658502ed1cce3a9b2f8c98443b6bbdea16cb1e1dff03c7ce07b1cb1,2026-08-06T20:59:05.042149+00:00
Q200,attribute,R1500,DENSE_BM25_RRF,"['R1500-0266', 'R1500-0519', 'R1500-0433', 'R1500-0270', 'R1500-0437', 'R1500-0267', 'R1500-0269', 'R1500-0268', 'R1500-0091', 'R1500-0759']","[0.51301754, 0.50077069, 0.49829715, 0.51149189, 0.49564835, 0.50709766, 0.50526512, 0.50217152, 0.49419898, 0.52012444]",,0,0,0,0,9dd53381e2e1fc9a00eb5e84fe72da5f73f6a61e6a7ebb7c884fdd981394a7fb,ef9f27141658502ed1cce3a9b2f8c98443b6bbdea16cb1e1dff03c7ce07b1cb1,2026-08-06T20:59:05.046609+00:00
Q201,attribute,R1500,DENSE_BM25_RRF,"['R1500-0156', 'R1500-0161', 'R1500-0162', 'R1500-0159', 'R1500-0164', 'R1500-0305', 'R1500-0155', 'R1500-0158', 'R1500-0165', 'R1500-0160']","[0.65640855, 0.62249541, 0.61249453, 0.60927552, 0.61949456, 0.57901347, 0.58990908, 0.63117605, 0.59258538, 0.61975116]",7,0,0,0,1,50ab218a07aa3375ce6f3a6ae16cccc925fb441194edda7e4d93ac81c4b446c1,ef9f27141658502ed1cce3a9b2f8c98443b6bbdea16cb1e1dff03c7ce07b1cb1,2026-08-06T20:59:05.049902+00:00
Q202,price,R1500,DENSE_BM25_RRF,"['R1500-0667', 'R1500-0664', 'R1500-0671', 'R1500-0672', 'R1500-0679', 'R1500-0702', 'R1500-0448', 'R1500-0706', 'R1500-0705', 'R1500-0666']","[0.65184951, 0.64700246, 0.64465743, 0.6370213, 0.67621976, 0.64416945, 0.62246358, 0.62489837, 0.62767678, 0.59628022]",1,1,1,1,1,be9602af7227908068974d7fcfe13275b0e5ec649f44c39aa96797da7739c363,ef9f27141658502ed1cce3a9b2f8c98443b6bbdea16cb1e1dff03c7ce07b1cb1,2026-08-06T20:59:05.052888+00:00
Q203,price,R1500,DENSE_BM25_RRF,"['R1500-0164', 'R1500-0161', 'R1500-0165', 'R1500-0162', 'R1500-0156', 'R1500-0159', 'R1500-0163', 'R1500-0160', 'R1500-0157', 'R1500-0158']","[0.62511623, 0.6224578, 0.59141791, 0.60090542, 0.56524265, 0.61554694, 0.56281316, 0.58901674, 0.56420302, 0.61390668]",3,0,1,1,1,c28d0482b945d5405048a8dc7d050df1a759b481dca8b720ecd59a97a88a457b,ef9f27141658502ed1cce3a9b2f8c98443b6bbdea16cb1e1dff03c7ce07b1cb1,2026-08-06T20:59:05.056633+00:00
Q204,attribute,R1500,DENSE_BM25_RRF,"['R1500-0714', 'R1500-0386', 'R1500-0392', 'R1500-0390', 'R1500-0385', 'R1500-0389', 'R1500-0387', 'R1500-0384', 'R1500-0388', 'R1500-0391']","[0.67449784, 0.65968192, 0.64892477, 0.65245605, 0.68523932, 0.65629631, 0.66872323, 0.6603114, 0.64410114, 0.65442675]",1,1,1,1,1,b68200a59ce021c14b382a48279823d131664ab1e3941ed8e80ac9cb0f1f8431,ef9f27141658502ed1cce3a9b2f8c98443b6bbdea16cb1e1dff03c7ce07b1cb1,2026-08-06T20:59:05.061098+00:00
Q205,attribute,R1500,DENSE_BM25_RRF,"['R1500-0714', 'R1500-0727', 'R1500-0455', 'R1500-0476', 'R1500-0724', 'R1500-0488', 'R1500-0359', 'R1500-0461', 'R1500-0479', 'R1500-0489']","[0.63755196, 0.62529594, 0.63755363, 0.62683749, 0.61160952, 0.62248182, 0.62026137, 0.61658823, 0.60780084, 0.61039972]",,0,0,0,0,d432d406d385d2fe86c4181b87c235fbacbc83e91b679770d0f3afbfda61283a,ef9f27141658502ed1cce3a9b2f8c98443b6bbdea16cb1e1dff03c7ce07b1cb1,2026-08-06T20:59:05.065343+00:00
Q206,attribute,R1500,DENSE_BM25_RRF,"['R1500-0383', 'R1500-0382', 'R1500-0381', 'R1500-0429', 'R1500-0487', 'R1500-0434', 'R1500-0427', 'R1500-0662', 'R1500-0428', 'R1500-0437']","[0.74545312, 0.74529874, 0.6492157, 0.66444987, 0.63550794, 0.67255378, 0.66756618, 0.62604463, 0.64551044, 0.64309609]",1,1,1,1,1,15fff97d06cb4d5a4cc72f368b86edfac969ed33b425746d04309371844ab48d,ef9f27141658502ed1cce3a9b2f8c98443b6bbdea16cb1e1dff03c7ce07b1cb1,2026-08-06T20:59:05.068249+00:00
Q207,price,R1500,DENSE_BM25_RRF,"['R1500-0552', 'R1500-0550', 'R1500-0553', 'R1500-0547', 'R1500-0021', 'R1500-0549', 'R1500-0019', 'R1500-0556', 'R1500-0141', 'R1500-0140']","[0.55518889, 0.53871548, 0.53865129, 0.51448762, 0.57895947, 0.5121249, 0.535671, 0.53382742, 0.52358651, 0.5135299]",1,1,1,1,1,b5ed553180767810d3ad0325dc7aff5af11dcda04f5e7fe220e01f000fa3d1fb,ef9f27141658502ed1cce3a9b2f8c98443b6bbdea16cb1e1dff03c7ce07b1cb1,2026-08-06T20:59:05.071444+00:00
Q208,attribute,R1500,DENSE_BM25_RRF,"['R1500-0146', 'R1500-0145', 'R1500-0652', 'R1500-0147', 'R1500-0640', 'R1500-0637', 'R1500-0327', 'R1500-0636', 'R1500-0644', 'R1500-0631']","[0.69084281, 0.64998609, 0.6509428, 0.56393605, 0.55694866, 0.53175992, 0.53740013, 0.5275479, 0.53715193, 0.53428698]",,0,0,0,0,24582c24a9d70709cfd7a3c64b28d92102d91d059cecd27c6a9625f9a1292bf2,ef9f27141658502ed1cce3a9b2f8c98443b6bbdea16cb1e1dff03c7ce07b1cb1,2026-08-06T20:59:05.076813+00:00
Q209,attribute,R1500,DENSE_BM25_RRF,"['R1500-0439', 'R1500-0438', 'R1500-0440', 'R1500-0437', 'R1500-0434', 'R1500-0487', 'R1500-0525', 'R1500-0486', 'R1500-0663', 'R1500-0658']","[0.64907074, 0.61843467, 0.62148881, 0.5660497, 0.56474012, 0.53479779, 0.5090459, 0.51557583, 0.52908409, 0.51306552]",1,1,1,1,1,1ea981605dbe131ddb475bb1d35d18d06eb792a36f20052e265d34897d16724b,ef9f27141658502ed1cce3a9b2f8c98443b6bbdea16cb1e1dff03c7ce07b1cb1,2026-08-06T20:59:05.083061+00:00
Q210,attribute,R1500,DENSE_BM25_RRF,"['R1500-0085', 'R1500-0046', 'R1500-0616', 'R1500-0619', 'R1500-0045', 'R1500-0621', 'R1500-0040', 'R1500-0620', 'R1500-0084', 'R1500-0031']","[0.63054138, 0.63331187, 0.63526279, 0.64025748, 0.63097632, 0.60281658, 0.62940252, 0.60401613, 0.60273015, 0.62171459]",2,0,1,1,1,7ad7de06b8f0741f8f1a3bf5cb527091b49e3d5698a077d3c4bef311075e409c,ef9f27141658502ed1cce3a9b2f8c98443b6bbdea16cb1e1dff03c7ce07b1cb1,2026-08-06T20:59:05.087412+00:00
Q211,attribute,R1500,DENSE_BM25_RRF,"['R1500-0608', 'R1500-0035', 'R1500-0623', 'R1500-0033', 'R1500-0617', 'R1500-0034', 'R1500-0620', 'R1500-0616', 'R1500-0595', 'R1500-0619']","[0.53995323, 0.50027984, 0.4975169, 0.48931134, 0.48491704, 0.49843997, 0.48535204, 0.48841327, 0.51288706, 0.48403582]",2,0,1,1,1,08e62148b1f1234c9c950a3917178da4f5fab591ffc9dff554f600a0d17822ce,ef9f27141658502ed1cce3a9b2f8c98443b6bbdea16cb1e1dff03c7ce07b1cb1,2026-08-06T20:59:05.090772+00:00
Q212,attribute,R1500,DENSE_BM25_RRF,"['R1500-0060', 'R1500-0152', 'R1500-0062', 'R1500-0059', 'R1500-0651', 'R1500-0061', 'R1500-0538', 'R1500-0153', 'R1500-0647', 'R1500-0617']","[0.48975819, 0.48699513, 0.48180604, 0.51287329, 0.47404134, 0.47741592, 0.44451347, 0.44898948, 0.44187194, 0.44916248]",1,1,1,1,1,389162e823cc23d864b07d6d657b0a6a13e48c14e4dc97360bf2f4447e2b6a62,ef9f27141658502ed1cce3a9b2f8c98443b6bbdea16cb1e1dff03c7ce07b1cb1,2026-08-06T20:59:05.093272+00:00
Q213,attribute,R1500,DENSE_BM25_RRF,"['R1500-0488', 'R1500-0491', 'R1500-0492', 'R1500-0490', 'R1500-0489', 'R1500-0412', 'R1500-0464', 'R1500-0468', 'R1500-0465', 'R1500-0466']","[0.73362392, 0.68366241, 0.70957619, 0.70595306, 0.68071449, 0.63924569, 0.63117075, 0.63129544, 0.62612426, 0.62754941]",1,1,1,1,1,15fa11fd69abb1cb341c7d4c7a4bfd626614c66ee6aa905d7d3e186e1a782a30,ef9f27141658502ed1cce3a9b2f8c98443b6bbdea16cb1e1dff03c7ce07b1cb1,2026-08-06T20:59:05.095921+00:00
Q214,attribute,R1500,DENSE_BM25_RRF,"['R1500-0612', 'R1500-0613', 'R1500-0029', 'R1500-0595', 'R1500-0621', 'R1500-0614', 'R1500-0615', 'R1500-0030', 'R1500-0620', 'R1500-0624']","[0.63713181, 0.61823761, 0.54136699, 0.55618292, 0.55161691, 0.53630346, 0.53408349, 0.52845943, 0.54650867, 0.53841907]",1,1,1,1,1,a90b0a8e2ca186eb28ec5b43d52b946cd541d486067a2b81eb7265873475aa94,ef9f27141658502ed1cce3a9b2f8c98443b6bbdea16cb1e1dff03c7ce07b1cb1,2026-08-06T20:59:05.099959+00:00
Q215,attribute,R1500,DENSE_BM25_RRF,"['R1500-0104', 'R1500-0103', 'R1500-0102', 'R1500-0420', 'R1500-0761', 'R1500-0091', 'R1500-0496', 'R1500-0758', 'R1500-0101', 'R1500-0504']","[0.62090099, 0.59675688, 0.54990578, 0.51226419, 0.50930226, 0.49526492, 0.50746489, 0.51659256, 0.48878136, 0.50773156]",1,1,1,1,1,ab7b7855d54983f4522bd5a1dd95f6eaaccb5202aa58f3bb9237869930956b74,ef9f27141658502ed1cce3a9b2f8c98443b6bbdea16cb1e1dff03c7ce07b1cb1,2026-08-06T20:59:05.104858+00:00
Q216,attribute,R1500,DENSE_BM25_RRF,"['R1500-0619', 'R1500-0621', 'R1500-0624', 'R1500-0618', 'R1500-0031', 'R1500-0591', 'R1500-0028', 'R1500-0617', 'R1500-0616', 'R1500-0038']","[0.61116987, 0.57603091, 0.57878989, 0.5570932, 0.61012161, 0.54750657, 0.56279653, 0.54286164, 0.5874095, 0.59355295]",8,0,0,0,1,21b656ddc5873369d6ac3c30fbdda9307f698a0dda063bb872bc3b634fd0e9f6,ef9f27141658502ed1cce3a9b2f8c98443b6bbdea16cb1e1dff03c7ce07b1cb1,2026-08-06T20:59:05.111256+00:00
Q217,attribute,R1500,DENSE_BM25_RRF,"['R1500-0594', 'R1500-0029', 'R1500-0031', 'R1500-0616', 'R1500-0085', 'R1500-0041', 'R1500-0620', 'R1500-0037', 'R1500-0049', 'R1500-0595']","[0.60850453, 0.59392798, 0.59194922, 0.58903635, 0.56467795, 0.5783934, 0.58277076, 0.56544936, 0.54679394, 0.57461226]",,0,0,0,0,5505062d463e2de630503bcca13a60cf6d50fb1497625fa168e0cccd971d7d3a,ef9f27141658502ed1cce3a9b2f8c98443b6bbdea16cb1e1dff03c7ce07b1cb1,2026-08-06T20:59:05.114484+00:00
Q218,price,R1500,DENSE_BM25_RRF,"['R1500-0681', 'R1500-0674', 'R1500-0405', 'R1500-0403', 'R1500-0404', 'R1500-0657', 'R1500-0708', 'R1500-0710', 'R1500-0699', 'R1500-0721']","[0.54452467, 0.54805708, 0.50752121, 0.50939846, 0.47832295, 0.50351691, 0.47779053, 0.48388347, 0.47790524, 0.52183461]",3,0,1,1,1,530df9bc1aa2d6d4936ad161d162ee62abafd9607bcbb19afb7a90c2080c9686,ef9f27141658502ed1cce3a9b2f8c98443b6bbdea16cb1e1dff03c7ce07b1cb1,2026-08-06T20:59:05.116701+00:00
Q219,price,R1500,DENSE_BM25_RRF,"['R1500-0161', 'R1500-0162', 'R1500-0160', 'R1500-0159', 'R1500-0164', 'R1500-0156', 'R1500-0165', 'R1500-0305', 'R1500-0157', 'R1500-0158']","[0.67566299, 0.63943064, 0.67575186, 0.64436042, 0.61901158, 0.59742045, 0.60857081, 0.58362615, 0.57479852, 0.62600273]",2,0,1,1,1,15a198265f28c047fecdef71f8372569ea1b7f26f710a416e10fa0b5cdf114a5,ef9f27141658502ed1cce3a9b2f8c98443b6bbdea16cb1e1dff03c7ce07b1cb1,2026-08-06T20:59:05.118584+00:00
Q220,price,R1500,DENSE_BM25_RRF,"['R1500-0369', 'R1500-0370', 'R1500-0373', 'R1500-0371', 'R1500-0376', 'R1500-0377', 'R1500-0368', 'R1500-0374', 'R1500-0375', 'R1500-0380']","[0.70403874, 0.69180477, 0.66407096, 0.64127046, 0.63140506, 0.63188839, 0.64826906, 0.62980491, 0.63023758, 0.63201153]",1,1,1,1,1,220b9e1e4b8e15e1c5cd5867b4f233bdf4f022c2ec5797135c3e6e0a0b033975,ef9f27141658502ed1cce3a9b2f8c98443b6bbdea16cb1e1dff03c7ce07b1cb1,2026-08-06T20:59:05.120878+00:00
Q221,price,R1500,DENSE_BM25_RRF,"['R1500-0289', 'R1500-0288', 'R1500-0290', 'R1500-0284', 'R1500-0285', 'R1500-0287', 'R1500-0286', 'R1500-0292', 'R1500-0293', 'R1500-0291']","[0.66752809, 0.61249077, 0.57150054, 0.58162785, 0.57250786, 0.55928898, 0.52564621, 0.54689646, 0.51300037, 0.52124703]",1,1,1,1,1,54ee2ca749781fd048ac993a487e6e1600fc258eedb0afc2bec15a0155db8d73,ef9f27141658502ed1cce3a9b2f8c98443b6bbdea16cb1e1dff03c7ce07b1cb1,2026-08-06T20:59:05.124079+00:00
Q222,attribute,R1500,DENSE_BM25_RRF,"['R1500-0723', 'R1500-0722', 'R1500-0478', 'R1500-0343', 'R1500-0344', 'R1500-0345', 'R1500-0346', 'R1500-0724', 'R1500-0348', 'R1500-0349']","[0.65866077, 0.64548314, 0.64974958, 0.6307779, 0.63128304, 0.63275027, 0.62988305, 0.62739849, 0.62878776, 0.62977386]",2,0,1,1,1,11c63dc600ae6a4726004bea9fc05fcf2fe829ddca3b41921fc5edb476f672b8,ef9f27141658502ed1cce3a9b2f8c98443b6bbdea16cb1e1dff03c7ce07b1cb1,2026-08-06T20:59:05.127378+00:00
Q223,price,R1500,DENSE_BM25_RRF,"['R1500-0676', 'R1500-0644', 'R1500-0677', 'R1500-0544', 'R1500-0546', 'R1500-0545', 'R1500-0674', 'R1500-0236', 'R1500-0210', 'R1500-0708']","[0.47010946, 0.43964726, 0.41866252, 0.43571252, 0.42740208, 0.4191317, 0.41498464, 0.41698274, 0.41379231, 0.40085989]",1,1,1,1,1,6195f45e4149882e9c793b2bc91e36bf5f0ce6859a9b4f3da6d1ec133b87476f,ef9f27141658502ed1cce3a9b2f8c98443b6bbdea16cb1e1dff03c7ce07b1cb1,2026-08-06T20:59:05.129146+00:00
Q224,attribute,R1500,DENSE_BM25_RRF,"['R1500-0725', 'R1500-0724', 'R1500-0492', 'R1500-0479', 'R1500-0491', 'R1500-0346', 'R1500-0344', 'R1500-0349', 'R1500-0770', 'R1500-0488']","[0.60468495, 0.59491944, 0.5865342, 0.50416517, 0.50866044, 0.50624824, 0.50087047, 0.50204647, 0.39354956, 0.56232738]",2,0,1,1,1,befa012ccacd7fab43b55d1121fcb96aed38aad7099aa7a0834d40dee3e4b550,ef9f27141658502ed1cce3a9b2f8c98443b6bbdea16cb1e1dff03c7ce07b1cb1,2026-08-06T20:59:05.132069+00:00
Q225,attribute,R1500,DENSE_BM25_RRF,"['R1500-0538', 'R1500-0636', 'R1500-0638', 'R1500-0644', 'R1500-0640', 'R1500-0769', 'R1500-0494', 'R1500-0765', 'R1500-0750', 'R1500-0632']","[0.50352645, 0.46388888, 0.45200568, 0.49885148, 0.49065042, 0.38508022, 0.48973095, 0.4317058, 0.48965058, 0.42068195]",1,1,1,1,1,b2b50826a13063e4169c90e5b83940226d655999a1e3e20b0c9605c2f4b32966,ef9f27141658502ed1cce3a9b2f8c98443b6bbdea16cb1e1dff03c7ce07b1cb1,2026-08-06T20:59:05.136182+00:00
Q226,price,R1500,DENSE_BM25_RRF,"['R1500-0377', 'R1500-0380', 'R1500-0378', 'R1500-0379', 'R1500-0368', 'R1500-0376', 'R1500-0371', 'R1500-0373', 'R1500-0370', 'R1500-0369']","[0.64699423, 0.65325665, 0.6448732, 0.62556946, 0.59656423, 0.5627721, 0.55650568, 0.56121558, 0.55203992, 0.54183841]",1,1,1,1,1,1d410d42d7f306ddef1dda63128b4ed410ad02a1056b84aa4178074c6e831607,ef9f27141658502ed1cce3a9b2f8c98443b6bbdea16cb1e1dff03c7ce07b1cb1,2026-08-06T20:59:05.138440+00:00
Q227,attribute,R1500,DENSE_BM25_RRF,"['R1500-0393', 'R1500-0392', 'R1500-0389', 'R1500-0391', 'R1500-0390', 'R1500-0385', 'R1500-0388', 'R1500-0387', 'R1500-0384', 'R1500-0716']","[0.71342486, 0.70036077, 0.6881665, 0.70218772, 0.68468189, 0.70155686, 0.66265857, 0.69793588, 0.6707657, 0.67874157]",1,1,1,1,1,b320ec926bbe8e754974d57dfb820db6411c3ba0c70d2225acbf8a9389270259,ef9f27141658502ed1cce3a9b2f8c98443b6bbdea16cb1e1dff03c7ce07b1cb1,2026-08-06T20:59:05.148273+00:00
Q228,attribute,R1500,DENSE_BM25_RRF,"['R1500-0088', 'R1500-0644', 'R1500-0642', 'R1500-0090', 'R1500-0089', 'R1500-0091', 'R1500-0538', 'R1500-0497', 'R1500-0064', 'R1500-0732']","[0.57069564, 0.55603158, 0.56200439, 0.57646906, 0.54096234, 0.52309537, 0.52262431, 0.50570679, 0.51012719, 0.51448548]",1,1,1,1,1,835c2730b131ab9b9a8c5be654ebf5d18f5f90f944a60708bf11ec9d729076d5,ef9f27141658502ed1cce3a9b2f8c98443b6bbdea16cb1e1dff03c7ce07b1cb1,2026-08-06T20:59:05.151559+00:00
Q229,attribute,R1500,DENSE_BM25_RRF,"['R1500-0551', 'R1500-0141', 'R1500-0140', 'R1500-0053', 'R1500-0139', 'R1500-0086', 'R1500-0133', 'R1500-0087', 'R1500-0055', 'R1500-0054']","[0.60840547, 0.60793483, 0.59681141, 0.59132648, 0.56810665, 0.57356346, 0.57576966, 0.56429905, 0.57817835, 0.6373266]",,0,0,0,0,4060509329a5a762a92ef76590163b48a91a99281576432ddaf3418db20d23fd,ef9f27141658502ed1cce3a9b2f8c98443b6bbdea16cb1e1dff03c7ce07b1cb1,2026-08-06T20:59:05.154912+00:00
Q230,attribute,R1500,DENSE_BM25_RRF,"['R1500-0391', 'R1500-0390', 'R1500-0387', 'R1500-0392', 'R1500-0393', 'R1500-0385', 'R1500-0388', 'R1500-0716', 'R1500-0389', 'R1500-0384']","[0.6980139, 0.6814326, 0.69222909, 0.68006945, 0.69058412, 0.69604194, 0.65409636, 0.65153986, 0.67812937, 0.65832376]",1,1,1,1,1,c6032ece2b5437dcf9ab19ab7cf2f5410e8ba5197b914aad2f37e659515af830,ef9f27141658502ed1cce3a9b2f8c98443b6bbdea16cb1e1dff03c7ce07b1cb1,2026-08-06T20:59:05.161114+00:00
Q231,price,R1500,DENSE_BM25_RRF,"['R1500-0612', 'R1500-0613', 'R1500-0614', 'R1500-0621', 'R1500-0615', 'R1500-0051', 'R1500-0624', 'R1500-0593', 'R1500-0625', 'R1500-0029']","[0.66400307, 0.62199557, 0.586851, 0.53951144, 0.53118616, 0.53368235, 0.55075055, 0.50157022, 0.49793845, 0.50913608]",1,1,1,1,1,ef6b3d301d90687b741991e0d8f3de1d57d12cf7049203fa6efb23654ba3f776,ef9f27141658502ed1cce3a9b2f8c98443b6bbdea16cb1e1dff03c7ce07b1cb1,2026-08-06T20:59:05.163617+00:00
Q232,attribute,R1500,DENSE_BM25_RRF,"['R1500-0621', 'R1500-0622', 'R1500-0620', 'R1500-0033', 'R1500-0029', 'R1500-0594', 'R1500-0619', 'R1500-0624', 'R1500-0625', 'R1500-0617']","[0.63413519, 0.56730962, 0.58869892, 0.57411397, 0.5507673, 0.55192435, 0.57150114, 0.56575084, 0.54667032, 0.53021348]",4,0,0,1,1,3e4ae7cdd538a47183303b7e8262eafb7968af064bad4fdc162bd84d426fd3ca,ef9f27141658502ed1cce3a9b2f8c98443b6bbdea16cb1e1dff03c7ce07b1cb1,2026-08-06T20:59:05.169014+00:00
Q233,attribute,R1500,DENSE_BM25_RRF,"['R1500-0664', 'R1500-0455', 'R1500-0719', 'R1500-0665', 'R1500-0343', 'R1500-0361', 'R1500-0357', 'R1500-0360', 'R1500-0359', 'R1500-0358']","[0.63047695, 0.63016868, 0.6310522, 0.62177187, 0.63367701, 0.63372457, 0.62877321, 0.63087481, 0.63061494, 0.62884539]",1,1,1,1,1,783221339a7f8eee64df5acd42c066ae78261a3a6a70cb8dffc1fc051339d134,ef9f27141658502ed1cce3a9b2f8c98443b6bbdea16cb1e1dff03c7ce07b1cb1,2026-08-06T20:59:05.173105+00:00
Q234,price,R1500,DENSE_BM25_RRF,"['R1500-0508', 'R1500-0507', 'R1500-0681', 'R1500-0411', 'R1500-0674', 'R1500-0680', 'R1500-0506', 'R1500-0505', 'R1500-0403', 'R1500-0684']","[0.66670054, 0.56586707, 0.59652257, 0.53673744, 0.58323854, 0.53106272, 0.5029667, 0.50112063, 0.53291225, 0.53527218]",1,1,1,1,1,32cc73887048e0b83ad1738c5a02a34a9603d0b7f58bb1e281779db6c6c95364,ef9f27141658502ed1cce3a9b2f8c98443b6bbdea16cb1e1dff03c7ce07b1cb1,2026-08-06T20:59:05.174829+00:00
Q235,attribute,R1500,DENSE_BM25_RRF,"['R1500-0550', 'R1500-0551', 'R1500-0056', 'R1500-0140', 'R1500-0087', 'R1500-0139', 'R1500-0556', 'R1500-0055', 'R1500-0086', 'R1500-0555']","[0.63431752, 0.5978452, 0.60218096, 0.58354789, 0.55501777, 0.56364256, 0.58488524, 0.56956494, 0.5587101, 0.55091578]",1,1,1,1,1,73e9af368820ef454c452186c1eb3c9fefa29296665dd28bd6f36f4c2dbf701c,ef9f27141658502ed1cce3a9b2f8c98443b6bbdea16cb1e1dff03c7ce07b1cb1,2026-08-06T20:59:05.176974+00:00
Q236,price,R1500,DENSE_BM25_RRF,"['R1500-0156', 'R1500-0162', 'R1500-0161', 'R1500-0164', 'R1500-0165', 'R1500-0155', 'R1500-0159', 'R1500-0157', 'R1500-0305', 'R1500-0160']","[0.6437819, 0.62555051, 0.61315429, 0.60573262, 0.59632558, 0.61064541, 0.60523152, 0.61749023, 0.60528934, 0.62940884]",1,1,1,1,1,6de5e3809ba19d8f37e028b94c76b2d973caa0f0d0f1723f0e656e237e1a4a9c,ef9f27141658502ed1cce3a9b2f8c98443b6bbdea16cb1e1dff03c7ce07b1cb1,2026-08-06T20:59:05.184367+00:00
Q237,attribute,R1500,DENSE_BM25_RRF,"['R1500-0455', 'R1500-0719', 'R1500-0701', 'R1500-0456', 'R1500-0704', 'R1500-0457', 'R1500-0722', 'R1500-0724', 'R1500-0387', 'R1500-0385']","[0.63543612, 0.61963737, 0.61444473, 0.6588493, 0.62616169, 0.61085087, 0.63558429, 0.60523343, 0.62152028, 0.62430447]",,0,0,0,0,dfae0030807738bb563baf2bb15caffbab84f036aedcbe14c92d1efdf9e0951c,ef9f27141658502ed1cce3a9b2f8c98443b6bbdea16cb1e1dff03c7ce07b1cb1,2026-08-06T20:59:05.187960+00:00
Q238,attribute,R1500,DENSE_BM25_RRF,"['R1500-0005', 'R1500-0006', 'R1500-0761', 'R1500-0758', 'R1500-0762', 'R1500-0095', 'R1500-0433', 'R1500-0540', 'R1500-0435', 'R1500-0143']","[0.58176041, 0.52787113, 0.51117617, 0.52285749, 0.5045315, 0.5235852, 0.54072565, 0.4123199, 0.52783346, 0.39873996]",1,1,1,1,1,7655a3dd139237ea65e91f5fc818e370480b3b355a844a9024f0afe32747108f,ef9f27141658502ed1cce3a9b2f8c98443b6bbdea16cb1e1dff03c7ce07b1cb1,2026-08-06T20:59:05.195608+00:00
Q239,attribute,R1500,DENSE_BM25_RRF,"['R1500-0559', 'R1500-0562', 'R1500-0558', 'R1500-0684', 'R1500-0066', 'R1500-0065', 'R1500-0579', 'R1500-0070', 'R1500-0067', 'R1500-0068']","[0.46107149, 0.49362898, 0.43849659, 0.42746657, 0.47063971, 0.46001261, 0.4123134, 0.44578934, 0.44282213, 0.44129756]",,0,0,0,0,7c9e5713d6240edca97215fa14eb820cf542931a37dd028fecb4c7aef0ab8b13,ef9f27141658502ed1cce3a9b2f8c98443b6bbdea16cb1e1dff03c7ce07b1cb1,2026-08-06T20:59:05.199168+00:00
Q240,price,R1500,DENSE_BM25_RRF,"['R1500-0099', 'R1500-0098', 'R1500-0100', 'R1500-0097', 'R1500-0101', 'R1500-0321', 'R1500-0496', 'R1500-0077', 'R1500-0646', 'R1500-0096']","[0.65708387, 0.5162673, 0.50212526, 0.47672361, 0.45862496, 0.46891752, 0.44882017, 0.45543474, 0.47226512, 0.4342677]",3,0,1,1,1,45bc33147b0ec5f67ef7325568f441bba1fdd3060a452b4b72188102a66a9387,ef9f27141658502ed1cce3a9b2f8c98443b6bbdea16cb1e1dff03c7ce07b1cb1,2026-08-06T20:59:05.205747+00:00
Q241,attribute,R1500,DENSE_BM25_RRF,"['R1500-0047', 'R1500-0760', 'R1500-0076', 'R1500-0789', 'R1500-0770', 'R1500-0788', 'R1500-0562', 'R1500-0077', 'R1500-0589', 'R1500-0560']","[0.62222677, 0.61474806, 0.5678485, 0.56991017, 0.58723629, 0.57964373, 0.57792664, 0.55246377, 0.56398332, 0.55719322]",1,1,1,1,1,c0483b5bf948bfddb77d9f329862d3164eac412eb9c0d2fade3e44f315066be0,ef9f27141658502ed1cce3a9b2f8c98443b6bbdea16cb1e1dff03c7ce07b1cb1,2026-08-06T20:59:05.209846+00:00
Q242,price,R1500,DENSE_BM25_RRF,"['R1500-0665', 'R1500-0701', 'R1500-0688', 'R1500-0394', 'R1500-0704', 'R1500-0395', 'R1500-0449', 'R1500-0452', 'R1500-0397', 'R1500-0396']","[0.67308259, 0.61116308, 0.61174315, 0.59007466, 0.60389674, 0.58895588, 0.59458208, 0.63274956, 0.58130413, 0.57059592]",1,1,1,1,1,27d7a0db131d979925f31c76b343684155434241b53a98d77993bd64911e8169,ef9f27141658502ed1cce3a9b2f8c98443b6bbdea16cb1e1dff03c7ce07b1cb1,2026-08-06T20:59:05.212013+00:00
Q243,attribute,R1500,DENSE_BM25_RRF,"['R1500-0159', 'R1500-0158', 'R1500-0164', 'R1500-0156', 'R1500-0161', 'R1500-0162', 'R1500-0165', 'R1500-0236', 'R1500-0160', 'R1500-0305']","[0.61932689, 0.62141013, 0.56640053, 0.55424035, 0.59701484, 0.53892934, 0.53611851, 0.50043607, 0.56984204, 0.522856]",,0,0,0,0,06efcda30d556a9c918af2125bfe517801eab6c543335f5afc26000f90d9d11b,ef9f27141658502ed1cce3a9b2f8c98443b6bbdea16cb1e1dff03c7ce07b1cb1,2026-08-06T20:59:05.217362+00:00
Q244,price,R1500,DENSE_BM25_RRF,"['R1500-0550', 'R1500-0547', 'R1500-0548', 'R1500-0552', 'R1500-0553', 'R1500-0549', 'R1500-0556', 'R1500-0554', 'R1500-0557', 'R1500-0133']","[0.53834844, 0.53707755, 0.51218587, 0.51272362, 0.50642192, 0.49193466, 0.49115866, 0.50864905, 0.4826383, 0.49024126]",1,1,1,1,1,292e21f05c44497033cb671fda44b1bb4157a7929e102b0e7ccaa064d0ba5e48,ef9f27141658502ed1cce3a9b2f8c98443b6bbdea16cb1e1dff03c7ce07b1cb1,2026-08-06T20:59:05.218473+00:00
Q245,attribute,R1500,DENSE_BM25_RRF,"['R1500-0551', 'R1500-0550', 'R1500-0056', 'R1500-0139', 'R1500-0087', 'R1500-0140', 'R1500-0556', 'R1500-0057', 'R1500-0141', 'R1500-0055']","[0.62566012, 0.60273993, 0.6154964, 0.57483882, 0.5842973, 0.56405526, 0.57085824, 0.55138624, 0.58763027, 0.5728569]",1,1,1,1,1,a10f3b475e74f635b5bf544e5466b072b64a10254227eb0fdc5d808333b584ae,ef9f27141658502ed1cce3a9b2f8c98443b6bbdea16cb1e1dff03c7ce07b1cb1,2026-08-06T20:59:05.225802+00:00
Q246,price,R1500,DENSE_BM25_RRF,"['R1500-0602', 'R1500-0603', 'R1500-0601', 'R1500-0027', 'R1500-0015', 'R1500-0619', 'R1500-0608', 'R1500-0618', 'R1500-0030', 'R1500-0149']","[0.64782745, 0.63805187, 0.58639741, 0.58049971, 0.53225601, 0.5548557, 0.54751599, 0.57358515, 0.52800143, 0.51890039]",1,1,1,1,1,48ed2270a5d5a6f7f46acf712a779b9987ac3fcf9bfae82cec079551599b56ea,ef9f27141658502ed1cce3a9b2f8c98443b6bbdea16cb1e1dff03c7ce07b1cb1,2026-08-06T20:59:05.228138+00:00
Q247,attribute,R1500,DENSE_BM25_RRF,"['R1500-0651', 'R1500-0143', 'R1500-0144', 'R1500-0652', 'R1500-0142', 'R1500-0147', 'R1500-0006', 'R1500-0005', 'R1500-0617', 'R1500-0623']","[0.70399427, 0.63787091, 0.66845858, 0.5723573, 0.63544595, 0.51652026, 0.52336055, 0.55218178, 0.4984462, 0.49477124]",9,0,0,0,1,e2b4eeaf2970cee9012f59eb6acb50bacaab5d789ba70ba5989c3f80bf71d9ae,ef9f27141658502ed1cce3a9b2f8c98443b6bbdea16cb1e1dff03c7ce07b1cb1,2026-08-06T20:59:05.231533+00:00
Q248,price,R1500,DENSE_BM25_RRF,"['R1500-0187', 'R1500-0214', 'R1500-0190', 'R1500-0188', 'R1500-0213', 'R1500-0191', 'R1500-0186', 'R1500-0189', 'R1500-0217', 'R1500-0215']","[0.67298448, 0.66731775, 0.65851569, 0.66590488, 0.65872073, 0.62517256, 0.66232216, 0.65831918, 0.60867923, 0.65534133]",6,0,0,0,1,a0c5b5b30899ec865c04588e4683cfe1c5cb85aacbc3aecab3d953c18d719289,ef9f27141658502ed1cce3a9b2f8c98443b6bbdea16cb1e1dff03c7ce07b1cb1,2026-08-06T20:59:05.232695+00:00
Q249,price,R1500,DENSE_BM25_RRF,"['R1500-0679', 'R1500-0667', 'R1500-0700', 'R1500-0664', 'R1500-0702', 'R1500-0447', 'R1500-0713', 'R1500-0688', 'R1500-0617', 'R1500-0714']","[0.60633528, 0.55387068, 0.55366325, 0.53694832, 0.53588271, 0.55285591, 0.575688, 0.55905843, 0.36184144, 0.55191243]",1,1,1,1,1,16f1cd1a97cb8fcd804f3983ffcc4431c940296b0e9aa8548ca1c3325cc0a85d,ef9f27141658502ed1cce3a9b2f8c98443b6bbdea16cb1e1dff03c7ce07b1cb1,2026-08-06T20:59:05.233980+00:00
Q250,price,R1500,DENSE_BM25_RRF,"['R1500-0369', 'R1500-0370', 'R1500-0373', 'R1500-0371', 'R1500-0368', 'R1500-0375', 'R1500-0376', 'R1500-0374', 'R1500-0380', 'R1500-0377']","[0.69651407, 0.68719369, 0.65701163, 0.62920594, 0.63604999, 0.62933666, 0.62494373, 0.62009597, 0.62467527, 0.61403239]",1,1,1,1,1,c4603fd5979ca02d5a5c7c95024d46fe51bca39c8f992f00c479798480b1abf1,ef9f27141658502ed1cce3a9b2f8c98443b6bbdea16cb1e1dff03c7ce07b1cb1,2026-08-06T20:59:05.238074+00:00
Q251,price,R1500,DENSE_BM25_RRF,"['R1500-0494', 'R1500-0578', 'R1500-0495', 'R1500-0543', 'R1500-0585', 'R1500-0486', 'R1500-0545', 'R1500-0145', 'R1500-0559', 'R1500-0147']","[0.48344469, 0.51486886, 0.4357866, 0.50372291, 0.50009221, 0.42282176, 0.49816686, 0.38442445, 0.49468839, 0.37813082]",3,0,1,1,1,43afbb3375ee95e510d52b270df85b3c886ba4152836f7a4c39ff841daeb4cef,ef9f27141658502ed1cce3a9b2f8c98443b6bbdea16cb1e1dff03c7ce07b1cb1,2026-08-06T20:59:05.240400+00:00
Q252,price,R1500,DENSE_BM25_RRF,"['R1500-0006', 'R1500-0651', 'R1500-0144', 'R1500-0005', 'R1500-0142', 'R1500-0540', 'R1500-0781', 'R1500-0766', 'R1500-0623', 'R1500-0646']","[0.50640136, 0.53174144, 0.4753989, 0.50226104, 0.45654744, 0.44810447, 0.45114151, 0.45656726, 0.45519853, 0.43826479]",1,1,1,1,1,c5e071a2d597fc3c343a794c2e9ffb626855f5c5b8d58509680d19cd9dbb9b43,ef9f27141658502ed1cce3a9b2f8c98443b6bbdea16cb1e1dff03c7ce07b1cb1,2026-08-06T20:59:05.241466+00:00
Q253,attribute,R1500,DENSE_BM25_RRF,"['R1500-0620', 'R1500-0621', 'R1500-0611', 'R1500-0616', 'R1500-0030', 'R1500-0029', 'R1500-0085', 'R1500-0619', 'R1500-0615', 'R1500-0594']","[0.61002862, 0.60024095, 0.58903688, 0.60045677, 0.57570803, 0.58719063, 0.5831939, 0.58052528, 0.56881964, 0.59160185]",4,0,0,1,1,8bd32eccd62f03f44dd03b40c2e531aec3f7c0d1c4e905e40b7196a16b9247bb,ef9f27141658502ed1cce3a9b2f8c98443b6bbdea16cb1e1dff03c7ce07b1cb1,2026-08-06T20:59:05.245321+00:00
Q254,attribute,R1500,DENSE_BM25_RRF,"['R1500-0160', 'R1500-0162', 'R1500-0161', 'R1500-0163', 'R1500-0155', 'R1500-0304', 'R1500-0159', 'R1500-0305', 'R1500-0187', 'R1500-0213']","[0.70719451, 0.6504032, 0.64562488, 0.65475005, 0.62455893, 0.62511778, 0.6200192, 0.61469626, 0.66743308, 0.66350555]",1,1,1,1,1,94d8ffd52b45b4e2f2d2bad9a2268ffa3bcf3733fdecebfdf9f6360ce680f0a3,ef9f27141658502ed1cce3a9b2f8c98443b6bbdea16cb1e1dff03c7ce07b1cb1,2026-08-06T20:59:05.248356+00:00
Q255,attribute,R1500,DENSE_BM25_RRF,"['R1500-0161', 'R1500-0159', 'R1500-0164', 'R1500-0165', 'R1500-0162', 'R1500-0156', 'R1500-0305', 'R1500-0160', 'R1500-0232', 'R1500-0158']","[0.71444762, 0.69064033, 0.66282845, 0.68736571, 0.68213266, 0.65563953, 0.64804202, 0.67156351, 0.59639865, 0.68053842]",1,1,1,1,1,403eaa50d364df8c83c7d0b22cc6db5197e7106819068022b6adf7a2a9fdbc1c,ef9f27141658502ed1cce3a9b2f8c98443b6bbdea16cb1e1dff03c7ce07b1cb1,2026-08-06T20:59:05.250713+00:00
Q256,price,R1500,DENSE_BM25_RRF,"['R1500-0485', 'R1500-0365', 'R1500-0486', 'R1500-0494', 'R1500-0416', 'R1500-0475', 'R1500-0732', 'R1500-0497', 'R1500-0498', 'R1500-0496']","[0.62637305, 0.62442899, 0.56944537, 0.63626844, 0.56223142, 0.57283306, 0.59825969, 0.57630116, 0.56077802, 0.56321692]",5,0,0,1,1,5e381f29e44adb7ea0049161a9c4811910131abb00c7c54af78267879c4c54b6,ef9f27141658502ed1cce3a9b2f8c98443b6bbdea16cb1e1dff03c7ce07b1cb1,2026-08-06T20:59:05.252580+00:00
Q257,attribute,R1500,DENSE_BM25_RRF,"['R1500-0293', 'R1500-0298', 'R1500-0295', 'R1500-0294', 'R1500-0296', 'R1500-0299', 'R1500-0300', 'R1500-0297', 'R1500-0301', 'R1500-0288']","[0.69908816, 0.69634879, 0.64251101, 0.64761531, 0.64830136, 0.69067991, 0.67609954, 0.61411351, 0.64093387, 0.63016462]",1,1,1,1,1,74101f53328f8f529b77d4f556daa2602dc83ffd73ab9ab97d85c08100a5782d,ef9f27141658502ed1cce3a9b2f8c98443b6bbdea16cb1e1dff03c7ce07b1cb1,2026-08-06T20:59:05.262038+00:00
Q258,price,R1500,DENSE_BM25_RRF,"['R1500-0485', 'R1500-0365', 'R1500-0416', 'R1500-0494', 'R1500-0486', 'R1500-0732', 'R1500-0475', 'R1500-0497', 'R1500-0496', 'R1500-0499']","[0.63526481, 0.62537128, 0.5688718, 0.62701046, 0.57430691, 0.60730147, 0.56727743, 0.58339548, 0.57066512, 0.56081331]",3,0,1,1,1,fb91a240461776300aa444b8fe491db8a314b273a1446ebdeb430ef94f54262c,ef9f27141658502ed1cce3a9b2f8c98443b6bbdea16cb1e1dff03c7ce07b1cb1,2026-08-06T20:59:05.265947+00:00
Q259,attribute,R1500,DENSE_BM25_RRF,"['R1500-0144', 'R1500-0147', 'R1500-0149', 'R1500-0652', 'R1500-0150', 'R1500-0015', 'R1500-0014', 'R1500-0651', 'R1500-0604', 'R1500-0009']","[0.61810589, 0.58837646, 0.58969289, 0.54367405, 0.57383478, 0.54038042, 0.52261448, 0.52042681, 0.52519363, 0.51793677]",1,1,1,1,1,0baaa0cd0483eb59c7af60edb37d4bfca25556661b647316838e04f7fa274549,ef9f27141658502ed1cce3a9b2f8c98443b6bbdea16cb1e1dff03c7ce07b1cb1,2026-08-06T20:59:05.270320+00:00
Q260,attribute,R1500,DENSE_BM25_RRF,"['R1500-0049', 'R1500-0616', 'R1500-0594', 'R1500-0620', 'R1500-0031', 'R1500-0610', 'R1500-0085', 'R1500-0030', 'R1500-0604', 'R1500-0079']","[0.54954207, 0.52312577, 0.51215327, 0.51950681, 0.50619441, 0.48886055, 0.49212128, 0.50296974, 0.51291156, 0.49273792]",1,1,1,1,1,80442b5f11d82e2ada7df3ecb6c758876d0398ea64914a850e71250c9b83a50b,ef9f27141658502ed1cce3a9b2f8c98443b6bbdea16cb1e1dff03c7ce07b1cb1,2026-08-06T20:59:05.273022+00:00
Q261,price,R1500,DENSE_BM25_RRF,"['R1500-0255', 'R1500-0250', 'R1500-0251', 'R1500-0257', 'R1500-0252', 'R1500-0262', 'R1500-0256', 'R1500-0264', 'R1500-0253', 'R1500-0241']","[0.49403262, 0.51326185, 0.50575054, 0.46957219, 0.49509135, 0.52589399, 0.46553203, 0.49341178, 0.46448341, 0.49705437]",1,1,1,1,1,c9a0770598f1ccc9a71d386043b62ab4329b650761a0304df151dc5be5d336f4,ef9f27141658502ed1cce3a9b2f8c98443b6bbdea16cb1e1dff03c7ce07b1cb1,2026-08-06T20:59:05.275326+00:00
Q262,price,R1500,DENSE_BM25_RRF,"['R1500-0677', 'R1500-0680', 'R1500-0679', 'R1500-0668', 'R1500-0678', 'R1500-0642', 'R1500-0670', 'R1500-0562', 'R1500-0551', 'R1500-0640']","[0.60383511, 0.52550209, 0.50899589, 0.49649811, 0.49862063, 0.50006193, 0.4872964, 0.49484628, 0.48832184, 0.56258649]",1,1,1,1,1,ace406b5f12b72f13f33ba20784bd4d4060df3a071a460406b7fc391ddde99f8,ef9f27141658502ed1cce3a9b2f8c98443b6bbdea16cb1e1dff03c7ce07b1cb1,2026-08-06T20:59:05.276597+00:00
Q263,price,R1500,DENSE_BM25_RRF,"['R1500-0702', 'R1500-0701', 'R1500-0699', 'R1500-0704', 'R1500-0705', 'R1500-0703', 'R1500-0700', 'R1500-0706', 'R1500-0664', 'R1500-0666']","[0.68227625, 0.61903173, 0.61819768, 0.60982329, 0.60846019, 0.58665019, 0.63245457, 0.5830934, 0.59743237, 0.58232689]",1,1,1,1,1,d5b007f625155a246d0fb81a2026e4095b220ebd4b169150915383b3fd7669bf,ef9f27141658502ed1cce3a9b2f8c98443b6bbdea16cb1e1dff03c7ce07b1cb1,2026-08-06T20:59:05.277917+00:00
Q264,price,R1500,DENSE_BM25_RRF,"['R1500-0591', 'R1500-0028', 'R1500-0620', 'R1500-0619', 'R1500-0608', 'R1500-0032', 'R1500-0621', 'R1500-0617', 'R1500-0625', 'R1500-0622']","[0.52026653, 0.50814861, 0.52763808, 0.51146621, 0.4993856, 0.49602395, 0.5328967, 0.4897638, 0.51207173, 0.51947701]",2,0,1,1,1,740408ef8e195cda29a094fa491e9e25d70a2252dfb28919bab209dd146428e6,ef9f27141658502ed1cce3a9b2f8c98443b6bbdea16cb1e1dff03c7ce07b1cb1,2026-08-06T20:59:05.279269+00:00
Q265,price,R1500,DENSE_BM25_RRF,"['R1500-0640', 'R1500-0639', 'R1500-0637', 'R1500-0638', 'R1500-0633', 'R1500-0636', 'R1500-0635', 'R1500-0641', 'R1500-0632', 'R1500-0642']","[0.53340542, 0.50218976, 0.49980485, 0.49897906, 0.50183827, 0.4890801, 0.48343989, 0.4943029, 0.48093531, 0.51282704]",1,1,1,1,1,0a3b5d9135124f741191c48fdd8135f0066b8a9c2d05a9425580c32b2e161050,ef9f27141658502ed1cce3a9b2f8c98443b6bbdea16cb1e1dff03c7ce07b1cb1,2026-08-06T20:59:05.282962+00:00
Q266,attribute,R1500,DENSE_BM25_RRF,"['R1500-0600', 'R1500-0601', 'R1500-0597', 'R1500-0596', 'R1500-0603', 'R1500-0599', 'R1500-0034', 'R1500-0030', 'R1500-0598', 'R1500-0608']","[0.58195424, 0.56547868, 0.54301679, 0.51790833, 0.53262031, 0.53576958, 0.52172375, 0.50902832, 0.50979471, 0.51706249]",1,1,1,1,1,fdcf5428a45bbc17df1c9909172cb26bcdc350fccd3aaf54adee67ca6724b60f,ef9f27141658502ed1cce3a9b2f8c98443b6bbdea16cb1e1dff03c7ce07b1cb1,2026-08-06T20:59:05.288735+00:00
Q267,price,R1500,DENSE_BM25_RRF,"['R1500-0676', 'R1500-0677', 'R1500-0192', 'R1500-0236', 'R1500-0210', 'R1500-0218', 'R1500-0209', 'R1500-0159', 'R1500-0168', 'R1500-0237']","[0.60318524, 0.51739156, 0.51896763, 0.52339274, 0.54561406, 0.48403996, 0.49084124, 0.51060629, 0.48454827, 0.47109514]",1,1,1,1,1,819fb627b2f0b07aa44c0e26a5cf99a153afdbd0803495faacc115700d363a15,ef9f27141658502ed1cce3a9b2f8c98443b6bbdea16cb1e1dff03c7ce07b1cb1,2026-08-06T20:59:05.291402+00:00
Q268,attribute,R1500,DENSE_BM25_RRF,"['R1500-0055', 'R1500-0056', 'R1500-0139', 'R1500-0053', 'R1500-0054', 'R1500-0052', 'R1500-0087', 'R1500-0057', 'R1500-0140', 'R1500-0138']","[0.65523577, 0.65340346, 0.62744749, 0.62753254, 0.6493305, 0.59441364, 0.60514981, 0.56206995, 0.57013923, 0.58703268]",1,1,1,1,1,0f43aa41d9c33eb9a9477a90482d6089aa6b4c2c44f25f98a08f73f536fe1cb4,ef9f27141658502ed1cce3a9b2f8c98443b6bbdea16cb1e1dff03c7ce07b1cb1,2026-08-06T20:59:05.295153+00:00
Q269,attribute,R1500,DENSE_BM25_RRF,"['R1500-0420', 'R1500-0422', 'R1500-0421', 'R1500-0419', 'R1500-0208', 'R1500-0186', 'R1500-0235', 'R1500-0504', 'R1500-0410', 'R1500-0675']","[0.63860238, 0.6409803, 0.57149506, 0.52851713, 0.56189245, 0.5496242, 0.55198324, 0.55391324, 0.53260553, 0.52111793]",1,1,1,1,1,a91f77176181a23ebf42194b9f5a7a5f90f70d7d4176086834e75fa51423dab7,ef9f27141658502ed1cce3a9b2f8c98443b6bbdea16cb1e1dff03c7ce07b1cb1,2026-08-06T20:59:05.300024+00:00
Q270,price,R1500,DENSE_BM25_RRF,"['R1500-0492', 'R1500-0722', 'R1500-0719', 'R1500-0491', 'R1500-0362', 'R1500-0349', 'R1500-0346', 'R1500-0714', 'R1500-0344', 'R1500-0479']","[0.66746217, 0.62657762, 0.6142903, 0.59978771, 0.60591328, 0.62000507, 0.6159749, 0.59218925, 0.60747755, 0.56943399]",1,1,1,1,1,8fa54c6a7716ada95893a4ea51e0aeb2dccc980c5fe7a0e07421c185a808572c,ef9f27141658502ed1cce3a9b2f8c98443b6bbdea16cb1e1dff03c7ce07b1cb1,2026-08-06T20:59:05.303548+00:00
Q271,price,R1500,DENSE_BM25_RRF,"['R1500-0703', 'R1500-0701', 'R1500-0704', 'R1500-0702', 'R1500-0705', 'R1500-0664', 'R1500-0510', 'R1500-0453', 'R1500-0400', 'R1500-0706']","[0.67372596, 0.65970027, 0.6557532, 0.6503706, 0.60782933, 0.65440428, 0.60988331, 0.58443677, 0.58643955, 0.5745545]",1,1,1,1,1,7a00fa0b6d6de4c344a7692c51b3751bf8224f9b1afd7a7ffb8a3ca53e5ea8bc,ef9f27141658502ed1cce3a9b2f8c98443b6bbdea16cb1e1dff03c7ce07b1cb1,2026-08-06T20:59:05.310383+00:00
Q272,attribute,R1500,DENSE_BM25_RRF,"['R1500-0089', 'R1500-0091', 'R1500-0090', 'R1500-0642', 'R1500-0088', 'R1500-0496', 'R1500-0321', 'R1500-0644', 'R1500-0759', 'R1500-0494']","[0.6053077, 0.57847178, 0.62327975, 0.55885649, 0.53377783, 0.54363012, 0.5394035, 0.52363008, 0.58656204, 0.57609522]",1,1,1,1,1,37a267cb181928f198fdc6010ac3ae0e2eb35ccb110546382eb21187727b142f,ef9f27141658502ed1cce3a9b2f8c98443b6bbdea16cb1e1dff03c7ce07b1cb1,2026-08-06T20:59:05.315332+00:00
Q273,attribute,R1500,DENSE_BM25_RRF,"['R1500-0150', 'R1500-0147', 'R1500-0149', 'R1500-0014', 'R1500-0015', 'R1500-0144', 'R1500-0148', 'R1500-0009', 'R1500-0146', 'R1500-0145']","[0.67096144, 0.57948542, 0.5605973, 0.54528487, 0.52677774, 0.51004404, 0.49841183, 0.50311142, 0.5308876, 0.49717739]",1,1,1,1,1,a0fdac8e6b66fd11c504a249b6333654b5de684320e0883d497afc35b253a00b,ef9f27141658502ed1cce3a9b2f8c98443b6bbdea16cb1e1dff03c7ce07b1cb1,2026-08-06T20:59:05.320711+00:00
Q274,attribute,R1500,DENSE_BM25_RRF,"['R1500-0624', 'R1500-0625', 'R1500-0593', 'R1500-0045', 'R1500-0051', 'R1500-0622', 'R1500-0031', 'R1500-0619', 'R1500-0038', 'R1500-0621']","[0.65351778, 0.62312615, 0.61096275, 0.6317637, 0.60953963, 0.61024499, 0.63200337, 0.64447147, 0.62001687, 0.60299504]",1,1,1,1,1,f9156061b97e32df72e2c68595f2a7ac72902b91b5c5b3f5b3d11934dbf61c3e,ef9f27141658502ed1cce3a9b2f8c98443b6bbdea16cb1e1dff03c7ce07b1cb1,2026-08-06T20:59:05.326062+00:00
Q275,price,R1500,DENSE_BM25_RRF,"['R1500-0438', 'R1500-0658', 'R1500-0487', 'R1500-0132', 'R1500-0486', 'R1500-0131', 'R1500-0721', 'R1500-0130', 'R1500-0439', 'R1500-0404']","[0.51782918, 0.56788266, 0.55652237, 0.32027882, 0.55061865, 0.33147144, 0.54723287, 0.33427864, 0.54418963, 0.43958136]",1,1,1,1,1,9737acf704628a2f7910cb2953288465e15ae2c1a40d597c506dc2414bae66e9,ef9f27141658502ed1cce3a9b2f8c98443b6bbdea16cb1e1dff03c7ce07b1cb1,2026-08-06T20:59:05.331481+00:00
Q276,attribute,R1500,DENSE_BM25_RRF,"['R1500-0666', 'R1500-0719', 'R1500-0733', 'R1500-0714', 'R1500-0391', 'R1500-0722', 'R1500-0489', 'R1500-0687', 'R1500-0385', 'R1500-0393']","[0.63479888, 0.6318652, 0.63143599, 0.62245655, 0.62421656, 0.61934066, 0.61682689, 0.61370409, 0.62237269, 0.61605394]",,0,0,0,0,132f92928a4be4ad7b0006f21a58ab338e79fead18762c74f164ff152693cae0,ef9f27141658502ed1cce3a9b2f8c98443b6bbdea16cb1e1dff03c7ce07b1cb1,2026-08-06T20:59:05.345479+00:00
Q277,attribute,R1500,DENSE_BM25_RRF,"['R1500-0596', 'R1500-0600', 'R1500-0598', 'R1500-0595', 'R1500-0597', 'R1500-0604', 'R1500-0601', 'R1500-0599', 'R1500-0603', 'R1500-0030']","[0.5814333, 0.57012737, 0.568483, 0.56102282, 0.56484318, 0.5557633, 0.5002439, 0.50850314, 0.49603283, 0.5039615]",1,1,1,1,1,336f42ef78790de6c0651bc7439b5ebe47d8499bf3be8c36c209323ba3e9f681,ef9f27141658502ed1cce3a9b2f8c98443b6bbdea16cb1e1dff03c7ce07b1cb1,2026-08-06T20:59:05.353230+00:00
Q278,price,R1500,DENSE_BM25_RRF,"['R1500-0708', 'R1500-0552', 'R1500-0553', 'R1500-0573', 'R1500-0538', 'R1500-0548', 'R1500-0077', 'R1500-0076', 'R1500-0562', 'R1500-0710']","[0.50005221, 0.48011193, 0.49735206, 0.45556948, 0.43662423, 0.45543635, 0.43193114, 0.43097872, 0.50492454, 0.40433168]",1,1,1,1,1,caec35fb36541551fbe63bfd3887a5d06e09f7e2c5ced31a4e29e31ed6bfff05,ef9f27141658502ed1cce3a9b2f8c98443b6bbdea16cb1e1dff03c7ce07b1cb1,2026-08-06T20:59:05.355579+00:00
Q279,price,R1500,DENSE_BM25_RRF,"['R1500-0482', 'R1500-0483', 'R1500-0484', 'R1500-0488', 'R1500-0719', 'R1500-0489', 'R1500-0490', 'R1500-0714', 'R1500-0358', 'R1500-0385']","[0.63742918, 0.63311374, 0.59080583, 0.58347869, 0.58930987, 0.56203699, 0.57587123, 0.55943125, 0.55766046, 0.57673371]",2,0,1,1,1,63250b987b9de8ee1b4f551ec01098016e83ccda1bbe03cc89ed96bdbfe4013b,ef9f27141658502ed1cce3a9b2f8c98443b6bbdea16cb1e1dff03c7ce07b1cb1,2026-08-06T20:59:05.363260+00:00
Q280,price,R1500,DENSE_BM25_RRF,"['R1500-0009', 'R1500-0008', 'R1500-0010', 'R1500-0014', 'R1500-0149', 'R1500-0015', 'R1500-0083', 'R1500-0144', 'R1500-0619', 'R1500-0618']","[0.59679264, 0.53455883, 0.52950317, 0.51691878, 0.49850094, 0.48906463, 0.48686314, 0.49042302, 0.5271641, 0.4944725]",2,0,1,1,1,bb072e1755fa0687729aba0cad1d6595a44466c5018f98c527c8b90c8fd85d4e,ef9f27141658502ed1cce3a9b2f8c98443b6bbdea16cb1e1dff03c7ce07b1cb1,2026-08-06T20:59:05.368100+00:00
Q281,price,R1500,DENSE_BM25_RRF,"['R1500-0440', 'R1500-0439', 'R1500-0438', 'R1500-0658', 'R1500-0487', 'R1500-0132', 'R1500-0486', 'R1500-0131', 'R1500-0130', 'R1500-0663']","[0.57033902, 0.62632143, 0.5502435, 0.56524336, 0.55965126, 0.32769513, 0.55259103, 0.35150385, 0.35019144, 0.54996538]",1,1,1,1,1,7a590a367bd7ed4ea4a85cd46c1d514d05bd622554a9c7261489e330f5164334,ef9f27141658502ed1cce3a9b2f8c98443b6bbdea16cb1e1dff03c7ce07b1cb1,2026-08-06T20:59:05.369064+00:00
Q282,attribute,R1500,DENSE_BM25_RRF,"['R1500-0100', 'R1500-0098', 'R1500-0101', 'R1500-0096', 'R1500-0320', 'R1500-0025', 'R1500-0321', 'R1500-0496', 'R1500-0309', 'R1500-0317']","[0.59339631, 0.53719318, 0.53690052, 0.50158292, 0.51235271, 0.51418817, 0.49575073, 0.48512104, 0.49382979, 0.48320374]",,0,0,0,0,eab64e4a55fd9b7f9031841abf5ea74547f0bc2462f3bb8c239c50eee07b0ef0,ef9f27141658502ed1cce3a9b2f8c98443b6bbdea16cb1e1dff03c7ce07b1cb1,2026-08-06T20:59:05.375428+00:00
Q283,price,R1500,DENSE_BM25_RRF,"['R1500-0405', 'R1500-0411', 'R1500-0406', 'R1500-0403', 'R1500-0674', 'R1500-0707', 'R1500-0680', 'R1500-0404', 'R1500-0728', 'R1500-0508']","[0.55155098, 0.49857718, 0.46568537, 0.4868795, 0.53017986, 0.49574387, 0.51590753, 0.45988357, 0.45814139, 0.4810794]",1,1,1,1,1,9052bef2c0ffe1476a0a0008b121b868b254e3665e79bedb8bd208769cd99155,ef9f27141658502ed1cce3a9b2f8c98443b6bbdea16cb1e1dff03c7ce07b1cb1,2026-08-06T20:59:05.380988+00:00
Q284,attribute,R1500,DENSE_BM25_RRF,"['R1500-0493', 'R1500-0494', 'R1500-0500', 'R1500-0495', 'R1500-0499', 'R1500-0496', 'R1500-0498', 'R1500-0731', 'R1500-0566', 'R1500-0730']","[0.6525169, 0.53750455, 0.54332519, 0.52704793, 0.53781402, 0.53116882, 0.54228365, 0.52547348, 0.52992779, 0.51623905]",,0,0,0,0,89410a439a63026dbbf8cb77a29d3f17213763ca5087c731bd38a3e9681a6291,ef9f27141658502ed1cce3a9b2f8c98443b6bbdea16cb1e1dff03c7ce07b1cb1,2026-08-06T20:59:05.385564+00:00
Q285,price,R1500,DENSE_BM25_RRF,"['R1500-0382', 'R1500-0383', 'R1500-0381', 'R1500-0661', 'R1500-0658', 'R1500-0662', 'R1500-0487', 'R1500-0721', 'R1500-0660', 'R1500-0722']","[0.65002573, 0.63374925, 0.57795066, 0.58679748, 0.58947635, 0.56022686, 0.57657051, 0.57012939, 0.55892622, 0.54009038]",1,1,1,1,1,34a82774337e36c9c98a01de5e77f640740dcd6d1e5f1434b120ffe013a273b2,ef9f27141658502ed1cce3a9b2f8c98443b6bbdea16cb1e1dff03c7ce07b1cb1,2026-08-06T20:59:05.386746+00:00
Q286,attribute,R1500,DENSE_BM25_RRF,"['R1500-0043', 'R1500-0013', 'R1500-0613', 'R1500-0029', 'R1500-0594', 'R1500-0030', 'R1500-0085', 'R1500-0616', 'R1500-0026', 'R1500-0041']","[0.56070316, 0.53773785, 0.52527571, 0.53209209, 0.55421525, 0.56229401, 0.53695071, 0.54669529, 0.51594651, 0.5276593]",1,1,1,1,1,beb6144faaaca18075a5c2d3c53c63cd7bec0bd1d3e980fd6e478bb41ebba916,ef9f27141658502ed1cce3a9b2f8c98443b6bbdea16cb1e1dff03c7ce07b1cb1,2026-08-06T20:59:05.392530+00:00
Q287,price,R1500,DENSE_BM25_RRF,"['R1500-0671', 'R1500-0709', 'R1500-0490', 'R1500-0705', 'R1500-0714', 'R1500-0489', 'R1500-0667', 'R1500-0664', 'R1500-0491', 'R1500-0452']","[0.49450967, 0.48359427, 0.48650503, 0.46589261, 0.46446508, 0.45341384, 0.47824022, 0.45279318, 0.44981849, 0.44993275]",1,1,1,1,1,bc0e8a15739220c027609087799c8367b9ca72320652b9186c6ebc35ef719cda,ef9f27141658502ed1cce3a9b2f8c98443b6bbdea16cb1e1dff03c7ce07b1cb1,2026-08-06T20:59:05.394979+00:00
Q288,price,R1500,DENSE_BM25_RRF,"['R1500-0397', 'R1500-0401', 'R1500-0394', 'R1500-0399', 'R1500-0398', 'R1500-0408', 'R1500-0395', 'R1500-0400', 'R1500-0452', 'R1500-0492']","[0.62414938, 0.64865816, 0.61204773, 0.63128853, 0.60928082, 0.61081636, 0.60479337, 0.5955497, 0.60736418, 0.61306083]",,0,0,0,0,10092b1bc6528066a01541de3f9ebc262d93f7455ddad63d72523adeebb3b4a1,ef9f27141658502ed1cce3a9b2f8c98443b6bbdea16cb1e1dff03c7ce07b1cb1,2026-08-06T20:59:05.403302+00:00
Q289,price,R1500,DENSE_BM25_RRF,"['R1500-0164', 'R1500-0165', 'R1500-0161', 'R1500-0159', 'R1500-0229', 'R1500-0163', 'R1500-0156', 'R1500-0162', 'R1500-0202', 'R1500-0228']","[0.68384814, 0.66362429, 0.6361236, 0.64011538, 0.61012632, 0.61983466, 0.59172469, 0.61195058, 0.59705985, 0.56703711]",1,1,1,1,1,00f1b94cbfc23a7b13064bbb776dea8d514b7cb9f249ac7a1870c4d1e18b5894,ef9f27141658502ed1cce3a9b2f8c98443b6bbdea16cb1e1dff03c7ce07b1cb1,2026-08-06T20:59:05.404948+00:00
Q290,attribute,R1500,DENSE_BM25_RRF,"['R1500-0612', 'R1500-0613', 'R1500-0614', 'R1500-0030', 'R1500-0625', 'R1500-0033', 'R1500-0594', 'R1500-0029', 'R1500-0032', 'R1500-0615']","[0.65220171, 0.59686249, 0.54825455, 0.4990553, 0.49788809, 0.50900543, 0.50792998, 0.49685797, 0.54223788, 0.4892613]",1,1,1,1,1,b52c90f4066d3585bee5b59e229f02eca4e7b3e6494e552d76556a033c59f268,ef9f27141658502ed1cce3a9b2f8c98443b6bbdea16cb1e1dff03c7ce07b1cb1,2026-08-06T20:59:05.415155+00:00
Q291,price,R1500,DENSE_BM25_RRF,"['R1500-0621', 'R1500-0034', 'R1500-0620', 'R1500-0619', 'R1500-0608', 'R1500-0624', 'R1500-0084', 'R1500-0593', 'R1500-0616', 'R1500-0013']","[0.60812855, 0.63029951, 0.5792855, 0.5933286, 0.56407446, 0.5850634, 0.56278932, 0.60090482, 0.56540036, 0.55835748]",1,1,1,1,1,cfad673ba521cb9687239182c38ddedd2e87561a3bea651cff011ae441b08582,ef9f27141658502ed1cce3a9b2f8c98443b6bbdea16cb1e1dff03c7ce07b1cb1,2026-08-06T20:59:05.423358+00:00
Q292,price,R1500,DENSE_BM25_RRF,"['R1500-0699', 'R1500-0453', 'R1500-0700', 'R1500-0666', 'R1500-0688', 'R1500-0452', 'R1500-0664', 'R1500-0713', 'R1500-0702', 'R1500-0451']","[0.60974854, 0.57368183, 0.59523034, 0.57129645, 0.57054251, 0.59252965, 0.56464171, 0.57358265, 0.55704105, 0.57131046]",1,1,1,1,1,4cb9630f7df18d529ef45091646eeac1770621a19e98fae447f2322ec3e3fdcd,ef9f27141658502ed1cce3a9b2f8c98443b6bbdea16cb1e1dff03c7ce07b1cb1,2026-08-06T20:59:05.424838+00:00
Q293,price,R1500,DENSE_BM25_RRF,"['R1500-0427', 'R1500-0429', 'R1500-0428', 'R1500-0383', 'R1500-0426', 'R1500-0382', 'R1500-0661', 'R1500-0381', 'R1500-0487', 'R1500-0486']","[0.67903507, 0.67058188, 0.65641785, 0.68479478, 0.66270638, 0.66547787, 0.58491623, 0.60690069, 0.61345917, 0.60203958]",1,1,1,1,1,a044b376b4ba34dc99b3ef524a16930e67a495e7078cce422ed916bd354cdf12,ef9f27141658502ed1cce3a9b2f8c98443b6bbdea16cb1e1dff03c7ce07b1cb1,2026-08-06T20:59:05.426954+00:00
Q294,attribute,R1500,DENSE_BM25_RRF,"['R1500-0037', 'R1500-0036', 'R1500-0594', 'R1500-0616', 'R1500-0022', 'R1500-0612', 'R1500-0029', 'R1500-0031', 'R1500-0620', 'R1500-0049']","[0.5916667, 0.56184119, 0.46545041, 0.4535076, 0.45657796, 0.44435522, 0.45201716, 0.44267362, 0.4364424, 0.42854655]",2,0,1,1,1,ab8cba48bd7ab433f9b9f795df6227abb8d98e7743281943769a0a4ae1dd6d3f,ef9f27141658502ed1cce3a9b2f8c98443b6bbdea16cb1e1dff03c7ce07b1cb1,2026-08-06T20:59:05.433237+00:00
Q295,attribute,R1500,DENSE_BM25_RRF,"['R1500-0487', 'R1500-0486', 'R1500-0383', 'R1500-0382', 'R1500-0663', 'R1500-0438', 'R1500-0434', 'R1500-0658', 'R1500-0425', 'R1500-0426']","[0.73506153, 0.69478226, 0.68518531, 0.65494525, 0.6522522, 0.66976225, 0.65263903, 0.62707955, 0.65413278, 0.68437755]",1,1,1,1,1,62437b0827404e711f5ff48a3449b1e63b2e2f5d191ac65742dc1de43f6cf538,ef9f27141658502ed1cce3a9b2f8c98443b6bbdea16cb1e1dff03c7ce07b1cb1,2026-08-06T20:59:05.441825+00:00
Q296,price,R1500,DENSE_BM25_RRF,"['R1500-0714', 'R1500-0722', 'R1500-0734', 'R1500-0701', 'R1500-0684', 'R1500-0667', 'R1500-0709', 'R1500-0676', 'R1500-0403', 'R1500-0511']","[0.47995818, 0.50208741, 0.52432156, 0.46130306, 0.51181954, 0.47965512, 0.47822896, 0.47699529, 0.46239939, 0.47409403]",,0,0,0,0,fa2d1c8aa56c8fa5bbd10c1f9db9af1ed6da864e9d46cada3212f48db1fb9118,ef9f27141658502ed1cce3a9b2f8c98443b6bbdea16cb1e1dff03c7ce07b1cb1,2026-08-06T20:59:05.443537+00:00
Q297,attribute,R1500,DENSE_BM25_RRF,"['R1500-0608', 'R1500-0609', 'R1500-0030', 'R1500-0034', 'R1500-0621', 'R1500-0035', 'R1500-0591', 'R1500-0623', 'R1500-0029', 'R1500-0619']","[0.57601136, 0.53566778, 0.48292953, 0.49142563, 0.46602285, 0.45637897, 0.472449, 0.45560026, 0.4544639, 0.45399117]",3,0,1,1,1,7a560e17e0bafcc6c3a5c9da384cbd162f4c4477102ad252abd092c80148af67,ef9f27141658502ed1cce3a9b2f8c98443b6bbdea16cb1e1dff03c7ce07b1cb1,2026-08-06T20:59:05.449713+00:00
Q298,price,R1500,DENSE_BM25_RRF,"['R1500-0414', 'R1500-0413', 'R1500-0724', 'R1500-0727', 'R1500-0389', 'R1500-0348', 'R1500-0390', 'R1500-0387', 'R1500-0393', 'R1500-0388']","[0.72366142, 0.65581357, 0.6370647, 0.61564624, 0.6226095, 0.62711948, 0.61815733, 0.62522668, 0.62798613, 0.61120963]",1,1,1,1,1,0d407309c6981d7e3af28760f5ef1910dbb69a64848985a93d8209f01a84da1a,ef9f27141658502ed1cce3a9b2f8c98443b6bbdea16cb1e1dff03c7ce07b1cb1,2026-08-06T20:59:05.454819+00:00
Q299,attribute,R1500,DENSE_BM25_RRF,"['R1500-0049', 'R1500-0028', 'R1500-0604', 'R1500-0603', 'R1500-0081', 'R1500-0031', 'R1500-0048', 'R1500-0591', 'R1500-0621', 'R1500-0079']","[0.5487715, 0.55857271, 0.51494753, 0.52842987, 0.51389074, 0.51677418, 0.50365919, 0.55350518, 0.5307669, 0.50255936]",7,0,0,0,1,83c75edc61b4da92bcc2228aee4f739eac5a1039c5d860ccba1c2a0846b1a79c,ef9f27141658502ed1cce3a9b2f8c98443b6bbdea16cb1e1dff03c7ce07b1cb1,2026-08-06T20:59:05.460658+00:00
Q300,attribute,R1500,DENSE_BM25_RRF,"['R1500-0644', 'R1500-0646', 'R1500-0538', 'R1500-0006', 'R1500-0744', 'R1500-0005', 'R1500-0553', 'R1500-0134', 'R1500-0640', 'R1500-0647']","[0.53379655, 0.52547312, 0.50804555, 0.52924204, 0.50176531, 0.50792134, 0.50634587, 0.50592804, 0.56306291, 0.49171594]",3,0,1,1,1,05bfeac807835d1bab09976561c36b14b2271171a6e1656a304bd3456a260e84,ef9f27141658502ed1cce3a9b2f8c98443b6bbdea16cb1e1dff03c7ce07b1cb1,2026-08-06T20:59:05.464115+00:00
Q301,attribute,R1500,DENSE_BM25_RRF,"['R1500-0724', 'R1500-0725', 'R1500-0389', 'R1500-0714', 'R1500-0727', 'R1500-0479', 'R1500-0343', 'R1500-0489', 'R1500-0464', 'R1500-0491']","[0.6195544, 0.59085131, 0.55204576, 0.52232546, 0.53996819, 0.53589177, 0.53935927, 0.52106071, 0.51675582, 0.51744062]",1,1,1,1,1,9adc9d73e8d3e67c5d64ed666b719c8d6255e7c38514c006cb946f92e1cbb19b,ef9f27141658502ed1cce3a9b2f8c98443b6bbdea16cb1e1dff03c7ce07b1cb1,2026-08-06T20:59:05.467935+00:00
Q302,price,R1500,DENSE_BM25_RRF,"['R1500-0712', 'R1500-0711', 'R1500-0495', 'R1500-0667', 'R1500-0453', 'R1500-0664', 'R1500-0673', 'R1500-0668', 'R1500-0670', 'R1500-0731']","[0.65725118, 0.61620903, 0.60160756, 0.58135986, 0.59994149, 0.58469588, 0.56896281, 0.56652105, 0.57930565, 0.56614542]",1,1,1,1,1,27129bc48922808a25522f9c2c051ca47ad0c4fa265cd68fe9b87051c071b7cd,ef9f27141658502ed1cce3a9b2f8c98443b6bbdea16cb1e1dff03c7ce07b1cb1,2026-08-06T20:59:05.471663+00:00
Q303,price,R1500,DENSE_BM25_RRF,"['R1500-0341', 'R1500-0340', 'R1500-0338', 'R1500-0346', 'R1500-0348', 'R1500-0334', 'R1500-0349', 'R1500-0344', 'R1500-0332', 'R1500-0337']","[0.67229271, 0.66400778, 0.66765463, 0.66359353, 0.659468, 0.66943818, 0.66065782, 0.65288663, 0.66404361, 0.65048659]",,0,0,0,0,b28399772c1cd2b98767a69d8e2f193a4dbd1b060f92ac59a6e6ddc3eb0d735a,ef9f27141658502ed1cce3a9b2f8c98443b6bbdea16cb1e1dff03c7ce07b1cb1,2026-08-06T20:59:05.476737+00:00
Q304,attribute,R1500,DENSE_BM25_RRF,"['R1500-0426', 'R1500-0425', 'R1500-0424', 'R1500-0487', 'R1500-0423', 'R1500-0486', 'R1500-0657', 'R1500-0434', 'R1500-0437', 'R1500-0526']","[0.57049894, 0.55781746, 0.53486472, 0.54714382, 0.52236778, 0.51845872, 0.49868196, 0.48333612, 0.49677262, 0.4819133]",,0,0,0,0,fa025cffbdb14ff7f7a7900382eeba9ce4f5ced11f2091590e7fd3845f4e18d7,ef9f27141658502ed1cce3a9b2f8c98443b6bbdea16cb1e1dff03c7ce07b1cb1,2026-08-06T20:59:05.483332+00:00
Q305,price,R1500,DENSE_BM25_RRF,"['R1500-0544', 'R1500-0750', 'R1500-0004', 'R1500-0752', 'R1500-0751', 'R1500-0543', 'R1500-0636', 'R1500-0745', 'R1500-0747', 'R1500-0744']","[0.57820523, 0.64875686, 0.58464831, 0.55472052, 0.53415847, 0.54922724, 0.52189755, 0.52277768, 0.55639625, 0.54706061]",4,0,0,1,1,a1a31e76f97a7166331b43035215009c80146da2f64e577bb888954e4db5a770,ef9f27141658502ed1cce3a9b2f8c98443b6bbdea16cb1e1dff03c7ce07b1cb1,2026-08-06T20:59:05.497059+00:00
Q306,price,R1500,DENSE_BM25_RRF,"['R1500-0033', 'R1500-0620', 'R1500-0594', 'R1500-0030', 'R1500-0605', 'R1500-0610', 'R1500-0621', 'R1500-0616', 'R1500-0035', 'R1500-0613']","[0.6031782, 0.58637697, 0.53847408, 0.52392888, 0.53195131, 0.52323759, 0.57720351, 0.54366893, 0.51055014, 0.49636298]",1,1,1,1,1,f4e4689838bd128860c85df76280d33ff2b31b72c141d4fb6cb19baa72684948,ef9f27141658502ed1cce3a9b2f8c98443b6bbdea16cb1e1dff03c7ce07b1cb1,2026-08-06T20:59:05.499800+00:00
Q307,attribute,R1500,DENSE_BM25_RRF,"['R1500-0429', 'R1500-0428', 'R1500-0427', 'R1500-0381', 'R1500-0382', 'R1500-0383', 'R1500-0426', 'R1500-0487', 'R1500-0435', 'R1500-0661']","[0.65228635, 0.65175045, 0.65019435, 0.59557241, 0.5911957, 0.61733162, 0.62242335, 0.58457142, 0.55039191, 0.53286082]",,0,0,0,0,be1c9bdf7de3cd53c6050971d0de81f26069ea1ad4817d5b756e4a2a57fb28f7,ef9f27141658502ed1cce3a9b2f8c98443b6bbdea16cb1e1dff03c7ce07b1cb1,2026-08-06T20:59:05.502674+00:00
Q308,attribute,R1500,DENSE_BM25_RRF,"['R1500-0386', 'R1500-0716', 'R1500-0389', 'R1500-0392', 'R1500-0393', 'R1500-0387', 'R1500-0391', 'R1500-0390', 'R1500-0385', 'R1500-0388']","[0.68881357, 0.67808354, 0.70191538, 0.67791915, 0.69161308, 0.70774913, 0.69046724, 0.67108285, 0.70409697, 0.66083312]",1,1,1,1,1,0872355f642db69b0c876f9034820dcf8067dc91d8f14332347d0754372f26f8,ef9f27141658502ed1cce3a9b2f8c98443b6bbdea16cb1e1dff03c7ce07b1cb1,2026-08-06T20:59:05.508862+00:00
Q309,price,R1500,DENSE_BM25_RRF,"['R1500-0678', 'R1500-0669', 'R1500-0668', 'R1500-0677', 'R1500-0679', 'R1500-0680', 'R1500-0633', 'R1500-0639', 'R1500-0552', 'R1500-0635']","[0.62721521, 0.56980646, 0.50229651, 0.50395715, 0.47331628, 0.47345734, 0.48573667, 0.47343951, 0.50427556, 0.46114653]",1,1,1,1,1,58dd5c49d6c70e674e8c60006885bf01211c998a0fb11e1ef6f1906330a1b5f2,ef9f27141658502ed1cce3a9b2f8c98443b6bbdea16cb1e1dff03c7ce07b1cb1,2026-08-06T20:59:05.511339+00:00
Q310,price,R1500,DENSE_BM25_RRF,"['R1500-0596', 'R1500-0623', 'R1500-0600', 'R1500-0618', 'R1500-0601', 'R1500-0599', 'R1500-0603', 'R1500-0598', 'R1500-0597', 'R1500-0035']","[0.48787022, 0.44796067, 0.47681576, 0.45907038, 0.44742489, 0.45926112, 0.43854514, 0.46911615, 0.44869989, 0.416179]",2,0,1,1,1,2822552af09f2546d4435c96492cfac279367209cb213eaf3a5a6cc440c330d9,ef9f27141658502ed1cce3a9b2f8c98443b6bbdea16cb1e1dff03c7ce07b1cb1,2026-08-06T20:59:05.514609+00:00
Q311,price,R1500,DENSE_BM25_RRF,"['R1500-0615', 'R1500-0616', 'R1500-0619', 'R1500-0621', 'R1500-0045', 'R1500-0624', 'R1500-0029', 'R1500-0591', 'R1500-0051', 'R1500-0593']","[0.64803767, 0.6245476, 0.61442435, 0.59175134, 0.54389668, 0.59481025, 0.55073392, 0.53183931, 0.5831089, 0.56752539]",1,1,1,1,1,2d0091b72360793485e397b3b7470b6b496c91dbc89ab536559f27b4074e4927,ef9f27141658502ed1cce3a9b2f8c98443b6bbdea16cb1e1dff03c7ce07b1cb1,2026-08-06T20:59:05.517302+00:00
Q312,price,R1500,DENSE_BM25_RRF,"['R1500-0544', 'R1500-0543', 'R1500-0513', 'R1500-0542', 'R1500-0541', 'R1500-0651', 'R1500-0617', 'R1500-0676', 'R1500-0545', 'R1500-0006']","[0.53934282, 0.52431798, 0.47751641, 0.51264828, 0.51447868, 0.49047092, 0.48481464, 0.48502177, 0.49788493, 0.49013039]",3,0,1,1,1,1f209d8c4d9c038cc58a39be08b732353ed7bafe4bfea75203ff9b9b9370143e,ef9f27141658502ed1cce3a9b2f8c98443b6bbdea16cb1e1dff03c7ce07b1cb1,2026-08-06T20:59:05.520410+00:00
Q313,price,R1500,DENSE_BM25_RRF,"['R1500-0430', 'R1500-0484', 'R1500-0387', 'R1500-0719', 'R1500-0714', 'R1500-0385', 'R1500-0393', 'R1500-0389', 'R1500-0717', 'R1500-0727']","[0.61690003, 0.61903358, 0.60855067, 0.60469615, 0.59089339, 0.63232529, 0.59476125, 0.5830369, 0.57516634, 0.61551893]",1,1,1,1,1,67b3032f376209fda1467839d5d4563f485c2786d13120755c199040dc5643e8,ef9f27141658502ed1cce3a9b2f8c98443b6bbdea16cb1e1dff03c7ce07b1cb1,2026-08-06T20:59:05.523219+00:00
Q314,price,R1500,DENSE_BM25_RRF,"['R1500-0547', 'R1500-0548', 'R1500-0550', 'R1500-0552', 'R1500-0556', 'R1500-0549', 'R1500-0553', 'R1500-0554', 'R1500-0107', 'R1500-0551']","[0.63706124, 0.60284162, 0.63291252, 0.60799479, 0.54626852, 0.57601726, 0.57965308, 0.58494961, 0.52311921, 0.59040385]",2,0,1,1,1,c65744e82be39c5270f003b83f97300b64ec9f4810326731b9b638898a3d6c0d,ef9f27141658502ed1cce3a9b2f8c98443b6bbdea16cb1e1dff03c7ce07b1cb1,2026-08-06T20:59:05.525620+00:00
Q315,attribute,R1500,DENSE_BM25_RRF,"['R1500-0387', 'R1500-0714', 'R1500-0386', 'R1500-0389', 'R1500-0391', 'R1500-0392', 'R1500-0393', 'R1500-0385', 'R1500-0390', 'R1500-0715']","[0.69791967, 0.68223584, 0.67934555, 0.68573505, 0.68860787, 0.67596769, 0.68518412, 0.69056058, 0.67174268, 0.64108467]",1,1,1,1,1,0d19f2db957377765c62cfc963229fd5c7388605c2e245dc34fc4e6420d47e6b,ef9f27141658502ed1cce3a9b2f8c98443b6bbdea16cb1e1dff03c7ce07b1cb1,2026-08-06T20:59:05.529454+00:00
Q316,price,R1500,DENSE_BM25_RRF,"['R1500-0345', 'R1500-0344', 'R1500-0348', 'R1500-0346', 'R1500-0347', 'R1500-0349', 'R1500-0343', 'R1500-0334', 'R1500-0337', 'R1500-0332']","[0.69287682, 0.6915589, 0.68049961, 0.68522197, 0.6812712, 0.67960048, 0.66204792, 0.66553652, 0.64865458, 0.66114748]",7,0,0,0,1,1ed82cf0b277e7cddfc707361f1095864a60ea31ce992815a9e6f3a67bce6eb5,ef9f27141658502ed1cce3a9b2f8c98443b6bbdea16cb1e1dff03c7ce07b1cb1,2026-08-06T20:59:05.531981+00:00
Q317,attribute,R1500,DENSE_BM25_RRF,"['R1500-0571', 'R1500-0572', 'R1500-0071', 'R1500-0573', 'R1500-0067', 'R1500-0075', 'R1500-0065', 'R1500-0066', 'R1500-0078', 'R1500-0070']","[0.70562375, 0.63378978, 0.63235807, 0.62260532, 0.62466359, 0.62778264, 0.62323028, 0.61896396, 0.63970912, 0.61419344]",3,0,1,1,1,ba6fab909a13e43c3dc7d2a817fd734689fef91454a869cdbcb42e4442e2e29d,ef9f27141658502ed1cce3a9b2f8c98443b6bbdea16cb1e1dff03c7ce07b1cb1,2026-08-06T20:59:05.535738+00:00
Q318,price,R1500,DENSE_BM25_RRF,"['R1500-0619', 'R1500-0608', 'R1500-0621', 'R1500-0593', 'R1500-0615', 'R1500-0624', 'R1500-0623', 'R1500-0617', 'R1500-0051', 'R1500-0618']","[0.60103488, 0.56960452, 0.58264828, 0.58259106, 0.56580853, 0.5760392, 0.54797792, 0.53078765, 0.54635906, 0.58777928]",2,0,1,1,1,92f8ec3f3435248a219b9d6736a7f4a1cb9deeac6cb6aeed69824897bee310aa,ef9f27141658502ed1cce3a9b2f8c98443b6bbdea16cb1e1dff03c7ce07b1cb1,2026-08-06T20:59:05.540364+00:00
Q319,price,R1500,DENSE_BM25_RRF,"['R1500-0652', 'R1500-0146', 'R1500-0145', 'R1500-0147', 'R1500-0637', 'R1500-0640', 'R1500-0639', 'R1500-0636', 'R1500-0631', 'R1500-0509']","[0.67515874, 0.70655096, 0.64792228, 0.55986893, 0.57403451, 0.56248951, 0.55269682, 0.55805832, 0.56495595, 0.59861511]",1,1,1,1,1,ccbc31df63fe0a20061ab173367cc2f8722d9d800dce313685334c90568c7a9a,ef9f27141658502ed1cce3a9b2f8c98443b6bbdea16cb1e1dff03c7ce07b1cb1,2026-08-06T20:59:05.544005+00:00
Q320,attribute,R1500,DENSE_BM25_RRF,"['R1500-0597', 'R1500-0604', 'R1500-0593', 'R1500-0035', 'R1500-0619', 'R1500-0030', 'R1500-0592', 'R1500-0601', 'R1500-0622', 'R1500-0027']","[0.57840246, 0.55500942, 0.53103518, 0.54441082, 0.54874444, 0.54966044, 0.53012598, 0.52412552, 0.52977264, 0.53636062]",1,1,1,1,1,c27701da65ba58e03d85402f60fd2fe18eca8e15b9d1b0fc54e85bba1115b71f,ef9f27141658502ed1cce3a9b2f8c98443b6bbdea16cb1e1dff03c7ce07b1cb1,2026-08-06T20:59:05.547009+00:00
Q321,price,R1500,DENSE_BM25_RRF,"['R1500-0187', 'R1500-0213', 'R1500-0188', 'R1500-0214', 'R1500-0190', 'R1500-0186', 'R1500-0189', 'R1500-0191', 'R1500-0215', 'R1500-0216']","[0.66836548, 0.66005075, 0.6578089, 0.65768784, 0.64428347, 0.66423166, 0.6480152, 0.62616229, 0.64121079, 0.64395976]",1,1,1,1,1,f1b63e98252d9dcd35e3d30d29cc67608f101d47cfb9ed148ad239f5839a4824,ef9f27141658502ed1cce3a9b2f8c98443b6bbdea16cb1e1dff03c7ce07b1cb1,2026-08-06T20:59:05.548194+00:00
Q322,attribute,R1500,DENSE_BM25_RRF,"['R1500-0646', 'R1500-0644', 'R1500-0186', 'R1500-0154', 'R1500-0647', 'R1500-0648', 'R1500-0480', 'R1500-0773', 'R1500-0744', 'R1500-0762']","[0.67196763, 0.59111577, 0.53042108, 0.56903863, 0.52495658, 0.51416081, 0.50496697, 0.51470196, 0.50349742, 0.50020671]",,0,0,0,0,3d5e36b6048732ac450c2ff0856b49d8d9c79e8164977c74b95bb2c7a7415900,ef9f27141658502ed1cce3a9b2f8c98443b6bbdea16cb1e1dff03c7ce07b1cb1,2026-08-06T20:59:05.556130+00:00
Q323,price,R1500,DENSE_BM25_RRF,"['R1500-0031', 'R1500-0619', 'R1500-0621', 'R1500-0032', 'R1500-0593', 'R1500-0620', 'R1500-0045', 'R1500-0034', 'R1500-0624', 'R1500-0614']","[0.50964093, 0.4749189, 0.46232688, 0.44755536, 0.46685654, 0.44854695, 0.4406215, 0.4496502, 0.45988131, 0.45263425]",1,1,1,1,1,4d0bb0a73f0a0d34558175f33b3f3cab7bdd923ccf8cf6102c3a0a23a1012e83,ef9f27141658502ed1cce3a9b2f8c98443b6bbdea16cb1e1dff03c7ce07b1cb1,2026-08-06T20:59:05.557762+00:00
Q324,attribute,R1500,DENSE_BM25_RRF,"['R1500-0373', 'R1500-0371', 'R1500-0368', 'R1500-0370', 'R1500-0380', 'R1500-0377', 'R1500-0376', 'R1500-0375', 'R1500-0369', 'R1500-0378']","[0.70028079, 0.68468094, 0.67579174, 0.65474451, 0.6686458, 0.64840925, 0.63663912, 0.63761926, 0.62842441, 0.63967085]",3,0,1,1,1,b2e523f499cdaf1579f95302a59781eb8b1407aad26b46f7741b4380d5f8a663,ef9f27141658502ed1cce3a9b2f8c98443b6bbdea16cb1e1dff03c7ce07b1cb1,2026-08-06T20:59:05.560567+00:00
Q325,price,R1500,DENSE_BM25_RRF,"['R1500-0668', 'R1500-0670', 'R1500-0677', 'R1500-0678', 'R1500-0669', 'R1500-0680', 'R1500-0679', 'R1500-0711', 'R1500-0712', 'R1500-0667']","[0.58822322, 0.59508663, 0.59649462, 0.57916766, 0.57027406, 0.5742718, 0.55318451, 0.54438049, 0.53580427, 0.56107831]",5,0,0,1,1,10010cb369645ed3049e85cbaf2f75f49f6d8cdf078ecc2c87ffd924807e3ddd,ef9f27141658502ed1cce3a9b2f8c98443b6bbdea16cb1e1dff03c7ce07b1cb1,2026-08-06T20:59:05.565058+00:00
Q326,attribute,R1500,DENSE_BM25_RRF,"['R1500-0056', 'R1500-0055', 'R1500-0139', 'R1500-0053', 'R1500-0054', 'R1500-0138', 'R1500-0057', 'R1500-0086', 'R1500-0052', 'R1500-0550']","[0.65415448, 0.61130297, 0.5906809, 0.576666, 0.61238682, 0.5739212, 0.55234009, 0.5715782, 0.55619973, 0.55852228]",1,1,1,1,1,8c86d8535ab4aeea0f263db9eccb8493d84f00b48fcb513672849ff467689851,ef9f27141658502ed1cce3a9b2f8c98443b6bbdea16cb1e1dff03c7ce07b1cb1,2026-08-06T20:59:05.570304+00:00
Q327,attribute,R1500,DENSE_BM25_RRF,"['R1500-0177', 'R1500-0174', 'R1500-0175', 'R1500-0176', 'R1500-0770', 'R1500-0773', 'R1500-0372', 'R1500-0171', 'R1500-0759', 'R1500-0375']","[0.60988206, 0.60444689, 0.56700158, 0.56826723, 0.48437259, 0.56361318, 0.40671939, 0.55525625, 0.55503297, 0.39326307]",2,0,1,1,1,bdaff64d53de2fb82eab86e212d77c57ee3b80e9be7f0379e1b687b215b3cb5f,ef9f27141658502ed1cce3a9b2f8c98443b6bbdea16cb1e1dff03c7ce07b1cb1,2026-08-06T20:59:05.577174+00:00
Q328,attribute,R1500,DENSE_BM25_RRF,"['R1500-0598', 'R1500-0599', 'R1500-0596', 'R1500-0600', 'R1500-0595', 'R1500-0615', 'R1500-0601', 'R1500-0611', 'R1500-0597', 'R1500-0616']","[0.56878066, 0.54075062, 0.52306324, 0.52284437, 0.50957996, 0.50199592, 0.47853827, 0.50686848, 0.49111354, 0.50845039]",6,0,0,0,1,f602f76ac7b7051f5f90e86abb47b97a2004259d349a67e849e4becf972b7597,ef9f27141658502ed1cce3a9b2f8c98443b6bbdea16cb1e1dff03c7ce07b1cb1,2026-08-06T20:59:05.582081+00:00
Q329,attribute,R1500,DENSE_BM25_RRF,"['R1500-0431', 'R1500-0362', 'R1500-0723', 'R1500-0373', 'R1500-0349', 'R1500-0344', 'R1500-0346', 'R1500-0363', 'R1500-0432', 'R1500-0720']","[0.6275419, 0.59927589, 0.59140313, 0.59054434, 0.63579589, 0.63221097, 0.63149452, 0.58595258, 0.61107278, 0.58636349]",,0,0,0,0,1e7616508b32f2d818c0d9dc9fc6287471702286e642c6482b50983e1904112d,ef9f27141658502ed1cce3a9b2f8c98443b6bbdea16cb1e1dff03c7ce07b1cb1,2026-08-06T20:59:05.587145+00:00
Q330,price,R1500,DENSE_BM25_RRF,"['R1500-0621', 'R1500-0620', 'R1500-0029', 'R1500-0051', 'R1500-0616', 'R1500-0612', 'R1500-0604', 'R1500-0594', 'R1500-0624', 'R1500-0619']","[0.59560019, 0.58088809, 0.57132339, 0.57864076, 0.59960836, 0.54707044, 0.55436504, 0.56631804, 0.59943229, 0.5994392]",,0,0,0,0,ae8cf346d2a1316693d34e15959eae354fccdd0362a40d9c532dcf2cbca9aad6,ef9f27141658502ed1cce3a9b2f8c98443b6bbdea16cb1e1dff03c7ce07b1cb1,2026-08-06T20:59:05.591921+00:00
Q331,price,R1500,DENSE_BM25_RRF,"['R1500-0216', 'R1500-0214', 'R1500-0190', 'R1500-0304', 'R1500-0187', 'R1500-0188', 'R1500-0305', 'R1500-0215', 'R1500-0189', 'R1500-0213']","[0.63403368, 0.613446, 0.63639051, 0.60452437, 0.60612893, 0.61319053, 0.57224429, 0.60014725, 0.59661537, 0.60368961]",1,1,1,1,1,064ba5a4ffc5eb3e1d39fca584f4d6821134e7ddb30853aa488b39b839d7f0db,ef9f27141658502ed1cce3a9b2f8c98443b6bbdea16cb1e1dff03c7ce07b1cb1,2026-08-06T20:59:05.593679+00:00
Q332,attribute,R1500,DENSE_BM25_RRF,"['R1500-0593', 'R1500-0022', 'R1500-0624', 'R1500-0619', 'R1500-0034', 'R1500-0621', 'R1500-0611', 'R1500-0031', 'R1500-0051', 'R1500-0622']","[0.62748539, 0.59654057, 0.58237249, 0.59347355, 0.58537495, 0.58233786, 0.57056773, 0.58423585, 0.57638001, 0.57781231]",,0,0,0,0,b141b73621c5dc5c3f41ebc83ae431143c3f43769f378d87896282c69a0ab41f,ef9f27141658502ed1cce3a9b2f8c98443b6bbdea16cb1e1dff03c7ce07b1cb1,2026-08-06T20:59:05.597868+00:00
Q333,attribute,R1500,DENSE_BM25_RRF,"['R1500-0618', 'R1500-0619', 'R1500-0616', 'R1500-0621', 'R1500-0615', 'R1500-0030', 'R1500-0617', 'R1500-0046', 'R1500-0049', 'R1500-0027']","[0.59531832, 0.58908087, 0.58825362, 0.58196127, 0.54961294, 0.55619097, 0.54365146, 0.53381979, 0.56760412, 0.55864406]",1,1,1,1,1,c30c6896315e8906bed6039d7b60d2ecd2901861d1e5c5c5d942a67ed26287c0,ef9f27141658502ed1cce3a9b2f8c98443b6bbdea16cb1e1dff03c7ce07b1cb1,2026-08-06T20:59:05.601794+00:00
Q334,price,R1500,DENSE_BM25_RRF,"['R1500-0060', 'R1500-0059', 'R1500-0061', 'R1500-0057', 'R1500-0651', 'R1500-0062', 'R1500-0058', 'R1500-0152', 'R1500-0052', 'R1500-0630']","[0.60844421, 0.57997203, 0.54116791, 0.53249347, 0.49973908, 0.52420139, 0.5018127, 0.48542529, 0.48492968, 0.49211028]",1,1,1,1,1,a3a6a3682125315db8eb859a6d011c3855fae10fc5196f6a30a32b8b8ed07371,ef9f27141658502ed1cce3a9b2f8c98443b6bbdea16cb1e1dff03c7ce07b1cb1,2026-08-06T20:59:05.604756+00:00
Q335,price,R1500,DENSE_BM25_RRF,"['R1500-0645', 'R1500-0636', 'R1500-0691', 'R1500-0543', 'R1500-0326', 'R1500-0578', 'R1500-0632', 'R1500-0321', 'R1500-0708', 'R1500-0318']","[0.40356609, 0.41895932, 0.39908367, 0.44630772, 0.35196394, 0.43852729, 0.43839377, 0.37961334, 0.43617225, 0.35166323]",5,0,0,1,1,f5843abd97c45706725337ecc3c8d53d63c19e38f5d1611183c22debc8574002,ef9f27141658502ed1cce3a9b2f8c98443b6bbdea16cb1e1dff03c7ce07b1cb1,2026-08-06T20:59:05.609305+00:00
Q336,attribute,R1500,DENSE_BM25_RRF,"['R1500-0130', 'R1500-0131', 'R1500-0086', 'R1500-0125', 'R1500-0122', 'R1500-0121', 'R1500-0111', 'R1500-0141', 'R1500-0134', 'R1500-0124']","[0.57163137, 0.59921658, 0.56469321, 0.5614022, 0.60577166, 0.58185208, 0.57980847, 0.64974165, 0.57418549, 0.58777952]",,0,0,0,0,a69e1b5cfdae06ac247198c0166e7b97f9d18f13fe172c209e6acdcca196f898,ef9f27141658502ed1cce3a9b2f8c98443b6bbdea16cb1e1dff03c7ce07b1cb1,2026-08-06T20:59:05.614759+00:00
Q337,price,R1500,DENSE_BM25_RRF,"['R1500-0664', 'R1500-0702', 'R1500-0705', 'R1500-0510', 'R1500-0667', 'R1500-0700', 'R1500-0448', 'R1500-0699', 'R1500-0666', 'R1500-0714']","[0.68037409, 0.63801306, 0.63278878, 0.62642729, 0.61771393, 0.63910735, 0.62414598, 0.62024176, 0.60665709, 0.62032211]",1,1,1,1,1,e5bd21345b6ba19e7c972dfb0898121288746c0e31027334f99a291b2927aaeb,ef9f27141658502ed1cce3a9b2f8c98443b6bbdea16cb1e1dff03c7ce07b1cb1,2026-08-06T20:59:05.617150+00:00
Q338,attribute,R1500,DENSE_BM25_RRF,"['R1500-0652', 'R1500-0146', 'R1500-0145', 'R1500-0147', 'R1500-0762', 'R1500-0761', 'R1500-0165', 'R1500-0010', 'R1500-0309', 'R1500-0186']","[0.67613983, 0.73145729, 0.65543926, 0.58899546, 0.54666531, 0.54999763, 0.5851748, 0.49287909, 0.58332634, 0.57632524]",1,1,1,1,1,1b07423bb3ab53a586d15422cba5524c7cd700394f04a3521937ec67c22cf222,ef9f27141658502ed1cce3a9b2f8c98443b6bbdea16cb1e1dff03c7ce07b1cb1,2026-08-06T20:59:05.622252+00:00
Q339,attribute,R1500,DENSE_BM25_RRF,"['R1500-0554', 'R1500-0646', 'R1500-0134', 'R1500-0553', 'R1500-0644', 'R1500-0133', 'R1500-0550', 'R1500-0321', 'R1500-0107', 'R1500-0556']","[0.6122582, 0.55527741, 0.54255962, 0.53672689, 0.57039493, 0.52065921, 0.5306803, 0.52498698, 0.50494468, 0.52393615]",4,0,0,1,1,7c7d59e058953de1096feabd99dd1bcceb1096932e7e67b7f0c81666e522e4d8,ef9f27141658502ed1cce3a9b2f8c98443b6bbdea16cb1e1dff03c7ce07b1cb1,2026-08-06T20:59:05.625559+00:00
Q340,price,R1500,DENSE_BM25_RRF,"['R1500-0251', 'R1500-0252', 'R1500-0250', 'R1500-0285', 'R1500-0255', 'R1500-0264', 'R1500-0288', 'R1500-0253', 'R1500-0262', 'R1500-0248']","[0.56946158, 0.56142241, 0.56939453, 0.53582793, 0.52636135, 0.55288464, 0.53905141, 0.51084399, 0.56597102, 0.51227421]",3,0,1,1,1,14eba615c0737030ff97c793fe91652569f57bc6704f93f2dd2131d3c2670c14,ef9f27141658502ed1cce3a9b2f8c98443b6bbdea16cb1e1dff03c7ce07b1cb1,2026-08-06T20:59:05.628976+00:00
Q341,attribute,R1500,DENSE_BM25_RRF,"['R1500-0623', 'R1500-0617', 'R1500-0615', 'R1500-0621', 'R1500-0604', 'R1500-0608', 'R1500-0030', 'R1500-0605', 'R1500-0618', 'R1500-0013']","[0.54948533, 0.52278018, 0.49235025, 0.48394296, 0.50141633, 0.51307672, 0.48076275, 0.48856628, 0.48402226, 0.47210106]",2,0,1,1,1,c65445c8b6b7e9b1879c1d5183b56d44e2bcda9935011efbf1d60a43cacb608a,ef9f27141658502ed1cce3a9b2f8c98443b6bbdea16cb1e1dff03c7ce07b1cb1,2026-08-06T20:59:05.632154+00:00
Q342,price,R1500,DENSE_BM25_RRF,"['R1500-0208', 'R1500-0234', 'R1500-0235', 'R1500-0207', 'R1500-0209', 'R1500-0165', 'R1500-0305', 'R1500-0212', 'R1500-0166', 'R1500-0509']","[0.68921632, 0.65870535, 0.67900878, 0.66885185, 0.66275263, 0.63448632, 0.59750652, 0.60318577, 0.64386117, 0.59648013]",2,0,1,1,1,5073ffe8dacb32fc11f42cb31a21168dc488137cb591cf5314c91a145b17214b,ef9f27141658502ed1cce3a9b2f8c98443b6bbdea16cb1e1dff03c7ce07b1cb1,2026-08-06T20:59:05.634661+00:00
Q343,attribute,R1500,DENSE_BM25_RRF,"['R1500-0712', 'R1500-0453', 'R1500-0400', 'R1500-0446', 'R1500-0664', 'R1500-0397', 'R1500-0394', 'R1500-0401', 'R1500-0454', 'R1500-0398']","[0.6603902, 0.63970792, 0.61502957, 0.6091603, 0.61170149, 0.61400163, 0.60529518, 0.60839081, 0.58520335, 0.59506083]",,0,0,0,0,805ebad3b905a7ca7e218a3f8fed2a5d3575abce918736bc7aa5c50d45ab2b79,ef9f27141658502ed1cce3a9b2f8c98443b6bbdea16cb1e1dff03c7ce07b1cb1,2026-08-06T20:59:05.637706+00:00
Q344,attribute,R1500,DENSE_BM25_RRF,"['R1500-0556', 'R1500-0553', 'R1500-0573', 'R1500-0552', 'R1500-0548', 'R1500-0562', 'R1500-0547', 'R1500-0101', 'R1500-0065', 'R1500-0621']","[0.57003069, 0.55209047, 0.58872676, 0.54729724, 0.54758358, 0.56614286, 0.53911817, 0.54525769, 0.53179437, 0.53928983]",,0,0,0,0,493739218c413b7ea79c5e6879fe3354d8c69dac607436ec965d35285bddba15,ef9f27141658502ed1cce3a9b2f8c98443b6bbdea16cb1e1dff03c7ce07b1cb1,2026-08-06T20:59:05.642402+00:00
Q345,attribute,R1500,DENSE_BM25_RRF,"['R1500-0030', 'R1500-0616', 'R1500-0594', 'R1500-0620', 'R1500-0593', 'R1500-0604', 'R1500-0085', 'R1500-0029', 'R1500-0615', 'R1500-0605']","[0.58967483, 0.60192657, 0.58291936, 0.55187649, 0.54629338, 0.58556831, 0.55032146, 0.54567277, 0.54178691, 0.5393908]",1,1,1,1,1,43adda0ff8ce5038cf2c2fa334b0356e39e2d7cde0f2524039565db817752413,ef9f27141658502ed1cce3a9b2f8c98443b6bbdea16cb1e1dff03c7ce07b1cb1,2026-08-06T20:59:05.652511+00:00
Q346,price,R1500,DENSE_BM25_RRF,"['R1500-0158', 'R1500-0157', 'R1500-0562', 'R1500-0642', 'R1500-0630', 'R1500-0017', 'R1500-0192', 'R1500-0400', 'R1500-0173', 'R1500-0016']","[0.54806519, 0.52823365, 0.49961126, 0.50098962, 0.50402951, 0.48883325, 0.52274835, 0.34933499, 0.51180017, 0.46108422]",2,0,1,1,1,c0ac538fa569d1480d1775e748ef864689c35df8834fcb35cb0704e1c558f907,ef9f27141658502ed1cce3a9b2f8c98443b6bbdea16cb1e1dff03c7ce07b1cb1,2026-08-06T20:59:05.655466+00:00
Q347,attribute,R1500,DENSE_BM25_RRF,"['R1500-0612', 'R1500-0613', 'R1500-0614', 'R1500-0619', 'R1500-0051', 'R1500-0031', 'R1500-0624', 'R1500-0625', 'R1500-0029', 'R1500-0621']","[0.671826, 0.65030479, 0.60706842, 0.58940077, 0.57217348, 0.59116936, 0.54985756, 0.55206907, 0.56128156, 0.54944956]",1,1,1,1,1,8c2892c728e2cff288754576f03f94f956e5e37dd47e2ae68672e54cb3f81f1a,ef9f27141658502ed1cce3a9b2f8c98443b6bbdea16cb1e1dff03c7ce07b1cb1,2026-08-06T20:59:05.662341+00:00
Q348,attribute,R1500,DENSE_BM25_RRF,"['R1500-0769', 'R1500-0059', 'R1500-0761', 'R1500-0768', 'R1500-0763', 'R1500-0771', 'R1500-0773', 'R1500-0651', 'R1500-0774', 'R1500-0060']","[0.52893054, 0.51678771, 0.50436121, 0.49453738, 0.48170143, 0.48586622, 0.53383225, 0.47777253, 0.52106023, 0.47061241]",1,1,1,1,1,0c48093325940ecca8317504060443ea1d0ecfa7e80486c9d98c5b0940d9e738,ef9f27141658502ed1cce3a9b2f8c98443b6bbdea16cb1e1dff03c7ce07b1cb1,2026-08-06T20:59:05.669867+00:00
Q349,price,R1500,DENSE_BM25_RRF,"['R1500-0711', 'R1500-0667', 'R1500-0712', 'R1500-0710', 'R1500-0679', 'R1500-0446', 'R1500-0673', 'R1500-0670', 'R1500-0678', 'R1500-0713']","[0.65175903, 0.61686838, 0.59958899, 0.59751993, 0.60911143, 0.59551501, 0.59643221, 0.59371662, 0.58490729, 0.588036]",1,1,1,1,1,596b9c57e65eef19225361de3f4707ac99f662f4273057473e05c782d3a1af65,ef9f27141658502ed1cce3a9b2f8c98443b6bbdea16cb1e1dff03c7ce07b1cb1,2026-08-06T20:59:05.676688+00:00
Q350,attribute,R1500,DENSE_BM25_RRF,"['R1500-0623', 'R1500-0617', 'R1500-0608', 'R1500-0538', 'R1500-0039', 'R1500-0619', 'R1500-0618', 'R1500-0045', 'R1500-0621', 'R1500-0615']","[0.56031966, 0.54364038, 0.5489282, 0.55219555, 0.54350245, 0.56064302, 0.52162254, 0.51868999, 0.53685498, 0.51539427]",2,0,1,1,1,e803b6c0ae62d49711f5717aae17bef72d044bf77414e23b5ae8de1f0e162960,ef9f27141658502ed1cce3a9b2f8c98443b6bbdea16cb1e1dff03c7ce07b1cb1,2026-08-06T20:59:05.682907+00:00
Q351,price,R1500,DENSE_BM25_RRF,"['R1500-0593', 'R1500-0624', 'R1500-0614', 'R1500-0051', 'R1500-0613', 'R1500-0617', 'R1500-0619', 'R1500-0621', 'R1500-0616', 'R1500-0620']","[0.46643656, 0.45458677, 0.44311255, 0.43540603, 0.42628369, 0.4150762, 0.44294244, 0.41485047, 0.41975582, 0.40979299]",1,1,1,1,1,fb76b6ce6a99ac43c0e4dff11c6fa0e4bbeb3041b4eddf709ae3cf1d466bbae5,ef9f27141658502ed1cce3a9b2f8c98443b6bbdea16cb1e1dff03c7ce07b1cb1,2026-08-06T20:59:05.688033+00:00
Q352,attribute,R1500,DENSE_BM25_RRF,"['R1500-0731', 'R1500-0730', 'R1500-0479', 'R1500-0476', 'R1500-0495', 'R1500-0344', 'R1500-0367', 'R1500-0349', 'R1500-0694', 'R1500-0343']","[0.63485396, 0.58630764, 0.5765177, 0.55904835, 0.5575096, 0.59351575, 0.58903158, 0.58801818, 0.51478058, 0.58795512]",,0,0,0,0,140d1703c4240edc7070153af6b42e01513c36e6cc39a898ef1954580508b61a,ef9f27141658502ed1cce3a9b2f8c98443b6bbdea16cb1e1dff03c7ce07b1cb1,2026-08-06T20:59:05.702123+00:00
Q353,price,R1500,DENSE_BM25_RRF,"['R1500-0241', 'R1500-0243', 'R1500-0245', 'R1500-0244', 'R1500-0262', 'R1500-0264', 'R1500-0246', 'R1500-0242', 'R1500-0270', 'R1500-0267']","[0.56360531, 0.52576041, 0.50812709, 0.5057348, 0.53688991, 0.52477843, 0.4949615, 0.50007129, 0.50203598, 0.50258482]",7,0,0,0,1,9353f36aebb338463c468548cfed16ea6d5fd6c0b63f4eca95a752bd76617379,ef9f27141658502ed1cce3a9b2f8c98443b6bbdea16cb1e1dff03c7ce07b1cb1,2026-08-06T20:59:05.705073+00:00
Q354,attribute,R1500,DENSE_BM25_RRF,"['R1500-0617', 'R1500-0144', 'R1500-0651', 'R1500-0623', 'R1500-0652', 'R1500-0611', 'R1500-0143', 'R1500-0592', 'R1500-0615', 'R1500-0035']","[0.66349757, 0.55268288, 0.57949543, 0.54555702, 0.51077676, 0.52104306, 0.50087672, 0.4999404, 0.51857632, 0.50526851]",1,1,1,1,1,526a835f40986a130603147c647b1b75f7dbf35d16326e26a9ac0f654c43e397,ef9f27141658502ed1cce3a9b2f8c98443b6bbdea16cb1e1dff03c7ce07b1cb1,2026-08-06T20:59:05.709076+00:00
Q355,price,R1500,DENSE_BM25_RRF,"['R1500-0663', 'R1500-0383', 'R1500-0382', 'R1500-0661', 'R1500-0662', 'R1500-0434', 'R1500-0658', 'R1500-0438', 'R1500-0487', 'R1500-0721']","[0.63923162, 0.63986635, 0.64665651, 0.61345661, 0.61511356, 0.6213969, 0.63923645, 0.60916227, 0.58911651, 0.60129583]",1,1,1,1,1,4e11b8406d2bda16df74c03341bbeaca2d420d3665247bc637fa6bc2241a9be4,ef9f27141658502ed1cce3a9b2f8c98443b6bbdea16cb1e1dff03c7ce07b1cb1,2026-08-06T20:59:05.713219+00:00
Q356,price,R1500,DENSE_BM25_RRF,"['R1500-0049', 'R1500-0031', 'R1500-0616', 'R1500-0619', 'R1500-0620', 'R1500-0051', 'R1500-0085', 'R1500-0032', 'R1500-0593', 'R1500-0029']","[0.53091025, 0.51454127, 0.50497288, 0.53490871, 0.50392443, 0.5135498, 0.49812132, 0.50348675, 0.49273461, 0.48745906]",1,1,1,1,1,bf2c173e3a29cc93d92ab397d5d00dff78bc32ea2dfac28607bbf0a99fbf925a,ef9f27141658502ed1cce3a9b2f8c98443b6bbdea16cb1e1dff03c7ce07b1cb1,2026-08-06T20:59:05.715666+00:00
Q357,price,R1500,DENSE_BM25_RRF,"['R1500-0624', 'R1500-0625', 'R1500-0593', 'R1500-0621', 'R1500-0031', 'R1500-0619', 'R1500-0034', 'R1500-0616', 'R1500-0608', 'R1500-0622']","[0.70683825, 0.59296441, 0.60626864, 0.58724868, 0.5946281, 0.63440573, 0.56230342, 0.58335799, 0.54794127, 0.57569039]",1,1,1,1,1,1a3c1789c2e4c2a743ad96e9a0d7ee460c179ff6e34bb86a0eb8ae25ecae3d63,ef9f27141658502ed1cce3a9b2f8c98443b6bbdea16cb1e1dff03c7ce07b1cb1,2026-08-06T20:59:05.717902+00:00
Q358,price,R1500,DENSE_BM25_RRF,"['R1500-0732', 'R1500-0731', 'R1500-0552', 'R1500-0642', 'R1500-0644', 'R1500-0495', 'R1500-0475', 'R1500-0553', 'R1500-0474', 'R1500-0365']","[0.6597017, 0.63786042, 0.60722899, 0.63158381, 0.63990575, 0.60720485, 0.5838232, 0.56828052, 0.5712229, 0.5755899]",1,1,1,1,1,09841874d8aad7596937581d66a6492edc07e41a3b921c9831704de123bc167a,ef9f27141658502ed1cce3a9b2f8c98443b6bbdea16cb1e1dff03c7ce07b1cb1,2026-08-06T20:59:05.720792+00:00
Q359,attribute,R1500,DENSE_BM25_RRF,"['R1500-0367', 'R1500-0366', 'R1500-0733', 'R1500-0364', 'R1500-0495', 'R1500-0446', 'R1500-0479', 'R1500-0415', 'R1500-0416', 'R1500-0731']","[0.66686535, 0.6088444, 0.60853899, 0.60156196, 0.58533937, 0.59515905, 0.58411658, 0.5783782, 0.53166854, 0.5725441]",1,1,1,1,1,55a001a0cc227373a215992d94780bd6f1133cd9f493c9b70890a89cfc918ae4,ef9f27141658502ed1cce3a9b2f8c98443b6bbdea16cb1e1dff03c7ce07b1cb1,2026-08-06T20:59:05.725704+00:00
Q360,attribute,R1500,DENSE_BM25_RRF,"['R1500-0071', 'R1500-0570', 'R1500-0072', 'R1500-0067', 'R1500-0075', 'R1500-0068', 'R1500-0070', 'R1500-0074', 'R1500-0069', 'R1500-0573']","[0.66810799, 0.63119066, 0.63553959, 0.63933802, 0.63386095, 0.61593568, 0.61913955, 0.60398173, 0.6860013, 0.61675781]",1,1,1,1,1,3a029404d90bc1ffbbdd354a5ed2528bdc48bf690c720be0c152fdb39cc78a50,ef9f27141658502ed1cce3a9b2f8c98443b6bbdea16cb1e1dff03c7ce07b1cb1,2026-08-06T20:59:05.728593+00:00
Q361,attribute,R1500,DENSE_BM25_RRF,"['R1500-0420', 'R1500-0421', 'R1500-0422', 'R1500-0419', 'R1500-0186', 'R1500-0773', 'R1500-0504', 'R1500-0759', 'R1500-0410', 'R1500-0509']","[0.6463573, 0.57345229, 0.63297105, 0.54077387, 0.54854608, 0.56614089, 0.55185628, 0.56410563, 0.52793986, 0.53734982]",1,1,1,1,1,c9385a83105777d120d375e5d1e0e498051255328865865c24238e0703a27be9,ef9f27141658502ed1cce3a9b2f8c98443b6bbdea16cb1e1dff03c7ce07b1cb1,2026-08-06T20:59:05.731876+00:00
Q362,price,R1500,DENSE_BM25_RRF,"['R1500-0600', 'R1500-0596', 'R1500-0599', 'R1500-0597', 'R1500-0601', 'R1500-0598', 'R1500-0604', 'R1500-0618', 'R1500-0595', 'R1500-0615']","[0.58939695, 0.56843078, 0.58403087, 0.56089795, 0.52722871, 0.56829524, 0.50548458, 0.50357795, 0.49901736, 0.50419486]",2,0,1,1,1,1438d3c38b64e080c8cfa9e763d70624d0d704c512916e878fe6cae143e459b6,ef9f27141658502ed1cce3a9b2f8c98443b6bbdea16cb1e1dff03c7ce07b1cb1,2026-08-06T20:59:05.733642+00:00
Q363,attribute,R1500,DENSE_BM25_RRF,"['R1500-0600', 'R1500-0030', 'R1500-0596', 'R1500-0601', 'R1500-0595', 'R1500-0622', 'R1500-0048', 'R1500-0608', 'R1500-0604', 'R1500-0603']","[0.59875357, 0.57233822, 0.54247874, 0.53646028, 0.52914441, 0.55885363, 0.58397746, 0.55418408, 0.59246314, 0.52969557]",1,1,1,1,1,24f7b84e2c31bf82918115899b203dd5dcfcb172f658b7f81ac464086879e46f,ef9f27141658502ed1cce3a9b2f8c98443b6bbdea16cb1e1dff03c7ce07b1cb1,2026-08-06T20:59:05.736720+00:00
Q364,attribute,R1500,DENSE_BM25_RRF,"['R1500-0187', 'R1500-0213', 'R1500-0214', 'R1500-0188', 'R1500-0190', 'R1500-0216', 'R1500-0215', 'R1500-0189', 'R1500-0186', 'R1500-0191']","[0.68508273, 0.68110055, 0.67851341, 0.65439647, 0.65931642, 0.65758389, 0.64803404, 0.64984876, 0.63041925, 0.62085521]",2,0,1,1,1,4a6073eb2dc32c4534635768acafcfe58a8d92ee96940ee6605b21e8437d79ca,ef9f27141658502ed1cce3a9b2f8c98443b6bbdea16cb1e1dff03c7ce07b1cb1,2026-08-06T20:59:05.738808+00:00
Q365,attribute,R1500,DENSE_BM25_RRF,"['R1500-0623', 'R1500-0144', 'R1500-0009', 'R1500-0147', 'R1500-0149', 'R1500-0035', 'R1500-0045', 'R1500-0030', 'R1500-0769', 'R1500-0094']","[0.62450302, 0.6191082, 0.57150137, 0.5995031, 0.56717885, 0.56019783, 0.58191144, 0.5778805, 0.55356514, 0.58938146]",1,1,1,1,1,866b702992b2b72d3cdad0586ec15547f0cac87bb66c30d7beb5139554b41c84,ef9f27141658502ed1cce3a9b2f8c98443b6bbdea16cb1e1dff03c7ce07b1cb1,2026-08-06T20:59:05.740925+00:00
Q366,price,R1500,DENSE_BM25_RRF,"['R1500-0330', 'R1500-0327', 'R1500-0329', 'R1500-0328', 'R1500-0543', 'R1500-0651', 'R1500-0542', 'R1500-0212', 'R1500-0113', 'R1500-0544']","[0.58134496, 0.47247362, 0.45905638, 0.45344418, 0.50139838, 0.48776039, 0.48405629, 0.48226145, 0.34146589, 0.4816547]",1,1,1,1,1,15bfd5a7dec4f6a43b24b3e3509fc6d0561130f1d1aae4c9e35d61593bd634a2,ef9f27141658502ed1cce3a9b2f8c98443b6bbdea16cb1e1dff03c7ce07b1cb1,2026-08-06T20:59:05.743416+00:00
Q367,price,R1500,DENSE_BM25_RRF,"['R1500-0624', 'R1500-0621', 'R1500-0601', 'R1500-0038', 'R1500-0619', 'R1500-0618', 'R1500-0615', 'R1500-0593', 'R1500-0617', 'R1500-0614']","[0.61695695, 0.59119368, 0.57915157, 0.58984977, 0.63273364, 0.62861192, 0.57953227, 0.60049528, 0.54751694, 0.56646168]",1,1,1,1,1,da2b584e7c1dab2e94e99bb6364850cdc26af9019ffb1f61a2b9bb7438547847,ef9f27141658502ed1cce3a9b2f8c98443b6bbdea16cb1e1dff03c7ce07b1cb1,2026-08-06T20:59:05.744922+00:00
Q368,price,R1500,DENSE_BM25_RRF,"['R1500-0488', 'R1500-0489', 'R1500-0492', 'R1500-0490', 'R1500-0491', 'R1500-0510', 'R1500-0511', 'R1500-0493', 'R1500-0509', 'R1500-0508']","[0.65463066, 0.6098792, 0.62344825, 0.6117081, 0.60312271, 0.5953058, 0.57749331, 0.57518542, 0.56902134, 0.55786395]",2,0,1,1,1,e284e429e37cb68eb5ea032aca23124dfaf8849df2f60dcb13b5d33592dd479c,ef9f27141658502ed1cce3a9b2f8c98443b6bbdea16cb1e1dff03c7ce07b1cb1,2026-08-06T20:59:05.746061+00:00
Q369,attribute,R1500,DENSE_BM25_RRF,"['R1500-0618', 'R1500-0619', 'R1500-0046', 'R1500-0030', 'R1500-0616', 'R1500-0045', 'R1500-0604', 'R1500-0615', 'R1500-0014', 'R1500-0035']","[0.55622995, 0.56198108, 0.56115329, 0.55921936, 0.56293917, 0.54952741, 0.57132041, 0.52747667, 0.53021663, 0.54596806]",1,1,1,1,1,e8147fc66a16a42feace2540dd05a626eceaac60ec9a730386a6ad4fd215cbcf,ef9f27141658502ed1cce3a9b2f8c98443b6bbdea16cb1e1dff03c7ce07b1cb1,2026-08-06T20:59:05.748851+00:00
Q370,attribute,R1500,DENSE_BM25_RRF,"['R1500-0186', 'R1500-0648', 'R1500-0181', 'R1500-0203', 'R1500-0644', 'R1500-0212', 'R1500-0738', 'R1500-0092', 'R1500-0069', 'R1500-0066']","[0.50256097, 0.50989825, 0.47612861, 0.46981269, 0.48850167, 0.48277363, 0.47711957, 0.47432101, 0.53245312, 0.5228014]",,0,0,0,0,aeb3fe328715042f4a239ca8fda9366ed5456861f2250ba8accfcf077b739383,ef9f27141658502ed1cce3a9b2f8c98443b6bbdea16cb1e1dff03c7ce07b1cb1,2026-08-06T20:59:05.750774+00:00
Q371,attribute,R1500,DENSE_BM25_RRF,"['R1500-0619', 'R1500-0618', 'R1500-0030', 'R1500-0591', 'R1500-0044', 'R1500-0026', 'R1500-0029', 'R1500-0621', 'R1500-0023', 'R1500-0038']","[0.59839594, 0.57276827, 0.55875361, 0.5334186, 0.58481234, 0.56460881, 0.54464734, 0.54855239, 0.53186291, 0.54797417]",3,0,1,1,1,0c79872e74278b132bf4fc98db800eaf44f37fb1ba0cd3f996f3afd07cdd5702,ef9f27141658502ed1cce3a9b2f8c98443b6bbdea16cb1e1dff03c7ce07b1cb1,2026-08-06T20:59:05.753348+00:00
Q372,attribute,R1500,DENSE_BM25_RRF,"['R1500-0699', 'R1500-0722', 'R1500-0451', 'R1500-0700', 'R1500-0338', 'R1500-0510', 'R1500-0335', 'R1500-0336', 'R1500-0724', 'R1500-0432']","[0.61356938, 0.60884875, 0.59058201, 0.57737529, 0.60780227, 0.58511746, 0.60632288, 0.60559243, 0.57686287, 0.58624399]",1,1,1,1,1,638ca51bd46c56c4c3c6c8a6e309ca3d00ceb545c505162d9e43955da0d96aab,ef9f27141658502ed1cce3a9b2f8c98443b6bbdea16cb1e1dff03c7ce07b1cb1,2026-08-06T20:59:05.755134+00:00
Q373,price,R1500,DENSE_BM25_RRF,"['R1500-0619', 'R1500-0608', 'R1500-0609', 'R1500-0640', 'R1500-0045', 'R1500-0636', 'R1500-0644', 'R1500-0642', 'R1500-0025', 'R1500-0031']","[0.49347913, 0.47000206, 0.45128024, 0.50458813, 0.46168363, 0.48353437, 0.46290159, 0.46221274, 0.46846801, 0.45503387]",3,0,1,1,1,607e0ef31d50c2cb5573a634cc21dc4557959de012578c9843e63a166c03690f,ef9f27141658502ed1cce3a9b2f8c98443b6bbdea16cb1e1dff03c7ce07b1cb1,2026-08-06T20:59:05.755903+00:00
Q374,attribute,R1500,DENSE_BM25_RRF,"['R1500-0571', 'R1500-0066', 'R1500-0572', 'R1500-0067', 'R1500-0078', 'R1500-0071', 'R1500-0573', 'R1500-0564', 'R1500-0075', 'R1500-0065']","[0.6885848, 0.62997484, 0.61420321, 0.61924124, 0.64600933, 0.60948199, 0.59215736, 0.6080088, 0.61010337, 0.62012732]",2,0,1,1,1,d5420d115565cf30691a47c88b3396ec2fe237c712ebd79ddc9c047955cc39e8,ef9f27141658502ed1cce3a9b2f8c98443b6bbdea16cb1e1dff03c7ce07b1cb1,2026-08-06T20:59:05.759012+00:00
Q375,price,R1500,DENSE_BM25_RRF,"['R1500-0722', 'R1500-0714', 'R1500-0719', 'R1500-0688', 'R1500-0724', 'R1500-0385', 'R1500-0723', 'R1500-0393', 'R1500-0687', 'R1500-0701']","[0.68415022, 0.64362442, 0.63681948, 0.64643049, 0.63005877, 0.65062654, 0.60746968, 0.62784767, 0.62125093, 0.62222475]",1,1,1,1,1,6c17b86ac0524ddfbaf1dadabe8a64d44092c54cb0c38859779307ccb302eb83,ef9f27141658502ed1cce3a9b2f8c98443b6bbdea16cb1e1dff03c7ce07b1cb1,2026-08-06T20:59:05.760372+00:00
Q376,price,R1500,DENSE_BM25_RRF,"['R1500-0562', 'R1500-0710', 'R1500-0308', 'R1500-0412', 'R1500-0547', 'R1500-0708', 'R1500-0552', 'R1500-0553', 'R1500-0411', 'R1500-0543']","[0.5424943, 0.44594657, 0.44402578, 0.31038508, 0.50394195, 0.44000944, 0.50327337, 0.4924823, 0.36510569, 0.49228549]",2,0,1,1,1,f4dff29942c232661e7e2bc7fca6d07997bd26ed36f234064f5e24b03ec53253,ef9f27141658502ed1cce3a9b2f8c98443b6bbdea16cb1e1dff03c7ce07b1cb1,2026-08-06T20:59:05.761327+00:00
Q377,price,R1500,DENSE_BM25_RRF,"['R1500-0552', 'R1500-0684', 'R1500-0621', 'R1500-0644', 'R1500-0551', 'R1500-0623', 'R1500-0642', 'R1500-0023', 'R1500-0604', 'R1500-0022']","[0.45418775, 0.44439012, 0.44895917, 0.4320026, 0.44466677, 0.43133819, 0.43433753, 0.43266642, 0.43200016, 0.47015965]",2,0,1,1,1,dd3048ae7ac6c5f4fe46afdf7a4d37977015df620533b4d43d69400461c34569,ef9f27141658502ed1cce3a9b2f8c98443b6bbdea16cb1e1dff03c7ce07b1cb1,2026-08-06T20:59:05.762599+00:00
Q378,price,R1500,DENSE_BM25_RRF,"['R1500-0703', 'R1500-0701', 'R1500-0704', 'R1500-0702', 'R1500-0705', 'R1500-0664', 'R1500-0706', 'R1500-0510', 'R1500-0453', 'R1500-0446']","[0.69071865, 0.71215868, 0.68734038, 0.67114282, 0.63609928, 0.67979681, 0.623483, 0.64114803, 0.61677563, 0.61391944]",1,1,1,1,1,c8ac46f7229036a8ff05c8001b94c7f02908a88502f2c3afbfcc658e1ea10887,ef9f27141658502ed1cce3a9b2f8c98443b6bbdea16cb1e1dff03c7ce07b1cb1,2026-08-06T20:59:05.764808+00:00
Q379,price,R1500,DENSE_BM25_RRF,"['R1500-0619', 'R1500-0618', 'R1500-0616', 'R1500-0621', 'R1500-0624', 'R1500-0615', 'R1500-0051', 'R1500-0617', 'R1500-0612', 'R1500-0045']","[0.63363791, 0.63039356, 0.59803873, 0.59659016, 0.62727511, 0.5639841, 0.59374934, 0.56803358, 0.57135648, 0.55759406]",2,0,1,1,1,51ee09965318aa7c1448b48edd53b310712ecb70f907f539dbf4f2b9d1e6da2b,ef9f27141658502ed1cce3a9b2f8c98443b6bbdea16cb1e1dff03c7ce07b1cb1,2026-08-06T20:59:05.766051+00:00
Q380,price,R1500,DENSE_BM25_RRF,"['R1500-0681', 'R1500-0508', 'R1500-0403', 'R1500-0404', 'R1500-0405', 'R1500-0710', 'R1500-0674', 'R1500-0708', 'R1500-0411', 'R1500-0670']","[0.64742368, 0.57610351, 0.55314612, 0.53559923, 0.52591836, 0.53612018, 0.5898512, 0.49442908, 0.49999344, 0.52285206]",1,1,1,1,1,cf3bb4c63b5d060b65f6425769b8af1a5f18f4832bba644abe14849260b23dc7,ef9f27141658502ed1cce3a9b2f8c98443b6bbdea16cb1e1dff03c7ce07b1cb1,2026-08-06T20:59:05.767398+00:00
Q381,attribute,R1500,DENSE_BM25_RRF,"['R1500-0614', 'R1500-0621', 'R1500-0613', 'R1500-0612', 'R1500-0624', 'R1500-0035', 'R1500-0620', 'R1500-0619', 'R1500-0051', 'R1500-0617']","[0.55405843, 0.56282985, 0.53404152, 0.52346933, 0.53553033, 0.51969469, 0.51485813, 0.54289973, 0.52478737, 0.50447804]",4,0,0,1,1,a9b79be1b764ecd0a50a43bcc3bd2cd0b9537d436156f4fdb1d7ec58426fff73,ef9f27141658502ed1cce3a9b2f8c98443b6bbdea16cb1e1dff03c7ce07b1cb1,2026-08-06T20:59:05.770089+00:00
Q382,price,R1500,DENSE_BM25_RRF,"['R1500-0290', 'R1500-0284', 'R1500-0292', 'R1500-0288', 'R1500-0285', 'R1500-0291', 'R1500-0289', 'R1500-0287', 'R1500-0286', 'R1500-0283']","[0.60656726, 0.55297101, 0.59973335, 0.58511758, 0.5295434, 0.55866528, 0.5740664, 0.50070918, 0.48340404, 0.47694778]",2,0,1,1,1,149f87082fb2f6fad5fe839875c29db5d2fa3a0b8f1b1560de806ea2afe88092,ef9f27141658502ed1cce3a9b2f8c98443b6bbdea16cb1e1dff03c7ce07b1cb1,2026-08-06T20:59:05.771379+00:00
Q383,attribute,R1500,DENSE_BM25_RRF,"['R1500-0326', 'R1500-0309', 'R1500-0327', 'R1500-0315', 'R1500-0310', 'R1500-0312', 'R1500-0320', 'R1500-0313', 'R1500-0317', 'R1500-0768']","[0.64964229, 0.50474453, 0.52153909, 0.4852711, 0.49937135, 0.49173841, 0.50648683, 0.49027455, 0.47197387, 0.45454127]",,0,0,0,0,41b6ce6c89fe142cd8304fca0c6921bffc2740cd851e6a8cbbd8ff80ab2bcf91,ef9f27141658502ed1cce3a9b2f8c98443b6bbdea16cb1e1dff03c7ce07b1cb1,2026-08-06T20:59:05.774649+00:00
Q384,attribute,R1500,DENSE_BM25_RRF,"['R1500-0719', 'R1500-0720', 'R1500-0385', 'R1500-0391', 'R1500-0387', 'R1500-0353', 'R1500-0393', 'R1500-0452', 'R1500-0687', 'R1500-0346']","[0.70793724, 0.6551984, 0.667153, 0.65153533, 0.65394098, 0.64426231, 0.6466434, 0.67872262, 0.6427415, 0.64404392]",1,1,1,1,1,daa9dd97919d372e33cc53449242ccc7e56a454ce443532a0a27d9c38573cff4,ef9f27141658502ed1cce3a9b2f8c98443b6bbdea16cb1e1dff03c7ce07b1cb1,2026-08-06T20:59:05.777799+00:00
Q385,attribute,R1500,DENSE_BM25_RRF,"['R1500-0091', 'R1500-0089', 'R1500-0090', 'R1500-0642', 'R1500-0088', 'R1500-0321', 'R1500-0644', 'R1500-0496', 'R1500-0759', 'R1500-0475']","[0.56829572, 0.59584236, 0.62037414, 0.55547988, 0.52928555, 0.5362798, 0.5154205, 0.52157581, 0.57339585, 0.56449175]",2,0,1,1,1,8f0dc3c19258aed162b866d6cf9a9578aafd3703caa3042117e6cd06ae9e61a4,ef9f27141658502ed1cce3a9b2f8c98443b6bbdea16cb1e1dff03c7ce07b1cb1,2026-08-06T20:59:05.780111+00:00
Q386,price,R1500,DENSE_BM25_RRF,"['R1500-0227', 'R1500-0200', 'R1500-0199', 'R1500-0232', 'R1500-0201', 'R1500-0185', 'R1500-0656', 'R1500-0304', 'R1500-0170', 'R1500-0226']","[0.48966143, 0.46821228, 0.46780604, 0.4718253, 0.47555777, 0.46310812, 0.51564842, 0.4519473, 0.51514208, 0.46102902]",8,0,0,0,1,b0de07344fd77b186a700963ddf5bb7fab9bf6eaa8311dcda642b691d107396a,ef9f27141658502ed1cce3a9b2f8c98443b6bbdea16cb1e1dff03c7ce07b1cb1,2026-08-06T20:59:05.781056+00:00
Q387,price,R1500,DENSE_BM25_RRF,"['R1500-0619', 'R1500-0031', 'R1500-0593', 'R1500-0621', 'R1500-0045', 'R1500-0620', 'R1500-0624', 'R1500-0616', 'R1500-0614', 'R1500-0622']","[0.42017519, 0.38808295, 0.42399812, 0.39991525, 0.40925124, 0.3848235, 0.41103244, 0.37182111, 0.39304686, 0.37587416]",,0,0,0,0,8f4ec93fb32faf51fc92435c12b740765e91d8abe4071d3dcf50460736128b99,ef9f27141658502ed1cce3a9b2f8c98443b6bbdea16cb1e1dff03c7ce07b1cb1,2026-08-06T20:59:05.782569+00:00
Q388,price,R1500,DENSE_BM25_RRF,"['R1500-0705', 'R1500-0706', 'R1500-0714', 'R1500-0701', 'R1500-0719', 'R1500-0704', 'R1500-0700', 'R1500-0702', 'R1500-0385', 'R1500-0666']","[0.70264769, 0.65567052, 0.66273522, 0.64725047, 0.66018844, 0.64572352, 0.67175221, 0.63043201, 0.64682764, 0.6397779]",1,1,1,1,1,95208b45a00c95041f5ed5434eb6d97188394c91697cd9a5cec6dc713790c528,ef9f27141658502ed1cce3a9b2f8c98443b6bbdea16cb1e1dff03c7ce07b1cb1,2026-08-06T20:59:05.783991+00:00
Q389,attribute,R1500,DENSE_BM25_RRF,"['R1500-0438', 'R1500-0439', 'R1500-0440', 'R1500-0437', 'R1500-0434', 'R1500-0433', 'R1500-0658', 'R1500-0435', 'R1500-0411', 'R1500-0520']","[0.64260608, 0.62706971, 0.61546087, 0.60434043, 0.5826354, 0.56721509, 0.54353935, 0.55978435, 0.5069775, 0.4969863]",1,1,1,1,1,6c970798e29e09ab03c43844c37dbb8a58238a92465ab60b42b3089d4f27a423,ef9f27141658502ed1cce3a9b2f8c98443b6bbdea16cb1e1dff03c7ce07b1cb1,2026-08-06T20:59:05.786070+00:00
Q390,attribute,R1500,DENSE_BM25_RRF,"['R1500-0194', 'R1500-0221', 'R1500-0197', 'R1500-0303', 'R1500-0222', 'R1500-0196', 'R1500-0195', 'R1500-0223', 'R1500-0224', 'R1500-0220']","[0.59503978, 0.59467173, 0.60305107, 0.62726033, 0.57144248, 0.57232028, 0.57907748, 0.57252228, 0.55934393, 0.57951611]",10,0,0,0,1,5a7571d2fb7c176cba783e7bf2706e5697f4141b8f2435938ebc41ba8741ae0b,ef9f27141658502ed1cce3a9b2f8c98443b6bbdea16cb1e1dff03c7ce07b1cb1,2026-08-06T20:59:05.787604+00:00
Q391,attribute,R1500,DENSE_BM25_RRF,"['R1500-0619', 'R1500-0035', 'R1500-0031', 'R1500-0593', 'R1500-0028', 'R1500-0046', 'R1500-0601', 'R1500-0034', 'R1500-0045', 'R1500-0030']","[0.62210643, 0.60816836, 0.62351483, 0.60331374, 0.5763675, 0.57814693, 0.56891692, 0.58337593, 0.6206376, 0.58046895]",1,1,1,1,1,d80b80599ac0c6e06505136801d7696fe215986793bad0e4a72e7a4cdafb060c,ef9f27141658502ed1cce3a9b2f8c98443b6bbdea16cb1e1dff03c7ce07b1cb1,2026-08-06T20:59:05.789838+00:00
Q392,price,R1500,DENSE_BM25_RRF,"['R1500-0711', 'R1500-0678', 'R1500-0668', 'R1500-0712', 'R1500-0667', 'R1500-0679', 'R1500-0670', 'R1500-0446', 'R1500-0710', 'R1500-0671']","[0.60599214, 0.60259426, 0.59387219, 0.59303552, 0.59932697, 0.59385026, 0.58578324, 0.59197044, 0.58260363, 0.58507228]",1,1,1,1,1,f9669c5ecc1ec8fd529a5b2a570edfb44b48f3640f6a0f75bc2702760be401d8,ef9f27141658502ed1cce3a9b2f8c98443b6bbdea16cb1e1dff03c7ce07b1cb1,2026-08-06T20:59:05.791626+00:00
Q393,attribute,R1500,DENSE_BM25_RRF,"['R1500-0097', 'R1500-0096', 'R1500-0099', 'R1500-0098', 'R1500-0496', 'R1500-0770', 'R1500-0416', 'R1500-0320', 'R1500-0310', 'R1500-0312']","[0.53107655, 0.50602967, 0.50959134, 0.48683146, 0.48977053, 0.4914645, 0.48226622, 0.50345415, 0.47571504, 0.47370949]",4,0,0,1,1,aa564320f323b166c8633d3921e26003685557ebc2a31fcecfd73ee3dae94b63,ef9f27141658502ed1cce3a9b2f8c98443b6bbdea16cb1e1dff03c7ce07b1cb1,2026-08-06T20:59:05.793524+00:00
Q394,price,R1500,DENSE_BM25_RRF,"['R1500-0460', 'R1500-0459', 'R1500-0702', 'R1500-0700', 'R1500-0706', 'R1500-0687', 'R1500-0688', 'R1500-0719', 'R1500-0385', 'R1500-0713']","[0.72092748, 0.66882682, 0.66728312, 0.66361547, 0.64372963, 0.63903391, 0.63563871, 0.66171294, 0.6601122, 0.63251013]",1,1,1,1,1,6a61635b28a1b17d635e55e2bb852d295f55aafea0d2cae948fc73ba66f59e38,ef9f27141658502ed1cce3a9b2f8c98443b6bbdea16cb1e1dff03c7ce07b1cb1,2026-08-06T20:59:05.795560+00:00
Q395,price,R1500,DENSE_BM25_RRF,"['R1500-0492', 'R1500-0488', 'R1500-0491', 'R1500-0490', 'R1500-0489', 'R1500-0510', 'R1500-0725', 'R1500-0511', 'R1500-0493', 'R1500-0507']","[0.67858386, 0.63950562, 0.62258381, 0.61884797, 0.58135593, 0.60379273, 0.578026, 0.57015491, 0.54748666, 0.54807138]",1,1,1,1,1,4cf9a81d607f5632d14f77e8da069841b632caeedb4d78db1ca2b46e4f0e43d7,ef9f27141658502ed1cce3a9b2f8c98443b6bbdea16cb1e1dff03c7ce07b1cb1,2026-08-06T20:59:05.796484+00:00
Q396,attribute,R1500,DENSE_BM25_RRF,"['R1500-0611', 'R1500-0624', 'R1500-0051', 'R1500-0595', 'R1500-0621', 'R1500-0031', 'R1500-0029', 'R1500-0610', 'R1500-0617', 'R1500-0619']","[0.61180079, 0.58174717, 0.58001888, 0.58238685, 0.58471924, 0.61436844, 0.57084668, 0.55650938, 0.56582534, 0.59708303]",8,0,0,0,1,281c3ec011136716a969d601bbba48f778a1a08ecabe5ff07fa83d7df3c60bae,ef9f27141658502ed1cce3a9b2f8c98443b6bbdea16cb1e1dff03c7ce07b1cb1,2026-08-06T20:59:05.798382+00:00
Q397,attribute,R1500,DENSE_BM25_RRF,"['R1500-0547', 'R1500-0550', 'R1500-0548', 'R1500-0552', 'R1500-0553', 'R1500-0549', 'R1500-0786', 'R1500-0768', 'R1500-0554', 'R1500-0784']","[0.63203859, 0.60963821, 0.58789676, 0.63006091, 0.58773196, 0.55778015, 0.55962545, 0.55139697, 0.6046313, 0.5992195]",6,0,0,0,1,610a41e2738b151e948a93fba49f5b434759481be17f0d0c2e4f8d2e6939e9c1,ef9f27141658502ed1cce3a9b2f8c98443b6bbdea16cb1e1dff03c7ce07b1cb1,2026-08-06T20:59:05.800407+00:00
Q398,attribute,R1500,DENSE_BM25_RRF,"['R1500-0129', 'R1500-0141', 'R1500-0552', 'R1500-0092', 'R1500-0022', 'R1500-0595', 'R1500-0106', 'R1500-0064', 'R1500-0127', 'R1500-0069']","[0.44236663, 0.39470142, 0.39444423, 0.40303025, 0.39434755, 0.45333308, 0.3710162, 0.45209748, 0.36314127, 0.45058411]",7,0,0,0,1,45f3b74d76f85f4b4d84730fbbeb987a3259ed96d6e3eea93272ac3ed5a256cb,ef9f27141658502ed1cce3a9b2f8c98443b6bbdea16cb1e1dff03c7ce07b1cb1,2026-08-06T20:59:05.802022+00:00
Q399,price,R1500,DENSE_BM25_RRF,"['R1500-0601', 'R1500-0622', 'R1500-0027', 'R1500-0621', 'R1500-0030', 'R1500-0608', 'R1500-0034', 'R1500-0593', 'R1500-0600', 'R1500-0618']","[0.6212669, 0.60351288, 0.59775054, 0.57893479, 0.56387651, 0.5641067, 0.57847214, 0.57259649, 0.5499655, 0.58867264]",2,0,1,1,1,154c8ecf125355b8f3f557d9f7e786b8512f89923e39db2efd8a480fa26a0fd3,ef9f27141658502ed1cce3a9b2f8c98443b6bbdea16cb1e1dff03c7ce07b1cb1,2026-08-06T20:59:05.803257+00:00
Q400,attribute,R1500,DENSE_BM25_RRF,"['R1500-0425', 'R1500-0426', 'R1500-0424', 'R1500-0486', 'R1500-0487', 'R1500-0423', 'R1500-0383', 'R1500-0520', 'R1500-0437', 'R1500-0182']","[0.57657921, 0.5632453, 0.56452489, 0.51589584, 0.51146948, 0.49965024, 0.50073397, 0.48307011, 0.47887403, 0.48089096]",1,1,1,1,1,419e54e52dec16379d81e9f2cbb81b178e7ae2c07fea6662a9dfa02d3b62a464,ef9f27141658502ed1cce3a9b2f8c98443b6bbdea16cb1e1dff03c7ce07b1cb1,2026-08-06T20:59:05.804942+00:00
Q401,attribute,R1500,DENSE_BM25_RRF,"['R1500-0191', 'R1500-0192', 'R1500-0218', 'R1500-0217', 'R1500-0410', 'R1500-0509', 'R1500-0409', 'R1500-0238', 'R1500-0187', 'R1500-0165']","[0.64359415, 0.64782989, 0.61102957, 0.61348695, 0.60448956, 0.55257171, 0.55007184, 0.55921543, 0.53541756, 0.53753448]",1,1,1,1,1,11a40116050b1c5811e47d39555a430279abbc679e4219232d876464778bf607,ef9f27141658502ed1cce3a9b2f8c98443b6bbdea16cb1e1dff03c7ce07b1cb1,2026-08-06T20:59:05.806601+00:00
Q402,attribute,R1500,DENSE_BM25_RRF,"['R1500-0439', 'R1500-0438', 'R1500-0440', 'R1500-0437', 'R1500-0487', 'R1500-0434', 'R1500-0382', 'R1500-0525', 'R1500-0405', 'R1500-0520']","[0.71618146, 0.65249026, 0.64966875, 0.61170125, 0.54126132, 0.57507116, 0.50887883, 0.5193457, 0.51837212, 0.49379253]",1,1,1,1,1,ab8320586a39bae1a8a9c391e96f9d5ce632827d5e5e999affa8dbb716c34ab2,ef9f27141658502ed1cce3a9b2f8c98443b6bbdea16cb1e1dff03c7ce07b1cb1,2026-08-06T20:59:05.808446+00:00
Q403,attribute,R1500,DENSE_BM25_RRF,"['R1500-0034', 'R1500-0030', 'R1500-0608', 'R1500-0604', 'R1500-0035', 'R1500-0022', 'R1500-0621', 'R1500-0013', 'R1500-0605', 'R1500-0593']","[0.58515227, 0.53109723, 0.51918769, 0.53091025, 0.54508519, 0.50812256, 0.49230132, 0.52557325, 0.50977564, 0.52641404]",2,0,1,1,1,2eb302cab2bf7cc5bd4e374de7c0b282b76f63a519925808b7fba93d14f8c648,ef9f27141658502ed1cce3a9b2f8c98443b6bbdea16cb1e1dff03c7ce07b1cb1,2026-08-06T20:59:05.810708+00:00
Q404,price,R1500,DENSE_BM25_RRF,"['R1500-0613', 'R1500-0614', 'R1500-0612', 'R1500-0619', 'R1500-0624', 'R1500-0621', 'R1500-0617', 'R1500-0029', 'R1500-0615', 'R1500-0611']","[0.65917909, 0.62146187, 0.60933745, 0.58919036, 0.58380032, 0.56035024, 0.53166509, 0.52800262, 0.54717058, 0.55749166]",1,1,1,1,1,b1b488641c16bec9a04fff656e7e54427eb864476ef1364eb0a9c19d55c3062e,ef9f27141658502ed1cce3a9b2f8c98443b6bbdea16cb1e1dff03c7ce07b1cb1,2026-08-06T20:59:05.812151+00:00
Q405,price,R1500,DENSE_BM25_RRF,"['R1500-0708', 'R1500-0552', 'R1500-0547', 'R1500-0674', 'R1500-0570', 'R1500-0709', 'R1500-0548', 'R1500-0553', 'R1500-0573', 'R1500-0571']","[0.52370501, 0.50141758, 0.4862209, 0.47759905, 0.51547194, 0.45714891, 0.47392133, 0.50416154, 0.4984116, 0.48378652]",6,0,0,0,1,16735b8426f43d10b68fd7c4476851e387cf2bb85bdc9e9bda035c3cb47ebde2,ef9f27141658502ed1cce3a9b2f8c98443b6bbdea16cb1e1dff03c7ce07b1cb1,2026-08-06T20:59:05.813678+00:00
Q406,price,R1500,DENSE_BM25_RRF,"['R1500-0485', 'R1500-0365', 'R1500-0494', 'R1500-0486', 'R1500-0416', 'R1500-0732', 'R1500-0366', 'R1500-0497', 'R1500-0480', 'R1500-0498']","[0.56883395, 0.55716097, 0.58023745, 0.55323005, 0.53342366, 0.54925656, 0.52000862, 0.54372549, 0.51478541, 0.52100468]",5,0,0,1,1,fb848346f60bc0cb889c69d8caadddae8545e1a86bba39cd8dd535daa7ef8d58,ef9f27141658502ed1cce3a9b2f8c98443b6bbdea16cb1e1dff03c7ce07b1cb1,2026-08-06T20:59:05.814975+00:00
Q407,price,R1500,DENSE_BM25_RRF,"['R1500-0085', 'R1500-0084', 'R1500-0611', 'R1500-0620', 'R1500-0621', 'R1500-0022', 'R1500-0051', 'R1500-0604', 'R1500-0029', 'R1500-0616']","[0.4872486, 0.47211841, 0.48773074, 0.44394475, 0.44462281, 0.46201456, 0.45831677, 0.4460023, 0.44051462, 0.45021641]",1,1,1,1,1,6b3a0483550703b78f0fef8956bf6559d47bb6c6ec3bfa71c682ff3918ab797d,ef9f27141658502ed1cce3a9b2f8c98443b6bbdea16cb1e1dff03c7ce07b1cb1,2026-08-06T20:59:05.816765+00:00
Q408,price,R1500,DENSE_BM25_RRF,"['R1500-0267', 'R1500-0266', 'R1500-0270', 'R1500-0265', 'R1500-0268', 'R1500-0262', 'R1500-0269', 'R1500-0254', 'R1500-0264', 'R1500-0240']","[0.5162133, 0.51544392, 0.51491547, 0.49775553, 0.49872363, 0.496391, 0.49375004, 0.47002518, 0.49998134, 0.46943569]",1,1,1,1,1,17be55ec266eb3fcf20fd7e218e6a0f51f8c013574dcebfa15db6eca5f1f5483,ef9f27141658502ed1cce3a9b2f8c98443b6bbdea16cb1e1dff03c7ce07b1cb1,2026-08-06T20:59:05.818097+00:00
Q409,price,R1500,DENSE_BM25_RRF,"['R1500-0702', 'R1500-0704', 'R1500-0703', 'R1500-0701', 'R1500-0700', 'R1500-0705', 'R1500-0699', 'R1500-0719', 'R1500-0706', 'R1500-0687']","[0.71842015, 0.65767479, 0.63876086, 0.65661037, 0.65699041, 0.63522416, 0.61094296, 0.63500655, 0.60468656, 0.61835617]",1,1,1,1,1,d3e37d4cb8dedcd11fdc1cde31bdc9230aa4d1582acf74111a13b4d3cf239ce8,ef9f27141658502ed1cce3a9b2f8c98443b6bbdea16cb1e1dff03c7ce07b1cb1,2026-08-06T20:59:05.820239+00:00
Q410,attribute,R1500,DENSE_BM25_RRF,"['R1500-0365', 'R1500-0499', 'R1500-0500', 'R1500-0494', 'R1500-0497', 'R1500-0498', 'R1500-0496', 'R1500-0416', 'R1500-0485', 'R1500-0480']","[0.60405385, 0.59642601, 0.59472221, 0.60677433, 0.59967536, 0.58705103, 0.59086686, 0.56990957, 0.56753492, 0.55205655]",,0,0,0,0,69ca23fc763dd0d1e764216b9670f8aef4baba85b11ba69f3b2b8b54476d4467,ef9f27141658502ed1cce3a9b2f8c98443b6bbdea16cb1e1dff03c7ce07b1cb1,2026-08-06T20:59:05.823361+00:00
Q411,price,R1500,DENSE_BM25_RRF,"['R1500-0601', 'R1500-0618', 'R1500-0599', 'R1500-0596', 'R1500-0597', 'R1500-0598', 'R1500-0600', 'R1500-0624', 'R1500-0619', 'R1500-0035']","[0.54299235, 0.58133161, 0.53512156, 0.53236926, 0.54994643, 0.52924722, 0.51863456, 0.57806295, 0.56087917, 0.53154898]",4,0,0,1,1,990a478cfbb944827cbb01cea2517078acb6c1b57c325b443b15c1494c6afa4e,ef9f27141658502ed1cce3a9b2f8c98443b6bbdea16cb1e1dff03c7ce07b1cb1,2026-08-06T20:59:05.824830+00:00
Q412,price,R1500,DENSE_BM25_RRF,"['R1500-0665', 'R1500-0664', 'R1500-0667', 'R1500-0701', 'R1500-0714', 'R1500-0702', 'R1500-0688', 'R1500-0705', 'R1500-0704', 'R1500-0719']","[0.64531624, 0.63671696, 0.62871492, 0.63793802, 0.60621291, 0.62410629, 0.62953871, 0.62978411, 0.62097716, 0.6080119]",1,1,1,1,1,4403f931f94a4be40f4f3b2fe8465137f37d0063138f717e092f5c93cb25a38b,ef9f27141658502ed1cce3a9b2f8c98443b6bbdea16cb1e1dff03c7ce07b1cb1,2026-08-06T20:59:05.826389+00:00
Q413,attribute,R1500,DENSE_BM25_RRF,"['R1500-0600', 'R1500-0595', 'R1500-0030', 'R1500-0601', 'R1500-0049', 'R1500-0034', 'R1500-0621', 'R1500-0591', 'R1500-0604', 'R1500-0617']","[0.56996524, 0.57272446, 0.54631341, 0.53234869, 0.5429585, 0.53175688, 0.54633939, 0.52323472, 0.55913657, 0.50825512]",3,0,1,1,1,ed4544f9a83c9e75cb293ea92c8b8340f429cb10e44cf789fb6e69c61ef77522,ef9f27141658502ed1cce3a9b2f8c98443b6bbdea16cb1e1dff03c7ce07b1cb1,2026-08-06T20:59:05.829502+00:00
Q414,price,R1500,DENSE_BM25_RRF,"['R1500-0619', 'R1500-0045', 'R1500-0051', 'R1500-0552', 'R1500-0622', 'R1500-0614', 'R1500-0621', 'R1500-0031', 'R1500-0029', 'R1500-0544']","[0.50782943, 0.45725286, 0.44494665, 0.47033346, 0.45021296, 0.46538147, 0.45077997, 0.44883788, 0.4446274, 0.45832583]",,0,0,0,0,358f874b3d0ffbfa7c191852b41a429a6495a6383421176a3d252344b00f6598,ef9f27141658502ed1cce3a9b2f8c98443b6bbdea16cb1e1dff03c7ce07b1cb1,2026-08-06T20:59:05.830625+00:00
Q415,price,R1500,DENSE_BM25_RRF,"['R1500-0084', 'R1500-0085', 'R1500-0620', 'R1500-0594', 'R1500-0610', 'R1500-0030', 'R1500-0033', 'R1500-0621', 'R1500-0611', 'R1500-0605']","[0.54507637, 0.53555477, 0.55928826, 0.51615906, 0.52734554, 0.50343907, 0.52252448, 0.53582865, 0.5351584, 0.49829036]",1,1,1,1,1,987d5cd49b26432baedff5e28ff8a6be7b4063f8fbac8d9411311cfa3ad57992,ef9f27141658502ed1cce3a9b2f8c98443b6bbdea16cb1e1dff03c7ce07b1cb1,2026-08-06T20:59:05.832232+00:00
Q416,price,R1500,DENSE_BM25_RRF,"['R1500-0557', 'R1500-0562', 'R1500-0586', 'R1500-0589', 'R1500-0077', 'R1500-0588', 'R1500-0575', 'R1500-0076', 'R1500-0590', 'R1500-0074']","[0.51869512, 0.53581285, 0.4780781, 0.48970097, 0.49019456, 0.46869534, 0.49045324, 0.46689603, 0.50928783, 0.46876046]",1,1,1,1,1,7014b5e4858eb21b4207f8dd451dc91fa9a245e2732e254f53113012ae634822,ef9f27141658502ed1cce3a9b2f8c98443b6bbdea16cb1e1dff03c7ce07b1cb1,2026-08-06T20:59:05.833117+00:00
Q417,attribute,R1500,DENSE_BM25_RRF,"['R1500-0126', 'R1500-0129', 'R1500-0130', 'R1500-0127', 'R1500-0128', 'R1500-0107', 'R1500-0114', 'R1500-0115', 'R1500-0125', 'R1500-0116']","[0.62588131, 0.67794299, 0.61090606, 0.59985125, 0.58486962, 0.58579803, 0.58809388, 0.56310952, 0.55476785, 0.59669769]",1,1,1,1,1,ec3b48a1b81501b2543416f6a8479b01e940c0b9171d439d3b38c6bed7b0d254,ef9f27141658502ed1cce3a9b2f8c98443b6bbdea16cb1e1dff03c7ce07b1cb1,2026-08-06T20:59:05.836753+00:00
Q418,attribute,R1500,DENSE_BM25_RRF,"['R1500-0216', 'R1500-0187', 'R1500-0189', 'R1500-0215', 'R1500-0190', 'R1500-0188', 'R1500-0214', 'R1500-0213', 'R1500-0186', 'R1500-0191']","[0.6859526, 0.6851306, 0.69254899, 0.68900454, 0.68076319, 0.68348408, 0.67960835, 0.68157077, 0.6560241, 0.66728449]",1,1,1,1,1,ea7b0a073f6efc5e0798eddf29b6ac49df66bc92f7f361e86e30da7e1c11232b,ef9f27141658502ed1cce3a9b2f8c98443b6bbdea16cb1e1dff03c7ce07b1cb1,2026-08-06T20:59:05.838666+00:00
Q419,attribute,R1500,DENSE_BM25_RRF,"['R1500-0600', 'R1500-0030', 'R1500-0601', 'R1500-0596', 'R1500-0034', 'R1500-0597', 'R1500-0604', 'R1500-0595', 'R1500-0622', 'R1500-0048']","[0.60928404, 0.57614869, 0.54876018, 0.54797971, 0.56019306, 0.5667637, 0.60543537, 0.53601599, 0.57336259, 0.58454406]",1,1,1,1,1,8ceaba495c0b470309710904416cd9dc8fc97a0fd31752ab8590ee0c0a5d501d,ef9f27141658502ed1cce3a9b2f8c98443b6bbdea16cb1e1dff03c7ce07b1cb1,2026-08-06T20:59:05.841816+00:00
Q420,price,R1500,DENSE_BM25_RRF,"['R1500-0304', 'R1500-0187', 'R1500-0190', 'R1500-0188', 'R1500-0189', 'R1500-0214', 'R1500-0215', 'R1500-0213', 'R1500-0305', 'R1500-0170']","[0.64716184, 0.63660735, 0.63034052, 0.63831925, 0.6421032, 0.63060784, 0.63545907, 0.62711334, 0.61154842, 0.66488063]",1,1,1,1,1,f082549a8161dd32d7337e072269938f4c5bbba6d1c1026dc04db054a94575cd,ef9f27141658502ed1cce3a9b2f8c98443b6bbdea16cb1e1dff03c7ce07b1cb1,2026-08-06T20:59:05.842785+00:00
Q421,attribute,R1500,DENSE_BM25_RRF,"['R1500-0488', 'R1500-0489', 'R1500-0490', 'R1500-0492', 'R1500-0491', 'R1500-0511', 'R1500-0510', 'R1500-0461', 'R1500-0493', 'R1500-0725']","[0.70810223, 0.63918614, 0.64954662, 0.66554129, 0.62810373, 0.5925895, 0.61504716, 0.54587251, 0.54220366, 0.55532825]",1,1,1,1,1,434d1af4392291b14fb05cde3ebac86810b4ac8ddf3389bf1a8e0ea4eabe7545,ef9f27141658502ed1cce3a9b2f8c98443b6bbdea16cb1e1dff03c7ce07b1cb1,2026-08-06T20:59:05.844612+00:00
Q422,price,R1500,DENSE_BM25_RRF,"['R1500-0545', 'R1500-0617', 'R1500-0540', 'R1500-0006', 'R1500-0005', 'R1500-0623', 'R1500-0736', 'R1500-0594', 'R1500-0552', 'R1500-0546']","[0.49505922, 0.48025274, 0.46518326, 0.46206594, 0.46831873, 0.48602831, 0.45153797, 0.46343482, 0.49254724, 0.48891479]",4,0,0,1,1,9488f58a4a578a54ed1c30bfdc440ad95ee9d04b1cfcb82a91e4de4d007b952d,ef9f27141658502ed1cce3a9b2f8c98443b6bbdea16cb1e1dff03c7ce07b1cb1,2026-08-06T20:59:05.846840+00:00
Q423,attribute,R1500,DENSE_BM25_RRF,"['R1500-0080', 'R1500-0079', 'R1500-0081', 'R1500-0604', 'R1500-0594', 'R1500-0616', 'R1500-0030', 'R1500-0029', 'R1500-0611', 'R1500-0048']","[0.70561802, 0.58358741, 0.51638722, 0.54002035, 0.57041138, 0.54896456, 0.52982736, 0.4996137, 0.51126993, 0.52225155]",1,1,1,1,1,f0b7f9a1ec581ab6c5a1e9b93e8c113812203ecff0bc970d2edc5450f3380643,ef9f27141658502ed1cce3a9b2f8c98443b6bbdea16cb1e1dff03c7ce07b1cb1,2026-08-06T20:59:05.849574+00:00
Q424,attribute,R1500,DENSE_BM25_RRF,"['R1500-0719', 'R1500-0720', 'R1500-0714', 'R1500-0484', 'R1500-0687', 'R1500-0393', 'R1500-0354', 'R1500-0455', 'R1500-0332', 'R1500-0368']","[0.72167933, 0.66683441, 0.65968817, 0.66449928, 0.64581776, 0.66861439, 0.63952661, 0.64850509, 0.63695729, 0.63026965]",1,1,1,1,1,e5ca3b6cba42fd565dcecf35a3eea08b0fd90d8c3a4ee55a59095dca55386507,ef9f27141658502ed1cce3a9b2f8c98443b6bbdea16cb1e1dff03c7ce07b1cb1,2026-08-06T20:59:05.852771+00:00
Q425,attribute,R1500,DENSE_BM25_RRF,"['R1500-0005', 'R1500-0540', 'R1500-0006', 'R1500-0538', 'R1500-0637', 'R1500-0633', 'R1500-0639', 'R1500-0636', 'R1500-0142', 'R1500-0229']","[0.6626749, 0.59821832, 0.55696118, 0.51134759, 0.5130558, 0.5049715, 0.50267261, 0.5207082, 0.48451674, 0.48935893]",2,0,1,1,1,968713910b30d6285ac3d288c6efa4e72de3bf7343e8ed9737b4693adcf6857b,ef9f27141658502ed1cce3a9b2f8c98443b6bbdea16cb1e1dff03c7ce07b1cb1,2026-08-06T20:59:05.854883+00:00
Q426,attribute,R1500,DENSE_BM25_RRF,"['R1500-0392', 'R1500-0391', 'R1500-0393', 'R1500-0390', 'R1500-0389', 'R1500-0387', 'R1500-0385', 'R1500-0386', 'R1500-0388', 'R1500-0384']","[0.69552875, 0.697662, 0.69155228, 0.67947495, 0.68503392, 0.68588895, 0.69265842, 0.65600544, 0.65218329, 0.6591531]",1,1,1,1,1,cd88cf326289913faae3db527cf6609e38fcc2bbf77ac30602b4226eda266d86,ef9f27141658502ed1cce3a9b2f8c98443b6bbdea16cb1e1dff03c7ce07b1cb1,2026-08-06T20:59:05.857939+00:00
Q427,price,R1500,DENSE_BM25_RRF,"['R1500-0600', 'R1500-0601', 'R1500-0618', 'R1500-0595', 'R1500-0596', 'R1500-0603', 'R1500-0622', 'R1500-0619', 'R1500-0624', 'R1500-0621']","[0.60185301, 0.58264148, 0.5819627, 0.55912626, 0.55958354, 0.56650007, 0.57869589, 0.59212637, 0.54796553, 0.56568277]",1,1,1,1,1,b5e2e4f03eb164cae46197e32142bd1aa2baf62b84df4445364296c7b0ceb646,ef9f27141658502ed1cce3a9b2f8c98443b6bbdea16cb1e1dff03c7ce07b1cb1,2026-08-06T20:59:05.859901+00:00
Q428,price,R1500,DENSE_BM25_RRF,"['R1500-0725', 'R1500-0714', 'R1500-0693', 'R1500-0385', 'R1500-0691', 'R1500-0490', 'R1500-0724', 'R1500-0719', 'R1500-0491', 'R1500-0690']","[0.61801422, 0.56549239, 0.53764343, 0.54461575, 0.52768809, 0.54626739, 0.54285604, 0.52000225, 0.52927774, 0.52551663]",1,1,1,1,1,8ac858ebd6439fa9fda0a9912ae1912f629a7eccc1b22908aea95673a1c168d3,ef9f27141658502ed1cce3a9b2f8c98443b6bbdea16cb1e1dff03c7ce07b1cb1,2026-08-06T20:59:05.860961+00:00
Q429,attribute,R1500,DENSE_BM25_RRF,"['R1500-0649', 'R1500-0650', 'R1500-0569', 'R1500-0568', 'R1500-0758', 'R1500-0030', 'R1500-0502', 'R1500-0570', 'R1500-0043', 'R1500-0765']","[0.57021785, 0.52220362, 0.53527224, 0.52745354, 0.52820432, 0.52013874, 0.51150995, 0.49889499, 0.52069998, 0.50275087]",2,0,1,1,1,ce6aec4df5d81b8e1ed28773ffec0a105e368ca35b61a132b930701236f5a3a1,ef9f27141658502ed1cce3a9b2f8c98443b6bbdea16cb1e1dff03c7ce07b1cb1,2026-08-06T20:59:05.863328+00:00
Q430,price,R1500,DENSE_BM25_RRF,"['R1500-0031', 'R1500-0619', 'R1500-0621', 'R1500-0620', 'R1500-0049', 'R1500-0032', 'R1500-0045', 'R1500-0593', 'R1500-0617', 'R1500-0029']","[0.53114665, 0.5275355, 0.51036572, 0.49032176, 0.45834887, 0.4687708, 0.4933849, 0.50756133, 0.46716079, 0.45148015]",10,0,0,0,1,4edd3668af8bc867b0f41e331661eda7cf8329c3d9928f9275e402a71f5c515e,ef9f27141658502ed1cce3a9b2f8c98443b6bbdea16cb1e1dff03c7ce07b1cb1,2026-08-06T20:59:05.864639+00:00
Q431,price,R1500,DENSE_BM25_RRF,"['R1500-0664', 'R1500-0702', 'R1500-0705', 'R1500-0679', 'R1500-0447', 'R1500-0510', 'R1500-0667', 'R1500-0699', 'R1500-0448', 'R1500-0714']","[0.67398989, 0.65309805, 0.65374511, 0.64361978, 0.62927961, 0.61663306, 0.61560524, 0.63715971, 0.60426635, 0.62617528]",1,1,1,1,1,8bc3ba553d16b47a22ee55939f80f71c39dc5cfa66d8901ecfb39678c01e3206,ef9f27141658502ed1cce3a9b2f8c98443b6bbdea16cb1e1dff03c7ce07b1cb1,2026-08-06T20:59:05.866134+00:00
Q432,attribute,R1500,DENSE_BM25_RRF,"['R1500-0429', 'R1500-0528', 'R1500-0529', 'R1500-0437', 'R1500-0428', 'R1500-0427', 'R1500-0381', 'R1500-0487', 'R1500-0423', 'R1500-0657']","[0.64639032, 0.56718022, 0.58546311, 0.55417109, 0.57983196, 0.57717276, 0.54975688, 0.55053049, 0.55059159, 0.5409382]",,0,0,0,0,795e91ba16384747a4305a51d34a9c075b5e42719af1947cf1bc438442dd580e,ef9f27141658502ed1cce3a9b2f8c98443b6bbdea16cb1e1dff03c7ce07b1cb1,2026-08-06T20:59:05.868085+00:00
Q433,price,R1500,DENSE_BM25_RRF,"['R1500-0603', 'R1500-0604', 'R1500-0601', 'R1500-0619', 'R1500-0045', 'R1500-0081', 'R1500-0622', 'R1500-0032', 'R1500-0049', 'R1500-0617']","[0.5855813, 0.54366982, 0.54756659, 0.54982024, 0.50582772, 0.50171423, 0.51441675, 0.50329095, 0.50410044, 0.48595661]",2,0,1,1,1,67b5e35baa7cd288b27f60272d1cb96cf230186f4223b8a0d161aef6385a6739,ef9f27141658502ed1cce3a9b2f8c98443b6bbdea16cb1e1dff03c7ce07b1cb1,2026-08-06T20:59:05.869528+00:00
Q434,attribute,R1500,DENSE_BM25_RRF,"['R1500-0158', 'R1500-0157', 'R1500-0305', 'R1500-0163', 'R1500-0159', 'R1500-0165', 'R1500-0146', 'R1500-0238', 'R1500-0160', 'R1500-0562']","[0.64962775, 0.63992023, 0.58446455, 0.57330912, 0.57742369, 0.56730711, 0.54386818, 0.52212846, 0.62908101, 0.48828655]",,0,0,0,0,e46075d0690616b6edf1aea8691a4145110abd99e3304cc57f2b1c9739bb88bc,ef9f27141658502ed1cce3a9b2f8c98443b6bbdea16cb1e1dff03c7ce07b1cb1,2026-08-06T20:59:05.871270+00:00
Q435,price,R1500,DENSE_BM25_RRF,"['R1500-0553', 'R1500-0554', 'R1500-0586', 'R1500-0133', 'R1500-0134', 'R1500-0556', 'R1500-0587', 'R1500-0552', 'R1500-0640', 'R1500-0326']","[0.52010155, 0.49608609, 0.49464363, 0.49153936, 0.47514898, 0.52514482, 0.4611986, 0.50676888, 0.50667036, 0.38056195]",1,1,1,1,1,8eb6309626904d0e284d6a1ecbda6b0df5b2883efd1d760f0e2c5b08c1e8f3b7,ef9f27141658502ed1cce3a9b2f8c98443b6bbdea16cb1e1dff03c7ce07b1cb1,2026-08-06T20:59:05.872048+00:00
Q436,attribute,R1500,DENSE_BM25_RRF,"['R1500-0031', 'R1500-0593', 'R1500-0624', 'R1500-0622', 'R1500-0046', 'R1500-0034', 'R1500-0030', 'R1500-0038', 'R1500-0619', 'R1500-0013']","[0.64103621, 0.62211615, 0.60894597, 0.61105233, 0.64519, 0.62565088, 0.60193688, 0.61781847, 0.64053643, 0.60261708]",3,0,1,1,1,05f9fbd34259e212e10f19ae2a22357d288f02fc960aeb858c830f5e55ecb597,ef9f27141658502ed1cce3a9b2f8c98443b6bbdea16cb1e1dff03c7ce07b1cb1,2026-08-06T20:59:05.874733+00:00
Q437,attribute,R1500,DENSE_BM25_RRF,"['R1500-0292', 'R1500-0290', 'R1500-0291', 'R1500-0293', 'R1500-0289', 'R1500-0288', 'R1500-0287', 'R1500-0285', 'R1500-0298', 'R1500-0284']","[0.74396026, 0.70777291, 0.67384565, 0.55734271, 0.61184806, 0.63265038, 0.58048213, 0.55724257, 0.56891507, 0.55789226]",1,1,1,1,1,c84248c448d27bb580aab7b2660b177572150455ee0c50bdccf645a01c2e2008,ef9f27141658502ed1cce3a9b2f8c98443b6bbdea16cb1e1dff03c7ce07b1cb1,2026-08-06T20:59:05.877382+00:00
Q438,price,R1500,DENSE_BM25_RRF,"['R1500-0551', 'R1500-0552', 'R1500-0623', 'R1500-0651', 'R1500-0006', 'R1500-0547', 'R1500-0550', 'R1500-0142', 'R1500-0642', 'R1500-0548']","[0.56731629, 0.55293524, 0.52733326, 0.53904581, 0.54321122, 0.54453319, 0.54053956, 0.49788126, 0.49257469, 0.52904606]",3,0,1,1,1,f755fe8a4e523d3794f10ba51fd20c738dc7129acaf300a464b169770dc5a37d,ef9f27141658502ed1cce3a9b2f8c98443b6bbdea16cb1e1dff03c7ce07b1cb1,2026-08-06T20:59:05.878396+00:00
Q439,price,R1500,DENSE_BM25_RRF,"['R1500-0151', 'R1500-0058', 'R1500-0152', 'R1500-0638', 'R1500-0630', 'R1500-0763', 'R1500-0544', 'R1500-0770', 'R1500-0543', 'R1500-0035']","[0.53727782, 0.49633351, 0.48644474, 0.45193252, 0.49216112, 0.26429817, 0.4812175, 0.40189415, 0.47960287, 0.37338918]",1,1,1,1,1,cd2036e4aa6a794c602a205e665719b223b8fcc72f34d98f8c1cd0b964ed083f,ef9f27141658502ed1cce3a9b2f8c98443b6bbdea16cb1e1dff03c7ce07b1cb1,2026-08-06T20:59:05.879496+00:00
Q440,attribute,R1500,DENSE_BM25_RRF,"['R1500-0325', 'R1500-0281', 'R1500-0283', 'R1500-0282', 'R1500-0769', 'R1500-0327', 'R1500-0773', 'R1500-0350', 'R1500-0759', 'R1500-0479']","[0.56599581, 0.52303088, 0.52178586, 0.51835829, 0.52306509, 0.51518774, 0.57073283, 0.49820411, 0.56633431, 0.49457851]",8,0,0,0,1,009452d41a4b8f9d482d52ae17c672eeb5d3052c39ae93bdce286b6d2db8b388,ef9f27141658502ed1cce3a9b2f8c98443b6bbdea16cb1e1dff03c7ce07b1cb1,2026-08-06T20:59:05.881764+00:00
Q441,price,R1500,DENSE_BM25_RRF,"['R1500-0296', 'R1500-0300', 'R1500-0298', 'R1500-0293', 'R1500-0295', 'R1500-0294', 'R1500-0299', 'R1500-0301', 'R1500-0297', 'R1500-0287']","[0.64510655, 0.65156531, 0.65406859, 0.6477918, 0.60628188, 0.6325351, 0.64368987, 0.63314617, 0.60407877, 0.56525159]",1,1,1,1,1,bda9abdd1429194a79186388d18619b478567c220196940d2ebc93448f7a6b63,ef9f27141658502ed1cce3a9b2f8c98443b6bbdea16cb1e1dff03c7ce07b1cb1,2026-08-06T20:59:05.884191+00:00
Q442,price,R1500,DENSE_BM25_RRF,"['R1500-0336', 'R1500-0337', 'R1500-0338', 'R1500-0348', 'R1500-0335', 'R1500-0334', 'R1500-0332', 'R1500-0339', 'R1500-0341', 'R1500-0393']","[0.67552614, 0.67119515, 0.66993314, 0.64474046, 0.66310674, 0.64608932, 0.6451956, 0.6473664, 0.63315064, 0.63798046]",3,0,1,1,1,f596a0ecbc8089f2fd271b9142d4a5da56d676b5924807aaed48a5f94d34f052,ef9f27141658502ed1cce3a9b2f8c98443b6bbdea16cb1e1dff03c7ce07b1cb1,2026-08-06T20:59:05.886166+00:00
Q443,price,R1500,DENSE_BM25_RRF,"['R1500-0620', 'R1500-0621', 'R1500-0616', 'R1500-0619', 'R1500-0029', 'R1500-0051', 'R1500-0085', 'R1500-0624', 'R1500-0611', 'R1500-0593']","[0.44042134, 0.43520319, 0.42489031, 0.43943685, 0.4207412, 0.43298477, 0.40285999, 0.43834618, 0.40616602, 0.41945055]",,0,0,0,0,79148fdf1e0ed93c08b15b52d9721db1320256bcef241824e26be5dd53640a0a,ef9f27141658502ed1cce3a9b2f8c98443b6bbdea16cb1e1dff03c7ce07b1cb1,2026-08-06T20:59:05.887495+00:00
Q444,attribute,R1500,DENSE_BM25_RRF,"['R1500-0006', 'R1500-0758', 'R1500-0762', 'R1500-0759', 'R1500-0552', 'R1500-0784', 'R1500-0761', 'R1500-0768', 'R1500-0009', 'R1500-0494']","[0.62635314, 0.63070953, 0.5789665, 0.57844603, 0.56801009, 0.60644066, 0.53633165, 0.54721129, 0.42530811, 0.60304856]",1,1,1,1,1,38f56472aac36a508acfd4e88fe6d6cd09beb28b82e9e25fe558abef3b91589d,ef9f27141658502ed1cce3a9b2f8c98443b6bbdea16cb1e1dff03c7ce07b1cb1,2026-08-06T20:59:05.890019+00:00
Q445,price,R1500,DENSE_BM25_RRF,"['R1500-0678', 'R1500-0669', 'R1500-0679', 'R1500-0667', 'R1500-0668', 'R1500-0670', 'R1500-0680', 'R1500-0446', 'R1500-0712', 'R1500-0447']","[0.69242585, 0.65009034, 0.59639651, 0.5892632, 0.57630056, 0.56541544, 0.57542294, 0.57421631, 0.56331134, 0.55567175]",2,0,1,1,1,a4085663e396e0874ecc9b8015f7f6e6df15203b467a982aa16fddb78eee4ad5,ef9f27141658502ed1cce3a9b2f8c98443b6bbdea16cb1e1dff03c7ce07b1cb1,2026-08-06T20:59:05.891560+00:00
Q446,price,R1500,DENSE_BM25_RRF,"['R1500-0156', 'R1500-0161', 'R1500-0164', 'R1500-0162', 'R1500-0159', 'R1500-0165', 'R1500-0155', 'R1500-0158', 'R1500-0305', 'R1500-0160']","[0.66058862, 0.62210542, 0.61316395, 0.61834049, 0.60809118, 0.59621859, 0.60650456, 0.6348533, 0.59670526, 0.61908549]",1,1,1,1,1,414efc0bf76d001428cfeed4f737ab220d252f6e9425173ec435c2d6f428dbb9,ef9f27141658502ed1cce3a9b2f8c98443b6bbdea16cb1e1dff03c7ce07b1cb1,2026-08-06T20:59:05.892621+00:00
Q447,price,R1500,DENSE_BM25_RRF,"['R1500-0368', 'R1500-0371', 'R1500-0373', 'R1500-0369', 'R1500-0370', 'R1500-0380', 'R1500-0378', 'R1500-0377', 'R1500-0379', 'R1500-0376']","[0.70612395, 0.65111065, 0.67710376, 0.6267091, 0.64146817, 0.63011807, 0.61111176, 0.61874402, 0.60642886, 0.59984463]",4,0,0,1,1,6bd0dabbab360bb94b4124a0fb29abd22c24d71944c395e38edda3a93f4a6239,ef9f27141658502ed1cce3a9b2f8c98443b6bbdea16cb1e1dff03c7ce07b1cb1,2026-08-06T20:59:05.894320+00:00
Q448,attribute,R1500,DENSE_BM25_RRF,"['R1500-0158', 'R1500-0157', 'R1500-0163', 'R1500-0305', 'R1500-0159', 'R1500-0165', 'R1500-0238', 'R1500-0146', 'R1500-0160', 'R1500-0562']","[0.66226327, 0.66041172, 0.58392972, 0.58055753, 0.57204914, 0.56115305, 0.52298617, 0.53079987, 0.63590544, 0.4814803]",,0,0,0,0,a8831be737b4aa8fb83fc62c3fc200334d03a0609f21cd9923f0232cc69096e8,ef9f27141658502ed1cce3a9b2f8c98443b6bbdea16cb1e1dff03c7ce07b1cb1,2026-08-06T20:59:05.896123+00:00
Q449,price,R1500,DENSE_BM25_RRF,"['R1500-0677', 'R1500-0678', 'R1500-0679', 'R1500-0667', 'R1500-0712', 'R1500-0446', 'R1500-0668', 'R1500-0680', 'R1500-0711', 'R1500-0672']","[0.66878676, 0.59330499, 0.59451151, 0.58917284, 0.58950585, 0.59515333, 0.56865561, 0.56919682, 0.57297826, 0.5663861]",1,1,1,1,1,934a3bb090077e3d346e1978d9bf73bbb227b5b19c964040d2d8a3bc01b8a636,ef9f27141658502ed1cce3a9b2f8c98443b6bbdea16cb1e1dff03c7ce07b1cb1,2026-08-06T20:59:05.897767+00:00
Q450,price,R1500,DENSE_BM25_RRF,"['R1500-0142', 'R1500-0651', 'R1500-0005', 'R1500-0006', 'R1500-0144', 'R1500-0746', 'R1500-0744', 'R1500-0143', 'R1500-0747', 'R1500-0745']","[0.63508558, 0.53367162, 0.51571369, 0.50064564, 0.50525844, 0.47324824, 0.52972418, 0.45811135, 0.48233789, 0.48450202]",1,1,1,1,1,2485525f80168789b5017c89a3f461a57b6a3c956edf0ed0252938261c72e1a5,ef9f27141658502ed1cce3a9b2f8c98443b6bbdea16cb1e1dff03c7ce07b1cb1,2026-08-06T20:59:05.899923+00:00
Q451,price,R1500,DENSE_BM25_RRF,"['R1500-0709', 'R1500-0508', 'R1500-0545', 'R1500-0683', 'R1500-0707', 'R1500-0507', 'R1500-0682', 'R1500-0684', 'R1500-0693', 'R1500-0692']","[0.46338934, 0.43634823, 0.4538464, 0.44144139, 0.47575998, 0.43636966, 0.43306583, 0.41901952, 0.419705, 0.41594076]",8,0,0,0,1,76507186f5505e0c95fd07ebbfce1ee0b128bb5ad3d40a8901842d43ecd22242,ef9f27141658502ed1cce3a9b2f8c98443b6bbdea16cb1e1dff03c7ce07b1cb1,2026-08-06T20:59:05.901017+00:00
Q452,price,R1500,DENSE_BM25_RRF,"['R1500-0621', 'R1500-0622', 'R1500-0615', 'R1500-0617', 'R1500-0620', 'R1500-0051', 'R1500-0593', 'R1500-0029', 'R1500-0624', 'R1500-0616']","[0.52386212, 0.50564218, 0.47697291, 0.4755137, 0.50150836, 0.50195348, 0.4988738, 0.46980456, 0.51024795, 0.49630594]",2,0,1,1,1,67447b9c626841446745bd19c626b172e2ff7455a1e7c74afa73da51ab6df1d9,ef9f27141658502ed1cce3a9b2f8c98443b6bbdea16cb1e1dff03c7ce07b1cb1,2026-08-06T20:59:05.902912+00:00
Q453,attribute,R1500,DENSE_BM25_RRF,"['R1500-0165', 'R1500-0164', 'R1500-0161', 'R1500-0163', 'R1500-0156', 'R1500-0159', 'R1500-0162', 'R1500-0229', 'R1500-0202', 'R1500-0228']","[0.7054798, 0.70097864, 0.64970672, 0.66280973, 0.63554102, 0.64833772, 0.63888943, 0.59806627, 0.59150243, 0.56165838]",1,1,1,1,1,1a46b2e5642485ac4a1639a98da20b7873db627340de573007e9021c0ee7333a,ef9f27141658502ed1cce3a9b2f8c98443b6bbdea16cb1e1dff03c7ce07b1cb1,2026-08-06T20:59:05.904707+00:00
Q454,price,R1500,DENSE_BM25_RRF,"['R1500-0477', 'R1500-0484', 'R1500-0476', 'R1500-0490', 'R1500-0489', 'R1500-0488', 'R1500-0714', 'R1500-0491', 'R1500-0483', 'R1500-0468']","[0.59829438, 0.58947885, 0.56662166, 0.58562773, 0.56510288, 0.57055002, 0.59683895, 0.55949938, 0.56110442, 0.55898428]",3,0,1,1,1,117df845693912844f7af1b5f3f2f04b17b13f60b13530d02a2cfbd755a51902,ef9f27141658502ed1cce3a9b2f8c98443b6bbdea16cb1e1dff03c7ce07b1cb1,2026-08-06T20:59:05.906056+00:00
Q455,price,R1500,DENSE_BM25_RRF,"['R1500-0616', 'R1500-0621', 'R1500-0085', 'R1500-0619', 'R1500-0620', 'R1500-0084', 'R1500-0049', 'R1500-0624', 'R1500-0046', 'R1500-0029']","[0.59119338, 0.58123004, 0.57201815, 0.59963965, 0.55053508, 0.54301214, 0.5348745, 0.58022034, 0.52836084, 0.55236775]",,0,0,0,0,4e8be7ea737941825646c5b2a2a18a68db5225c97acad297c224d67ce76978fd,ef9f27141658502ed1cce3a9b2f8c98443b6bbdea16cb1e1dff03c7ce07b1cb1,2026-08-06T20:59:05.907186+00:00
Q456,price,R1500,DENSE_BM25_RRF,"['R1500-0619', 'R1500-0616', 'R1500-0621', 'R1500-0620', 'R1500-0085', 'R1500-0612', 'R1500-0615', 'R1500-0614', 'R1500-0618', 'R1500-0604']","[0.53410399, 0.53663707, 0.53670359, 0.50393116, 0.49763086, 0.47709566, 0.52038878, 0.47724909, 0.51211303, 0.4872064]",,0,0,0,0,b5a39ee521768525a274ace392b45b3f575e72ef951b605038742fa1f3a18ab4,ef9f27141658502ed1cce3a9b2f8c98443b6bbdea16cb1e1dff03c7ce07b1cb1,2026-08-06T20:59:05.908159+00:00
Q457,price,R1500,DENSE_BM25_RRF,"['R1500-0187', 'R1500-0188', 'R1500-0214', 'R1500-0213', 'R1500-0215', 'R1500-0189', 'R1500-0186', 'R1500-0216', 'R1500-0190', 'R1500-0305']","[0.67803818, 0.67638236, 0.6695199, 0.67069697, 0.64999598, 0.65217841, 0.66448331, 0.64907336, 0.6489504, 0.62745631]",2,0,1,1,1,b51c4b65ea8ebaada5b99c76c243be6e0b8aa4c9f554e6f796cd873f3d710802,ef9f27141658502ed1cce3a9b2f8c98443b6bbdea16cb1e1dff03c7ce07b1cb1,2026-08-06T20:59:05.909122+00:00
Q458,price,R1500,DENSE_BM25_RRF,"['R1500-0611', 'R1500-0624', 'R1500-0621', 'R1500-0610', 'R1500-0619', 'R1500-0622', 'R1500-0051', 'R1500-0031', 'R1500-0593', 'R1500-0029']","[0.62678552, 0.62810314, 0.63001496, 0.60118377, 0.65074027, 0.605959, 0.60608208, 0.64042997, 0.58655167, 0.59541428]",1,1,1,1,1,c2555be49962fadca0853e9ba72c50e0a341d829a2a82574a9bad5467eef8283,ef9f27141658502ed1cce3a9b2f8c98443b6bbdea16cb1e1dff03c7ce07b1cb1,2026-08-06T20:59:05.910912+00:00
Q459,attribute,R1500,DENSE_BM25_RRF,"['R1500-0404', 'R1500-0405', 'R1500-0403', 'R1500-0681', 'R1500-0411', 'R1500-0508', 'R1500-0402', 'R1500-0721', 'R1500-0437', 'R1500-0682']","[0.68391103, 0.63377702, 0.63809168, 0.60076058, 0.55622339, 0.58314788, 0.53905165, 0.61703718, 0.60112345, 0.45065922]",1,1,1,1,1,2da454e5cd82f19da5235ee71a8f791e666cdf75fca0006dc9370908a079f101,ef9f27141658502ed1cce3a9b2f8c98443b6bbdea16cb1e1dff03c7ce07b1cb1,2026-08-06T20:59:05.913197+00:00
Q460,attribute,R1500,DENSE_BM25_RRF,"['R1500-0142', 'R1500-0006', 'R1500-0651', 'R1500-0144', 'R1500-0005', 'R1500-0746', 'R1500-0143', 'R1500-0766', 'R1500-0609', 'R1500-0179']","[0.66356742, 0.51831669, 0.51852036, 0.50485349, 0.49371797, 0.52620262, 0.48915732, 0.50894696, 0.49020958, 0.50368953]",1,1,1,1,1,fb689a4bf6a97d5b7593f621c30153543cf10a401dd612b5869e9c195d52bac2,ef9f27141658502ed1cce3a9b2f8c98443b6bbdea16cb1e1dff03c7ce07b1cb1,2026-08-06T20:59:05.916196+00:00
Q461,price,R1500,DENSE_BM25_RRF,"['R1500-0630', 'R1500-0631', 'R1500-0644', 'R1500-0640', 'R1500-0637', 'R1500-0642', 'R1500-0629', 'R1500-0544', 'R1500-0545', 'R1500-0546']","[0.53849864, 0.5333479, 0.4915027, 0.49051431, 0.48277983, 0.47869742, 0.4606908, 0.49512464, 0.50149643, 0.47904316]",1,1,1,1,1,8fe72ba4e2536fbd25c7f90aa8945cb138ab92b0a76578caa7eb36647fedb346,ef9f27141658502ed1cce3a9b2f8c98443b6bbdea16cb1e1dff03c7ce07b1cb1,2026-08-06T20:59:05.917147+00:00
Q462,attribute,R1500,DENSE_BM25_RRF,"['R1500-0553', 'R1500-0552', 'R1500-0547', 'R1500-0548', 'R1500-0758', 'R1500-0550', 'R1500-0556', 'R1500-0768', 'R1500-0141', 'R1500-0784']","[0.60684806, 0.61805785, 0.59512067, 0.56148303, 0.55460733, 0.56439716, 0.54315162, 0.54291928, 0.59594399, 0.55741739]",2,0,1,1,1,da43d821099af390d8571be4c0a5287e57a108609d53a0ad93c8ab553d054d01,ef9f27141658502ed1cce3a9b2f8c98443b6bbdea16cb1e1dff03c7ce07b1cb1,2026-08-06T20:59:05.919276+00:00
Q463,attribute,R1500,DENSE_BM25_RRF,"['R1500-0061', 'R1500-0152', 'R1500-0092', 'R1500-0059', 'R1500-0158', 'R1500-0769', 'R1500-0509', 'R1500-0538', 'R1500-0303', 'R1500-0743']","[0.54000306, 0.48174328, 0.47459763, 0.47752401, 0.50131267, 0.41916955, 0.49701548, 0.39657772, 0.49168366, 0.413288]",1,1,1,1,1,45ed8992fbe03e5791c019556309deabd763d4844fcde94a87709ef8b53500dd,ef9f27141658502ed1cce3a9b2f8c98443b6bbdea16cb1e1dff03c7ce07b1cb1,2026-08-06T20:59:05.921025+00:00
Q464,attribute,R1500,DENSE_BM25_RRF,"['R1500-0600', 'R1500-0597', 'R1500-0596', 'R1500-0599', 'R1500-0598', 'R1500-0604', 'R1500-0601', 'R1500-0615', 'R1500-0030', 'R1500-0611']","[0.55203396, 0.56414652, 0.53764492, 0.54747987, 0.53577876, 0.51340723, 0.49396268, 0.51484245, 0.49826235, 0.49929908]",1,1,1,1,1,d3083ba2de4ad1495206a4237349c1a49261187e0a7381e81c6aba7a8593e375,ef9f27141658502ed1cce3a9b2f8c98443b6bbdea16cb1e1dff03c7ce07b1cb1,2026-08-06T20:59:05.923811+00:00
Q465,price,R1500,DENSE_BM25_RRF,"['R1500-0161', 'R1500-0160', 'R1500-0163', 'R1500-0162', 'R1500-0159', 'R1500-0304', 'R1500-0158', 'R1500-0305', 'R1500-0157', 'R1500-0155']","[0.61970568, 0.66941321, 0.61863035, 0.61120069, 0.59335363, 0.5882172, 0.6190483, 0.59986186, 0.61017531, 0.57645386]",1,1,1,1,1,f8eeb51be50c0b67a0789630924d94f7db36b1bd7ec540fb99777ae3e1c894d8,ef9f27141658502ed1cce3a9b2f8c98443b6bbdea16cb1e1dff03c7ce07b1cb1,2026-08-06T20:59:05.924851+00:00
Q466,price,R1500,DENSE_BM25_RRF,"['R1500-0601', 'R1500-0600', 'R1500-0603', 'R1500-0597', 'R1500-0608', 'R1500-0599', 'R1500-0598', 'R1500-0596', 'R1500-0619', 'R1500-0591']","[0.62049866, 0.59592354, 0.58086026, 0.56511998, 0.54636121, 0.56008267, 0.53649497, 0.53278542, 0.55793417, 0.50830287]",1,1,1,1,1,8d25ee4aa5d5ad97e8d87696b362111127be2e763acd95e08f6e930f645f10bf,ef9f27141658502ed1cce3a9b2f8c98443b6bbdea16cb1e1dff03c7ce07b1cb1,2026-08-06T20:59:05.926522+00:00
Q467,price,R1500,DENSE_BM25_RRF,"['R1500-0191', 'R1500-0192', 'R1500-0217', 'R1500-0218', 'R1500-0410', 'R1500-0675', 'R1500-0509', 'R1500-0734', 'R1500-0659', 'R1500-0409']","[0.59200001, 0.59306037, 0.57422125, 0.55753648, 0.57605302, 0.57218552, 0.52591604, 0.53154022, 0.53251648, 0.51016408]",1,1,1,1,1,63cbfbfd181c99e6cc4a6b540057475197db63fc6736175df7356cb8a4e4207e,ef9f27141658502ed1cce3a9b2f8c98443b6bbdea16cb1e1dff03c7ce07b1cb1,2026-08-06T20:59:05.927676+00:00
Q468,price,R1500,DENSE_BM25_RRF,"['R1500-0492', 'R1500-0488', 'R1500-0491', 'R1500-0490', 'R1500-0489', 'R1500-0510', 'R1500-0511', 'R1500-0493', 'R1500-0725', 'R1500-0401']","[0.71908617, 0.697411, 0.66263568, 0.67041516, 0.63391393, 0.63522011, 0.59811664, 0.57810634, 0.61106586, 0.58988029]",1,1,1,1,1,ddc13b7bab6312922b03a9fb33286a94779e060abffa6acf2a4aec3ffd743f43,ef9f27141658502ed1cce3a9b2f8c98443b6bbdea16cb1e1dff03c7ce07b1cb1,2026-08-06T20:59:05.928692+00:00
Q469,attribute,R1500,DENSE_BM25_RRF,"['R1500-0431', 'R1500-0451', 'R1500-0723', 'R1500-0452', 'R1500-0394', 'R1500-0432', 'R1500-0398', 'R1500-0453', 'R1500-0446', 'R1500-0455']","[0.635405, 0.58163798, 0.60249138, 0.60593891, 0.57454789, 0.60427737, 0.56877351, 0.5704509, 0.5711087, 0.57614166]",,0,0,0,0,44a0a0bc854059517f1f3bb87fe8432ac95656e455d5912ea8a55cdde9220902,ef9f27141658502ed1cce3a9b2f8c98443b6bbdea16cb1e1dff03c7ce07b1cb1,2026-08-06T20:59:05.931731+00:00
Q470,attribute,R1500,DENSE_BM25_RRF,"['R1500-0420', 'R1500-0422', 'R1500-0421', 'R1500-0675', 'R1500-0509', 'R1500-0419', 'R1500-0220', 'R1500-0186', 'R1500-0410', 'R1500-0208']","[0.58701974, 0.60976827, 0.5408988, 0.53895795, 0.53840899, 0.51589483, 0.52967405, 0.52647549, 0.52507305, 0.52547932]",6,0,0,0,1,cb52571e6080b78de6b60cdf0d5cd887878be6a5db6cf8d65ccb6d6e3afa868b,ef9f27141658502ed1cce3a9b2f8c98443b6bbdea16cb1e1dff03c7ce07b1cb1,2026-08-06T20:59:05.934322+00:00
Q471,price,R1500,DENSE_BM25_RRF,"['R1500-0724', 'R1500-0714', 'R1500-0719', 'R1500-0342', 'R1500-0728', 'R1500-0709', 'R1500-0686', 'R1500-0701', 'R1500-0673', 'R1500-0674']","[0.6278888, 0.53187877, 0.52037209, 0.51924235, 0.51195234, 0.51315522, 0.51677799, 0.52391481, 0.57227683, 0.56100976]",1,1,1,1,1,f93dcb56839345a079e94eed586a3edd568989cdce66a9e73c0d3b6a72f97721,ef9f27141658502ed1cce3a9b2f8c98443b6bbdea16cb1e1dff03c7ce07b1cb1,2026-08-06T20:59:05.935188+00:00
Q472,price,R1500,DENSE_BM25_RRF,"['R1500-0678', 'R1500-0669', 'R1500-0677', 'R1500-0668', 'R1500-0633', 'R1500-0635', 'R1500-0679', 'R1500-0639', 'R1500-0680', 'R1500-0640']","[0.58972144, 0.53236532, 0.48491877, 0.47537214, 0.4743489, 0.45535091, 0.44209927, 0.46511167, 0.43937847, 0.46531391]",1,1,1,1,1,7113ad1693c4cbc79226a8b043ef52739dc2e4824359d3d234739ce47bbf09de,ef9f27141658502ed1cce3a9b2f8c98443b6bbdea16cb1e1dff03c7ce07b1cb1,2026-08-06T20:59:05.936877+00:00
Q473,price,R1500,DENSE_BM25_RRF,"['R1500-0675', 'R1500-0445', 'R1500-0509', 'R1500-0676', 'R1500-0217', 'R1500-0734', 'R1500-0410', 'R1500-0409', 'R1500-0659', 'R1500-0192']","[0.64234567, 0.56894767, 0.57303983, 0.59705877, 0.54482651, 0.55175471, 0.55213135, 0.54216921, 0.53989637, 0.51706523]",1,1,1,1,1,f57a758364ade54addea71fd13da5ba22619fbed0dc462672351516fa9f8f583,ef9f27141658502ed1cce3a9b2f8c98443b6bbdea16cb1e1dff03c7ce07b1cb1,2026-08-06T20:59:05.938178+00:00
Q474,price,R1500,DENSE_BM25_RRF,"['R1500-0667', 'R1500-0668', 'R1500-0447', 'R1500-0679', 'R1500-0670', 'R1500-0678', 'R1500-0671', 'R1500-0711', 'R1500-0710', 'R1500-0669']","[0.69676858, 0.62995577, 0.59858024, 0.59975588, 0.63675767, 0.60365641, 0.6112994, 0.59003443, 0.61899614, 0.58749038]",1,1,1,1,1,13e24e0b27bacdc6ebf44d3793bb1fd76fe337419234dbc46e713c3cb353c507,ef9f27141658502ed1cce3a9b2f8c98443b6bbdea16cb1e1dff03c7ce07b1cb1,2026-08-06T20:59:05.940012+00:00
Q475,attribute,R1500,DENSE_BM25_RRF,"['R1500-0438', 'R1500-0439', 'R1500-0440', 'R1500-0434', 'R1500-0437', 'R1500-0486', 'R1500-0487', 'R1500-0663', 'R1500-0524', 'R1500-0658']","[0.6296283, 0.64635921, 0.62684226, 0.59433466, 0.5688864, 0.54209584, 0.54431063, 0.53565514, 0.53630888, 0.54296076]",1,1,1,1,1,acc284581545fad01fc2ff9810522a7bd8a5fbf25488b939cc20a7e9a8e0edb6,ef9f27141658502ed1cce3a9b2f8c98443b6bbdea16cb1e1dff03c7ce07b1cb1,2026-08-06T20:59:05.941864+00:00
Q476,price,R1500,DENSE_BM25_RRF,"['R1500-0617', 'R1500-0144', 'R1500-0619', 'R1500-0005', 'R1500-0623', 'R1500-0651', 'R1500-0608', 'R1500-0006', 'R1500-0591', 'R1500-0615']","[0.6403296, 0.52223349, 0.56653661, 0.519467, 0.5136714, 0.52970421, 0.4973177, 0.49849534, 0.48533261, 0.49484831]",1,1,1,1,1,f0f320f9f4809684541052561f403866459eac81a1de141431d22a5897ccbd5a,ef9f27141658502ed1cce3a9b2f8c98443b6bbdea16cb1e1dff03c7ce07b1cb1,2026-08-06T20:59:05.943466+00:00
Q477,price,R1500,DENSE_BM25_RRF,"['R1500-0591', 'R1500-0601', 'R1500-0028', 'R1500-0618', 'R1500-0619', 'R1500-0608', 'R1500-0624', 'R1500-0034', 'R1500-0049', 'R1500-0084']","[0.62104332, 0.60403061, 0.60126257, 0.60175937, 0.61673087, 0.607005, 0.59634507, 0.56852758, 0.58982623, 0.57078731]",1,1,1,1,1,376dc4f63296a07b32291634b0bcbef90cf11608649c251590b12d503883a326,ef9f27141658502ed1cce3a9b2f8c98443b6bbdea16cb1e1dff03c7ce07b1cb1,2026-08-06T20:59:05.944874+00:00
Q478,attribute,R1500,DENSE_BM25_RRF,"['R1500-0615', 'R1500-0616', 'R1500-0619', 'R1500-0621', 'R1500-0030', 'R1500-0611', 'R1500-0604', 'R1500-0595', 'R1500-0029', 'R1500-0617']","[0.64635295, 0.61797231, 0.58164769, 0.59840053, 0.56261015, 0.55330068, 0.57113856, 0.56198478, 0.5428201, 0.5443759]",1,1,1,1,1,4c83ccf81bf260962a8c0864ca854a0400bc0c40a9aef6cec741bd155373adb3,ef9f27141658502ed1cce3a9b2f8c98443b6bbdea16cb1e1dff03c7ce07b1cb1,2026-08-06T20:59:05.948184+00:00
Q479,attribute,R1500,DENSE_BM25_RRF,"['R1500-0009', 'R1500-0008', 'R1500-0010', 'R1500-0144', 'R1500-0623', 'R1500-0014', 'R1500-0147', 'R1500-0761', 'R1500-0015', 'R1500-0758']","[0.57148039, 0.54027402, 0.54891074, 0.50577867, 0.50448406, 0.49318457, 0.49806821, 0.49248785, 0.47451222, 0.4870322]",1,1,1,1,1,40bf022ef9f39b5f03ee405f3e431387e503632b012c3d07943587fa4bcb5ca0,ef9f27141658502ed1cce3a9b2f8c98443b6bbdea16cb1e1dff03c7ce07b1cb1,2026-08-06T20:59:05.950617+00:00
Q480,price,R1500,DENSE_BM25_RRF,"['R1500-0160', 'R1500-0163', 'R1500-0161', 'R1500-0162', 'R1500-0304', 'R1500-0159', 'R1500-0305', 'R1500-0155', 'R1500-0158', 'R1500-0170']","[0.57681096, 0.54879713, 0.53485513, 0.52995783, 0.51956356, 0.51385117, 0.52354431, 0.50857228, 0.53044015, 0.53533471]",3,0,1,1,1,65cb7fd047031f6e1f366b31e62a1cead7da013280b8e8d6fcd9f123632b279f,ef9f27141658502ed1cce3a9b2f8c98443b6bbdea16cb1e1dff03c7ce07b1cb1,2026-08-06T20:59:05.951688+00:00
Q481,attribute,R1500,DENSE_BM25_RRF,"['R1500-0487', 'R1500-0486', 'R1500-0383', 'R1500-0663', 'R1500-0382', 'R1500-0657', 'R1500-0434', 'R1500-0438', 'R1500-0658', 'R1500-0661']","[0.70650798, 0.66781193, 0.61928022, 0.61977077, 0.61257386, 0.62294579, 0.61352897, 0.61085546, 0.60758424, 0.5887351]",,0,0,0,0,80acd1633ba494e4f9bdd0ab96137eded1dd3592aadfc21c40f94f1e6129e52f,ef9f27141658502ed1cce3a9b2f8c98443b6bbdea16cb1e1dff03c7ce07b1cb1,2026-08-06T20:59:05.954881+00:00
Q482,attribute,R1500,DENSE_BM25_RRF,"['R1500-0030', 'R1500-0619', 'R1500-0618', 'R1500-0616', 'R1500-0027', 'R1500-0046', 'R1500-0029', 'R1500-0602', 'R1500-0026', 'R1500-0015']","[0.61106575, 0.58482862, 0.57244623, 0.59516203, 0.59029889, 0.56913996, 0.5645256, 0.59593964, 0.58834815, 0.55284262]",1,1,1,1,1,3d4529f4def529f94dbd165e7434569d60e515c06be4b19e22d819281f1bd546,ef9f27141658502ed1cce3a9b2f8c98443b6bbdea16cb1e1dff03c7ce07b1cb1,2026-08-06T20:59:05.957473+00:00
Q483,attribute,R1500,DENSE_BM25_RRF,"['R1500-0676', 'R1500-0192', 'R1500-0677', 'R1500-0219', 'R1500-0532', 'R1500-0218', 'R1500-0520', 'R1500-0279', 'R1500-0518', 'R1500-0522']","[0.58585829, 0.5234009, 0.48138177, 0.51162058, 0.47933143, 0.51127446, 0.48365134, 0.47986233, 0.46749884, 0.46780354]",,0,0,0,0,27f3f591f45e00481bcb238536ef9d120fe74985a41bf4d3b890cbf8abdf4345,ef9f27141658502ed1cce3a9b2f8c98443b6bbdea16cb1e1dff03c7ce07b1cb1,2026-08-06T20:59:05.959463+00:00
Q484,attribute,R1500,DENSE_BM25_RRF,"['R1500-0617', 'R1500-0623', 'R1500-0045', 'R1500-0758', 'R1500-0039', 'R1500-0144', 'R1500-0769', 'R1500-0147', 'R1500-0652', 'R1500-0604']","[0.5859015, 0.54440892, 0.52295661, 0.53746605, 0.51048154, 0.56331539, 0.51015049, 0.53904569, 0.53974628, 0.49753556]",,0,0,0,0,9cdcd9f9220984a598fa688e551b0f03c234ec261e108e47f95faf3b0c6d1100,ef9f27141658502ed1cce3a9b2f8c98443b6bbdea16cb1e1dff03c7ce07b1cb1,2026-08-06T20:59:05.962041+00:00
Q485,price,R1500,DENSE_BM25_RRF,"['R1500-0719', 'R1500-0720', 'R1500-0687', 'R1500-0332', 'R1500-0724', 'R1500-0339', 'R1500-0338', 'R1500-0714', 'R1500-0688', 'R1500-0334']","[0.6773569, 0.63793701, 0.6236527, 0.60005987, 0.60632634, 0.61328721, 0.62093115, 0.6121403, 0.59607297, 0.5981006]",2,0,1,1,1,ea3f1e1a24092c53ba61dc84d1a0a7ab0bf064b8b904868091786af516739ac5,ef9f27141658502ed1cce3a9b2f8c98443b6bbdea16cb1e1dff03c7ce07b1cb1,2026-08-06T20:59:05.963890+00:00
Q486,attribute,R1500,DENSE_BM25_RRF,"['R1500-0389', 'R1500-0390', 'R1500-0388', 'R1500-0715', 'R1500-0385', 'R1500-0391', 'R1500-0384', 'R1500-0392', 'R1500-0386', 'R1500-0393']","[0.71100736, 0.6975438, 0.6814642, 0.66574085, 0.71022594, 0.70798314, 0.68514407, 0.69285154, 0.67341268, 0.69748825]",1,1,1,1,1,26a59ff30d4b7a4e24968fac1809ce13ebacff53de51e8650787d2e978dd555c,ef9f27141658502ed1cce3a9b2f8c98443b6bbdea16cb1e1dff03c7ce07b1cb1,2026-08-06T20:59:05.967069+00:00
Q487,attribute,R1500,DENSE_BM25_RRF,"['R1500-0091', 'R1500-0770', 'R1500-0789', 'R1500-0506', 'R1500-0064', 'R1500-0198', 'R1500-0284', 'R1500-0003', 'R1500-0184', 'R1500-0538']","[0.44007379, 0.43166906, 0.43177876, 0.49302003, 0.38142473, 0.47635937, 0.46126527, 0.3534641, 0.45964694, 0.35073578]",,0,0,0,0,330b9cdbe6ac70d25a6e65697f4313c966363dbdcdd9e54d2b9837f5b1c55b77,ef9f27141658502ed1cce3a9b2f8c98443b6bbdea16cb1e1dff03c7ce07b1cb1,2026-08-06T20:59:05.968708+00:00
Q488,price,R1500,DENSE_BM25_RRF,"['R1500-0613', 'R1500-0612', 'R1500-0614', 'R1500-0615', 'R1500-0621', 'R1500-0051', 'R1500-0593', 'R1500-0029', 'R1500-0624', 'R1500-0622']","[0.64552033, 0.66702366, 0.6149435, 0.57655066, 0.57230139, 0.56895208, 0.54220307, 0.56313682, 0.57007384, 0.55698395]",1,1,1,1,1,bc5f310c408ed0e10de74fab5834c1f222f92d719494a9c7583948c39549fd28,ef9f27141658502ed1cce3a9b2f8c98443b6bbdea16cb1e1dff03c7ce07b1cb1,2026-08-06T20:59:05.970706+00:00
Q489,price,R1500,DENSE_BM25_RRF,"['R1500-0646', 'R1500-0644', 'R1500-0154', 'R1500-0552', 'R1500-0192', 'R1500-0677', 'R1500-0186', 'R1500-0648', 'R1500-0058', 'R1500-0731']","[0.6671769, 0.63034719, 0.58487701, 0.59888113, 0.52930164, 0.5314185, 0.51385087, 0.5280031, 0.51219445, 0.51528084]",1,1,1,1,1,341febbc65c444616d0c103df1d0499acbd632a4215352808ede0354d660b6f3,ef9f27141658502ed1cce3a9b2f8c98443b6bbdea16cb1e1dff03c7ce07b1cb1,2026-08-06T20:59:05.972645+00:00
Q490,price,R1500,DENSE_BM25_RRF,"['R1500-0622', 'R1500-0621', 'R1500-0615', 'R1500-0593', 'R1500-0614', 'R1500-0617', 'R1500-0603', 'R1500-0601', 'R1500-0613', 'R1500-0552']","[0.47412166, 0.45912784, 0.43909293, 0.46077424, 0.44631705, 0.43081164, 0.47098574, 0.42945206, 0.43984336, 0.46706545]",1,1,1,1,1,8c9bf01316a86091ae26871e139618fe7544354db82a523dc652da0a9d3ae047,ef9f27141658502ed1cce3a9b2f8c98443b6bbdea16cb1e1dff03c7ce07b1cb1,2026-08-06T20:59:05.974083+00:00
Q491,price,R1500,DENSE_BM25_RRF,"['R1500-0614', 'R1500-0613', 'R1500-0593', 'R1500-0612', 'R1500-0619', 'R1500-0615', 'R1500-0624', 'R1500-0611', 'R1500-0617', 'R1500-0621']","[0.56288922, 0.55442524, 0.53685498, 0.50692952, 0.54561812, 0.49454203, 0.53943527, 0.49144417, 0.4896602, 0.49535379]",1,1,1,1,1,afb5e844578a08b5b506fc48c38b8cfd8e0d14ce605392ed80997aed39315c6d,ef9f27141658502ed1cce3a9b2f8c98443b6bbdea16cb1e1dff03c7ce07b1cb1,2026-08-06T20:59:05.975834+00:00
Q492,attribute,R1500,DENSE_BM25_RRF,"['R1500-0188', 'R1500-0214', 'R1500-0187', 'R1500-0213', 'R1500-0215', 'R1500-0190', 'R1500-0189', 'R1500-0216', 'R1500-0186', 'R1500-0191']","[0.69776189, 0.68624133, 0.6974144, 0.68120432, 0.67585176, 0.67048776, 0.67264664, 0.66481453, 0.64982462, 0.6472187]",1,1,1,1,1,27fd7761356e16b95d4cc4113a81fbf412939f6b5e19957e198f07d59c0d6364,ef9f27141658502ed1cce3a9b2f8c98443b6bbdea16cb1e1dff03c7ce07b1cb1,2026-08-06T20:59:05.977535+00:00
Q493,price,R1500,DENSE_BM25_RRF,"['R1500-0620', 'R1500-0029', 'R1500-0619', 'R1500-0621', 'R1500-0594', 'R1500-0614', 'R1500-0616', 'R1500-0031', 'R1500-0085', 'R1500-0048']","[0.57682669, 0.5461756, 0.57525426, 0.57745647, 0.53281176, 0.52253163, 0.54363507, 0.53377306, 0.49363971, 0.47891659]",10,0,0,0,1,00ed3334cbf8f4912755532812a66a54d06e8282c18a5a2c6d2ae82d5e880f06,ef9f27141658502ed1cce3a9b2f8c98443b6bbdea16cb1e1dff03c7ce07b1cb1,2026-08-06T20:59:05.978844+00:00
Q494,price,R1500,DENSE_BM25_RRF,"['R1500-0251', 'R1500-0252', 'R1500-0250', 'R1500-0253', 'R1500-0264', 'R1500-0263', 'R1500-0254', 'R1500-0255', 'R1500-0239', 'R1500-0284']","[0.57479572, 0.57180691, 0.55730194, 0.53618503, 0.56005985, 0.54480088, 0.5209744, 0.52195704, 0.52653778, 0.52422565]",1,1,1,1,1,5bb163288ec7bfbb65e8f1e52b42e18579cd7410d05b2aa4c2ab996bafdec165,ef9f27141658502ed1cce3a9b2f8c98443b6bbdea16cb1e1dff03c7ce07b1cb1,2026-08-06T20:59:05.980142+00:00
Q495,price,R1500,DENSE_BM25_RRF,"['R1500-0477', 'R1500-0714', 'R1500-0387', 'R1500-0384', 'R1500-0393', 'R1500-0391', 'R1500-0408', 'R1500-0488', 'R1500-0476', 'R1500-0390']","[0.60965145, 0.62023258, 0.61986148, 0.59927154, 0.61119467, 0.60014921, 0.56374288, 0.58612126, 0.58736336, 0.58842844]",1,1,1,1,1,a41d30c44906e7b426ea7a4b01ae411cdd210ebb2b595d8e7790846c199ac8ed,ef9f27141658502ed1cce3a9b2f8c98443b6bbdea16cb1e1dff03c7ce07b1cb1,2026-08-06T20:59:05.981414+00:00
Q496,attribute,R1500,DENSE_BM25_RRF,"['R1500-0430', 'R1500-0385', 'R1500-0714', 'R1500-0393', 'R1500-0727', 'R1500-0391', 'R1500-0490', 'R1500-0389', 'R1500-0350', 'R1500-0353']","[0.64055514, 0.63410741, 0.61593729, 0.63681501, 0.63278055, 0.62556899, 0.60764968, 0.59844255, 0.60847616, 0.60905647]",1,1,1,1,1,df8afd89b9549f0d733105004283ea271032f152ac93ab35994ed6ccba2b1d32,ef9f27141658502ed1cce3a9b2f8c98443b6bbdea16cb1e1dff03c7ce07b1cb1,2026-08-06T20:59:05.985078+00:00
Q497,attribute,R1500,DENSE_BM25_RRF,"['R1500-0477', 'R1500-0463', 'R1500-0464', 'R1500-0462', 'R1500-0461', 'R1500-0465', 'R1500-0466', 'R1500-0468', 'R1500-0389', 'R1500-0469']","[0.7035749, 0.6306811, 0.63096213, 0.62916362, 0.63506716, 0.62844038, 0.62767136, 0.62759173, 0.65367067, 0.62318712]",1,1,1,1,1,d624437601eb743254f92b6ffa4311b9d2f9d431af08d47a576686184927aed8,ef9f27141658502ed1cce3a9b2f8c98443b6bbdea16cb1e1dff03c7ce07b1cb1,2026-08-06T20:59:05.987471+00:00
Q498,attribute,R1500,DENSE_BM25_RRF,"['R1500-0547', 'R1500-0548', 'R1500-0550', 'R1500-0552', 'R1500-0549', 'R1500-0553', 'R1500-0107', 'R1500-0786', 'R1500-0768', 'R1500-0006']","[0.64476979, 0.61138248, 0.62999892, 0.64303219, 0.58186531, 0.60382128, 0.57531679, 0.56840217, 0.56276596, 0.56861424]",2,0,1,1,1,14adace0c7af92ce76a0812b61f8b88a57711487c5700386f8741a980778e785,ef9f27141658502ed1cce3a9b2f8c98443b6bbdea16cb1e1dff03c7ce07b1cb1,2026-08-06T20:59:05.989632+00:00
Q499,price,R1500,DENSE_BM25_RRF,"['R1500-0368', 'R1500-0373', 'R1500-0369', 'R1500-0371', 'R1500-0378', 'R1500-0370', 'R1500-0380', 'R1500-0377', 'R1500-0379', 'R1500-0376']","[0.71575356, 0.67776591, 0.63043123, 0.65949589, 0.62115812, 0.64277941, 0.62980628, 0.62426102, 0.60817087, 0.59059918]",1,1,1,1,1,f735bfc655124d0e69aa156b978220f0585e8ca4e08938b0a2290645dccc2f17,ef9f27141658502ed1cce3a9b2f8c98443b6bbdea16cb1e1dff03c7ce07b1cb1,2026-08-06T20:59:05.991314+00:00
Q500,price,R1500,DENSE_BM25_RRF,"['R1500-0619', 'R1500-0618', 'R1500-0027', 'R1500-0601', 'R1500-0616', 'R1500-0615', 'R1500-0046', 'R1500-0621', 'R1500-0617', 'R1500-0608']","[0.65181684, 0.6242435, 0.56351966, 0.5786767, 0.58675706, 0.54538375, 0.54705369, 0.55610228, 0.57344973, 0.56946754]",1,1,1,1,1,7aa93253ff9d9759d103cd2c7582072a4b46776346d96f2aa44a2ae32d11c2a9,ef9f27141658502ed1cce3a9b2f8c98443b6bbdea16cb1e1dff03c7ce07b1cb1,2026-08-06T20:59:05.992732+00:00
