query_id,question_group,index_name,representation,retrieved_chunk_ids_top10,scores_top10,first_hit_rank,hit_at_1,hit_at_3,hit_at_5,hit_at_10,question_digest,index_digest,created_at
Q001,price,T1500,HTML,"['T1500-1920', 'T1500-1803', 'T1500-1975', 'T1500-1802', 'T1500-1976', 'T1500-1800', 'T1500-1918', 'T1500-1954', 'T1500-1952', 'T1500-1923']","[0.67905265, 0.66951883, 0.66513014, 0.6628719, 0.65933979, 0.65810591, 0.65570867, 0.65547049, 0.65192688, 0.64891529]",7,0,0,0,1,48c9980aff888ec99ed03914aac8b562d47217d267f9095a5f7a0e512803d1b8,4b37a5ed9cfdc71b591d28bacc024e42e8ebe679ab10903583897e072da5c95b,2026-08-06T20:59:09.686250+00:00
Q002,price,T1500,HTML,"['T1500-1633', 'T1500-1631', 'T1500-0129', 'T1500-1623', 'T1500-1648', 'T1500-1625', 'T1500-0097', 'T1500-1634', 'T1500-1630', 'T1500-0128']","[0.61341679, 0.60878778, 0.57987863, 0.57832044, 0.57824945, 0.57720757, 0.57173872, 0.56641608, 0.55739582, 0.55581272]",1,1,1,1,1,3be65393ec725ae6bb36e4428f29fc1a95c0fcf13b5d9668829d0e4329e9948f,4b37a5ed9cfdc71b591d28bacc024e42e8ebe679ab10903583897e072da5c95b,2026-08-06T20:59:09.698511+00:00
Q003,attribute,T1500,HTML,"['T1500-0735', 'T1500-0738', 'T1500-0743', 'T1500-0742', 'T1500-0741', 'T1500-0737', 'T1500-0731', 'T1500-0736', 'T1500-0740', 'T1500-0734']","[0.69741327, 0.6617341, 0.66123146, 0.64864194, 0.64637804, 0.64547014, 0.6441263, 0.64121354, 0.64035499, 0.63989484]",1,1,1,1,1,b28db1aada14e327e7ab73fa1f02c7de0c86dc6b589a0d245c16299671ea7533,4b37a5ed9cfdc71b591d28bacc024e42e8ebe679ab10903583897e072da5c95b,2026-08-06T20:59:09.710511+00:00
Q004,attribute,T1500,HTML,"['T1500-0113', 'T1500-1618', 'T1500-0036', 'T1500-1611', 'T1500-1591', 'T1500-1541', 'T1500-2096', 'T1500-0196', 'T1500-0108', 'T1500-1626']","[0.57535052, 0.57476318, 0.57363665, 0.569076, 0.56805629, 0.5679822, 0.56672084, 0.56552827, 0.56449902, 0.56403196]",,0,0,0,0,81eb045c663f0afa7e3fa42b9b1c61168e8ef0933a04883c7d097729f9beca57,4b37a5ed9cfdc71b591d28bacc024e42e8ebe679ab10903583897e072da5c95b,2026-08-06T20:59:09.720476+00:00
Q005,attribute,T1500,HTML,"['T1500-1557', 'T1500-1555', 'T1500-1550', 'T1500-1560', 'T1500-1549', 'T1500-1558', 'T1500-1534', 'T1500-1641', 'T1500-1531', 'T1500-1562']","[0.62753689, 0.58695453, 0.57652986, 0.56451094, 0.54616964, 0.52897996, 0.52532822, 0.52038372, 0.51919305, 0.51744169]",1,1,1,1,1,92ceefe6b7735b49e461723bd2e9c52dd37a292609400267774536457843a2e6,4b37a5ed9cfdc71b591d28bacc024e42e8ebe679ab10903583897e072da5c95b,2026-08-06T20:59:09.730466+00:00
Q006,price,T1500,HTML,"['T1500-0297', 'T1500-0298', 'T1500-0060', 'T1500-0017', 'T1500-1678', 'T1500-2064', 'T1500-2050', 'T1500-2046', 'T1500-0185', 'T1500-2061']","[0.6497758, 0.62865329, 0.5579592, 0.55498445, 0.54723787, 0.54415023, 0.54128647, 0.53348547, 0.53174317, 0.53009486]",1,1,1,1,1,758c8cdd2e473ba80e1e094c8a062e55b0a1813d79493841a5b0dc41af4d7f51,4b37a5ed9cfdc71b591d28bacc024e42e8ebe679ab10903583897e072da5c95b,2026-08-06T20:59:09.739481+00:00
Q007,attribute,T1500,HTML,"['T1500-1560', 'T1500-1558', 'T1500-1557', 'T1500-0085', 'T1500-1641', 'T1500-1733', 'T1500-1555', 'T1500-1638', 'T1500-1586', 'T1500-1611']","[0.58566117, 0.58142591, 0.57314938, 0.55390012, 0.55071807, 0.54753298, 0.54473126, 0.54451567, 0.53913867, 0.53861988]",4,0,0,1,1,4b7c7532a94594844061c797ba4cb1657ae84c54e804faa49e6c99350b41f834,4b37a5ed9cfdc71b591d28bacc024e42e8ebe679ab10903583897e072da5c95b,2026-08-06T20:59:09.757566+00:00
Q008,attribute,T1500,HTML,"['T1500-1625', 'T1500-1626', 'T1500-1618', 'T1500-1546', 'T1500-1643', 'T1500-0097', 'T1500-0198', 'T1500-1648', 'T1500-0036', 'T1500-1613']","[0.63539302, 0.61841291, 0.60487723, 0.6023165, 0.60171545, 0.60128641, 0.59942836, 0.59449553, 0.59350079, 0.59120208]",,0,0,0,0,c221246c809e91c9f7959fd6099aa8489b464b26fb136419e1b3b64926ed2d90,4b37a5ed9cfdc71b591d28bacc024e42e8ebe679ab10903583897e072da5c95b,2026-08-06T20:59:09.775560+00:00
Q009,price,T1500,HTML,"['T1500-1567', 'T1500-1565', 'T1500-1611', 'T1500-1638', 'T1500-0121', 'T1500-1621', 'T1500-0040', 'T1500-1634', 'T1500-1558', 'T1500-1571']","[0.65229738, 0.58063394, 0.55403554, 0.55025768, 0.54501593, 0.53740829, 0.53558713, 0.53190017, 0.52968621, 0.52738994]",1,1,1,1,1,1e041530cbdd16f4c649a79b9be701cac9342d113a97477922a048088a0b6f46,4b37a5ed9cfdc71b591d28bacc024e42e8ebe679ab10903583897e072da5c95b,2026-08-06T20:59:09.787481+00:00
Q010,attribute,T1500,HTML,"['T1500-0528', 'T1500-0529', 'T1500-0534', 'T1500-0432', 'T1500-0530', 'T1500-0434', 'T1500-0439', 'T1500-0444', 'T1500-0527', 'T1500-0448']","[0.67849636, 0.67444724, 0.67224747, 0.6630013, 0.6615814, 0.66067111, 0.66015017, 0.6587615, 0.65844017, 0.65825295]",1,1,1,1,1,8464b0207cdff8f9cacdaa62103085147699817cb78f292c57b610d70ea5695d,4b37a5ed9cfdc71b591d28bacc024e42e8ebe679ab10903583897e072da5c95b,2026-08-06T20:59:09.799486+00:00
Q011,price,T1500,HTML,"['T1500-1386', 'T1500-1383', 'T1500-1384', 'T1500-1360', 'T1500-1361', 'T1500-0052', 'T1500-0051', 'T1500-1358', 'T1500-0050', 'T1500-0048']","[0.65700591, 0.64601445, 0.63899589, 0.62198466, 0.60786319, 0.59954834, 0.58204222, 0.5738259, 0.57209384, 0.56505185]",1,1,1,1,1,98e8263dea4c229e5ab838825bf5597870c2864f07ba19a8d82c75f825e1489b,4b37a5ed9cfdc71b591d28bacc024e42e8ebe679ab10903583897e072da5c95b,2026-08-06T20:59:09.810000+00:00
Q012,attribute,T1500,HTML,"['T1500-0400', 'T1500-0396', 'T1500-0812', 'T1500-0397', 'T1500-1722', 'T1500-0401', 'T1500-0393', 'T1500-0392', 'T1500-0705', 'T1500-0394']","[0.56429756, 0.54434222, 0.54242265, 0.54026139, 0.53821427, 0.53745091, 0.53613198, 0.53261065, 0.53062671, 0.53017801]",,0,0,0,0,bd0396f9677602e4f9c984ff699b54f47edd2ff10824aaffb00d280e56a11d98,4b37a5ed9cfdc71b591d28bacc024e42e8ebe679ab10903583897e072da5c95b,2026-08-06T20:59:09.821634+00:00
Q013,attribute,T1500,HTML,"['T1500-0341', 'T1500-0333', 'T1500-0344', 'T1500-0342', 'T1500-0354', 'T1500-0336', 'T1500-0337', 'T1500-0321', 'T1500-0355', 'T1500-0324']","[0.63636595, 0.62940627, 0.62915218, 0.62903178, 0.62360197, 0.61379826, 0.61343658, 0.60664344, 0.60565501, 0.60549134]",,0,0,0,0,27c188fcfa0a8df3a7ef9db7371a765b775aa7f7f7ca65556b1d4135f4972286,4b37a5ed9cfdc71b591d28bacc024e42e8ebe679ab10903583897e072da5c95b,2026-08-06T20:59:09.835142+00:00
Q014,price,T1500,HTML,"['T1500-1537', 'T1500-1538', 'T1500-1601', 'T1500-1535', 'T1500-1599', 'T1500-1613', 'T1500-1605', 'T1500-1534', 'T1500-1604', 'T1500-1602']","[0.51685882, 0.48800412, 0.47071347, 0.46732315, 0.46550614, 0.46324897, 0.46156013, 0.45686263, 0.45239675, 0.44888633]",2,0,1,1,1,a2916f8e16349cacfb064af98e283b2f6c2e4e4b510f6fe50a432d68b4b00377,4b37a5ed9cfdc71b591d28bacc024e42e8ebe679ab10903583897e072da5c95b,2026-08-06T20:59:09.838062+00:00
Q015,price,T1500,HTML,"['T1500-1231', 'T1500-1233', 'T1500-1232', 'T1500-1228', 'T1500-1230', 'T1500-1263', 'T1500-1234', 'T1500-1229', 'T1500-1265', 'T1500-1832']","[0.72051311, 0.68253672, 0.6823191, 0.67966151, 0.67275298, 0.66538489, 0.65343952, 0.65309036, 0.64661556, 0.62696493]",1,1,1,1,1,a80003d6ae3ff295c093f2404ae8ac063ef9ef346b56a84c0acdd65111ef1ef6,4b37a5ed9cfdc71b591d28bacc024e42e8ebe679ab10903583897e072da5c95b,2026-08-06T20:59:09.846424+00:00
Q016,attribute,T1500,HTML,"['T1500-1014', 'T1500-1017', 'T1500-1013', 'T1500-1094', 'T1500-1015', 'T1500-1016', 'T1500-1018', 'T1500-1091', 'T1500-1974', 'T1500-1972']","[0.68415678, 0.68401378, 0.67224789, 0.64915121, 0.64652121, 0.64525223, 0.63820899, 0.63647425, 0.63498366, 0.62873864]",,0,0,0,0,21739205be7d9c316a2dbba2c4f6d14b94259cdd3ec7916da0cef16d9236040c,4b37a5ed9cfdc71b591d28bacc024e42e8ebe679ab10903583897e072da5c95b,2026-08-06T20:59:09.847851+00:00
Q017,attribute,T1500,HTML,"['T1500-1803', 'T1500-1796', 'T1500-1975', 'T1500-1947', 'T1500-1800', 'T1500-1802', 'T1500-1805', 'T1500-1976', 'T1500-1955', 'T1500-1906']","[0.67159283, 0.66017902, 0.65571779, 0.64984649, 0.64826775, 0.64798462, 0.64087814, 0.63878769, 0.63811743, 0.63673741]",2,0,1,1,1,2a321e0a7b0a1c70ea5bea197d15654b1e9a19355309bd6fe61cd258d9d72ecf,4b37a5ed9cfdc71b591d28bacc024e42e8ebe679ab10903583897e072da5c95b,2026-08-06T20:59:09.850013+00:00
Q018,attribute,T1500,HTML,"['T1500-1630', 'T1500-1545', 'T1500-1338', 'T1500-1627', 'T1500-1602', 'T1500-1546', 'T1500-0127', 'T1500-1634', 'T1500-1614', 'T1500-1617']","[0.48815912, 0.48432457, 0.48371527, 0.48199499, 0.48155874, 0.47679535, 0.47511607, 0.47411114, 0.47387391, 0.47372711]",,0,0,0,0,be3cbea80945eab697f8baa07af46d043cc2722f3f4ae56debc891ae0b791e59,4b37a5ed9cfdc71b591d28bacc024e42e8ebe679ab10903583897e072da5c95b,2026-08-06T20:59:09.859329+00:00
Q019,attribute,T1500,HTML,"['T1500-1635', 'T1500-1637', 'T1500-1534', 'T1500-0096', 'T1500-0067', 'T1500-1659', 'T1500-1656', 'T1500-1653', 'T1500-0085', 'T1500-0119']","[0.5502516, 0.54864246, 0.5449959, 0.54320204, 0.54096997, 0.53792125, 0.53692257, 0.53244841, 0.53224754, 0.53224373]",2,0,1,1,1,0a91a2bcee55e662d66c3b1497721adcebf68fe2c48ff4511961ef6769b6c3fd,4b37a5ed9cfdc71b591d28bacc024e42e8ebe679ab10903583897e072da5c95b,2026-08-06T20:59:09.869670+00:00
Q020,attribute,T1500,HTML,"['T1500-1564', 'T1500-1562', 'T1500-1641', 'T1500-1555', 'T1500-1535', 'T1500-1546', 'T1500-1599', 'T1500-1329', 'T1500-1635', 'T1500-1713']","[0.59529591, 0.53506339, 0.52073377, 0.51338327, 0.50863421, 0.50421488, 0.50417697, 0.50317293, 0.49704719, 0.49642044]",7,0,0,0,1,116dba510243e25bd48d2da2c803a1ab6e9a42b3f657cd5f841b66f79c948450,4b37a5ed9cfdc71b591d28bacc024e42e8ebe679ab10903583897e072da5c95b,2026-08-06T20:59:09.870160+00:00
Q021,price,T1500,HTML,"['T1500-1951', 'T1500-1952', 'T1500-1949', 'T1500-1964', 'T1500-1954', 'T1500-1976', 'T1500-1948', 'T1500-1802', 'T1500-1803', 'T1500-1975']","[0.69474292, 0.69162524, 0.68281358, 0.67457759, 0.66692567, 0.66225886, 0.65907109, 0.65318161, 0.65267581, 0.65253317]",4,0,0,1,1,f2cb3755b85f79c59b1932f7894e9268ed857ce3743ea20932f2af2f7dd821c6,4b37a5ed9cfdc71b591d28bacc024e42e8ebe679ab10903583897e072da5c95b,2026-08-06T20:59:09.892024+00:00
Q022,price,T1500,HTML,"['T1500-0437', 'T1500-0533', 'T1500-0873', 'T1500-0531', 'T1500-0436', 'T1500-0438', 'T1500-0532', 'T1500-0534', 'T1500-0543', 'T1500-0439']","[0.65626669, 0.65421194, 0.6530059, 0.65289867, 0.65194619, 0.65179932, 0.65072584, 0.64838398, 0.6470834, 0.64640641]",1,1,1,1,1,7249145d51f8167d9f214f805ca9c4a91dd247d69b2a057cd8e2f0e395210604,4b37a5ed9cfdc71b591d28bacc024e42e8ebe679ab10903583897e072da5c95b,2026-08-06T20:59:09.892642+00:00
Q023,price,T1500,HTML,"['T1500-1949', 'T1500-1952', 'T1500-1951', 'T1500-1954', 'T1500-1976', 'T1500-1802', 'T1500-1955', 'T1500-1975', 'T1500-1803', 'T1500-1964']","[0.64623296, 0.63947892, 0.63833749, 0.63797671, 0.63742399, 0.63419843, 0.62778968, 0.62473607, 0.62325191, 0.61913347]",4,0,0,1,1,e1b1f126f0537effb5ec452a2812469cef2362c0b0c655356b693ce95c16f2c4,4b37a5ed9cfdc71b591d28bacc024e42e8ebe679ab10903583897e072da5c95b,2026-08-06T20:59:09.893051+00:00
Q024,attribute,T1500,HTML,"['T1500-0697', 'T1500-0401', 'T1500-0685', 'T1500-0760', 'T1500-0705', 'T1500-0716', 'T1500-2092', 'T1500-0695', 'T1500-0714', 'T1500-0399']","[0.55673105, 0.55598783, 0.55477273, 0.55348927, 0.55294979, 0.55237412, 0.55156481, 0.54892498, 0.54840994, 0.54779977]",,0,0,0,0,6411c0d0819a8766ef1738c514c22f1182d5a7fe2bc1bb1b1cf0d67402e4f12b,4b37a5ed9cfdc71b591d28bacc024e42e8ebe679ab10903583897e072da5c95b,2026-08-06T20:59:09.893541+00:00
Q025,price,T1500,HTML,"['T1500-1339', 'T1500-1331', 'T1500-0010', 'T1500-1335', 'T1500-1327', 'T1500-1329', 'T1500-1338', 'T1500-2069', 'T1500-1693', 'T1500-1688']","[0.57719135, 0.55191422, 0.55024213, 0.54453045, 0.54435784, 0.54404294, 0.54212576, 0.541309, 0.54029095, 0.53293437]",7,0,0,0,1,2696fcf86e3b8362430147c56b3b97df4c690f6d605c598f36e3aa39cfbad58b,4b37a5ed9cfdc71b591d28bacc024e42e8ebe679ab10903583897e072da5c95b,2026-08-06T20:59:09.893984+00:00
Q026,price,T1500,HTML,"['T1500-1353', 'T1500-1367', 'T1500-1369', 'T1500-1348', 'T1500-1356', 'T1500-1352', 'T1500-1357', 'T1500-1382', 'T1500-1366', 'T1500-1383']","[0.6382494, 0.63799274, 0.629915, 0.61850899, 0.5923034, 0.59175026, 0.58885229, 0.58864641, 0.58846533, 0.58560348]",3,0,1,1,1,46f459bde31a4ba025c5f7763d0abe3c98be6ddb8ca9144db9e53140e344bac6,4b37a5ed9cfdc71b591d28bacc024e42e8ebe679ab10903583897e072da5c95b,2026-08-06T20:59:09.901492+00:00
Q027,price,T1500,HTML,"['T1500-1855', 'T1500-1854', 'T1500-1811', 'T1500-1939', 'T1500-1810', 'T1500-1815', 'T1500-1938', 'T1500-1814', 'T1500-1813', 'T1500-1832']","[0.60778338, 0.5688262, 0.56518066, 0.56165266, 0.56017292, 0.55423635, 0.54887843, 0.547207, 0.54708374, 0.54309046]",2,0,1,1,1,36b50107fa62ce56aa7e9d51ce36363b7e4f987c46a5b435ce913b93f98d734b,4b37a5ed9cfdc71b591d28bacc024e42e8ebe679ab10903583897e072da5c95b,2026-08-06T20:59:09.904468+00:00
Q028,attribute,T1500,HTML,"['T1500-2093', 'T1500-2097', 'T1500-2094', 'T1500-0758', 'T1500-1044', 'T1500-1779', 'T1500-0760', 'T1500-0756', 'T1500-2102', 'T1500-0769']","[0.59315336, 0.59083366, 0.57534319, 0.56737918, 0.56371379, 0.56273645, 0.56194097, 0.56029689, 0.56000042, 0.55988955]",,0,0,0,0,d07d4735ecc3432fbfc4c2573233e98a6c9043bd046c73e17eba253369c4be5a,4b37a5ed9cfdc71b591d28bacc024e42e8ebe679ab10903583897e072da5c95b,2026-08-06T20:59:09.904916+00:00
Q029,price,T1500,HTML,"['T1500-1938', 'T1500-1537', 'T1500-1542', 'T1500-1529', 'T1500-1534', 'T1500-1335', 'T1500-1939', 'T1500-1947', 'T1500-1346', 'T1500-1820']","[0.46421045, 0.45594126, 0.45190871, 0.44913337, 0.44336078, 0.43668702, 0.43450472, 0.43444777, 0.43363947, 0.43185955]",,0,0,0,0,faee91e538ef045c568482ad1643dfc84568e9601e5f6ce7f80e94d3f11bf3ed,4b37a5ed9cfdc71b591d28bacc024e42e8ebe679ab10903583897e072da5c95b,2026-08-06T20:59:09.909346+00:00
Q030,attribute,T1500,HTML,"['T1500-2092', 'T1500-0389', 'T1500-0401', 'T1500-1755', 'T1500-0760', 'T1500-0643', 'T1500-0659', 'T1500-0645', 'T1500-0646', 'T1500-0770']","[0.55754852, 0.55453157, 0.55180037, 0.5504272, 0.54912663, 0.54839385, 0.54793137, 0.54513985, 0.54423004, 0.5434078]",2,0,1,1,1,da30b530434ef5e203a443d0bfe3239bf6469b43df6365b32edd327b9043f02e,4b37a5ed9cfdc71b591d28bacc024e42e8ebe679ab10903583897e072da5c95b,2026-08-06T20:59:09.909883+00:00
Q031,attribute,T1500,HTML,"['T1500-1982', 'T1500-1985', 'T1500-1988', 'T1500-1983', 'T1500-1805', 'T1500-1233', 'T1500-1970', 'T1500-1231', 'T1500-1986', 'T1500-1234']","[0.60537022, 0.60462266, 0.59951878, 0.59183377, 0.58134502, 0.58130014, 0.57919449, 0.57464433, 0.57460058, 0.57404649]",1,1,1,1,1,df2debf9e71566709d26a751b166490f2c236248091ea5556c5623f7d1813e27,4b37a5ed9cfdc71b591d28bacc024e42e8ebe679ab10903583897e072da5c95b,2026-08-06T20:59:09.910362+00:00
Q032,price,T1500,HTML,"['T1500-1841', 'T1500-1839', 'T1500-1941', 'T1500-1938', 'T1500-1809', 'T1500-1815', 'T1500-1939', 'T1500-1806', 'T1500-1920', 'T1500-1845']","[0.70443344, 0.64751959, 0.6393187, 0.62684643, 0.62115467, 0.6121431, 0.61074346, 0.601771, 0.59931791, 0.59786087]",1,1,1,1,1,e2c015ee70445ff59a146cec92e2498b780971fa144351ed0f2a63e3ba419293,4b37a5ed9cfdc71b591d28bacc024e42e8ebe679ab10903583897e072da5c95b,2026-08-06T20:59:09.918068+00:00
Q033,attribute,T1500,HTML,"['T1500-1550', 'T1500-1558', 'T1500-1549', 'T1500-1557', 'T1500-1554', 'T1500-1611', 'T1500-0119', 'T1500-1641', 'T1500-1560', 'T1500-1534']","[0.65874982, 0.60670149, 0.56940806, 0.55985981, 0.55478275, 0.52679074, 0.52476734, 0.52421939, 0.52155328, 0.52120131]",1,1,1,1,1,785d8a4f035c54da8b460fe4cff17cda0f2f588bc3a1d2adb29ecfd8ee9b453f,4b37a5ed9cfdc71b591d28bacc024e42e8ebe679ab10903583897e072da5c95b,2026-08-06T20:59:09.918555+00:00
Q034,attribute,T1500,HTML,"['T1500-1975', 'T1500-1976', 'T1500-1802', 'T1500-1920', 'T1500-1803', 'T1500-1995', 'T1500-1805', 'T1500-1967', 'T1500-1201', 'T1500-1978']","[0.7063179, 0.68345213, 0.66027915, 0.65359181, 0.64717686, 0.64653015, 0.63980377, 0.63678223, 0.63438666, 0.63416052]",,0,0,0,0,2d10b2fbecfefab06a308d79ab14ee0ed5278559760abb1a402688d98914a590,4b37a5ed9cfdc71b591d28bacc024e42e8ebe679ab10903583897e072da5c95b,2026-08-06T20:59:09.919004+00:00
Q035,attribute,T1500,HTML,"['T1500-1617', 'T1500-1615', 'T1500-1627', 'T1500-1648', 'T1500-1634', 'T1500-1591', 'T1500-1546', 'T1500-1623', 'T1500-1633', 'T1500-1571']","[0.60578716, 0.56656396, 0.55180144, 0.54727483, 0.5461536, 0.54175246, 0.54071605, 0.53767908, 0.53581494, 0.53539705]",,0,0,0,0,1d9f881d89be94760c950ff65a96f44cf37d6199abf4065274c3893d478d79ab,4b37a5ed9cfdc71b591d28bacc024e42e8ebe679ab10903583897e072da5c95b,2026-08-06T20:59:09.920531+00:00
Q036,attribute,T1500,HTML,"['T1500-1594', 'T1500-0070', 'T1500-1591', 'T1500-0107', 'T1500-1546', 'T1500-1648', 'T1500-1617', 'T1500-0103', 'T1500-1537', 'T1500-1621']","[0.55701101, 0.5550735, 0.55431211, 0.55077463, 0.54596663, 0.54306424, 0.54287726, 0.53977889, 0.53930426, 0.53884804]",2,0,1,1,1,f8049b4cf2016a6aa570a641371de444215928ca645467a1307210ce014613d6,4b37a5ed9cfdc71b591d28bacc024e42e8ebe679ab10903583897e072da5c95b,2026-08-06T20:59:09.934747+00:00
Q037,attribute,T1500,HTML,"['T1500-1200', 'T1500-1201', 'T1500-1199', 'T1500-1202', 'T1500-1205', 'T1500-1203', 'T1500-1975', 'T1500-1160', 'T1500-1955', 'T1500-1204']","[0.67307866, 0.66885728, 0.65917355, 0.6355437, 0.62678397, 0.6205219, 0.61729562, 0.61568695, 0.60817993, 0.60797876]",1,1,1,1,1,dd46f2ca6d03301dec3323cb4a87a0737212959ee1d2df56f7b6b35850c2a2b2,4b37a5ed9cfdc71b591d28bacc024e42e8ebe679ab10903583897e072da5c95b,2026-08-06T20:59:09.947532+00:00
Q038,attribute,T1500,HTML,"['T1500-1649', 'T1500-1651', 'T1500-1422', 'T1500-1648', 'T1500-0129', 'T1500-1370', 'T1500-1376', 'T1500-1621', 'T1500-1630', 'T1500-1652']","[0.59841502, 0.54833627, 0.54740119, 0.54159474, 0.54065353, 0.53376526, 0.52689362, 0.52605593, 0.52439022, 0.52386481]",1,1,1,1,1,4c0079661935c4c0355919a3856cb84e349440087da04292506da535b6cee0c9,4b37a5ed9cfdc71b591d28bacc024e42e8ebe679ab10903583897e072da5c95b,2026-08-06T20:59:09.959761+00:00
Q039,price,T1500,HTML,"['T1500-1309', 'T1500-0430', 'T1500-1335', 'T1500-0415', 'T1500-0420', 'T1500-1498', 'T1500-1534', 'T1500-0413', 'T1500-1339', 'T1500-1336']","[0.48606518, 0.46828604, 0.45708072, 0.45251298, 0.44888425, 0.44600126, 0.44577736, 0.44463652, 0.44217089, 0.44003564]",,0,0,0,0,a68dc22430bd70b962ac044241cb2ede627f78f54b327972be36635a7dde78a0,4b37a5ed9cfdc71b591d28bacc024e42e8ebe679ab10903583897e072da5c95b,2026-08-06T20:59:09.965316+00:00
Q040,attribute,T1500,HTML,"['T1500-0299', 'T1500-0300', 'T1500-1749', 'T1500-0298', 'T1500-1747', 'T1500-0305', 'T1500-0302', 'T1500-1383', 'T1500-1614', 'T1500-0016']","[0.70026982, 0.69308138, 0.65956438, 0.6246205, 0.6019212, 0.5733164, 0.56829733, 0.55438918, 0.55258912, 0.54911739]",9,0,0,0,1,60dd4723eb92301208520043ff4b454b0669e8cfa856d62c6127e8c8baa26774,4b37a5ed9cfdc71b591d28bacc024e42e8ebe679ab10903583897e072da5c95b,2026-08-06T20:59:09.975138+00:00
Q041,attribute,T1500,HTML,"['T1500-1706', 'T1500-1709', 'T1500-1705', 'T1500-1699', 'T1500-1685', 'T1500-1688', 'T1500-1693', 'T1500-0892', 'T1500-1703', 'T1500-1673']","[0.65350413, 0.64281082, 0.61857939, 0.61329091, 0.60969508, 0.60815436, 0.59676301, 0.59577483, 0.58286583, 0.58023036]",1,1,1,1,1,9677590218dee84df7d35781a840d58479b82c2818ae72218839906cf7046d15,4b37a5ed9cfdc71b591d28bacc024e42e8ebe679ab10903583897e072da5c95b,2026-08-06T20:59:09.982782+00:00
Q042,attribute,T1500,HTML,"['T1500-1627', 'T1500-1629', 'T1500-1591', 'T1500-1613', 'T1500-0070', 'T1500-1546', 'T1500-1537', 'T1500-1634', 'T1500-1648', 'T1500-1630']","[0.62525243, 0.57957053, 0.57088417, 0.56953967, 0.56188321, 0.56111544, 0.56102425, 0.56071794, 0.56058246, 0.56027937]",,0,0,0,0,5b4483356d58b9e1336d9ca4eec05777697977337e71b2259a4308167d6a0e88,4b37a5ed9cfdc71b591d28bacc024e42e8ebe679ab10903583897e072da5c95b,2026-08-06T20:59:09.983930+00:00
Q043,attribute,T1500,HTML,"['T1500-0534', 'T1500-0528', 'T1500-0527', 'T1500-0432', 'T1500-0529', 'T1500-0448', 'T1500-0439', 'T1500-0538', 'T1500-0537', 'T1500-0530']","[0.67903596, 0.67522717, 0.67489111, 0.67218733, 0.67119861, 0.66790736, 0.66774487, 0.66733539, 0.66690767, 0.6658684]",2,0,1,1,1,882ab44efeef7d0cb1ed01601b6aeaf4c73b8f387dec9efa5ab788fea1c101ba,4b37a5ed9cfdc71b591d28bacc024e42e8ebe679ab10903583897e072da5c95b,2026-08-06T20:59:09.984842+00:00
Q044,attribute,T1500,HTML,"['T1500-0225', 'T1500-0226', 'T1500-0224', 'T1500-0223', 'T1500-0885', 'T1500-0227', 'T1500-1223', 'T1500-0211', 'T1500-1080', 'T1500-1017']","[0.6219728, 0.61543322, 0.61299539, 0.58933425, 0.56852734, 0.56405771, 0.56185746, 0.55698442, 0.5532456, 0.55121034]",1,1,1,1,1,12b2ccb66d0f679501540c1665f4ba38028868b21e3077bdfaa443cf926a7f6a,4b37a5ed9cfdc71b591d28bacc024e42e8ebe679ab10903583897e072da5c95b,2026-08-06T20:59:09.985864+00:00
Q045,price,T1500,HTML,"['T1500-1614', 'T1500-1613', 'T1500-1537', 'T1500-1534', 'T1500-1637', 'T1500-1605', 'T1500-1538', 'T1500-1339', 'T1500-1693', 'T1500-1336']","[0.61988854, 0.53471494, 0.5340277, 0.53388184, 0.53263116, 0.52871549, 0.52621055, 0.52215701, 0.5216679, 0.52160478]",1,1,1,1,1,ed56217445d145c023017f4a42f7f22078b0f2a05e61142ed090bcc46bf9c72e,4b37a5ed9cfdc71b591d28bacc024e42e8ebe679ab10903583897e072da5c95b,2026-08-06T20:59:10.004518+00:00
Q046,price,T1500,HTML,"['T1500-0072', 'T1500-1631', 'T1500-1623', 'T1500-1542', 'T1500-1625', 'T1500-1646', 'T1500-1626', 'T1500-1592', 'T1500-1630', 'T1500-0129']","[0.62812382, 0.62274241, 0.61134046, 0.60827237, 0.60784888, 0.60762715, 0.60760903, 0.60313493, 0.60133386, 0.60059702]",1,1,1,1,1,b3ae3f9c270615662398a303643e69920d1202163d7112b0eff81b39a55214df,4b37a5ed9cfdc71b591d28bacc024e42e8ebe679ab10903583897e072da5c95b,2026-08-06T20:59:10.012643+00:00
Q047,attribute,T1500,HTML,"['T1500-1951', 'T1500-1952', 'T1500-1949', 'T1500-1954', 'T1500-1955', 'T1500-1025', 'T1500-1975', 'T1500-1976', 'T1500-1965', 'T1500-1803']","[0.71224391, 0.6987921, 0.69666898, 0.69251132, 0.68777668, 0.68457294, 0.67633116, 0.67167521, 0.66136783, 0.66055691]",6,0,0,0,1,031b79b565ab7a7d3f92fe9b9762ac4331438962a66f76ddfad387e21abdb995,4b37a5ed9cfdc71b591d28bacc024e42e8ebe679ab10903583897e072da5c95b,2026-08-06T20:59:10.028791+00:00
Q048,price,T1500,HTML,"['T1500-1980', 'T1500-1979', 'T1500-1978', 'T1500-1975', 'T1500-1976', 'T1500-1982', 'T1500-1920', 'T1500-1967', 'T1500-1802', 'T1500-1964']","[0.69872963, 0.67910671, 0.67487955, 0.64884198, 0.63798773, 0.6332956, 0.6245957, 0.62303567, 0.62038815, 0.61986911]",1,1,1,1,1,33030868eb141530542a49270613474d36ad3747c568df15ef7680c2687d4665,4b37a5ed9cfdc71b591d28bacc024e42e8ebe679ab10903583897e072da5c95b,2026-08-06T20:59:10.037040+00:00
Q049,attribute,T1500,HTML,"['T1500-1124', 'T1500-1971', 'T1500-1128', 'T1500-1121', 'T1500-1127', 'T1500-1125', 'T1500-1126', 'T1500-1783', 'T1500-1974', 'T1500-1131']","[0.62807429, 0.61936378, 0.61632872, 0.60913026, 0.60710758, 0.60636288, 0.60603464, 0.60546392, 0.60201216, 0.59672117]",2,0,1,1,1,661c1a740d8efc1c1ad8949d6844bc356882ff19cb0eb12eca423d800d2a8ebe,4b37a5ed9cfdc71b591d28bacc024e42e8ebe679ab10903583897e072da5c95b,2026-08-06T20:59:10.037609+00:00
Q050,price,T1500,HTML,"['T1500-1976', 'T1500-1988', 'T1500-1978', 'T1500-1826', 'T1500-1975', 'T1500-1234', 'T1500-1233', 'T1500-1964', 'T1500-1805', 'T1500-1899']","[0.60450947, 0.58031094, 0.57963014, 0.5594601, 0.55729753, 0.55119622, 0.54987168, 0.54902792, 0.54622298, 0.54513997]",1,1,1,1,1,d65ddba4bebd758abca9e6387c0a087a8160922e59f052a30a2a93d121d306bb,4b37a5ed9cfdc71b591d28bacc024e42e8ebe679ab10903583897e072da5c95b,2026-08-06T20:59:10.038102+00:00
Q051,attribute,T1500,HTML,"['T1500-1232', 'T1500-1231', 'T1500-1233', 'T1500-1234', 'T1500-1228', 'T1500-1230', 'T1500-1263', 'T1500-1229', 'T1500-1265', 'T1500-1988']","[0.6885469, 0.68389738, 0.67479175, 0.66767079, 0.66704112, 0.66200745, 0.65057039, 0.64718401, 0.63744962, 0.60247409]",5,0,0,1,1,dc9752bdc4dbafe3d716ab933ee28319f1ca874f14c7675d1ba3d3e69021b612,4b37a5ed9cfdc71b591d28bacc024e42e8ebe679ab10903583897e072da5c95b,2026-08-06T20:59:10.041579+00:00
Q052,attribute,T1500,HTML,"['T1500-1920', 'T1500-1975', 'T1500-1951', 'T1500-1964', 'T1500-1181', 'T1500-1967', 'T1500-1168', 'T1500-1803', 'T1500-1171', 'T1500-1947']","[0.65143335, 0.65135658, 0.63857895, 0.63611948, 0.63496172, 0.63480246, 0.63454938, 0.63395232, 0.63303983, 0.63294911]",4,0,0,1,1,3e0c19e366df16d1eed0f9dc657ffcb558575af3d4b2ed4fbb8a3f6883786c4f,4b37a5ed9cfdc71b591d28bacc024e42e8ebe679ab10903583897e072da5c95b,2026-08-06T20:59:10.042985+00:00
Q053,price,T1500,HTML,"['T1500-0927', 'T1500-1861', 'T1500-1730', 'T1500-1214', 'T1500-1213', 'T1500-1351', 'T1500-1674', 'T1500-1665', 'T1500-1366', 'T1500-0430']","[0.55091065, 0.49878103, 0.4890497, 0.48502412, 0.48343018, 0.4827615, 0.48228976, 0.4821291, 0.48031271, 0.47908616]",1,1,1,1,1,c084fa28cd981b1dc4afd0a791b090ac7a9a69115a1f817225d5218475b9a982,4b37a5ed9cfdc71b591d28bacc024e42e8ebe679ab10903583897e072da5c95b,2026-08-06T20:59:10.049567+00:00
Q054,attribute,T1500,HTML,"['T1500-1154', 'T1500-1155', 'T1500-1153', 'T1500-1147', 'T1500-1160', 'T1500-1920', 'T1500-1150', 'T1500-1976', 'T1500-1148', 'T1500-1975']","[0.68642461, 0.68464231, 0.66166234, 0.6551441, 0.64566052, 0.64347935, 0.64004546, 0.63757426, 0.63709748, 0.6358248]",,0,0,0,0,fcce046289cf5ea17529a4eb6f4af971164ac8c36f2162c9e803958aa7da1aa7,4b37a5ed9cfdc71b591d28bacc024e42e8ebe679ab10903583897e072da5c95b,2026-08-06T20:59:10.050076+00:00
Q055,price,T1500,HTML,"['T1500-1976', 'T1500-1061', 'T1500-1920', 'T1500-1947', 'T1500-1975', 'T1500-1803', 'T1500-1951', 'T1500-1965', 'T1500-1952', 'T1500-1059']","[0.63011694, 0.62979615, 0.62359488, 0.62236601, 0.61633384, 0.61592925, 0.61513209, 0.61264122, 0.61228013, 0.61065805]",2,0,1,1,1,9c23361414860d97d655d8647a3e2819f44b0d06174592683773cb3479c89276,4b37a5ed9cfdc71b591d28bacc024e42e8ebe679ab10903583897e072da5c95b,2026-08-06T20:59:10.052267+00:00
Q056,price,T1500,HTML,"['T1500-0300', 'T1500-0299', 'T1500-1749', 'T1500-1747', 'T1500-0298', 'T1500-0305', 'T1500-0302', 'T1500-0306', 'T1500-1587', 'T1500-0307']","[0.68658751, 0.67651981, 0.66641033, 0.60380197, 0.58867693, 0.5851084, 0.55663621, 0.5523355, 0.55014968, 0.53788102]",1,1,1,1,1,b88e7b5c06d7e9432120b429b9ad11b6fa9e323f55323aa1faeaed303226d9ab,4b37a5ed9cfdc71b591d28bacc024e42e8ebe679ab10903583897e072da5c95b,2026-08-06T20:59:10.052776+00:00
Q057,price,T1500,HTML,"['T1500-1832', 'T1500-1859', 'T1500-1933', 'T1500-1830', 'T1500-0211', 'T1500-0929', 'T1500-1781', 'T1500-1529', 'T1500-1848', 'T1500-1861']","[0.55189294, 0.54201353, 0.53321022, 0.53122109, 0.53056884, 0.52860254, 0.52508545, 0.52466154, 0.52346635, 0.52245057]",6,0,0,0,1,5a9204327ca943122223305c25821bee0bd45763870943b35719fd9e6584f949,4b37a5ed9cfdc71b591d28bacc024e42e8ebe679ab10903583897e072da5c95b,2026-08-06T20:59:10.053245+00:00
Q058,attribute,T1500,HTML,"['T1500-0097', 'T1500-1617', 'T1500-1648', 'T1500-1618', 'T1500-1639', 'T1500-1591', 'T1500-1638', 'T1500-0073', 'T1500-1541', 'T1500-1573']","[0.60298502, 0.59897697, 0.59476709, 0.59377712, 0.59181625, 0.58754909, 0.58649695, 0.58450544, 0.57963675, 0.57884544]",8,0,0,0,1,94aaaf6613c41265964d259ad2b5d9190a330f4b3279d97460fa5bda283e694b,4b37a5ed9cfdc71b591d28bacc024e42e8ebe679ab10903583897e072da5c95b,2026-08-06T20:59:10.053777+00:00
Q059,price,T1500,HTML,"['T1500-1346', 'T1500-1350', 'T1500-1628', 'T1500-1418', 'T1500-1381', 'T1500-1433', 'T1500-1436', 'T1500-1438', 'T1500-1416', 'T1500-1528']","[0.52685219, 0.51506722, 0.51476622, 0.51405108, 0.51397967, 0.51341605, 0.51319242, 0.51285493, 0.51258034, 0.51150286]",,0,0,0,0,fe86a6a9ffd76f2441a0885aae52db72a4c56cf21f427769b1c5f7a4e8fa75f3,4b37a5ed9cfdc71b591d28bacc024e42e8ebe679ab10903583897e072da5c95b,2026-08-06T20:59:10.054342+00:00
Q060,price,T1500,HTML,"['T1500-0225', 'T1500-0226', 'T1500-0224', 'T1500-0223', 'T1500-0227', 'T1500-0228', 'T1500-0885', 'T1500-0892', 'T1500-1688', 'T1500-2052']","[0.59978819, 0.59207159, 0.58936262, 0.56135905, 0.55041218, 0.5331881, 0.50519651, 0.4999122, 0.49901372, 0.49777415]",1,1,1,1,1,54c604dcdffd88c41eea5be5fb4e31d957f909ac771a1d5942ac4c07d7563b2e,4b37a5ed9cfdc71b591d28bacc024e42e8ebe679ab10903583897e072da5c95b,2026-08-06T20:59:10.068305+00:00
Q061,attribute,T1500,HTML,"['T1500-1560', 'T1500-1558', 'T1500-1533', 'T1500-1546', 'T1500-1561', 'T1500-1634', 'T1500-1641', 'T1500-1550', 'T1500-1588', 'T1500-1555']","[0.62410367, 0.55923712, 0.54569173, 0.54005539, 0.52798128, 0.51689696, 0.50914454, 0.50857639, 0.50212747, 0.50143903]",,0,0,0,0,f61c960bf55513f58a4ce5bfa4b66875fd72b79029d33e94765cc9706fb7808f,4b37a5ed9cfdc71b591d28bacc024e42e8ebe679ab10903583897e072da5c95b,2026-08-06T20:59:10.068947+00:00
Q062,attribute,T1500,HTML,"['T1500-1120', 'T1500-0651', 'T1500-0769', 'T1500-1108', 'T1500-0646', 'T1500-0671', 'T1500-0650', 'T1500-0746', 'T1500-0649', 'T1500-0744']","[0.56944668, 0.54974037, 0.54924786, 0.54642069, 0.54597324, 0.54576081, 0.54422021, 0.54414141, 0.54362273, 0.54354346]",,0,0,0,0,5c8adef11b7f9f14fdaf3f2b05f4bf2eade2fd127cc06c168c30d5a264f2e19b,4b37a5ed9cfdc71b591d28bacc024e42e8ebe679ab10903583897e072da5c95b,2026-08-06T20:59:10.072872+00:00
Q063,attribute,T1500,HTML,"['T1500-0128', 'T1500-1533', 'T1500-1621', 'T1500-1634', 'T1500-1629', 'T1500-1594', 'T1500-0190', 'T1500-1622', 'T1500-0074', 'T1500-1611']","[0.62019444, 0.59303391, 0.59240031, 0.5815872, 0.57336867, 0.57056999, 0.56797427, 0.56743681, 0.56728923, 0.56658649]",1,1,1,1,1,2fcb8f74fb288a267371bea041e2ef92fecbf40c3afefeadee4eedb4b37a4b7d,4b37a5ed9cfdc71b591d28bacc024e42e8ebe679ab10903583897e072da5c95b,2026-08-06T20:59:10.074520+00:00
Q064,price,T1500,HTML,"['T1500-0777', 'T1500-0670', 'T1500-0650', 'T1500-0768', 'T1500-0656', 'T1500-0757', 'T1500-0693', 'T1500-0702', 'T1500-0653', 'T1500-0750']","[0.57083452, 0.56974584, 0.56862009, 0.56833494, 0.56195414, 0.5595156, 0.55861324, 0.55773133, 0.5475601, 0.54739565]",5,0,0,1,1,b62bbb3caaebfa64c64403faf2829200275bb07c63c054534fd50e9d8116f3cf,4b37a5ed9cfdc71b591d28bacc024e42e8ebe679ab10903583897e072da5c95b,2026-08-06T20:59:10.074994+00:00
Q065,price,T1500,HTML,"['T1500-1800', 'T1500-1908', 'T1500-1906', 'T1500-1155', 'T1500-1802', 'T1500-1803', 'T1500-1975', 'T1500-1805', 'T1500-1964', 'T1500-1156']","[0.69279397, 0.64938068, 0.64668262, 0.62205619, 0.61873013, 0.61825526, 0.61655813, 0.61528099, 0.61393321, 0.61348128]",1,1,1,1,1,0946c2b0edc6e35b71765e99fa35342b581ce1d4ca3cc6f5a90b51f99d8ed5f0,4b37a5ed9cfdc71b591d28bacc024e42e8ebe679ab10903583897e072da5c95b,2026-08-06T20:59:10.079044+00:00
Q066,price,T1500,HTML,"['T1500-1617', 'T1500-1537', 'T1500-1534', 'T1500-1339', 'T1500-1538', 'T1500-1595', 'T1500-1623', 'T1500-1335', 'T1500-1613', 'T1500-1629']","[0.55075002, 0.53423965, 0.52530152, 0.51995826, 0.51867652, 0.51386422, 0.50890392, 0.50725734, 0.50624335, 0.5040608]",1,1,1,1,1,39cabc2d4618c65602c74069cf838df5aec06eb59c9fee6d33c2d04eba6b55ba,4b37a5ed9cfdc71b591d28bacc024e42e8ebe679ab10903583897e072da5c95b,2026-08-06T20:59:10.079657+00:00
Q067,price,T1500,HTML,"['T1500-0322', 'T1500-0321', 'T1500-0319', 'T1500-0323', 'T1500-0320', 'T1500-0346', 'T1500-0345', 'T1500-0374', 'T1500-0330', 'T1500-1755']","[0.62901801, 0.62736833, 0.62422109, 0.61926103, 0.61903995, 0.61225152, 0.60865897, 0.60621333, 0.59960711, 0.59845924]",,0,0,0,0,4fbeb0d3561fca0da8c4845058189be42e655f261b015252a30d2e669b679146,4b37a5ed9cfdc71b591d28bacc024e42e8ebe679ab10903583897e072da5c95b,2026-08-06T20:59:10.080187+00:00
Q068,price,T1500,HTML,"['T1500-1638', 'T1500-1617', 'T1500-1634', 'T1500-1539', 'T1500-1531', 'T1500-1641', 'T1500-1550', 'T1500-1693', 'T1500-1626', 'T1500-1333']","[0.54909277, 0.53189349, 0.52845311, 0.52768618, 0.52072096, 0.51221383, 0.51114416, 0.51054364, 0.51015794, 0.50997144]",2,0,1,1,1,16b6a385479043c13164937fb1b2ecc6a79d8d9a6d4de83b9a3100d45cf1579b,4b37a5ed9cfdc71b591d28bacc024e42e8ebe679ab10903583897e072da5c95b,2026-08-06T20:59:10.082762+00:00
Q069,attribute,T1500,HTML,"['T1500-0923', 'T1500-1859', 'T1500-0164', 'T1500-1974', 'T1500-1241', 'T1500-0167', 'T1500-1092', 'T1500-1265', 'T1500-1862', 'T1500-1933']","[0.53216219, 0.532085, 0.53166264, 0.53028071, 0.52968317, 0.52918696, 0.52842283, 0.52756262, 0.52753615, 0.52707338]",,0,0,0,0,7c1b1722837dd6c135fa736bb1976d0162527707dca96900bef101bb1d9ffc87,4b37a5ed9cfdc71b591d28bacc024e42e8ebe679ab10903583897e072da5c95b,2026-08-06T20:59:10.083545+00:00
Q070,price,T1500,HTML,"['T1500-0150', 'T1500-0149', 'T1500-0151', 'T1500-1809', 'T1500-1832', 'T1500-1848', 'T1500-1935', 'T1500-0313', 'T1500-1902', 'T1500-1933']","[0.62852675, 0.55434901, 0.52284169, 0.51915181, 0.51740915, 0.50291973, 0.49721497, 0.49014091, 0.48864338, 0.48744515]",1,1,1,1,1,448f241fd305ade36c04f3c45fa21450017097d9dd853ec5a1a778f3cbaf0c22,4b37a5ed9cfdc71b591d28bacc024e42e8ebe679ab10903583897e072da5c95b,2026-08-06T20:59:10.084269+00:00
Q071,attribute,T1500,HTML,"['T1500-1546', 'T1500-1618', 'T1500-1541', 'T1500-1626', 'T1500-1625', 'T1500-1617', 'T1500-1538', 'T1500-1648', 'T1500-1539', 'T1500-1534']","[0.62689704, 0.61893451, 0.61757094, 0.61338961, 0.61264354, 0.60909414, 0.60856128, 0.60811257, 0.60509354, 0.60427666]",10,0,0,0,1,bfffbe93a1080674ab56c5ed9ee85acb26fda9c08dec35c35a8a507c6195cf92,4b37a5ed9cfdc71b591d28bacc024e42e8ebe679ab10903583897e072da5c95b,2026-08-06T20:59:10.084852+00:00
Q072,attribute,T1500,HTML,"['T1500-2208', 'T1500-0406', 'T1500-1929', 'T1500-0404', 'T1500-0401', 'T1500-1239', 'T1500-1935', 'T1500-0410', 'T1500-0374', 'T1500-0424']","[0.47735468, 0.47265816, 0.47154111, 0.47090358, 0.46791613, 0.46621442, 0.46563601, 0.46031663, 0.45974302, 0.45716512]",2,0,1,1,1,93bbb53ae5b88ede9b16f0bcc2984adcab6fdfb76083b5eaa374616f4bd938fd,4b37a5ed9cfdc71b591d28bacc024e42e8ebe679ab10903583897e072da5c95b,2026-08-06T20:59:10.088468+00:00
Q073,attribute,T1500,HTML,"['T1500-1238', 'T1500-2092', 'T1500-0987', 'T1500-1065', 'T1500-2099', 'T1500-0211', 'T1500-1222', 'T1500-0205', 'T1500-1195', 'T1500-2103']","[0.60831958, 0.59516966, 0.5917629, 0.59045732, 0.58859491, 0.58773476, 0.58769327, 0.58746946, 0.58380145, 0.58328843]",3,0,1,1,1,a21798215057da92677e93d19b984f45adb740e2e0c46c68a159bccbaebc2026,4b37a5ed9cfdc71b591d28bacc024e42e8ebe679ab10903583897e072da5c95b,2026-08-06T20:59:10.090363+00:00
Q074,attribute,T1500,HTML,"['T1500-1366', 'T1500-1347', 'T1500-1367', 'T1500-1351', 'T1500-0020', 'T1500-1355', 'T1500-1348', 'T1500-2088', 'T1500-0251', 'T1500-2091']","[0.63757885, 0.62033987, 0.61711049, 0.61201727, 0.60263908, 0.59839594, 0.59005171, 0.58912086, 0.58604288, 0.58389103]",6,0,0,0,1,b87d12fd26d3ba196ab6c5cebef1a236e3aa0034e2467907aa2e5fee1ff4e357,4b37a5ed9cfdc71b591d28bacc024e42e8ebe679ab10903583897e072da5c95b,2026-08-06T20:59:10.090940+00:00
Q075,price,T1500,HTML,"['T1500-1648', 'T1500-1647', 'T1500-0097', 'T1500-1646', 'T1500-1625', 'T1500-1534', 'T1500-1643', 'T1500-1537', 'T1500-1623', 'T1500-1613']","[0.57616627, 0.556602, 0.55613071, 0.55030441, 0.54608476, 0.54226905, 0.54065984, 0.53764862, 0.53687131, 0.5338372]",1,1,1,1,1,9d1d2d484d9036bef4cac724d6492e6d47a1610035542de6885381a988a7f0ba,4b37a5ed9cfdc71b591d28bacc024e42e8ebe679ab10903583897e072da5c95b,2026-08-06T20:59:10.091462+00:00
Q076,attribute,T1500,HTML,"['T1500-1583', 'T1500-1693', 'T1500-0909', 'T1500-1755', 'T1500-1699', 'T1500-1584', 'T1500-1688', 'T1500-1713', 'T1500-1756', 'T1500-0908']","[0.56656158, 0.53135198, 0.52619874, 0.5261721, 0.52383733, 0.52044976, 0.52042449, 0.52020872, 0.5199672, 0.51974493]",4,0,0,1,1,542dd2c610ac347a3f296c3a0fa38c358f57443ccdc9edae1a2d10fd889dd6c2,4b37a5ed9cfdc71b591d28bacc024e42e8ebe679ab10903583897e072da5c95b,2026-08-06T20:59:10.091978+00:00
Q077,price,T1500,HTML,"['T1500-1553', 'T1500-1547', 'T1500-1638', 'T1500-1557', 'T1500-1550', 'T1500-1549', 'T1500-1551', 'T1500-1558', 'T1500-1555', 'T1500-1591']","[0.62932277, 0.62535596, 0.59121013, 0.58879304, 0.57637972, 0.5705356, 0.55889106, 0.5571003, 0.54706454, 0.5461663]",1,1,1,1,1,ea6cec30bd2063961606711ed52523a21fb3d485dcfcbb18b5d45fd7a954eac8,4b37a5ed9cfdc71b591d28bacc024e42e8ebe679ab10903583897e072da5c95b,2026-08-06T20:59:10.092517+00:00
Q078,price,T1500,HTML,"['T1500-1964', 'T1500-1965', 'T1500-1967', 'T1500-1920', 'T1500-1995', 'T1500-1976', 'T1500-1975', 'T1500-1802', 'T1500-1803', 'T1500-1805']","[0.72636747, 0.72149193, 0.69980228, 0.67740029, 0.67428517, 0.67418039, 0.67137861, 0.66770208, 0.66693103, 0.66683304]",1,1,1,1,1,fc873e1dcc9000570de62d94a2214779d1e9bafbde0aa7e0756b5ac228f60e08,4b37a5ed9cfdc71b591d28bacc024e42e8ebe679ab10903583897e072da5c95b,2026-08-06T20:59:10.093025+00:00
Q079,attribute,T1500,HTML,"['T1500-1564', 'T1500-1641', 'T1500-1329', 'T1500-1535', 'T1500-1339', 'T1500-1599', 'T1500-1333', 'T1500-1671', 'T1500-1336', 'T1500-1546']","[0.5539099, 0.52376646, 0.52247381, 0.52108485, 0.51913494, 0.51135308, 0.50526482, 0.50506419, 0.50320345, 0.50096583]",6,0,0,0,1,ed953d21a16c62da20720634367cf8606681e6b2279069688dd9dcf59c07940d,4b37a5ed9cfdc71b591d28bacc024e42e8ebe679ab10903583897e072da5c95b,2026-08-06T20:59:10.096306+00:00
Q080,attribute,T1500,HTML,"['T1500-1951', 'T1500-1952', 'T1500-1025', 'T1500-1954', 'T1500-1026', 'T1500-1949', 'T1500-1948', 'T1500-1024', 'T1500-1021', 'T1500-1955']","[0.69926095, 0.68256593, 0.68081868, 0.67510718, 0.66873395, 0.66367483, 0.6589061, 0.65801424, 0.65641642, 0.65199292]",3,0,1,1,1,26f5eca35905436c06e41e3a185b5442ea1980d82bb31c81884675035a79626b,4b37a5ed9cfdc71b591d28bacc024e42e8ebe679ab10903583897e072da5c95b,2026-08-06T20:59:10.098484+00:00
Q081,price,T1500,HTML,"['T1500-1155', 'T1500-1154', 'T1500-1153', 'T1500-1152', 'T1500-1800', 'T1500-1147', 'T1500-1920', 'T1500-1923', 'T1500-1976', 'T1500-1150']","[0.66241866, 0.65416723, 0.65121883, 0.63705188, 0.63653737, 0.63468182, 0.62941682, 0.62779963, 0.6258738, 0.62504184]",3,0,1,1,1,93e08fb64a3064cb417f5542f325d90c621d6804e71cbcf703d73e0ea58ea43a,4b37a5ed9cfdc71b591d28bacc024e42e8ebe679ab10903583897e072da5c95b,2026-08-06T20:59:10.098958+00:00
Q082,attribute,T1500,HTML,"['T1500-1570', 'T1500-1366', 'T1500-1371', 'T1500-1652', 'T1500-1659', 'T1500-1367', 'T1500-2103', 'T1500-1661', 'T1500-1655', 'T1500-1364']","[0.60964072, 0.55359012, 0.54361725, 0.54355049, 0.53493536, 0.53277045, 0.53146601, 0.53015012, 0.52884483, 0.52851713]",1,1,1,1,1,8ca3b65200fdf1a357365a65a56a9186cc4c373dc757eb64d69dbf2e5200eee1,4b37a5ed9cfdc71b591d28bacc024e42e8ebe679ab10903583897e072da5c95b,2026-08-06T20:59:10.100974+00:00
Q083,attribute,T1500,HTML,"['T1500-0869', 'T1500-0867', 'T1500-0566', 'T1500-0460', 'T1500-0866', 'T1500-0475', 'T1500-0467', 'T1500-0472', 'T1500-0468', 'T1500-0567']","[0.62754887, 0.62028372, 0.61969548, 0.6191994, 0.61913568, 0.6184445, 0.6170423, 0.616198, 0.61535978, 0.61471403]",4,0,0,1,1,4b9d9334944a6e85fcb640a35cb2ad35161a1dc531510f9b31b1a65c0eca0c14,4b37a5ed9cfdc71b591d28bacc024e42e8ebe679ab10903583897e072da5c95b,2026-08-06T20:59:10.101576+00:00
Q084,attribute,T1500,HTML,"['T1500-1648', 'T1500-0097', 'T1500-1534', 'T1500-0074', 'T1500-0076', 'T1500-1647', 'T1500-1538', 'T1500-1643', 'T1500-1622', 'T1500-1646']","[0.65388107, 0.65376425, 0.64976311, 0.64518023, 0.64217889, 0.6407578, 0.63582897, 0.63253617, 0.63193297, 0.62980127]",1,1,1,1,1,0452b3930eb8f92f27287b6634e5044b6eedfc85ffb7527a9b2ab26255ebebb6,4b37a5ed9cfdc71b591d28bacc024e42e8ebe679ab10903583897e072da5c95b,2026-08-06T20:59:10.102100+00:00
Q085,attribute,T1500,HTML,"['T1500-0120', 'T1500-0121', 'T1500-1618', 'T1500-0066', 'T1500-0067', 'T1500-1541', 'T1500-0191', 'T1500-0122', 'T1500-1530', 'T1500-0129']","[0.59842932, 0.55044222, 0.54628247, 0.54356754, 0.54086876, 0.53928816, 0.53753912, 0.53419191, 0.53367043, 0.5316447]",1,1,1,1,1,72fd26f2620adc949eec1422a9cfc04a1bf87a992cbbf5f3829b18ae6ac25fd1,4b37a5ed9cfdc71b591d28bacc024e42e8ebe679ab10903583897e072da5c95b,2026-08-06T20:59:10.103558+00:00
Q086,attribute,T1500,HTML,"['T1500-1095', 'T1500-1092', 'T1500-1093', 'T1500-1090', 'T1500-1091', 'T1500-1225', 'T1500-1094', 'T1500-1088', 'T1500-1122', 'T1500-1086']","[0.58419144, 0.58043206, 0.57853091, 0.5724178, 0.57090759, 0.56307584, 0.56025481, 0.55603802, 0.55522788, 0.5548892]",,0,0,0,0,1e1ccaa368c1de37643e9441fecdf4c57f48fef4d9c24ac5a88fa6a5a698c84f,4b37a5ed9cfdc71b591d28bacc024e42e8ebe679ab10903583897e072da5c95b,2026-08-06T20:59:10.104069+00:00
Q087,price,T1500,HTML,"['T1500-1087', 'T1500-1088', 'T1500-1339', 'T1500-1327', 'T1500-1084', 'T1500-1335', 'T1500-1677', 'T1500-1095', 'T1500-1093', 'T1500-1338']","[0.55174935, 0.54711634, 0.53789282, 0.53539205, 0.53467202, 0.53117675, 0.52689797, 0.5246985, 0.52414107, 0.52388966]",2,0,1,1,1,d239a027d017e98a3689ffdc5b526c1c2c4cd57e25617291536bd757dd2e8036,4b37a5ed9cfdc71b591d28bacc024e42e8ebe679ab10903583897e072da5c95b,2026-08-06T20:59:10.106694+00:00
Q088,attribute,T1500,HTML,"['T1500-1367', 'T1500-1366', 'T1500-1449', 'T1500-1383', 'T1500-1736', 'T1500-1448', 'T1500-1351', 'T1500-1244', 'T1500-1241', 'T1500-0133']","[0.54903024, 0.54559815, 0.54432213, 0.54117596, 0.53822464, 0.53229928, 0.52782589, 0.52708715, 0.52584064, 0.52496165]",10,0,0,0,1,01977f9cbfe28fa1b4feacdebe225291ea0b0cc95017ebaa53f862be749aba96,4b37a5ed9cfdc71b591d28bacc024e42e8ebe679ab10903583897e072da5c95b,2026-08-06T20:59:10.107307+00:00
Q089,attribute,T1500,HTML,"['T1500-1942', 'T1500-1941', 'T1500-1915', 'T1500-1803', 'T1500-1945', 'T1500-1975', 'T1500-1797', 'T1500-1918', 'T1500-1976', 'T1500-1955']","[0.68865502, 0.68687201, 0.63519216, 0.63468963, 0.63398087, 0.63298833, 0.63089293, 0.62935644, 0.62909776, 0.62896228]",,0,0,0,0,41a4be0fd333336e60fdc0752120f5e1e677857fd06999e33447652e45b42b19,4b37a5ed9cfdc71b591d28bacc024e42e8ebe679ab10903583897e072da5c95b,2026-08-06T20:59:10.111298+00:00
Q090,attribute,T1500,HTML,"['T1500-1531', 'T1500-1534', 'T1500-0067', 'T1500-1530', 'T1500-1533', 'T1500-1550', 'T1500-1555', 'T1500-0820', 'T1500-1557', 'T1500-1560']","[0.64230943, 0.56772625, 0.54199225, 0.53541064, 0.53091705, 0.5303598, 0.52542758, 0.52495241, 0.52451146, 0.52364373]",1,1,1,1,1,c71be014ca61c475c8778980ea20f8f4631966967e1025d97e402ca8750ebc0b,4b37a5ed9cfdc71b591d28bacc024e42e8ebe679ab10903583897e072da5c95b,2026-08-06T20:59:10.113878+00:00
Q091,attribute,T1500,HTML,"['T1500-0534', 'T1500-0448', 'T1500-0444', 'T1500-0533', 'T1500-0537', 'T1500-0441', 'T1500-0436', 'T1500-0538', 'T1500-0438', 'T1500-0539']","[0.66465229, 0.66418087, 0.65936583, 0.65841174, 0.6573925, 0.656618, 0.65630794, 0.65624821, 0.65554857, 0.6550957]",,0,0,0,0,81cd09d3ba23fac5560b9f45d0abe84bf9bbae4c3c84f95c4725e2cd2965c591,4b37a5ed9cfdc71b591d28bacc024e42e8ebe679ab10903583897e072da5c95b,2026-08-06T20:59:10.116020+00:00
Q092,price,T1500,HTML,"['T1500-1833', 'T1500-1835', 'T1500-1832', 'T1500-1261', 'T1500-1018', 'T1500-1017', 'T1500-1013', 'T1500-1755', 'T1500-1015', 'T1500-0554']","[0.60174167, 0.58135355, 0.56596196, 0.55637062, 0.54119617, 0.53565931, 0.53531706, 0.53399533, 0.53039253, 0.52907318]",1,1,1,1,1,40f44dea97edd6da4b1cdad8eb61c02224d4e5d5b6bfdeb4fd8208425455b1a6,4b37a5ed9cfdc71b591d28bacc024e42e8ebe679ab10903583897e072da5c95b,2026-08-06T20:59:10.117472+00:00
Q093,price,T1500,HTML,"['T1500-1773', 'T1500-1971', 'T1500-1776', 'T1500-1791', 'T1500-1772', 'T1500-1936', 'T1500-1125', 'T1500-1787', 'T1500-1771', 'T1500-1784']","[0.61674869, 0.61437166, 0.61047518, 0.60192662, 0.5994122, 0.59905553, 0.5900079, 0.58882862, 0.58783531, 0.58774412]",7,0,0,0,1,e6ea363016cdbf5d3dcda05ee04db4e86a0015345cf7e71ecb8636fd92c1f626,4b37a5ed9cfdc71b591d28bacc024e42e8ebe679ab10903583897e072da5c95b,2026-08-06T20:59:10.118861+00:00
Q094,attribute,T1500,HTML,"['T1500-1631', 'T1500-1633', 'T1500-1623', 'T1500-1626', 'T1500-1615', 'T1500-1642', 'T1500-1648', 'T1500-0081', 'T1500-1627', 'T1500-0129']","[0.65264958, 0.64025927, 0.59961486, 0.59662676, 0.59622514, 0.58856356, 0.58439136, 0.57978785, 0.57667363, 0.575333]",,0,0,0,0,b145825622bd1f7f13de9f56ac001f4bb3aa46a4b42840b7680056ed484bca8e,4b37a5ed9cfdc71b591d28bacc024e42e8ebe679ab10903583897e072da5c95b,2026-08-06T20:59:10.120341+00:00
Q095,attribute,T1500,HTML,"['T1500-1065', 'T1500-1238', 'T1500-0205', 'T1500-1221', 'T1500-1195', 'T1500-0986', 'T1500-2017', 'T1500-1222', 'T1500-1241', 'T1500-0207']","[0.66232795, 0.64110363, 0.63799179, 0.63090003, 0.62654179, 0.62267792, 0.62214208, 0.62018359, 0.61966026, 0.61934572]",1,1,1,1,1,9eb280340efed1b584663218b7efcf8fd5cc82a53bb4af42fc8fa5f011a4de02,4b37a5ed9cfdc71b591d28bacc024e42e8ebe679ab10903583897e072da5c95b,2026-08-06T20:59:10.120892+00:00
Q096,attribute,T1500,HTML,"['T1500-2096', 'T1500-1187', 'T1500-1189', 'T1500-1188', 'T1500-1186', 'T1500-2088', 'T1500-1534', 'T1500-1740', 'T1500-1448', 'T1500-1190']","[0.54431176, 0.53274632, 0.53259969, 0.53154808, 0.53120494, 0.5304848, 0.5298537, 0.52967525, 0.52916574, 0.52517891]",,0,0,0,0,c194ae1720d9977b7d02353887f607b5723032f71a7e6f028c257be3a3712ffe,4b37a5ed9cfdc71b591d28bacc024e42e8ebe679ab10903583897e072da5c95b,2026-08-06T20:59:10.121385+00:00
Q097,attribute,T1500,HTML,"['T1500-1582', 'T1500-1693', 'T1500-1613', 'T1500-1605', 'T1500-1534', 'T1500-1688', 'T1500-1678', 'T1500-1599', 'T1500-0076', 'T1500-1614']","[0.57706022, 0.54032034, 0.53904688, 0.53492177, 0.53447723, 0.53048033, 0.52445102, 0.52355117, 0.52282083, 0.5201596]",8,0,0,0,1,57643ed3091e09daa86267441d43825b0764e7294dd55f1cf189f9beb4aca7b4,4b37a5ed9cfdc71b591d28bacc024e42e8ebe679ab10903583897e072da5c95b,2026-08-06T20:59:10.121868+00:00
Q098,price,T1500,HTML,"['T1500-0533', 'T1500-0438', 'T1500-0531', 'T1500-0537', 'T1500-0436', 'T1500-0441', 'T1500-0435', 'T1500-0437', 'T1500-0534', 'T1500-0544']","[0.65805566, 0.64128721, 0.63168609, 0.62611401, 0.62559265, 0.62350047, 0.62248445, 0.61810261, 0.61672926, 0.616081]",1,1,1,1,1,83802b2e2b5f5c8c762ab7da7fa50553e6f83c7e51e620854e7c974cdd3025d6,4b37a5ed9cfdc71b591d28bacc024e42e8ebe679ab10903583897e072da5c95b,2026-08-06T20:59:10.122498+00:00
Q099,price,T1500,HTML,"['T1500-1090', 'T1500-1017', 'T1500-1094', 'T1500-1227', 'T1500-1091', 'T1500-1092', 'T1500-1013', 'T1500-1014', 'T1500-1093', 'T1500-1015']","[0.65944177, 0.65632999, 0.65616393, 0.65283746, 0.65118682, 0.64905405, 0.6408267, 0.6316269, 0.6308893, 0.61425358]",5,0,0,1,1,feef7e50071355503e33bead40b3a873a63303d80e610532b70b715224b07919,4b37a5ed9cfdc71b591d28bacc024e42e8ebe679ab10903583897e072da5c95b,2026-08-06T20:59:10.124851+00:00
Q100,price,T1500,HTML,"['T1500-1242', 'T1500-1755', 'T1500-1241', 'T1500-1718', 'T1500-1665', 'T1500-1717', 'T1500-1756', 'T1500-1529', 'T1500-2017', 'T1500-1351']","[0.60878754, 0.59668785, 0.59526831, 0.58356607, 0.57235706, 0.57031024, 0.56765747, 0.56727028, 0.56665915, 0.56331682]",1,1,1,1,1,1bc2f80c0114736bf878d65f14abb8d9b606b9be13715263bbc1f9f5b9e538fe,4b37a5ed9cfdc71b591d28bacc024e42e8ebe679ab10903583897e072da5c95b,2026-08-06T20:59:10.126109+00:00
Q101,price,T1500,HTML,"['T1500-1229', 'T1500-1228', 'T1500-1230', 'T1500-1232', 'T1500-1233', 'T1500-1231', 'T1500-1234', 'T1500-1235', 'T1500-1263', 'T1500-1265']","[0.67880929, 0.66705382, 0.6653561, 0.66185737, 0.65954661, 0.65732986, 0.64882219, 0.64772701, 0.63924438, 0.62821043]",1,1,1,1,1,3dfa73ce270bce1c609cd3a1b659d7658ec7bbfc5790a4cb1e0c1e67af5e465b,4b37a5ed9cfdc71b591d28bacc024e42e8ebe679ab10903583897e072da5c95b,2026-08-06T20:59:10.126951+00:00
Q102,attribute,T1500,HTML,"['T1500-2096', 'T1500-1639', 'T1500-1622', 'T1500-0073', 'T1500-0199', 'T1500-0038', 'T1500-0036', 'T1500-1541', 'T1500-0099', 'T1500-2088']","[0.60626191, 0.60604751, 0.59102547, 0.58398497, 0.58278954, 0.58168113, 0.57849056, 0.57618475, 0.575993, 0.57594776]",2,0,1,1,1,2fc2187a8808915ece4b89d74d6f186293be5c2db9356c9c69d281dee2016e34,4b37a5ed9cfdc71b591d28bacc024e42e8ebe679ab10903583897e072da5c95b,2026-08-06T20:59:10.127758+00:00
Q103,price,T1500,HTML,"['T1500-1939', 'T1500-1938', 'T1500-1811', 'T1500-1815', 'T1500-1814', 'T1500-1810', 'T1500-1841', 'T1500-1813', 'T1500-1941', 'T1500-1844']","[0.69316995, 0.67268288, 0.65962625, 0.6505053, 0.63967681, 0.63366371, 0.63055062, 0.63051248, 0.62785053, 0.60654265]",2,0,1,1,1,775535b727f374237ca640ce830a5739473aa99381245763c78a3fb326546d0f,4b37a5ed9cfdc71b591d28bacc024e42e8ebe679ab10903583897e072da5c95b,2026-08-06T20:59:10.128333+00:00
Q104,attribute,T1500,HTML,"['T1500-1608', 'T1500-1634', 'T1500-1635', 'T1500-2096', 'T1500-1573', 'T1500-2088', 'T1500-2100', 'T1500-1577', 'T1500-1579', 'T1500-1534']","[0.5717895, 0.53288925, 0.52930307, 0.52552265, 0.51170671, 0.50904155, 0.50760603, 0.50602531, 0.50255811, 0.50243986]",2,0,1,1,1,073b5ccbbb5d12df864a1203cc6edbf8f8229328e151851fa3e26b64b4fbe5c4,4b37a5ed9cfdc71b591d28bacc024e42e8ebe679ab10903583897e072da5c95b,2026-08-06T20:59:10.132030+00:00
Q105,attribute,T1500,HTML,"['T1500-1366', 'T1500-1367', 'T1500-0020', 'T1500-1348', 'T1500-2091', 'T1500-1347', 'T1500-1383', 'T1500-0251', 'T1500-0295', 'T1500-1208']","[0.65372753, 0.64344037, 0.63403064, 0.62940502, 0.62474662, 0.62322199, 0.61802137, 0.60903305, 0.60637331, 0.60553199]",1,1,1,1,1,30fccae8d08079515190429ec1ce426195208b39625cae98ae70b7075f7c9ae6,4b37a5ed9cfdc71b591d28bacc024e42e8ebe679ab10903583897e072da5c95b,2026-08-06T20:59:10.134117+00:00
Q106,attribute,T1500,HTML,"['T1500-1923', 'T1500-1921', 'T1500-1796', 'T1500-1912', 'T1500-1803', 'T1500-1914', 'T1500-1975', 'T1500-1955', 'T1500-1805', 'T1500-1906']","[0.70988548, 0.69026983, 0.66857439, 0.6591177, 0.65190876, 0.65103149, 0.64544153, 0.63872421, 0.63774204, 0.63723564]",10,0,0,0,1,9b2cb844fe1d46d1c6b2585188ad5cd9e861f3d8a3597c47a16848f14aa9d1c0,4b37a5ed9cfdc71b591d28bacc024e42e8ebe679ab10903583897e072da5c95b,2026-08-06T20:59:10.134809+00:00
Q107,price,T1500,HTML,"['T1500-0869', 'T1500-0863', 'T1500-0864', 'T1500-0867', 'T1500-0470', 'T1500-0471', 'T1500-0866', 'T1500-0570', 'T1500-0571', 'T1500-0565']","[0.64941454, 0.6414091, 0.63735247, 0.63655549, 0.63221335, 0.62854367, 0.62419987, 0.62236977, 0.60734516, 0.60301894]",2,0,1,1,1,ecfe8a4b08ccdbf10d87b0674ca3a6ee004d6cfcefbd40a7f2fde68e2cf6f484,4b37a5ed9cfdc71b591d28bacc024e42e8ebe679ab10903583897e072da5c95b,2026-08-06T20:59:10.135392+00:00
Q108,attribute,T1500,HTML,"['T1500-1980', 'T1500-1979', 'T1500-1978', 'T1500-1975', 'T1500-1976', 'T1500-1982', 'T1500-1967', 'T1500-1964', 'T1500-1803', 'T1500-1201']","[0.70923078, 0.68191338, 0.66521144, 0.65219921, 0.64523679, 0.63423336, 0.62618512, 0.62511897, 0.62394643, 0.62345439]",,0,0,0,0,96f67eb8e648187bf4d081f291f6615fc8eff182e554114e400a82bc1863e6df,4b37a5ed9cfdc71b591d28bacc024e42e8ebe679ab10903583897e072da5c95b,2026-08-06T20:59:10.135950+00:00
Q109,price,T1500,HTML,"['T1500-1156', 'T1500-1155', 'T1500-1800', 'T1500-1908', 'T1500-1150', 'T1500-1906', 'T1500-1152', 'T1500-1805', 'T1500-1153', 'T1500-1154']","[0.73663527, 0.71475089, 0.67897117, 0.67611098, 0.67091608, 0.66792619, 0.66203356, 0.64555365, 0.64391065, 0.64332956]",2,0,1,1,1,a87513a21da239ee80707417e2d5e28bb0e2d0c25bcc707dabfd2551b9833ce6,4b37a5ed9cfdc71b591d28bacc024e42e8ebe679ab10903583897e072da5c95b,2026-08-06T20:59:10.136549+00:00
Q110,price,T1500,HTML,"['T1500-1750', 'T1500-0303', 'T1500-1752', 'T1500-0302', 'T1500-0304', 'T1500-1749', 'T1500-1261', 'T1500-0869', 'T1500-1833', 'T1500-1587']","[0.7162379, 0.70545518, 0.68972093, 0.65355325, 0.63473642, 0.58907783, 0.57831818, 0.56311488, 0.55815828, 0.55662769]",1,1,1,1,1,4f47ce968956ec1b9dcfa6fb89d16e695a7903720db30a29461dc3242eafa943,4b37a5ed9cfdc71b591d28bacc024e42e8ebe679ab10903583897e072da5c95b,2026-08-06T20:59:10.137067+00:00
Q111,attribute,T1500,HTML,"['T1500-1796', 'T1500-1947', 'T1500-1975', 'T1500-1803', 'T1500-1923', 'T1500-1802', 'T1500-1976', 'T1500-1805', 'T1500-1921', 'T1500-1912']","[0.72208303, 0.67445415, 0.65496278, 0.65398753, 0.64510185, 0.6447888, 0.6441918, 0.64187646, 0.63748169, 0.63515425]",1,1,1,1,1,00e1a44afcc90d43d2582e730e2ece89e06e7b8caaa68d9122bcde5dd443c4fe,4b37a5ed9cfdc71b591d28bacc024e42e8ebe679ab10903583897e072da5c95b,2026-08-06T20:59:10.140310+00:00
Q112,price,T1500,HTML,"['T1500-0464', 'T1500-0864', 'T1500-0863', 'T1500-0867', 'T1500-0472', 'T1500-0869', 'T1500-0468', 'T1500-0868', 'T1500-0866', 'T1500-0467']","[0.63195246, 0.61563319, 0.61080778, 0.61062866, 0.60751456, 0.60376728, 0.60336, 0.60044241, 0.60042131, 0.59994054]",1,1,1,1,1,d4a200f7c79abfadaabdfc1911cd4429b157c6abde39b1305f85d1ec0811767d,4b37a5ed9cfdc71b591d28bacc024e42e8ebe679ab10903583897e072da5c95b,2026-08-06T20:59:10.140780+00:00
Q113,price,T1500,HTML,"['T1500-1799', 'T1500-1797', 'T1500-1915', 'T1500-1941', 'T1500-1917', 'T1500-1914', 'T1500-1909', 'T1500-1803', 'T1500-1911', 'T1500-1802']","[0.68411899, 0.67631423, 0.67539757, 0.66564631, 0.66008931, 0.65707088, 0.6499244, 0.64387143, 0.63991076, 0.63931847]",2,0,1,1,1,6bb4a27e2d029f166f1958687a4afd70c10587e5b99a71471173da86451e17ab,4b37a5ed9cfdc71b591d28bacc024e42e8ebe679ab10903583897e072da5c95b,2026-08-06T20:59:10.141230+00:00
Q114,price,T1500,HTML,"['T1500-0217', 'T1500-0216', 'T1500-1077', 'T1500-0215', 'T1500-1534', 'T1500-1335', 'T1500-1605', 'T1500-1693', 'T1500-1331', 'T1500-1309']","[0.49073568, 0.46318373, 0.4478187, 0.44766298, 0.44528183, 0.44266954, 0.44012317, 0.43899453, 0.43875664, 0.43736213]",4,0,0,1,1,9691c026bc4bea91f64a899878df11e7db1e4bce6b4a7f60afe37ecca89f6f64,4b37a5ed9cfdc71b591d28bacc024e42e8ebe679ab10903583897e072da5c95b,2026-08-06T20:59:10.143344+00:00
Q115,price,T1500,HTML,"['T1500-1985', 'T1500-1983', 'T1500-1982', 'T1500-1988', 'T1500-1976', 'T1500-1805', 'T1500-1829', 'T1500-1975', 'T1500-1859', 'T1500-1803']","[0.61423552, 0.58895195, 0.57231885, 0.5590477, 0.53049797, 0.52891165, 0.52601278, 0.52569973, 0.52129728, 0.51933008]",1,1,1,1,1,2e1b099df3e03cb9b343938d4b186ae61af215efa56e01e984ce04ab8aba526b,4b37a5ed9cfdc71b591d28bacc024e42e8ebe679ab10903583897e072da5c95b,2026-08-06T20:59:10.143808+00:00
Q116,price,T1500,HTML,"['T1500-1730', 'T1500-1366', 'T1500-1351', 'T1500-1347', 'T1500-1355', 'T1500-0927', 'T1500-1214', 'T1500-1357', 'T1500-1729', 'T1500-1723']","[0.49314791, 0.48000187, 0.47969759, 0.47732985, 0.47309694, 0.47185773, 0.47166997, 0.4702974, 0.46938652, 0.46529648]",6,0,0,0,1,973d56c38a9c431edd989310f37b3e7e33c4aa20e78d648d92632c62bc319e55,4b37a5ed9cfdc71b591d28bacc024e42e8ebe679ab10903583897e072da5c95b,2026-08-06T20:59:10.144330+00:00
Q117,price,T1500,HTML,"['T1500-1088', 'T1500-1085', 'T1500-1086', 'T1500-1787', 'T1500-1791', 'T1500-1092', 'T1500-1087', 'T1500-1789', 'T1500-1848', 'T1500-1227']","[0.49944162, 0.49290326, 0.49289811, 0.49270469, 0.49022719, 0.48980552, 0.48886308, 0.48790711, 0.48713201, 0.48621804]",,0,0,0,0,5609e748e6565211c6854d9da53b6a2f0d89f74cfe73a4b44430f44dcce6d882,4b37a5ed9cfdc71b591d28bacc024e42e8ebe679ab10903583897e072da5c95b,2026-08-06T20:59:10.147259+00:00
Q118,attribute,T1500,HTML,"['T1500-1128', 'T1500-1125', 'T1500-1127', 'T1500-1124', 'T1500-1126', 'T1500-1129', 'T1500-1971', 'T1500-1131', 'T1500-1776', 'T1500-1130']","[0.67014122, 0.66302979, 0.66248441, 0.6549226, 0.64006257, 0.62445796, 0.62332672, 0.62152541, 0.6125567, 0.61006665]",1,1,1,1,1,9a6d95e707906a22be115e683f0f8195e5c4d47bae1b7a6c8eee99479e63fd5e,4b37a5ed9cfdc71b591d28bacc024e42e8ebe679ab10903583897e072da5c95b,2026-08-06T20:59:10.147776+00:00
Q119,price,T1500,HTML,"['T1500-1623', 'T1500-0097', 'T1500-1534', 'T1500-1605', 'T1500-0076', 'T1500-1537', 'T1500-1648', 'T1500-0069', 'T1500-1622', 'T1500-1604']","[0.58783883, 0.58472025, 0.57632661, 0.57331896, 0.56774086, 0.56770307, 0.56178206, 0.56158715, 0.55852741, 0.55664277]",,0,0,0,0,dae9e176af9e63f7ca77e382bc0ff6010e0f46e3f648a0f351bddad5d9e15c11,4b37a5ed9cfdc71b591d28bacc024e42e8ebe679ab10903583897e072da5c95b,2026-08-06T20:59:10.148278+00:00
Q120,price,T1500,HTML,"['T1500-1008', 'T1500-1006', 'T1500-1009', 'T1500-1010', 'T1500-1007', 'T1500-1005', 'T1500-1011', 'T1500-1012', 'T1500-0990', 'T1500-0991']","[0.62154531, 0.62140971, 0.62123895, 0.62103444, 0.61465573, 0.61169279, 0.58520067, 0.5725863, 0.56801188, 0.56512225]",3,0,1,1,1,f5d51c683fab70ca719bbc64cc698ad47437a0b33c7e40b373408d369e2d66a5,4b37a5ed9cfdc71b591d28bacc024e42e8ebe679ab10903583897e072da5c95b,2026-08-06T20:59:10.149914+00:00
Q121,price,T1500,HTML,"['T1500-1435', 'T1500-1437', 'T1500-1759', 'T1500-0185', 'T1500-1442', 'T1500-1338', 'T1500-1741', 'T1500-1348', 'T1500-0187', 'T1500-1383']","[0.53935361, 0.53467911, 0.49347973, 0.48666352, 0.48621771, 0.48558724, 0.47920391, 0.47848165, 0.47838938, 0.47793329]",,0,0,0,0,552191e84c5c679c754387e93cc1776085f91b9f84a6f57cc9e77dd292c9d8e6,4b37a5ed9cfdc71b591d28bacc024e42e8ebe679ab10903583897e072da5c95b,2026-08-06T20:59:10.152170+00:00
Q122,price,T1500,HTML,"['T1500-1379', 'T1500-1376', 'T1500-1370', 'T1500-0052', 'T1500-0203', 'T1500-1382', 'T1500-1383', 'T1500-1377', 'T1500-1367', 'T1500-1360']","[0.61359096, 0.59147739, 0.57967192, 0.57621652, 0.57475042, 0.57253265, 0.57146281, 0.56103283, 0.55891621, 0.55611563]",1,1,1,1,1,3bd0c461db5f4eb09e428b5cb253afbf4fcedf9e6aa2d8afe02e3f7634bacb57,4b37a5ed9cfdc71b591d28bacc024e42e8ebe679ab10903583897e072da5c95b,2026-08-06T20:59:10.153301+00:00
Q123,attribute,T1500,HTML,"['T1500-0037', 'T1500-0038', 'T1500-0036', 'T1500-1611', 'T1500-0041', 'T1500-0070', 'T1500-0040', 'T1500-0072', 'T1500-0126', 'T1500-1591']","[0.64348203, 0.61730826, 0.6126045, 0.60990727, 0.58436835, 0.58399183, 0.58117223, 0.5808838, 0.57852209, 0.57824308]",1,1,1,1,1,56fcd27e00ef9aef2b112a433f47dc209c9b4eeca75b8367b88929642ad0afe2,4b37a5ed9cfdc71b591d28bacc024e42e8ebe679ab10903583897e072da5c95b,2026-08-06T20:59:10.153837+00:00
Q124,attribute,T1500,HTML,"['T1500-1621', 'T1500-2096', 'T1500-2035', 'T1500-0072', 'T1500-0109', 'T1500-1610', 'T1500-0107', 'T1500-0055', 'T1500-0108', 'T1500-0054']","[0.54355431, 0.54267991, 0.53863001, 0.53120863, 0.53101438, 0.5256055, 0.52114439, 0.51909792, 0.51855153, 0.51695359]",2,0,1,1,1,e2663a8a7b1c0af68f47c8237b45e970eaf0b49915bf06892b7498f8bf20d8ae,4b37a5ed9cfdc71b591d28bacc024e42e8ebe679ab10903583897e072da5c95b,2026-08-06T20:59:10.154506+00:00
Q125,attribute,T1500,HTML,"['T1500-0541', 'T1500-0542', 'T1500-0534', 'T1500-0447', 'T1500-0440', 'T1500-0446', 'T1500-0444', 'T1500-0448', 'T1500-0537', 'T1500-0876']","[0.6806407, 0.67825907, 0.67304194, 0.66808498, 0.66646576, 0.6647321, 0.66104913, 0.66025531, 0.66025352, 0.66015285]",1,1,1,1,1,0e701a71d0e6771b3da40836f2b239dad9c55d76e85ad8802dc2bde3df036fa5,4b37a5ed9cfdc71b591d28bacc024e42e8ebe679ab10903583897e072da5c95b,2026-08-06T20:59:10.155037+00:00
Q126,price,T1500,HTML,"['T1500-1537', 'T1500-1534', 'T1500-1538', 'T1500-1604', 'T1500-1602', 'T1500-1605', 'T1500-1613', 'T1500-1601', 'T1500-1339', 'T1500-1648']","[0.48795092, 0.4701649, 0.45282549, 0.44888172, 0.44442552, 0.44260812, 0.44160458, 0.44067502, 0.43317062, 0.43114492]",,0,0,0,0,1f5c5a873218d0a08387e1ced4f689cd006ff0b18d8e9ead4eea0dc27a2d6eda,4b37a5ed9cfdc71b591d28bacc024e42e8ebe679ab10903583897e072da5c95b,2026-08-06T20:59:10.157479+00:00
Q127,price,T1500,HTML,"['T1500-1964', 'T1500-1970', 'T1500-1968', 'T1500-1868', 'T1500-1805', 'T1500-1976', 'T1500-1867', 'T1500-1952', 'T1500-1899', 'T1500-1911']","[0.64900964, 0.63895237, 0.63720143, 0.62040603, 0.6195007, 0.6176182, 0.61669278, 0.61282122, 0.61196756, 0.61046731]",2,0,1,1,1,7a859cdd59887ef1fa0bb873d69171929c221848125094a1714b587ebb9de06e,4b37a5ed9cfdc71b591d28bacc024e42e8ebe679ab10903583897e072da5c95b,2026-08-06T20:59:10.159711+00:00
Q128,price,T1500,HTML,"['T1500-0235', 'T1500-1678', 'T1500-1740', 'T1500-0374', 'T1500-1693', 'T1500-0060', 'T1500-1689', 'T1500-0019', 'T1500-0386', 'T1500-0228']","[0.58415508, 0.51242113, 0.49962953, 0.49732652, 0.49487028, 0.48604485, 0.4838798, 0.47963244, 0.47770306, 0.47652745]",1,1,1,1,1,c3c474d4183f4eda9620d59c995838738351dde95d662cef616da1e537db7d59,4b37a5ed9cfdc71b591d28bacc024e42e8ebe679ab10903583897e072da5c95b,2026-08-06T20:59:10.160253+00:00
Q129,price,T1500,HTML,"['T1500-1666', 'T1500-1665', 'T1500-1722', 'T1500-1678', 'T1500-1833', 'T1500-1366', 'T1500-1662', 'T1500-1253', 'T1500-1348', 'T1500-0547']","[0.53799331, 0.53120965, 0.528772, 0.5272125, 0.52689618, 0.52649069, 0.52328205, 0.51900756, 0.51781595, 0.51706219]",8,0,0,0,1,67a84a8fc181bcbaf09d3a142372a5aa193aecd6c497215c7c128c4621dee0d6,4b37a5ed9cfdc71b591d28bacc024e42e8ebe679ab10903583897e072da5c95b,2026-08-06T20:59:10.160765+00:00
Q130,attribute,T1500,HTML,"['T1500-1722', 'T1500-1721', 'T1500-0205', 'T1500-0208', 'T1500-0209', 'T1500-0207', 'T1500-0206', 'T1500-0211', 'T1500-0212', 'T1500-0213']","[0.64102775, 0.64015567, 0.63328266, 0.62808263, 0.62276363, 0.61300415, 0.61288953, 0.60968077, 0.58377051, 0.58294588]",3,0,1,1,1,2e1b18bd4a4882a5f2522c226cd89bce81719a76b7ac82e5067e62eb735c77fe,4b37a5ed9cfdc71b591d28bacc024e42e8ebe679ab10903583897e072da5c95b,2026-08-06T20:59:10.161344+00:00
Q131,attribute,T1500,HTML,"['T1500-1985', 'T1500-1983', 'T1500-1988', 'T1500-1982', 'T1500-1231', 'T1500-1233', 'T1500-1234', 'T1500-1190', 'T1500-1189', 'T1500-1187']","[0.64606261, 0.60222411, 0.59865493, 0.59668595, 0.56634068, 0.56475449, 0.5553062, 0.55150592, 0.55117452, 0.54945022]",1,1,1,1,1,bb572e1146128a322b087235cd3c1fbc13b0f97c04e315748e680b07d45b57cb,4b37a5ed9cfdc71b591d28bacc024e42e8ebe679ab10903583897e072da5c95b,2026-08-06T20:59:10.163505+00:00
Q132,price,T1500,HTML,"['T1500-0452', 'T1500-0451', 'T1500-0546', 'T1500-1755', 'T1500-0453', 'T1500-1261', 'T1500-1832', 'T1500-0450', 'T1500-1666', 'T1500-0545']","[0.56638491, 0.55507499, 0.54770982, 0.53778434, 0.53463656, 0.53357542, 0.53301674, 0.52740401, 0.52645767, 0.52255249]",1,1,1,1,1,580de183adfc2d31b3ccb2472e70096c18ecd17ffcbca8b8ce471e99fde0d534,4b37a5ed9cfdc71b591d28bacc024e42e8ebe679ab10903583897e072da5c95b,2026-08-06T20:59:10.163949+00:00
Q133,attribute,T1500,HTML,"['T1500-0401', 'T1500-0397', 'T1500-0393', 'T1500-1265', 'T1500-0396', 'T1500-0400', 'T1500-0392', 'T1500-0395', 'T1500-0394', 'T1500-0399']","[0.51774269, 0.5116474, 0.51031768, 0.50978959, 0.50690651, 0.50649261, 0.50624275, 0.50565308, 0.50308084, 0.50307727]",,0,0,0,0,a128862140f64219e9d9451410eb723a9f97823d3cbab486be378117636e3e05,4b37a5ed9cfdc71b591d28bacc024e42e8ebe679ab10903583897e072da5c95b,2026-08-06T20:59:10.164473+00:00
Q134,attribute,T1500,HTML,"['T1500-1800', 'T1500-1908', 'T1500-1906', 'T1500-1155', 'T1500-1975', 'T1500-1803', 'T1500-1964', 'T1500-1805', 'T1500-1976', 'T1500-1802']","[0.71448863, 0.68400073, 0.67547691, 0.66929382, 0.66914803, 0.65840703, 0.6578185, 0.6559304, 0.64977765, 0.64781702]",,0,0,0,0,bf138cceeef05d87e7675c3a9284facbeddd15679df9238e7e8fe860651d29f8,4b37a5ed9cfdc71b591d28bacc024e42e8ebe679ab10903583897e072da5c95b,2026-08-06T20:59:10.164994+00:00
Q135,attribute,T1500,HTML,"['T1500-1976', 'T1500-1964', 'T1500-1978', 'T1500-1975', 'T1500-1995', 'T1500-1100', 'T1500-1967', 'T1500-1968', 'T1500-1190', 'T1500-1097']","[0.68476844, 0.65782189, 0.64474273, 0.64412433, 0.64365947, 0.63828313, 0.63314486, 0.63108838, 0.6262762, 0.62548792]",1,1,1,1,1,858d1b8e5ab94eec7d1fa940c84e3a451e68b4f997069493c95064b64318eb4d,4b37a5ed9cfdc71b591d28bacc024e42e8ebe679ab10903583897e072da5c95b,2026-08-06T20:59:10.169499+00:00
Q136,attribute,T1500,HTML,"['T1500-1805', 'T1500-1803', 'T1500-1975', 'T1500-1920', 'T1500-1100', 'T1500-1802', 'T1500-0989', 'T1500-1205', 'T1500-1917', 'T1500-1155']","[0.68864715, 0.68383503, 0.65088809, 0.64443636, 0.64300317, 0.64028692, 0.64006746, 0.63964176, 0.63943601, 0.63810098]",,0,0,0,0,bd6b7874a4bfe44a0ff8e9f997c645733522a53760259eb0d86603cc7707f110,4b37a5ed9cfdc71b591d28bacc024e42e8ebe679ab10903583897e072da5c95b,2026-08-06T20:59:10.170098+00:00
Q137,price,T1500,HTML,"['T1500-0869', 'T1500-0864', 'T1500-0867', 'T1500-0863', 'T1500-0470', 'T1500-0471', 'T1500-0866', 'T1500-0570', 'T1500-0571', 'T1500-0565']","[0.65314913, 0.6472764, 0.64499152, 0.64225197, 0.64081597, 0.63609004, 0.63360894, 0.62777579, 0.61622846, 0.60907137]",2,0,1,1,1,c8611d6569b38fcadefabce87af243085047e4a12884607241704344c2ada889,4b37a5ed9cfdc71b591d28bacc024e42e8ebe679ab10903583897e072da5c95b,2026-08-06T20:59:10.173697+00:00
Q138,price,T1500,HTML,"['T1500-1617', 'T1500-1539', 'T1500-1638', 'T1500-1634', 'T1500-1614', 'T1500-1534', 'T1500-1550', 'T1500-1531', 'T1500-1630', 'T1500-1538']","[0.55306119, 0.53336275, 0.52820742, 0.52223736, 0.51404256, 0.51383674, 0.50715768, 0.50671911, 0.50591457, 0.50398272]",1,1,1,1,1,cc888b125a1c9f6987e91c1c5fac3f08c3c7b54eca3161a0701487fef0f7fd1f,4b37a5ed9cfdc71b591d28bacc024e42e8ebe679ab10903583897e072da5c95b,2026-08-06T20:59:10.174162+00:00
Q139,price,T1500,HTML,"['T1500-0142', 'T1500-0141', 'T1500-0147', 'T1500-1848', 'T1500-0140', 'T1500-1370', 'T1500-1762', 'T1500-1764', 'T1500-1862', 'T1500-1938']","[0.52040273, 0.51768982, 0.50549543, 0.49669051, 0.49428371, 0.49104846, 0.4837096, 0.48282224, 0.48162028, 0.47451884]",2,0,1,1,1,0fb640fdb62e3f50507524b42edc18402f980791cbde7ed538d223391a25b54c,4b37a5ed9cfdc71b591d28bacc024e42e8ebe679ab10903583897e072da5c95b,2026-08-06T20:59:10.174662+00:00
Q140,price,T1500,HTML,"['T1500-0533', 'T1500-0438', 'T1500-0531', 'T1500-0440', 'T1500-0436', 'T1500-0534', 'T1500-0537', 'T1500-0437', 'T1500-0441', 'T1500-0544']","[0.64991188, 0.64428502, 0.64339978, 0.64234948, 0.64174521, 0.63995999, 0.63971615, 0.63960981, 0.63838768, 0.63821101]",1,1,1,1,1,cff6357be7e261a834dcc91c99e801a69badf28ebf6eb2709c19dd776b6f8d73,4b37a5ed9cfdc71b591d28bacc024e42e8ebe679ab10903583897e072da5c95b,2026-08-06T20:59:10.175143+00:00
Q141,price,T1500,HTML,"['T1500-1954', 'T1500-1951', 'T1500-1952', 'T1500-1949', 'T1500-1955', 'T1500-1964', 'T1500-1920', 'T1500-1802', 'T1500-1948', 'T1500-1976']","[0.70106375, 0.6988821, 0.69863641, 0.69855756, 0.67480338, 0.67308354, 0.66840792, 0.66585553, 0.66279823, 0.65846831]",1,1,1,1,1,088cf0826aa589b40ad1370eb7e7fb5126236983f32d53ab13890912d49304c9,4b37a5ed9cfdc71b591d28bacc024e42e8ebe679ab10903583897e072da5c95b,2026-08-06T20:59:10.180195+00:00
Q142,price,T1500,HTML,"['T1500-0346', 'T1500-0374', 'T1500-0881', 'T1500-0335', 'T1500-0334', 'T1500-1755', 'T1500-0327', 'T1500-0873', 'T1500-0330', 'T1500-0876']","[0.59524441, 0.58068842, 0.57703936, 0.57189792, 0.57173145, 0.57099152, 0.57011616, 0.56888896, 0.56816757, 0.56711322]",5,0,0,1,1,859f4c3f7abb4b1a58bd44af303f213d32118322651715979c9352ffe122e8c4,4b37a5ed9cfdc71b591d28bacc024e42e8ebe679ab10903583897e072da5c95b,2026-08-06T20:59:10.180870+00:00
Q143,attribute,T1500,HTML,"['T1500-1815', 'T1500-1814', 'T1500-1811', 'T1500-1813', 'T1500-1939', 'T1500-1938', 'T1500-1844', 'T1500-1810', 'T1500-1841', 'T1500-1817']","[0.6593942, 0.65751863, 0.65416682, 0.64218205, 0.63538909, 0.61471188, 0.61179137, 0.61030161, 0.6005125, 0.59273016]",8,0,0,0,1,f4dee4305190b093ee11875ef6813cf5ce3e1f97d7e2eeffdf459f1e32d8d1ee,4b37a5ed9cfdc71b591d28bacc024e42e8ebe679ab10903583897e072da5c95b,2026-08-06T20:59:10.182844+00:00
Q144,price,T1500,HTML,"['T1500-0876', 'T1500-0875', 'T1500-0879', 'T1500-0533', 'T1500-0878', 'T1500-0438', 'T1500-0873', 'T1500-0881', 'T1500-0437', 'T1500-0531']","[0.64522254, 0.63965917, 0.63096911, 0.62659186, 0.62606996, 0.62428045, 0.62188077, 0.61513948, 0.61335111, 0.61314511]",2,0,1,1,1,aeba23ebee74275402ae92bc0ce998ae9ec0b0a09ea8d5b5c604b6ac39b7c941,4b37a5ed9cfdc71b591d28bacc024e42e8ebe679ab10903583897e072da5c95b,2026-08-06T20:59:10.183303+00:00
Q145,attribute,T1500,HTML,"['T1500-1750', 'T1500-1752', 'T1500-0303', 'T1500-0302', 'T1500-0304', 'T1500-1749', 'T1500-0355', 'T1500-1705', 'T1500-0869', 'T1500-1693']","[0.71231383, 0.69346756, 0.69312203, 0.6551466, 0.64558935, 0.58384466, 0.55009091, 0.54593462, 0.54343677, 0.54306543]",,0,0,0,0,6f03cbacb4eaa978ffb3d648a5ddb3014f246d61ca171872ee7584194ff28f5c,4b37a5ed9cfdc71b591d28bacc024e42e8ebe679ab10903583897e072da5c95b,2026-08-06T20:59:10.183775+00:00
Q146,price,T1500,HTML,"['T1500-1567', 'T1500-0097', 'T1500-1561', 'T1500-1623', 'T1500-0065', 'T1500-1622', 'T1500-1546', 'T1500-1530', 'T1500-1583', 'T1500-1626']","[0.55690396, 0.52468801, 0.52286494, 0.52285254, 0.51975864, 0.51967394, 0.51905847, 0.51885825, 0.51638842, 0.51511753]",1,1,1,1,1,c15f28e5838eb5540b54e2dd7c7e4e9a1b06fdaa6a121d046f1a436c299248d5,4b37a5ed9cfdc71b591d28bacc024e42e8ebe679ab10903583897e072da5c95b,2026-08-06T20:59:10.184238+00:00
Q147,price,T1500,HTML,"['T1500-1688', 'T1500-1705', 'T1500-1699', 'T1500-1703', 'T1500-1693', 'T1500-1709', 'T1500-1706', 'T1500-1681', 'T1500-0010', 'T1500-1677']","[0.65353024, 0.63576025, 0.62082386, 0.61594784, 0.61578727, 0.6157003, 0.60972202, 0.59169, 0.57998538, 0.57841378]",,0,0,0,0,f42bf362a9bae1680e3a777eb05b3a2d932f677cdac92a69c987cf802102410c,4b37a5ed9cfdc71b591d28bacc024e42e8ebe679ab10903583897e072da5c95b,2026-08-06T20:59:10.184678+00:00
Q148,price,T1500,HTML,"['T1500-1347', 'T1500-1366', 'T1500-1348', 'T1500-1355', 'T1500-1353', 'T1500-1351', 'T1500-1367', 'T1500-1383', 'T1500-1352', 'T1500-1357']","[0.61694968, 0.61288285, 0.60961294, 0.60736203, 0.60692215, 0.60513598, 0.59739643, 0.58887917, 0.58376908, 0.58110148]",5,0,0,1,1,5888de19506654fc70581631b57245fa02d092deaffa1656a3370e2d7ea61305,4b37a5ed9cfdc71b591d28bacc024e42e8ebe679ab10903583897e072da5c95b,2026-08-06T20:59:10.185100+00:00
Q149,attribute,T1500,HTML,"['T1500-1627', 'T1500-1537', 'T1500-1613', 'T1500-1625', 'T1500-1648', 'T1500-1591', 'T1500-1633', 'T1500-1538', 'T1500-1598', 'T1500-1618']","[0.63885164, 0.62461603, 0.61262083, 0.60899699, 0.60352969, 0.5974437, 0.59617126, 0.59611279, 0.59479868, 0.59441322]",9,0,0,0,1,79475664a4455679bb720f433b5ba06e7c2d3970663bfb507d7351c736a6b8bc,4b37a5ed9cfdc71b591d28bacc024e42e8ebe679ab10903583897e072da5c95b,2026-08-06T20:59:10.188558+00:00
Q150,attribute,T1500,HTML,"['T1500-0137', 'T1500-0138', 'T1500-0139', 'T1500-0136', 'T1500-0090', 'T1500-0140', 'T1500-0292', 'T1500-0133', 'T1500-0091', 'T1500-0293']","[0.68621576, 0.68194413, 0.66442811, 0.62306154, 0.62145233, 0.62049735, 0.61302006, 0.60243517, 0.6009444, 0.5981831]",1,1,1,1,1,b8f085dada031f1ea66c9d944462b56aee8572c5af9a7e7984c8ae7495558b69,4b37a5ed9cfdc71b591d28bacc024e42e8ebe679ab10903583897e072da5c95b,2026-08-06T20:59:10.191089+00:00
Q151,price,T1500,HTML,"['T1500-0228', 'T1500-0229', 'T1500-1688', 'T1500-1529', 'T1500-0227', 'T1500-0232', 'T1500-1693', 'T1500-1699', 'T1500-1732', 'T1500-1729']","[0.61588609, 0.53609586, 0.52248049, 0.52149922, 0.51569915, 0.51137614, 0.51103806, 0.50597584, 0.49941427, 0.49821693]",2,0,1,1,1,1208b1974eadda76d85e26db629c6220d4d1bb38780cf86a332fe08c84665024,4b37a5ed9cfdc71b591d28bacc024e42e8ebe679ab10903583897e072da5c95b,2026-08-06T20:59:10.191682+00:00
Q152,price,T1500,HTML,"['T1500-1945', 'T1500-1944', 'T1500-1845', 'T1500-1803', 'T1500-1844', 'T1500-1923', 'T1500-1906', 'T1500-1976', 'T1500-1941', 'T1500-1802']","[0.68991315, 0.63455087, 0.61524892, 0.61369538, 0.60732198, 0.60620028, 0.60434955, 0.6031611, 0.60078019, 0.59938794]",1,1,1,1,1,d9e6297f3fecf4c1c603a640c391f92d24f351446e6705767c34a5ab413ba92b,4b37a5ed9cfdc71b591d28bacc024e42e8ebe679ab10903583897e072da5c95b,2026-08-06T20:59:10.192195+00:00
Q153,attribute,T1500,HTML,"['T1500-1092', 'T1500-1094', 'T1500-1093', 'T1500-1090', 'T1500-1091', 'T1500-1227', 'T1500-1017', 'T1500-1121', 'T1500-1014', 'T1500-1013']","[0.64718342, 0.64498878, 0.63885725, 0.63874471, 0.6281448, 0.59551531, 0.59520304, 0.59497893, 0.59424514, 0.59033322]",,0,0,0,0,82576ad3f6bd4cf70fcfbacbbf31f827037615ada32da1b939038002e6a02f54,4b37a5ed9cfdc71b591d28bacc024e42e8ebe679ab10903583897e072da5c95b,2026-08-06T20:59:10.193406+00:00
Q154,attribute,T1500,HTML,"['T1500-0834', 'T1500-0835', 'T1500-0836', 'T1500-0825', 'T1500-0832', 'T1500-0676', 'T1500-0822', 'T1500-0826', 'T1500-0824', 'T1500-0674']","[0.65343678, 0.64339054, 0.63568246, 0.63506919, 0.62648952, 0.6188671, 0.61595839, 0.60259724, 0.59842628, 0.59806812]",1,1,1,1,1,8139bc1e47a7a976c43c0a25a49f5db646947f321276d02658c39c3197b2db6c,4b37a5ed9cfdc71b591d28bacc024e42e8ebe679ab10903583897e072da5c95b,2026-08-06T20:59:10.194016+00:00
Q155,price,T1500,HTML,"['T1500-1236', 'T1500-1848', 'T1500-1832', 'T1500-1847', 'T1500-1759', 'T1500-1237', 'T1500-1781', 'T1500-1830', 'T1500-1756', 'T1500-1529']","[0.56847906, 0.55217135, 0.54938734, 0.54329336, 0.53578377, 0.53515047, 0.53360718, 0.53333735, 0.52981204, 0.52762502]",1,1,1,1,1,145344b903cb304a974134d4fd4bdc8df403ca8749d1c64c78e70f5c2229b2f4,4b37a5ed9cfdc71b591d28bacc024e42e8ebe679ab10903583897e072da5c95b,2026-08-06T20:59:10.194546+00:00
Q156,price,T1500,HTML,"['T1500-1335', 'T1500-1969', 'T1500-1678', 'T1500-1331', 'T1500-0396', 'T1500-1336', 'T1500-1673', 'T1500-1998', 'T1500-1713', 'T1500-1328']","[0.50680423, 0.50417644, 0.50180429, 0.50114042, 0.50040776, 0.49931782, 0.49879622, 0.49821576, 0.49713856, 0.4971191]",5,0,0,1,1,34ba5c07e9f2b615884e32fef110095e7cdb1ba763f23b0e96c40a08d5515f68,4b37a5ed9cfdc71b591d28bacc024e42e8ebe679ab10903583897e072da5c95b,2026-08-06T20:59:10.195040+00:00
Q157,attribute,T1500,HTML,"['T1500-1236', 'T1500-1237', 'T1500-1235', 'T1500-1370', 'T1500-1064', 'T1500-1957', 'T1500-1887', 'T1500-1941', 'T1500-2012', 'T1500-1974']","[0.64998877, 0.61600733, 0.57502592, 0.56071824, 0.54990828, 0.54929459, 0.5476675, 0.54757774, 0.54624569, 0.54456258]",,0,0,0,0,d86aab20083ae85a6169e6a5b95906bdb44fd9f3fb19036130c1e550bc3daf65,4b37a5ed9cfdc71b591d28bacc024e42e8ebe679ab10903583897e072da5c95b,2026-08-06T20:59:10.199093+00:00
Q158,attribute,T1500,HTML,"['T1500-1196', 'T1500-1241', 'T1500-1242', 'T1500-0240', 'T1500-0205', 'T1500-1065', 'T1500-1195', 'T1500-1755', 'T1500-0211', 'T1500-2017']","[0.64284182, 0.63203299, 0.63140547, 0.62792295, 0.62546766, 0.62238073, 0.61493957, 0.61423951, 0.6135062, 0.60641652]",1,1,1,1,1,ed6cd526ef46ff81b16bf0824ff67afc2d05c3d4c4ed61d1b79a74e2ac3e469b,4b37a5ed9cfdc71b591d28bacc024e42e8ebe679ab10903583897e072da5c95b,2026-08-06T20:59:10.199687+00:00
Q159,attribute,T1500,HTML,"['T1500-0297', 'T1500-0298', 'T1500-0299', 'T1500-2096', 'T1500-2064', 'T1500-2061', 'T1500-2050', 'T1500-0300', 'T1500-2057', 'T1500-0038']","[0.69745165, 0.68468177, 0.54468167, 0.54195857, 0.540465, 0.53443754, 0.52997941, 0.52594805, 0.52467132, 0.52466428]",1,1,1,1,1,6c35f07c8628b7e554ba8e6dd393fdac18e782f66f5bff80baadc8a0e51cfa9d,4b37a5ed9cfdc71b591d28bacc024e42e8ebe679ab10903583897e072da5c95b,2026-08-06T20:59:10.200146+00:00
Q160,price,T1500,HTML,"['T1500-1261', 'T1500-1688', 'T1500-1699', 'T1500-1693', 'T1500-1752', 'T1500-1327', 'T1500-1833', 'T1500-1755', 'T1500-1339', 'T1500-1703']","[0.53720534, 0.53389043, 0.52505207, 0.52212596, 0.50557816, 0.50167298, 0.49897486, 0.49862757, 0.49203977, 0.4909597]",,0,0,0,0,47c7d154b536197644096c43b63dac86d420c45e98eed7898afd275936793696,4b37a5ed9cfdc71b591d28bacc024e42e8ebe679ab10903583897e072da5c95b,2026-08-06T20:59:10.200669+00:00
Q161,attribute,T1500,HTML,"['T1500-1422', 'T1500-1431', 'T1500-1430', 'T1500-1740', 'T1500-0015', 'T1500-1323', 'T1500-1423', 'T1500-1367', 'T1500-0107', 'T1500-1741']","[0.58979905, 0.58541143, 0.57835108, 0.56710398, 0.53787524, 0.53608596, 0.53492039, 0.53478539, 0.5329389, 0.53208232]",6,0,0,0,1,4d81036ecab29f102a952871a035c25c4bf999fe1dafc3fde449adb0ce3a1fe7,4b37a5ed9cfdc71b591d28bacc024e42e8ebe679ab10903583897e072da5c95b,2026-08-06T20:59:10.201240+00:00
Q162,price,T1500,HTML,"['T1500-0997', 'T1500-0996', 'T1500-0995', 'T1500-0990', 'T1500-0991', 'T1500-0994', 'T1500-0989', 'T1500-0993', 'T1500-1004', 'T1500-1964']","[0.67229754, 0.67020655, 0.65039039, 0.64999688, 0.64058971, 0.62270343, 0.61878377, 0.6056329, 0.59561819, 0.59500724]",1,1,1,1,1,c88ac06881715d43d6838c742b9d6c65af0375301d6d7466b575bd0c7dd076c8,4b37a5ed9cfdc71b591d28bacc024e42e8ebe679ab10903583897e072da5c95b,2026-08-06T20:59:10.203331+00:00
Q163,attribute,T1500,HTML,"['T1500-0310', 'T1500-0760', 'T1500-0773', 'T1500-0655', 'T1500-0776', 'T1500-0778', 'T1500-0658', 'T1500-0769', 'T1500-0767', 'T1500-0756']","[0.6568836, 0.61824441, 0.61695075, 0.61650586, 0.61621141, 0.61615229, 0.61599159, 0.61598814, 0.61544371, 0.61542428]",1,1,1,1,1,9f54acb68ee3f31899db786d9a4077865283380827d4ae03ae3308f9e0ecc9f1,4b37a5ed9cfdc71b591d28bacc024e42e8ebe679ab10903583897e072da5c95b,2026-08-06T20:59:10.203952+00:00
Q164,price,T1500,HTML,"['T1500-1839', 'T1500-1841', 'T1500-1938', 'T1500-1941', 'T1500-1815', 'T1500-1939', 'T1500-1844', 'T1500-1806', 'T1500-1814', 'T1500-1810']","[0.69217288, 0.68593854, 0.64397031, 0.62584984, 0.61891657, 0.61616218, 0.60192317, 0.59736407, 0.59536523, 0.59234095]",1,1,1,1,1,08cfca2e76e6e7bb076b1339eeabbcc4fbaadaf24b2c07ebd9749305a97620c6,4b37a5ed9cfdc71b591d28bacc024e42e8ebe679ab10903583897e072da5c95b,2026-08-06T20:59:10.207034+00:00
Q165,price,T1500,HTML,"['T1500-0840', 'T1500-0841', 'T1500-0836', 'T1500-0842', 'T1500-0838', 'T1500-0837', 'T1500-0839', 'T1500-0832', 'T1500-0826', 'T1500-0825']","[0.68547022, 0.68352121, 0.64023566, 0.63742596, 0.63555658, 0.5969156, 0.59369385, 0.58595443, 0.5784815, 0.57437503]",4,0,0,1,1,8274cb4311a5c9d11ce7665b7f42d11f9acb66a6648f0902d9c92e3ba583da7e,4b37a5ed9cfdc71b591d28bacc024e42e8ebe679ab10903583897e072da5c95b,2026-08-06T20:59:10.210733+00:00
Q166,price,T1500,HTML,"['T1500-1649', 'T1500-1651', 'T1500-1659', 'T1500-1652', 'T1500-1727', 'T1500-1726', 'T1500-1648', 'T1500-1658', 'T1500-1656', 'T1500-1529']","[0.5915693, 0.57252824, 0.55797559, 0.55612057, 0.54939264, 0.54790378, 0.53970188, 0.53350437, 0.52804798, 0.52609169]",2,0,1,1,1,b604181784cb0b75852fc717cd2057753abbdc44029f50653d4984425297f6b9,4b37a5ed9cfdc71b591d28bacc024e42e8ebe679ab10903583897e072da5c95b,2026-08-06T20:59:10.211188+00:00
Q167,price,T1500,HTML,"['T1500-0561', 'T1500-0864', 'T1500-0866', 'T1500-0869', 'T1500-0863', 'T1500-0461', 'T1500-0867', 'T1500-0462', 'T1500-0468', 'T1500-0467']","[0.64962202, 0.64639461, 0.64058203, 0.63958824, 0.63871646, 0.6384483, 0.63580084, 0.63012218, 0.6204859, 0.61683226]",6,0,0,0,1,d7f7fcc2f0354f903893ab08d1ce1f8a8ca30c9d6bfec443c7eaa167a433a3c9,4b37a5ed9cfdc71b591d28bacc024e42e8ebe679ab10903583897e072da5c95b,2026-08-06T20:59:10.212562+00:00
Q168,price,T1500,HTML,"['T1500-0331', 'T1500-0330', 'T1500-0329', 'T1500-0533', 'T1500-0374', 'T1500-0332', 'T1500-0327', 'T1500-0348', 'T1500-0328', 'T1500-0438']","[0.60066938, 0.59810215, 0.59622419, 0.5915612, 0.58819604, 0.58810133, 0.58138037, 0.57855225, 0.57736892, 0.57466745]",9,0,0,0,1,b5657d9b11f81754ed5eee5acb7b8ec5a41b4e8453ee76c732ec404e472b6305,4b37a5ed9cfdc71b591d28bacc024e42e8ebe679ab10903583897e072da5c95b,2026-08-06T20:59:10.213077+00:00
Q169,attribute,T1500,HTML,"['T1500-1605', 'T1500-1537', 'T1500-1599', 'T1500-1538', 'T1500-1604', 'T1500-1613', 'T1500-1602', 'T1500-0077', 'T1500-1598', 'T1500-1601']","[0.66364682, 0.59923971, 0.59072495, 0.58982134, 0.58819628, 0.58759034, 0.58436334, 0.58413845, 0.58159757, 0.58154219]",3,0,1,1,1,0c560f050d3d82d81b766004f347a5e71ca4ea110260e5583597c52a5381549a,4b37a5ed9cfdc71b591d28bacc024e42e8ebe679ab10903583897e072da5c95b,2026-08-06T20:59:10.218139+00:00
Q170,price,T1500,HTML,"['T1500-0227', 'T1500-1693', 'T1500-1529', 'T1500-1357', 'T1500-0224', 'T1500-0226', 'T1500-1688', 'T1500-1329', 'T1500-1727', 'T1500-1648']","[0.5226891, 0.4978866, 0.49043328, 0.48962504, 0.48657173, 0.48634917, 0.4844588, 0.48278269, 0.48262084, 0.48244566]",,0,0,0,0,5a07536463b4d54efe28d0e6c0f32e9c94809a24cdd5251ea1543f512c0df37b,4b37a5ed9cfdc71b591d28bacc024e42e8ebe679ab10903583897e072da5c95b,2026-08-06T20:59:10.221880+00:00
Q171,price,T1500,HTML,"['T1500-0396', 'T1500-0395', 'T1500-0401', 'T1500-1758', 'T1500-0400', 'T1500-0386', 'T1500-2064', 'T1500-1689', 'T1500-0391', 'T1500-0397']","[0.52520895, 0.52405339, 0.49917653, 0.49641788, 0.49402848, 0.49200708, 0.49139437, 0.49112624, 0.49079132, 0.49049491]",2,0,1,1,1,1fd2863e165e49da72af6f725925cbfce5b231b08afd325c3bc968951e0f65ec,4b37a5ed9cfdc71b591d28bacc024e42e8ebe679ab10903583897e072da5c95b,2026-08-06T20:59:10.222366+00:00
Q172,attribute,T1500,HTML,"['T1500-1092', 'T1500-1091', 'T1500-1090', 'T1500-1094', 'T1500-1017', 'T1500-1013', 'T1500-1014', 'T1500-1227', 'T1500-1093', 'T1500-1121']","[0.63190305, 0.62903237, 0.62850833, 0.6281811, 0.61550236, 0.60611117, 0.60575491, 0.60484481, 0.5978741, 0.59614742]",,0,0,0,0,18e8e967ff54f9941f6b4d6e8eada3c224f728834692f8ac7888c80b6b926045,4b37a5ed9cfdc71b591d28bacc024e42e8ebe679ab10903583897e072da5c95b,2026-08-06T20:59:10.222852+00:00
Q173,attribute,T1500,HTML,"['T1500-0073', 'T1500-1541', 'T1500-0221', 'T1500-1621', 'T1500-1545', 'T1500-0121', 'T1500-1648', 'T1500-1591', 'T1500-1622', 'T1500-1611']","[0.58341688, 0.56565917, 0.55592626, 0.55560446, 0.55472946, 0.5540024, 0.55207372, 0.54691857, 0.54642439, 0.5450983]",1,1,1,1,1,f720b80185ea88f4589b0ec29b30eee21c5c1f5b041aed448386586ac399167e,4b37a5ed9cfdc71b591d28bacc024e42e8ebe679ab10903583897e072da5c95b,2026-08-06T20:59:10.223371+00:00
Q174,price,T1500,HTML,"['T1500-1201', 'T1500-1947', 'T1500-1200', 'T1500-1205', 'T1500-1920', 'T1500-1805', 'T1500-1967', 'T1500-1202', 'T1500-1206', 'T1500-1976']","[0.66437328, 0.62852913, 0.62521863, 0.62053728, 0.61658967, 0.60978794, 0.60465646, 0.60349703, 0.5999698, 0.59911019]",1,1,1,1,1,bb6c71a041434ac31f023f5b03934264177c1695dec56b4445ea81f8bd9cc8fd,4b37a5ed9cfdc71b591d28bacc024e42e8ebe679ab10903583897e072da5c95b,2026-08-06T20:59:10.223812+00:00
Q175,attribute,T1500,HTML,"['T1500-1448', 'T1500-1635', 'T1500-1546', 'T1500-1449', 'T1500-1623', 'T1500-1615', 'T1500-1648', 'T1500-0129', 'T1500-1626', 'T1500-1617']","[0.61035824, 0.59846759, 0.59638613, 0.58865201, 0.586815, 0.58329177, 0.58233464, 0.5784781, 0.5771234, 0.57644093]",,0,0,0,0,485fcaa7cd1c30c0cea992dd715523efb1683ba26cfe1e304d2e381257e647dc,4b37a5ed9cfdc71b591d28bacc024e42e8ebe679ab10903583897e072da5c95b,2026-08-06T20:59:10.224351+00:00
Q176,attribute,T1500,HTML,"['T1500-1964', 'T1500-1968', 'T1500-1976', 'T1500-1965', 'T1500-1967', 'T1500-1995', 'T1500-1899', 'T1500-1920', 'T1500-1233', 'T1500-1231']","[0.73001361, 0.6589824, 0.65652567, 0.65417206, 0.64615822, 0.64010412, 0.6396876, 0.63790035, 0.63569206, 0.63467258]",1,1,1,1,1,9bc5fb1b493a312da75f9bf55d34c8577054eaf7e53da5c535dec95e426fbb1e,4b37a5ed9cfdc71b591d28bacc024e42e8ebe679ab10903583897e072da5c95b,2026-08-06T20:59:10.226343+00:00
Q177,price,T1500,HTML,"['T1500-0434', 'T1500-0531', 'T1500-0435', 'T1500-0533', 'T1500-0876', 'T1500-0436', 'T1500-0529', 'T1500-0438', 'T1500-0437', 'T1500-0433']","[0.65625918, 0.65337843, 0.6489327, 0.64876115, 0.64852655, 0.64784789, 0.64643538, 0.64497149, 0.64413035, 0.64394927]",1,1,1,1,1,38ae8f755770f5e95f7b32b98ee6ed1e765c677b95c409c89c9e263617e93491,4b37a5ed9cfdc71b591d28bacc024e42e8ebe679ab10903583897e072da5c95b,2026-08-06T20:59:10.226827+00:00
Q178,attribute,T1500,HTML,"['T1500-0299', 'T1500-0300', 'T1500-1749', 'T1500-0298', 'T1500-1747', 'T1500-0017', 'T1500-0305', 'T1500-0302', 'T1500-1383', 'T1500-1614']","[0.69705874, 0.675955, 0.63952339, 0.62263197, 0.59655279, 0.5609566, 0.5575676, 0.54926419, 0.54881626, 0.54012495]",10,0,0,0,1,540656bb0228de7f959eb5e1dc4040f4b8c6417f8a18dcef98275f0e708b1ccf,4b37a5ed9cfdc71b591d28bacc024e42e8ebe679ab10903583897e072da5c95b,2026-08-06T20:59:10.227317+00:00
Q179,attribute,T1500,HTML,"['T1500-0926', 'T1500-0735', 'T1500-0678', 'T1500-1670', 'T1500-0765', 'T1500-0774', 'T1500-0809', 'T1500-0754', 'T1500-0653', 'T1500-1666']","[0.58741391, 0.57363582, 0.57321656, 0.56556654, 0.56042683, 0.55769598, 0.55587983, 0.5533824, 0.55309999, 0.55263734]",,0,0,0,0,7a28fa828b4dc6ebce6bc589484bcc8529ee1a8d772c1c1515be867b487a98b2,4b37a5ed9cfdc71b591d28bacc024e42e8ebe679ab10903583897e072da5c95b,2026-08-06T20:59:10.227800+00:00
Q180,price,T1500,HTML,"['T1500-1331', 'T1500-1638', 'T1500-1335', 'T1500-1327', 'T1500-1339', 'T1500-1333', 'T1500-1329', 'T1500-1332', 'T1500-1336', 'T1500-1693']","[0.51177239, 0.51102245, 0.50870025, 0.50823605, 0.49730027, 0.49509114, 0.49282512, 0.48866302, 0.48802796, 0.48743403]",2,0,1,1,1,00acbe99e5c9680d4477e5a714fb0614b6f6977126a994b796e0620009ed31cf,4b37a5ed9cfdc71b591d28bacc024e42e8ebe679ab10903583897e072da5c95b,2026-08-06T20:59:10.229817+00:00
Q181,price,T1500,HTML,"['T1500-1621', 'T1500-1534', 'T1500-1537', 'T1500-0097', 'T1500-1623', 'T1500-1618', 'T1500-1641', 'T1500-0107', 'T1500-1625', 'T1500-1617']","[0.54244971, 0.53969634, 0.53283536, 0.53170002, 0.53117508, 0.52812195, 0.52755415, 0.52671993, 0.52203417, 0.51977646]",,0,0,0,0,37be64013a7a3f7fd42e8bf659ae20751ae69cc47ef7409134872421a09770e3,4b37a5ed9cfdc71b591d28bacc024e42e8ebe679ab10903583897e072da5c95b,2026-08-06T20:59:10.232464+00:00
Q182,attribute,T1500,HTML,"['T1500-1128', 'T1500-1125', 'T1500-1127', 'T1500-1124', 'T1500-1126', 'T1500-1129', 'T1500-1131', 'T1500-1971', 'T1500-1776', 'T1500-1130']","[0.66421366, 0.65830421, 0.65443349, 0.64609843, 0.63520861, 0.62523782, 0.61682671, 0.61653769, 0.60499716, 0.59714311]",1,1,1,1,1,a3aa9aac8bf600816c7f35761c1a15bbebb4c6cd67584a37774a52a3840d91b1,4b37a5ed9cfdc71b591d28bacc024e42e8ebe679ab10903583897e072da5c95b,2026-08-06T20:59:10.232939+00:00
Q183,price,T1500,HTML,"['T1500-1974', 'T1500-1017', 'T1500-1013', 'T1500-1015', 'T1500-1971', 'T1500-1787', 'T1500-1789', 'T1500-1014', 'T1500-1784', 'T1500-1016']","[0.67188847, 0.66888523, 0.66861433, 0.66213942, 0.65725434, 0.65395796, 0.65287256, 0.65198243, 0.6497612, 0.64893401]",10,0,0,0,1,66e4183d888044f3ee77a6c1dae63bd73d86a02f4aa57d5dfcca0fd9ec8fc246,4b37a5ed9cfdc71b591d28bacc024e42e8ebe679ab10903583897e072da5c95b,2026-08-06T20:59:10.233431+00:00
Q184,price,T1500,HTML,"['T1500-0331', 'T1500-0330', 'T1500-0329', 'T1500-0332', 'T1500-0374', 'T1500-0881', 'T1500-0348', 'T1500-0878', 'T1500-0873', 'T1500-0327']","[0.63057542, 0.62873882, 0.60880816, 0.60448569, 0.58734637, 0.58178407, 0.58074719, 0.57883847, 0.57825118, 0.57704413]",1,1,1,1,1,05ef6497d4a47b77eda854d91601c598f4c145169d1f38abee00897b47aea875,4b37a5ed9cfdc71b591d28bacc024e42e8ebe679ab10903583897e072da5c95b,2026-08-06T20:59:10.233941+00:00
Q185,price,T1500,HTML,"['T1500-0314', 'T1500-0315', 'T1500-0316', 'T1500-0149', 'T1500-0148', 'T1500-1832', 'T1500-0312', 'T1500-0150', 'T1500-1746', 'T1500-1626']","[0.64069521, 0.63766879, 0.58386368, 0.56343168, 0.55456519, 0.54252446, 0.52952617, 0.52168715, 0.52050859, 0.51997459]",2,0,1,1,1,484bd02904eebaaca6a24ac76c548933864654162222f8f5c1410326de30b223,4b37a5ed9cfdc71b591d28bacc024e42e8ebe679ab10903583897e072da5c95b,2026-08-06T20:59:10.234939+00:00
Q186,price,T1500,HTML,"['T1500-0876', 'T1500-0346', 'T1500-0537', 'T1500-0873', 'T1500-0332', 'T1500-0878', 'T1500-0374', 'T1500-0331', 'T1500-0348', 'T1500-0881']","[0.60437465, 0.60317129, 0.59216177, 0.59152734, 0.58821046, 0.5866549, 0.58419043, 0.58326918, 0.58315217, 0.58252531]",,0,0,0,0,d9e0686023eb4751de6897089db1bbc5ce4fb0c169f2abe576870fd0556ae332,4b37a5ed9cfdc71b591d28bacc024e42e8ebe679ab10903583897e072da5c95b,2026-08-06T20:59:10.235468+00:00
Q187,attribute,T1500,HTML,"['T1500-1706', 'T1500-1685', 'T1500-1699', 'T1500-1709', 'T1500-1705', 'T1500-1688', 'T1500-0906', 'T1500-0911', 'T1500-0900', 'T1500-0894']","[0.6716783, 0.61589217, 0.60515112, 0.59359646, 0.57970321, 0.57780302, 0.57329792, 0.56873739, 0.56654191, 0.56611967]",5,0,0,1,1,7b67e2f0295e978b5492fb14023ee3eb7960b0bdfb53bfa3a1f0bb2dbdab8bd0,4b37a5ed9cfdc71b591d28bacc024e42e8ebe679ab10903583897e072da5c95b,2026-08-06T20:59:10.235966+00:00
Q188,price,T1500,HTML,"['T1500-1968', 'T1500-1964', 'T1500-1899', 'T1500-1805', 'T1500-1965', 'T1500-1897', 'T1500-1920', 'T1500-1967', 'T1500-1868', 'T1500-1803']","[0.66617095, 0.65506697, 0.64155227, 0.6360873, 0.63537633, 0.6265924, 0.62351239, 0.617176, 0.61617625, 0.61597437]",1,1,1,1,1,9f262b156d7549e6f9d28c84d37621d9c6ec10ad988576b6e0b63b44cf82076f,4b37a5ed9cfdc71b591d28bacc024e42e8ebe679ab10903583897e072da5c95b,2026-08-06T20:59:10.237178+00:00
Q189,attribute,T1500,HTML,"['T1500-2088', 'T1500-0221', 'T1500-2089', 'T1500-0220', 'T1500-2096', 'T1500-1209', 'T1500-1208', 'T1500-1262', 'T1500-2090', 'T1500-2103']","[0.54748309, 0.53360337, 0.52937901, 0.51832092, 0.51678658, 0.51386726, 0.51287252, 0.51237398, 0.50819033, 0.50606292]",,0,0,0,0,e20effc3456128d462be0c0ac7e56b1b92261be5914b673819e9409e6115ed3c,4b37a5ed9cfdc71b591d28bacc024e42e8ebe679ab10903583897e072da5c95b,2026-08-06T20:59:10.238182+00:00
Q190,price,T1500,HTML,"['T1500-1776', 'T1500-1971', 'T1500-1783', 'T1500-1780', 'T1500-1974', 'T1500-1775', 'T1500-1781', 'T1500-1791', 'T1500-1789', 'T1500-1768']","[0.6466943, 0.63843936, 0.63812041, 0.62995613, 0.62993014, 0.62913764, 0.62911141, 0.62875926, 0.62778783, 0.62017787]",,0,0,0,0,99ec604dc9b63d285e7362ab8949dfa0b1cb3def88256b6ac54dff678d360a0f,4b37a5ed9cfdc71b591d28bacc024e42e8ebe679ab10903583897e072da5c95b,2026-08-06T20:59:10.238665+00:00
Q191,price,T1500,HTML,"['T1500-1806', 'T1500-1805', 'T1500-1815', 'T1500-1938', 'T1500-1939', 'T1500-1976', 'T1500-1941', 'T1500-1975', 'T1500-1948', 'T1500-1814']","[0.7029016, 0.69472104, 0.665842, 0.66393375, 0.6621204, 0.65824223, 0.65816432, 0.65416145, 0.65184695, 0.65041149]",1,1,1,1,1,153412c3651d27b33bf87760cac0ae1afe053b93d731acd024e987b52f579365,4b37a5ed9cfdc71b591d28bacc024e42e8ebe679ab10903583897e072da5c95b,2026-08-06T20:59:10.239101+00:00
Q192,attribute,T1500,HTML,"['T1500-1226', 'T1500-1225', 'T1500-1224', 'T1500-1227', 'T1500-1110', 'T1500-1094', 'T1500-1793', 'T1500-1121', 'T1500-1017', 'T1500-1788']","[0.68034613, 0.66301525, 0.65821725, 0.64922494, 0.6158607, 0.6138345, 0.61285156, 0.61281788, 0.61249423, 0.61036146]",,0,0,0,0,ccfbbe3e80a2bc50e98dfee9aaaac05ba2cd13ad69f062bbda722f71cdedf4e9,4b37a5ed9cfdc71b591d28bacc024e42e8ebe679ab10903583897e072da5c95b,2026-08-06T20:59:10.242325+00:00
Q193,attribute,T1500,HTML,"['T1500-1604', 'T1500-1602', 'T1500-1534', 'T1500-1599', 'T1500-1537', 'T1500-1605', 'T1500-1598', 'T1500-1601', 'T1500-1648', 'T1500-1623']","[0.62337875, 0.6209479, 0.58354306, 0.5834564, 0.58259225, 0.57785302, 0.5762825, 0.57425421, 0.57402098, 0.57261527]",4,0,0,1,1,f92ae9e9028a81b594e445a6cddca57dedd30484ba53f3504f52631b96f5d198,4b37a5ed9cfdc71b591d28bacc024e42e8ebe679ab10903583897e072da5c95b,2026-08-06T20:59:10.242905+00:00
Q194,price,T1500,HTML,"['T1500-1345', 'T1500-1336', 'T1500-1535', 'T1500-1625', 'T1500-1327', 'T1500-1701', 'T1500-1713', 'T1500-1335', 'T1500-1693', 'T1500-1577']","[0.53567219, 0.52406991, 0.51577997, 0.51526594, 0.51079577, 0.50807714, 0.50557625, 0.50513279, 0.50484049, 0.50130665]",,0,0,0,0,361032195462dbb55a9f1f674cea5e3304ae46f54e59752c751f214ec5bc0730,4b37a5ed9cfdc71b591d28bacc024e42e8ebe679ab10903583897e072da5c95b,2026-08-06T20:59:10.244643+00:00
Q195,attribute,T1500,HTML,"['T1500-0129', 'T1500-0109', 'T1500-2035', 'T1500-0199', 'T1500-0221', 'T1500-0197', 'T1500-0110', 'T1500-0108', 'T1500-0074', 'T1500-0076']","[0.55027378, 0.51778984, 0.51724404, 0.51595819, 0.51517832, 0.51062459, 0.50915033, 0.50768733, 0.50684249, 0.50678349]",1,1,1,1,1,a4dede8f167a5bf5832d2f1c66f466899c46e4a2712cd309e4d5af11d0c2b244,4b37a5ed9cfdc71b591d28bacc024e42e8ebe679ab10903583897e072da5c95b,2026-08-06T20:59:10.245255+00:00
Q196,attribute,T1500,HTML,"['T1500-1622', 'T1500-1538', 'T1500-1534', 'T1500-1623', 'T1500-1626', 'T1500-0074', 'T1500-0097', 'T1500-0036', 'T1500-0068', 'T1500-0085']","[0.63587517, 0.62463963, 0.61851013, 0.61290526, 0.6111908, 0.60704851, 0.60419905, 0.60285306, 0.60151416, 0.60016894]",1,1,1,1,1,12cd0f4e89658a83f2c33333c7c18647c9a79aad04d2122f5536c06d9fc25435,4b37a5ed9cfdc71b591d28bacc024e42e8ebe679ab10903583897e072da5c95b,2026-08-06T20:59:10.250560+00:00
Q197,price,T1500,HTML,"['T1500-1087', 'T1500-1088', 'T1500-1095', 'T1500-1771', 'T1500-1084', 'T1500-1848', 'T1500-1773', 'T1500-1791', 'T1500-1775', 'T1500-1859']","[0.54697007, 0.54386455, 0.53336251, 0.52695835, 0.52691555, 0.52297294, 0.52227193, 0.52038217, 0.51704669, 0.51644135]",2,0,1,1,1,d7b836d5783c7ad5561e8b4e9ecab4c20e50eeadd8cca5d00dfd37d78be18e1a,4b37a5ed9cfdc71b591d28bacc024e42e8ebe679ab10903583897e072da5c95b,2026-08-06T20:59:10.251070+00:00
Q198,attribute,T1500,HTML,"['T1500-0193', 'T1500-0194', 'T1500-0051', 'T1500-0048', 'T1500-0192', 'T1500-1360', 'T1500-1386', 'T1500-1383', 'T1500-1361', 'T1500-0050']","[0.59576774, 0.57824075, 0.56437427, 0.55060482, 0.54851532, 0.5480994, 0.54056066, 0.5363937, 0.53583848, 0.53505808]",1,1,1,1,1,6b3e39b9f1f68bed68a37f11abf5ebf249cc4b407c019ba3898d7b9af6962884,4b37a5ed9cfdc71b591d28bacc024e42e8ebe679ab10903583897e072da5c95b,2026-08-06T20:59:10.251780+00:00
Q199,attribute,T1500,HTML,"['T1500-1236', 'T1500-1237', 'T1500-1761', 'T1500-1759', 'T1500-1235', 'T1500-1245', 'T1500-1758', 'T1500-1238', 'T1500-1239', 'T1500-0397']","[0.6454379, 0.63134515, 0.57320023, 0.57201099, 0.56736887, 0.56655556, 0.56541169, 0.56456292, 0.56410187, 0.56124502]",1,1,1,1,1,d25bf94ad957903283aa048c32e3a69fe540905b32397ede56a24313fafe2e77,4b37a5ed9cfdc71b591d28bacc024e42e8ebe679ab10903583897e072da5c95b,2026-08-06T20:59:10.252261+00:00
Q200,attribute,T1500,HTML,"['T1500-1120', 'T1500-1107', 'T1500-1119', 'T1500-1108', 'T1500-1105', 'T1500-0744', 'T1500-0671', 'T1500-0769', 'T1500-0429', 'T1500-0520']","[0.56346661, 0.56071341, 0.54875869, 0.54661453, 0.53773236, 0.52805924, 0.52718765, 0.5265345, 0.5261749, 0.52269053]",3,0,1,1,1,9dd53381e2e1fc9a00eb5e84fe72da5f73f6a61e6a7ebb7c884fdd981394a7fb,4b37a5ed9cfdc71b591d28bacc024e42e8ebe679ab10903583897e072da5c95b,2026-08-06T20:59:10.252733+00:00
Q201,attribute,T1500,HTML,"['T1500-0321', 'T1500-0322', 'T1500-0320', 'T1500-0323', 'T1500-0319', 'T1500-0324', 'T1500-0346', 'T1500-0354', 'T1500-0333', 'T1500-0345']","[0.64664215, 0.64342743, 0.61800641, 0.61654305, 0.61109328, 0.61038804, 0.60979968, 0.60765254, 0.6067301, 0.60213929]",,0,0,0,0,50ab218a07aa3375ce6f3a6ae16cccc925fb441194edda7e4d93ac81c4b446c1,4b37a5ed9cfdc71b591d28bacc024e42e8ebe679ab10903583897e072da5c95b,2026-08-06T20:59:10.253489+00:00
Q202,price,T1500,HTML,"['T1500-1796', 'T1500-1845', 'T1500-1923', 'T1500-1806', 'T1500-1912', 'T1500-1821', 'T1500-1820', 'T1500-1921', 'T1500-1914', 'T1500-1803']","[0.69481134, 0.68316615, 0.67696929, 0.67642385, 0.66258705, 0.6617679, 0.66111594, 0.65975451, 0.65718544, 0.652964]",4,0,0,1,1,be9602af7227908068974d7fcfe13275b0e5ec649f44c39aa96797da7739c363,4b37a5ed9cfdc71b591d28bacc024e42e8ebe679ab10903583897e072da5c95b,2026-08-06T20:59:10.254730+00:00
Q203,price,T1500,HTML,"['T1500-0353', 'T1500-0354', 'T1500-0342', 'T1500-0352', 'T1500-0344', 'T1500-0881', 'T1500-0333', 'T1500-0355', 'T1500-0341', 'T1500-0345']","[0.6107381, 0.59492099, 0.58263254, 0.5824244, 0.57882541, 0.57810402, 0.57756364, 0.56880295, 0.55995977, 0.55817747]",8,0,0,0,1,c28d0482b945d5405048a8dc7d050df1a759b481dca8b720ecd59a97a88a457b,4b37a5ed9cfdc71b591d28bacc024e42e8ebe679ab10903583897e072da5c95b,2026-08-06T20:59:10.255173+00:00
Q204,attribute,T1500,HTML,"['T1500-1949', 'T1500-1952', 'T1500-1951', 'T1500-1954', 'T1500-1955', 'T1500-1948', 'T1500-1976', 'T1500-1022', 'T1500-1975', 'T1500-1802']","[0.71226311, 0.69277209, 0.6866169, 0.68571395, 0.68374622, 0.67375684, 0.66501606, 0.66434777, 0.6627506, 0.65822065]",6,0,0,0,1,b68200a59ce021c14b382a48279823d131664ab1e3941ed8e80ac9cb0f1f8431,4b37a5ed9cfdc71b591d28bacc024e42e8ebe679ab10903583897e072da5c95b,2026-08-06T20:59:10.255696+00:00
Q205,attribute,T1500,HTML,"['T1500-1947', 'T1500-1975', 'T1500-1976', 'T1500-1206', 'T1500-1205', 'T1500-1796', 'T1500-1803', 'T1500-1805', 'T1500-1920', 'T1500-1995']","[0.72026944, 0.6638869, 0.65348256, 0.65061182, 0.65028763, 0.64445984, 0.64388889, 0.63922417, 0.63802004, 0.63729537]",,0,0,0,0,d432d406d385d2fe86c4181b87c235fbacbc83e91b679770d0f3afbfda61283a,4b37a5ed9cfdc71b591d28bacc024e42e8ebe679ab10903583897e072da5c95b,2026-08-06T20:59:10.256178+00:00
Q206,attribute,T1500,HTML,"['T1500-1017', 'T1500-1014', 'T1500-1013', 'T1500-1015', 'T1500-1094', 'T1500-1016', 'T1500-1227', 'T1500-1018', 'T1500-1091', 'T1500-1090']","[0.73864591, 0.72536463, 0.71284473, 0.70867056, 0.69342089, 0.69082618, 0.68735027, 0.67105222, 0.66774333, 0.66102892]",1,1,1,1,1,15fff97d06cb4d5a4cc72f368b86edfac969ed33b425746d04309371844ab48d,4b37a5ed9cfdc71b591d28bacc024e42e8ebe679ab10903583897e072da5c95b,2026-08-06T20:59:10.259767+00:00
Q207,price,T1500,HTML,"['T1500-1367', 'T1500-1369', 'T1500-1370', 'T1500-1383', 'T1500-1357', 'T1500-1363', 'T1500-0294', 'T1500-1353', 'T1500-0202', 'T1500-0203']","[0.58647096, 0.57612455, 0.57544363, 0.56461746, 0.56447428, 0.56335914, 0.56270462, 0.55265528, 0.55128241, 0.55071473]",,0,0,0,0,b5ed553180767810d3ad0325dc7aff5af11dcda04f5e7fe220e01f000fa3d1fb,4b37a5ed9cfdc71b591d28bacc024e42e8ebe679ab10903583897e072da5c95b,2026-08-06T20:59:10.260312+00:00
Q208,attribute,T1500,HTML,"['T1500-1750', 'T1500-0303', 'T1500-1752', 'T1500-0302', 'T1500-0304', 'T1500-1749', 'T1500-1261', 'T1500-0869', 'T1500-0346', 'T1500-0355']","[0.71809632, 0.71684027, 0.6815542, 0.66301495, 0.6525358, 0.58705133, 0.56471193, 0.55442631, 0.5530237, 0.54843223]",,0,0,0,0,24582c24a9d70709cfd7a3c64b28d92102d91d059cecd27c6a9625f9a1292bf2,4b37a5ed9cfdc71b591d28bacc024e42e8ebe679ab10903583897e072da5c95b,2026-08-06T20:59:10.260837+00:00
Q209,attribute,T1500,HTML,"['T1500-1128', 'T1500-1129', 'T1500-1125', 'T1500-1126', 'T1500-1131', 'T1500-1127', 'T1500-1124', 'T1500-1130', 'T1500-1971', 'T1500-1776']","[0.65425408, 0.6303345, 0.62984765, 0.62283319, 0.62188154, 0.6022265, 0.60146481, 0.58539492, 0.57955611, 0.56957042]",1,1,1,1,1,1ea981605dbe131ddb475bb1d35d18d06eb792a36f20052e265d34897d16724b,4b37a5ed9cfdc71b591d28bacc024e42e8ebe679ab10903583897e072da5c95b,2026-08-06T20:59:10.261327+00:00
Q210,attribute,T1500,HTML,"['T1500-0128', 'T1500-1626', 'T1500-1625', 'T1500-1623', 'T1500-0036', 'T1500-1613', 'T1500-1622', 'T1500-1629', 'T1500-1618', 'T1500-0097']","[0.63407427, 0.63073748, 0.63035923, 0.62113321, 0.61732984, 0.61560106, 0.61453474, 0.61358571, 0.61131877, 0.61034018]",1,1,1,1,1,7ad7de06b8f0741f8f1a3bf5cb527091b49e3d5698a077d3c4bef311075e409c,4b37a5ed9cfdc71b591d28bacc024e42e8ebe679ab10903583897e072da5c95b,2026-08-06T20:59:10.261790+00:00
Q211,attribute,T1500,HTML,"['T1500-1331', 'T1500-1755', 'T1500-1583', 'T1500-1713', 'T1500-1339', 'T1500-1335', 'T1500-1327', 'T1500-0153', 'T1500-1626', 'T1500-2064']","[0.53815699, 0.53193825, 0.53183091, 0.53093469, 0.52974033, 0.5238834, 0.52180099, 0.52146, 0.5189845, 0.51827872]",2,0,1,1,1,08e62148b1f1234c9c950a3917178da4f5fab591ffc9dff554f600a0d17822ce,4b37a5ed9cfdc71b591d28bacc024e42e8ebe679ab10903583897e072da5c95b,2026-08-06T20:59:10.262261+00:00
Q212,attribute,T1500,HTML,"['T1500-1746', 'T1500-1747', 'T1500-0145', 'T1500-1626', 'T1500-0147', 'T1500-1618', 'T1500-0312', 'T1500-1744', 'T1500-0148', 'T1500-0149']","[0.58079714, 0.54484999, 0.52899081, 0.51740128, 0.51707709, 0.51040876, 0.50660485, 0.5043453, 0.50215775, 0.5013538]",3,0,1,1,1,389162e823cc23d864b07d6d657b0a6a13e48c14e4dc97360bf2f4447e2b6a62,4b37a5ed9cfdc71b591d28bacc024e42e8ebe679ab10903583897e072da5c95b,2026-08-06T20:59:10.267835+00:00
Q213,attribute,T1500,HTML,"['T1500-1232', 'T1500-1231', 'T1500-1233', 'T1500-1228', 'T1500-1230', 'T1500-1229', 'T1500-1234', 'T1500-1059', 'T1500-1190', 'T1500-1189']","[0.7224251, 0.7074151, 0.70346427, 0.70206946, 0.69645143, 0.69062555, 0.67921263, 0.65745264, 0.65415061, 0.65284753]",1,1,1,1,1,15fa11fd69abb1cb341c7d4c7a4bfd626614c66ee6aa905d7d3e186e1a782a30,4b37a5ed9cfdc71b591d28bacc024e42e8ebe679ab10903583897e072da5c95b,2026-08-06T20:59:10.268337+00:00
Q214,attribute,T1500,HTML,"['T1500-1602', 'T1500-1601', 'T1500-1597', 'T1500-1598', 'T1500-1599', 'T1500-1534', 'T1500-1605', 'T1500-1648', 'T1500-1546', 'T1500-1537']","[0.60589999, 0.58465499, 0.58112806, 0.57217145, 0.5718646, 0.56266487, 0.54679316, 0.54300833, 0.54172695, 0.54106599]",3,0,1,1,1,a90b0a8e2ca186eb28ec5b43d52b946cd541d486067a2b81eb7265873475aa94,4b37a5ed9cfdc71b591d28bacc024e42e8ebe679ab10903583897e072da5c95b,2026-08-06T20:59:10.268814+00:00
Q215,attribute,T1500,HTML,"['T1500-0240', 'T1500-0239', 'T1500-0241', 'T1500-2099', 'T1500-0205', 'T1500-2092', 'T1500-0238', 'T1500-2091', 'T1500-2090', 'T1500-2088']","[0.56806916, 0.56710827, 0.55543661, 0.5388633, 0.53363907, 0.5335874, 0.53342748, 0.5235253, 0.52267593, 0.52193868]",3,0,1,1,1,ab7b7855d54983f4522bd5a1dd95f6eaaccb5202aa58f3bb9237869930956b74,4b37a5ed9cfdc71b591d28bacc024e42e8ebe679ab10903583897e072da5c95b,2026-08-06T20:59:10.273730+00:00
Q216,attribute,T1500,HTML,"['T1500-1618', 'T1500-1625', 'T1500-1641', 'T1500-1623', 'T1500-1626', 'T1500-1546', 'T1500-1648', 'T1500-1619', 'T1500-0097', 'T1500-0076']","[0.62571025, 0.61438572, 0.61109161, 0.61082721, 0.609712, 0.60510546, 0.60014784, 0.59904265, 0.59877431, 0.59839708]",,0,0,0,0,21b656ddc5873369d6ac3c30fbdda9307f698a0dda063bb872bc3b634fd0e9f6,4b37a5ed9cfdc71b591d28bacc024e42e8ebe679ab10903583897e072da5c95b,2026-08-06T20:59:10.274279+00:00
Q217,attribute,T1500,HTML,"['T1500-1627', 'T1500-1648', 'T1500-1591', 'T1500-1623', 'T1500-0072', 'T1500-1633', 'T1500-1571', 'T1500-0092', 'T1500-0070', 'T1500-1542']","[0.63460267, 0.60688794, 0.59990287, 0.59950465, 0.59869599, 0.59815484, 0.5972023, 0.59128076, 0.58950734, 0.58841908]",,0,0,0,0,5505062d463e2de630503bcca13a60cf6d50fb1497625fa168e0cccd971d7d3a,4b37a5ed9cfdc71b591d28bacc024e42e8ebe679ab10903583897e072da5c95b,2026-08-06T20:59:10.274815+00:00
Q218,price,T1500,HTML,"['T1500-1851', 'T1500-1852', 'T1500-1854', 'T1500-1933', 'T1500-1832', 'T1500-1935', 'T1500-1848', 'T1500-1859', 'T1500-1861', 'T1500-1971']","[0.60614347, 0.59154361, 0.5682162, 0.56697249, 0.56567442, 0.55981481, 0.55676317, 0.55282891, 0.54913259, 0.54584879]",,0,0,0,0,530df9bc1aa2d6d4936ad161d162ee62abafd9607bcbb19afb7a90c2080c9686,4b37a5ed9cfdc71b591d28bacc024e42e8ebe679ab10903583897e072da5c95b,2026-08-06T20:59:10.275321+00:00
Q219,price,T1500,HTML,"['T1500-0341', 'T1500-0342', 'T1500-0344', 'T1500-0354', 'T1500-0333', 'T1500-0345', 'T1500-0337', 'T1500-0336', 'T1500-0323', 'T1500-0353']","[0.6334039, 0.63332212, 0.63217378, 0.61956429, 0.61330414, 0.60324383, 0.60282177, 0.5992502, 0.59577453, 0.59560061]",3,0,1,1,1,15a198265f28c047fecdef71f8372569ea1b7f26f710a416e10fa0b5cdf114a5,4b37a5ed9cfdc71b591d28bacc024e42e8ebe679ab10903583897e072da5c95b,2026-08-06T20:59:10.279798+00:00
Q220,price,T1500,HTML,"['T1500-0992', 'T1500-0994', 'T1500-0993', 'T1500-0991', 'T1500-0997', 'T1500-0995', 'T1500-0996', 'T1500-0990', 'T1500-1004', 'T1500-1965']","[0.68714631, 0.68677384, 0.68585086, 0.6786195, 0.64847827, 0.64609611, 0.64590049, 0.63591844, 0.6329729, 0.63221169]",4,0,0,1,1,220b9e1e4b8e15e1c5cd5867b4f233bdf4f022c2ec5797135c3e6e0a0b033975,4b37a5ed9cfdc71b591d28bacc024e42e8ebe679ab10903583897e072da5c95b,2026-08-06T20:59:10.280261+00:00
Q221,price,T1500,HTML,"['T1500-0834', 'T1500-0835', 'T1500-0832', 'T1500-0824', 'T1500-0823', 'T1500-0836', 'T1500-0826', 'T1500-0822', 'T1500-0825', 'T1500-0833']","[0.65807128, 0.62684762, 0.62283516, 0.58307177, 0.58169335, 0.57807028, 0.57100773, 0.57077539, 0.56932223, 0.55113548]",2,0,1,1,1,54ee2ca749781fd048ac993a487e6e1600fc258eedb0afc2bec15a0155db8d73,4b37a5ed9cfdc71b591d28bacc024e42e8ebe679ab10903583897e072da5c95b,2026-08-06T20:59:10.285722+00:00
Q222,attribute,T1500,HTML,"['T1500-1980', 'T1500-1979', 'T1500-1978', 'T1500-1975', 'T1500-1976', 'T1500-1906', 'T1500-1802', 'T1500-1982', 'T1500-1803', 'T1500-1964']","[0.69325018, 0.68987393, 0.67872238, 0.67569816, 0.66845202, 0.65051496, 0.64902747, 0.64865959, 0.64517105, 0.64366221]",,0,0,0,0,11c63dc600ae6a4726004bea9fc05fcf2fe829ddca3b41921fc5edb476f672b8,4b37a5ed9cfdc71b591d28bacc024e42e8ebe679ab10903583897e072da5c95b,2026-08-06T20:59:10.286177+00:00
Q223,price,T1500,HTML,"['T1500-1838', 'T1500-1345', 'T1500-1832', 'T1500-1848', 'T1500-1836', 'T1500-1929', 'T1500-1339', 'T1500-1331', 'T1500-1842', 'T1500-1927']","[0.47920573, 0.47702688, 0.47142226, 0.47080851, 0.46488637, 0.46342963, 0.45778874, 0.45622465, 0.45349163, 0.45142299]",5,0,0,1,1,6195f45e4149882e9c793b2bc91e36bf5f0ce6859a9b4f3da6d1ec133b87476f,4b37a5ed9cfdc71b591d28bacc024e42e8ebe679ab10903583897e072da5c95b,2026-08-06T20:59:10.286635+00:00
Q224,attribute,T1500,HTML,"['T1500-1983', 'T1500-1988', 'T1500-1985', 'T1500-1982', 'T1500-1233', 'T1500-1234', 'T1500-1231', 'T1500-1228', 'T1500-1867', 'T1500-1826']","[0.63106871, 0.61225212, 0.6055187, 0.59429049, 0.57597011, 0.57088584, 0.56790316, 0.55181658, 0.55095506, 0.5461421]",4,0,0,1,1,befa012ccacd7fab43b55d1121fcb96aed38aad7099aa7a0834d40dee3e4b550,4b37a5ed9cfdc71b591d28bacc024e42e8ebe679ab10903583897e072da5c95b,2026-08-06T20:59:10.287097+00:00
Q225,attribute,T1500,HTML,"['T1500-1689', 'T1500-1695', 'T1500-1755', 'T1500-2064', 'T1500-2061', 'T1500-1678', 'T1500-1332', 'T1500-1449', 'T1500-1756', 'T1500-2062']","[0.55571222, 0.51592386, 0.5143739, 0.51382411, 0.51359838, 0.5098033, 0.5095526, 0.50906938, 0.50827235, 0.50640279]",3,0,1,1,1,b2b50826a13063e4169c90e5b83940226d655999a1e3e20b0c9605c2f4b32966,4b37a5ed9cfdc71b591d28bacc024e42e8ebe679ab10903583897e072da5c95b,2026-08-06T20:59:10.291764+00:00
Q226,price,T1500,HTML,"['T1500-1006', 'T1500-1008', 'T1500-1005', 'T1500-1010', 'T1500-1009', 'T1500-1007', 'T1500-1011', 'T1500-1012', 'T1500-0990', 'T1500-0991']","[0.62430477, 0.61757362, 0.61457455, 0.61408174, 0.61315608, 0.61131471, 0.57680172, 0.57197338, 0.56993395, 0.56178665]",1,1,1,1,1,1d410d42d7f306ddef1dda63128b4ed410ad02a1056b84aa4178074c6e831607,4b37a5ed9cfdc71b591d28bacc024e42e8ebe679ab10903583897e072da5c95b,2026-08-06T20:59:10.292279+00:00
Q227,attribute,T1500,HTML,"['T1500-1954', 'T1500-1952', 'T1500-1951', 'T1500-1949', 'T1500-1948', 'T1500-1032', 'T1500-1033', 'T1500-1955', 'T1500-1025', 'T1500-1024']","[0.70854032, 0.69142348, 0.68517447, 0.68112701, 0.68021739, 0.67544162, 0.67141372, 0.67065775, 0.66862124, 0.66430461]",6,0,0,0,1,b320ec926bbe8e754974d57dfb820db6411c3ba0c70d2225acbf8a9389270259,4b37a5ed9cfdc71b591d28bacc024e42e8ebe679ab10903583897e072da5c95b,2026-08-06T20:59:10.292744+00:00
Q228,attribute,T1500,HTML,"['T1500-1721', 'T1500-0205', 'T1500-0240', 'T1500-1722', 'T1500-0208', 'T1500-0239', 'T1500-0207', 'T1500-0211', 'T1500-1366', 'T1500-0206']","[0.61772299, 0.60935682, 0.57969475, 0.57261378, 0.57099605, 0.5685339, 0.56742775, 0.56377709, 0.56192327, 0.56099033]",2,0,1,1,1,835c2730b131ab9b9a8c5be654ebf5d18f5f90f944a60708bf11ec9d729076d5,4b37a5ed9cfdc71b591d28bacc024e42e8ebe679ab10903583897e072da5c95b,2026-08-06T20:59:10.293305+00:00
Q229,attribute,T1500,HTML,"['T1500-1363', 'T1500-1364', 'T1500-0133', 'T1500-0090', 'T1500-0291', 'T1500-0132', 'T1500-0134', 'T1500-1383', 'T1500-0136', 'T1500-0293']","[0.64428496, 0.63459694, 0.62302363, 0.61822504, 0.61597502, 0.61239201, 0.61036843, 0.60925251, 0.6080119, 0.60570979]",,0,0,0,0,4060509329a5a762a92ef76590163b48a91a99281576432ddaf3418db20d23fd,4b37a5ed9cfdc71b591d28bacc024e42e8ebe679ab10903583897e072da5c95b,2026-08-06T20:59:10.297249+00:00
Q230,attribute,T1500,HTML,"['T1500-1954', 'T1500-1952', 'T1500-1951', 'T1500-1949', 'T1500-1948', 'T1500-1025', 'T1500-1029', 'T1500-1955', 'T1500-1024', 'T1500-1032']","[0.68259299, 0.67632508, 0.67559761, 0.67117423, 0.66706735, 0.6638695, 0.66326123, 0.65786749, 0.65410388, 0.65323949]",6,0,0,0,1,c6032ece2b5437dcf9ab19ab7cf2f5410e8ba5197b914aad2f37e659515af830,4b37a5ed9cfdc71b591d28bacc024e42e8ebe679ab10903583897e072da5c95b,2026-08-06T20:59:10.297753+00:00
Q231,price,T1500,HTML,"['T1500-1601', 'T1500-1598', 'T1500-1599', 'T1500-1602', 'T1500-1605', 'T1500-1597', 'T1500-1604', 'T1500-1613', 'T1500-1537', 'T1500-1623']","[0.66092122, 0.64266819, 0.63441628, 0.62895834, 0.60371542, 0.5849185, 0.58112508, 0.57694095, 0.57636273, 0.56183946]",2,0,1,1,1,ef6b3d301d90687b741991e0d8f3de1d57d12cf7049203fa6efb23654ba3f776,4b37a5ed9cfdc71b591d28bacc024e42e8ebe679ab10903583897e072da5c95b,2026-08-06T20:59:10.298263+00:00
Q232,attribute,T1500,HTML,"['T1500-1633', 'T1500-1631', 'T1500-1623', 'T1500-1625', 'T1500-1626', 'T1500-1648', 'T1500-1643', 'T1500-0081', 'T1500-0072', 'T1500-0097']","[0.65301514, 0.65134847, 0.59954196, 0.59746826, 0.59098244, 0.58664954, 0.58330727, 0.58291847, 0.58164173, 0.57881653]",8,0,0,0,1,3e4ae7cdd538a47183303b7e8262eafb7968af064bad4fdc162bd84d426fd3ca,4b37a5ed9cfdc71b591d28bacc024e42e8ebe679ab10903583897e072da5c95b,2026-08-06T20:59:10.305151+00:00
Q233,attribute,T1500,HTML,"['T1500-1975', 'T1500-1803', 'T1500-1800', 'T1500-1802', 'T1500-1805', 'T1500-1955', 'T1500-1964', 'T1500-1920', 'T1500-1976', 'T1500-2020']","[0.67196912, 0.66948032, 0.66121447, 0.66074133, 0.65907776, 0.65644884, 0.65547466, 0.65513515, 0.65385067, 0.65316421]",,0,0,0,0,783221339a7f8eee64df5acd42c066ae78261a3a6a70cb8dffc1fc051339d134,4b37a5ed9cfdc71b591d28bacc024e42e8ebe679ab10903583897e072da5c95b,2026-08-06T20:59:10.307145+00:00
Q234,price,T1500,HTML,"['T1500-1851', 'T1500-1260', 'T1500-1852', 'T1500-1259', 'T1500-1935', 'T1500-1861', 'T1500-1971', 'T1500-1933', 'T1500-1854', 'T1500-1257']","[0.63553083, 0.63277894, 0.61072779, 0.61007488, 0.58266449, 0.5788604, 0.56789869, 0.56271333, 0.55797571, 0.54656088]",2,0,1,1,1,32cc73887048e0b83ad1738c5a02a34a9603d0b7f58bb1e281779db6c6c95364,4b37a5ed9cfdc71b591d28bacc024e42e8ebe679ab10903583897e072da5c95b,2026-08-06T20:59:10.308865+00:00
Q235,attribute,T1500,HTML,"['T1500-1364', 'T1500-0138', 'T1500-0139', 'T1500-1363', 'T1500-0137', 'T1500-1361', 'T1500-0091', 'T1500-1360', 'T1500-0090', 'T1500-0140']","[0.63800573, 0.63718665, 0.63281631, 0.63017726, 0.62941903, 0.62614036, 0.61311841, 0.61091757, 0.60845065, 0.60804868]",6,0,0,0,1,73e9af368820ef454c452186c1eb3c9fefa29296665dd28bd6f36f4c2dbf701c,4b37a5ed9cfdc71b591d28bacc024e42e8ebe679ab10903583897e072da5c95b,2026-08-06T20:59:10.309361+00:00
Q236,price,T1500,HTML,"['T1500-0320', 'T1500-0322', 'T1500-0323', 'T1500-0319', 'T1500-0321', 'T1500-0345', 'T1500-1755', 'T1500-0346', 'T1500-0374', 'T1500-0881']","[0.62783468, 0.62680995, 0.62325609, 0.6195451, 0.61950457, 0.6009472, 0.60093498, 0.59822083, 0.59813505, 0.59476078]",3,0,1,1,1,6de5e3809ba19d8f37e028b94c76b2d973caa0f0d0f1723f0e656e237e1a4a9c,4b37a5ed9cfdc71b591d28bacc024e42e8ebe679ab10903583897e072da5c95b,2026-08-06T20:59:10.309955+00:00
Q237,attribute,T1500,HTML,"['T1500-1920', 'T1500-1975', 'T1500-1803', 'T1500-1947', 'T1500-1909', 'T1500-1918', 'T1500-1976', 'T1500-1964', 'T1500-1802', 'T1500-1955']","[0.67298836, 0.67165434, 0.65747255, 0.65340412, 0.65022022, 0.64560258, 0.64507926, 0.64110136, 0.64098215, 0.63595223]",,0,0,0,0,dfae0030807738bb563baf2bb15caffbab84f036aedcbe14c92d1efdf9e0951c,4b37a5ed9cfdc71b591d28bacc024e42e8ebe679ab10903583897e072da5c95b,2026-08-06T20:59:10.313336+00:00
Q238,attribute,T1500,HTML,"['T1500-0016', 'T1500-0015', 'T1500-0014', 'T1500-0019', 'T1500-0018', 'T1500-2096', 'T1500-2088', 'T1500-0017', 'T1500-0221', 'T1500-1208']","[0.59729421, 0.58056748, 0.55403811, 0.54752684, 0.54165268, 0.54005879, 0.5258761, 0.5196051, 0.50971091, 0.50736207]",1,1,1,1,1,7655a3dd139237ea65e91f5fc818e370480b3b355a844a9024f0afe32747108f,4b37a5ed9cfdc71b591d28bacc024e42e8ebe679ab10903583897e072da5c95b,2026-08-06T20:59:10.313835+00:00
Q239,attribute,T1500,HTML,"['T1500-1449', 'T1500-1393', 'T1500-1391', 'T1500-1524', 'T1500-0167', 'T1500-1861', 'T1500-1432', 'T1500-1743', 'T1500-1858', 'T1500-1395']","[0.49891287, 0.48661834, 0.48043486, 0.47928926, 0.4768436, 0.47528732, 0.47337788, 0.47198001, 0.46960038, 0.46846122]",,0,0,0,0,7c9e5713d6240edca97215fa14eb820cf542931a37dd028fecb4c7aef0ab8b13,4b37a5ed9cfdc71b591d28bacc024e42e8ebe679ab10903583897e072da5c95b,2026-08-06T20:59:10.314310+00:00
Q240,price,T1500,HTML,"['T1500-0228', 'T1500-0227', 'T1500-1353', 'T1500-1367', 'T1500-1404', 'T1500-0231', 'T1500-1388', 'T1500-1369', 'T1500-1405', 'T1500-0059']","[0.58501518, 0.49415687, 0.49274221, 0.48940066, 0.48574787, 0.48212186, 0.48194516, 0.48008388, 0.47890183, 0.47754663]",6,0,0,0,1,45bc33147b0ec5f67ef7325568f441bba1fdd3060a452b4b72188102a66a9387,4b37a5ed9cfdc71b591d28bacc024e42e8ebe679ab10903583897e072da5c95b,2026-08-06T20:59:10.314862+00:00
Q241,attribute,T1500,HTML,"['T1500-0117', 'T1500-0116', 'T1500-2092', 'T1500-1405', 'T1500-1391', 'T1500-0183', 'T1500-0166', 'T1500-0177', 'T1500-1434', 'T1500-0043']","[0.62235016, 0.61926544, 0.6152916, 0.59902829, 0.5550822, 0.55158025, 0.55114436, 0.54600739, 0.54408312, 0.53853059]",1,1,1,1,1,c0483b5bf948bfddb77d9f329862d3164eac412eb9c0d2fade3e44f315066be0,4b37a5ed9cfdc71b591d28bacc024e42e8ebe679ab10903583897e072da5c95b,2026-08-06T20:59:10.316491+00:00
Q242,price,T1500,HTML,"['T1500-1800', 'T1500-1908', 'T1500-1975', 'T1500-1803', 'T1500-1906', 'T1500-1802', 'T1500-1805', 'T1500-1155', 'T1500-1917', 'T1500-1964']","[0.70559573, 0.67870474, 0.63715094, 0.63665545, 0.63488454, 0.62713826, 0.62701929, 0.62273902, 0.62123144, 0.61784291]",1,1,1,1,1,27d7a0db131d979925f31c76b343684155434241b53a98d77993bd64911e8169,4b37a5ed9cfdc71b591d28bacc024e42e8ebe679ab10903583897e072da5c95b,2026-08-06T20:59:10.319700+00:00
Q243,attribute,T1500,HTML,"['T1500-0333', 'T1500-0332', 'T1500-0354', 'T1500-0341', 'T1500-0353', 'T1500-0352', 'T1500-0374', 'T1500-0344', 'T1500-0324', 'T1500-0330']","[0.65871954, 0.60265183, 0.57882416, 0.57109296, 0.56789804, 0.56488609, 0.56358093, 0.56223291, 0.56156993, 0.56088293]",,0,0,0,0,06efcda30d556a9c918af2125bfe517801eab6c543335f5afc26000f90d9d11b,4b37a5ed9cfdc71b591d28bacc024e42e8ebe679ab10903583897e072da5c95b,2026-08-06T20:59:10.320568+00:00
Q244,price,T1500,HTML,"['T1500-1383', 'T1500-1348', 'T1500-1363', 'T1500-1352', 'T1500-1355', 'T1500-1364', 'T1500-1357', 'T1500-1356', 'T1500-1351', 'T1500-1367']","[0.54407692, 0.53812194, 0.53283596, 0.52707398, 0.52153993, 0.51494002, 0.51446468, 0.51219571, 0.5110532, 0.50872791]",,0,0,0,0,292e21f05c44497033cb671fda44b1bb4157a7929e102b0e7ccaa064d0ba5e48,4b37a5ed9cfdc71b591d28bacc024e42e8ebe679ab10903583897e072da5c95b,2026-08-06T20:59:10.321032+00:00
Q245,attribute,T1500,HTML,"['T1500-0137', 'T1500-0138', 'T1500-1364', 'T1500-0090', 'T1500-0139', 'T1500-1363', 'T1500-0140', 'T1500-0091', 'T1500-0293', 'T1500-0136']","[0.63556671, 0.63329732, 0.63301873, 0.63139468, 0.63035047, 0.62911534, 0.62428564, 0.62058663, 0.61537385, 0.60413754]",1,1,1,1,1,a10f3b475e74f635b5bf544e5466b072b64a10254227eb0fdc5d808333b584ae,4b37a5ed9cfdc71b591d28bacc024e42e8ebe679ab10903583897e072da5c95b,2026-08-06T20:59:10.321627+00:00
Q246,price,T1500,HTML,"['T1500-1567', 'T1500-1565', 'T1500-1621', 'T1500-1533', 'T1500-1588', 'T1500-1560', 'T1500-1558', 'T1500-1638', 'T1500-0307', 'T1500-1561']","[0.64884061, 0.62738585, 0.58041602, 0.57305157, 0.55737376, 0.55525994, 0.55024689, 0.54501164, 0.54398745, 0.54342818]",2,0,1,1,1,48ed2270a5d5a6f7f46acf712a779b9987ac3fcf9bfae82cec079551599b56ea,4b37a5ed9cfdc71b591d28bacc024e42e8ebe679ab10903583897e072da5c95b,2026-08-06T20:59:10.322243+00:00
Q247,attribute,T1500,HTML,"['T1500-0299', 'T1500-0300', 'T1500-1749', 'T1500-0298', 'T1500-1747', 'T1500-0016', 'T1500-0305', 'T1500-1383', 'T1500-0302', 'T1500-1614']","[0.69416958, 0.68006676, 0.64424646, 0.62177664, 0.60165393, 0.5618583, 0.55817783, 0.54947877, 0.54790419, 0.54735065]",10,0,0,0,1,e2b4eeaf2970cee9012f59eb6acb50bacaab5d789ba70ba5989c3f80bf71d9ae,4b37a5ed9cfdc71b591d28bacc024e42e8ebe679ab10903583897e072da5c95b,2026-08-06T20:59:10.324002+00:00
Q248,price,T1500,HTML,"['T1500-0533', 'T1500-0531', 'T1500-0544', 'T1500-0436', 'T1500-0441', 'T1500-0438', 'T1500-0449', 'T1500-0534', 'T1500-0537', 'T1500-0437']","[0.65601671, 0.65453821, 0.65226978, 0.65195405, 0.65189916, 0.65088344, 0.64942586, 0.64914608, 0.64875507, 0.64858902]",3,0,1,1,1,a0c5b5b30899ec865c04588e4683cfe1c5cb85aacbc3aecab3d953c18d719289,4b37a5ed9cfdc71b591d28bacc024e42e8ebe679ab10903583897e072da5c95b,2026-08-06T20:59:10.324519+00:00
Q249,price,T1500,HTML,"['T1500-1845', 'T1500-1844', 'T1500-1945', 'T1500-1941', 'T1500-1944', 'T1500-1815', 'T1500-1938', 'T1500-1826', 'T1500-1824', 'T1500-1975']","[0.62969422, 0.62753606, 0.59434974, 0.58249128, 0.58146381, 0.57551205, 0.57530808, 0.57203436, 0.57172596, 0.5711363]",1,1,1,1,1,16f1cd1a97cb8fcd804f3983ffcc4431c940296b0e9aa8548ca1c3325cc0a85d,4b37a5ed9cfdc71b591d28bacc024e42e8ebe679ab10903583897e072da5c95b,2026-08-06T20:59:10.324999+00:00
Q250,price,T1500,HTML,"['T1500-0993', 'T1500-0994', 'T1500-0992', 'T1500-0991', 'T1500-0997', 'T1500-0996', 'T1500-0995', 'T1500-1923', 'T1500-0990', 'T1500-1965']","[0.68240702, 0.67983705, 0.67917871, 0.67139399, 0.64365792, 0.63944501, 0.63709652, 0.62801266, 0.62798977, 0.62781644]",4,0,0,1,1,c4603fd5979ca02d5a5c7c95024d46fe51bca39c8f992f00c479798480b1abf1,4b37a5ed9cfdc71b591d28bacc024e42e8ebe679ab10903583897e072da5c95b,2026-08-06T20:59:10.325454+00:00
Q251,price,T1500,HTML,"['T1500-1832', 'T1500-1848', 'T1500-1240', 'T1500-1239', 'T1500-1350', 'T1500-1335', 'T1500-1337', 'T1500-1359', 'T1500-1927', 'T1500-1418']","[0.51996088, 0.51758659, 0.51744938, 0.51435423, 0.50902307, 0.50571191, 0.50396615, 0.50256068, 0.50233161, 0.49990004]",3,0,1,1,1,43afbb3375ee95e510d52b270df85b3c886ba4152836f7a4c39ff841daeb4cef,4b37a5ed9cfdc71b591d28bacc024e42e8ebe679ab10903583897e072da5c95b,2026-08-06T20:59:10.325890+00:00
Q252,price,T1500,HTML,"['T1500-0019', 'T1500-0017', 'T1500-1678', 'T1500-0015', 'T1500-1335', 'T1500-1325', 'T1500-0016', 'T1500-1324', 'T1500-1548', 'T1500-1339']","[0.52530205, 0.511859, 0.50590134, 0.50076175, 0.50055563, 0.49621952, 0.49535474, 0.49041289, 0.49015075, 0.48933667]",1,1,1,1,1,c5e071a2d597fc3c343a794c2e9ffb626855f5c5b8d58509680d19cd9dbb9b43,4b37a5ed9cfdc71b591d28bacc024e42e8ebe679ab10903583897e072da5c95b,2026-08-06T20:59:10.328719+00:00
Q253,attribute,T1500,HTML,"['T1500-1625', 'T1500-1590', 'T1500-1534', 'T1500-1627', 'T1500-1533', 'T1500-1591', 'T1500-1648', 'T1500-0097', 'T1500-0129', 'T1500-0073']","[0.5923748, 0.58823329, 0.58610916, 0.58407211, 0.58291566, 0.58242834, 0.58125716, 0.58066279, 0.57833081, 0.57426417]",10,0,0,0,1,8bd32eccd62f03f44dd03b40c2e531aec3f7c0d1c4e905e40b7196a16b9247bb,4b37a5ed9cfdc71b591d28bacc024e42e8ebe679ab10903583897e072da5c95b,2026-08-06T20:59:10.329335+00:00
Q254,attribute,T1500,HTML,"['T1500-0434', 'T1500-0877', 'T1500-0325', 'T1500-0876', 'T1500-0375', 'T1500-0376', 'T1500-0433', 'T1500-0875', 'T1500-0528', 'T1500-0879']","[0.6544174, 0.65194404, 0.64868724, 0.64846003, 0.64746594, 0.6460551, 0.64254737, 0.64194643, 0.64100236, 0.63933468]",3,0,1,1,1,94d8ffd52b45b4e2f2d2bad9a2268ffa3bcf3733fdecebfdf9f6360ce680f0a3,4b37a5ed9cfdc71b591d28bacc024e42e8ebe679ab10903583897e072da5c95b,2026-08-06T20:59:10.329854+00:00
Q255,attribute,T1500,HTML,"['T1500-0341', 'T1500-0881', 'T1500-0342', 'T1500-0355', 'T1500-0333', 'T1500-0343', 'T1500-0354', 'T1500-0344', 'T1500-0323', 'T1500-0375']","[0.65385759, 0.65004373, 0.64559484, 0.64000756, 0.63729244, 0.63282377, 0.6325807, 0.63152379, 0.63070917, 0.62874591]",1,1,1,1,1,403eaa50d364df8c83c7d0b22cc6db5197e7106819068022b6adf7a2a9fdbc1c,4b37a5ed9cfdc71b591d28bacc024e42e8ebe679ab10903583897e072da5c95b,2026-08-06T20:59:10.330761+00:00
Q256,price,T1500,HTML,"['T1500-1238', 'T1500-1222', 'T1500-1221', 'T1500-0205', 'T1500-1065', 'T1500-2014', 'T1500-1223', 'T1500-1721', 'T1500-1366', 'T1500-2017']","[0.63306922, 0.63116735, 0.61176634, 0.6073482, 0.60398436, 0.60354882, 0.6006583, 0.5986957, 0.59570515, 0.59552914]",,0,0,0,0,5e381f29e44adb7ea0049161a9c4811910131abb00c7c54af78267879c4c54b6,4b37a5ed9cfdc71b591d28bacc024e42e8ebe679ab10903583897e072da5c95b,2026-08-06T20:59:10.332520+00:00
Q257,attribute,T1500,HTML,"['T1500-0857', 'T1500-0846', 'T1500-0859', 'T1500-0856', 'T1500-0843', 'T1500-0861', 'T1500-0858', 'T1500-0860', 'T1500-0844', 'T1500-0851']","[0.68614578, 0.67172992, 0.6686095, 0.66096056, 0.64734143, 0.64687562, 0.63463295, 0.63334149, 0.63025725, 0.62825912]",1,1,1,1,1,74101f53328f8f529b77d4f556daa2602dc83ffd73ab9ab97d85c08100a5782d,4b37a5ed9cfdc71b591d28bacc024e42e8ebe679ab10903583897e072da5c95b,2026-08-06T20:59:10.333751+00:00
Q258,price,T1500,HTML,"['T1500-1238', 'T1500-1222', 'T1500-1065', 'T1500-1221', 'T1500-0205', 'T1500-0211', 'T1500-2014', 'T1500-1223', 'T1500-1721', 'T1500-1665']","[0.64347762, 0.64156604, 0.61490262, 0.61342806, 0.61198211, 0.61007786, 0.60998327, 0.60834384, 0.60810983, 0.60054457]",,0,0,0,0,fb91a240461776300aa444b8fe491db8a314b273a1446ebdeb430ef94f54262c,4b37a5ed9cfdc71b591d28bacc024e42e8ebe679ab10903583897e072da5c95b,2026-08-06T20:59:10.334307+00:00
Q259,attribute,T1500,HTML,"['T1500-0301', 'T1500-0307', 'T1500-0306', 'T1500-0304', 'T1500-1749', 'T1500-0305', 'T1500-0308', 'T1500-0039', 'T1500-0040', 'T1500-0302']","[0.65066165, 0.61290771, 0.5994091, 0.59015095, 0.58648062, 0.58477437, 0.582344, 0.56936634, 0.55532444, 0.55212456]",1,1,1,1,1,0baaa0cd0483eb59c7af60edb37d4bfca25556661b647316838e04f7fa274549,4b37a5ed9cfdc71b591d28bacc024e42e8ebe679ab10903583897e072da5c95b,2026-08-06T20:59:10.334817+00:00
Q260,attribute,T1500,HTML,"['T1500-0123', 'T1500-0122', 'T1500-1590', 'T1500-0129', 'T1500-0096', 'T1500-1631', 'T1500-1571', 'T1500-0072', 'T1500-1625', 'T1500-1541']","[0.55593538, 0.54932535, 0.54693681, 0.54633391, 0.54043865, 0.5349378, 0.53347361, 0.53322023, 0.53307962, 0.53149807]",1,1,1,1,1,80442b5f11d82e2ada7df3ecb6c758876d0398ea64914a850e71250c9b83a50b,4b37a5ed9cfdc71b591d28bacc024e42e8ebe679ab10903583897e072da5c95b,2026-08-06T20:59:10.335331+00:00
Q261,price,T1500,HTML,"['T1500-0713', 'T1500-0711', 'T1500-0717', 'T1500-1722', 'T1500-0750', 'T1500-0719', 'T1500-0718', 'T1500-0693', 'T1500-0716', 'T1500-0710']","[0.54938996, 0.54756606, 0.5445047, 0.54263633, 0.54074258, 0.53665137, 0.53606451, 0.53598404, 0.53463924, 0.53457254]",2,0,1,1,1,c9a0770598f1ccc9a71d386043b62ab4329b650761a0304df151dc5be5d336f4,4b37a5ed9cfdc71b591d28bacc024e42e8ebe679ab10903583897e072da5c95b,2026-08-06T20:59:10.338589+00:00
Q262,price,T1500,HTML,"['T1500-1839', 'T1500-1938', 'T1500-1841', 'T1500-1939', 'T1500-1815', 'T1500-1699', 'T1500-1844', 'T1500-1811', 'T1500-1848', 'T1500-1832']","[0.68000025, 0.57792491, 0.57487595, 0.56325501, 0.55937189, 0.5577718, 0.55281854, 0.55277663, 0.54716057, 0.54671699]",1,1,1,1,1,ace406b5f12b72f13f33ba20784bd4d4060df3a071a460406b7fc391ddde99f8,4b37a5ed9cfdc71b591d28bacc024e42e8ebe679ab10903583897e072da5c95b,2026-08-06T20:59:10.341895+00:00
Q263,price,T1500,HTML,"['T1500-1911', 'T1500-1912', 'T1500-1803', 'T1500-1914', 'T1500-1903', 'T1500-1917', 'T1500-1920', 'T1500-1923', 'T1500-1802', 'T1500-1918']","[0.7070114, 0.65194404, 0.63466561, 0.63464534, 0.63303858, 0.63127089, 0.62975657, 0.62596649, 0.62295741, 0.62265474]",1,1,1,1,1,d5b007f625155a246d0fb81a2026e4095b220ebd4b169150915383b3fd7669bf,4b37a5ed9cfdc71b591d28bacc024e42e8ebe679ab10903583897e072da5c95b,2026-08-06T20:59:10.345772+00:00
Q264,price,T1500,HTML,"['T1500-0067', 'T1500-1529', 'T1500-1329', 'T1500-1648', 'T1500-1635', 'T1500-1618', 'T1500-1688', 'T1500-1693', 'T1500-1630', 'T1500-1338']","[0.54545963, 0.52654386, 0.52209675, 0.5211699, 0.52017462, 0.51631683, 0.51283824, 0.51226193, 0.51077986, 0.51029301]",1,1,1,1,1,740408ef8e195cda29a094fa491e9e25d70a2252dfb28919bab209dd146428e6,4b37a5ed9cfdc71b591d28bacc024e42e8ebe679ab10903583897e072da5c95b,2026-08-06T20:59:10.346352+00:00
Q265,price,T1500,HTML,"['T1500-1835', 'T1500-1690', 'T1500-1700', 'T1500-1703', 'T1500-1836', 'T1500-1704', 'T1500-1705', 'T1500-1838', 'T1500-1327', 'T1500-1833']","[0.57011694, 0.5647341, 0.55471921, 0.5539611, 0.54721594, 0.5436781, 0.54014289, 0.53835988, 0.53534615, 0.53342104]",3,0,1,1,1,0a3b5d9135124f741191c48fdd8135f0066b8a9c2d05a9425580c32b2e161050,4b37a5ed9cfdc71b591d28bacc024e42e8ebe679ab10903583897e072da5c95b,2026-08-06T20:59:10.346801+00:00
Q266,attribute,T1500,HTML,"['T1500-1560', 'T1500-1558', 'T1500-1557', 'T1500-1550', 'T1500-1533', 'T1500-1555', 'T1500-1583', 'T1500-1561', 'T1500-1546', 'T1500-0085']","[0.6464864, 0.58253509, 0.55056566, 0.54563266, 0.52821285, 0.52504593, 0.52504265, 0.52502555, 0.523803, 0.52357757]",1,1,1,1,1,fdcf5428a45bbc17df1c9909172cb26bcdc350fccd3aaf54adee67ca6724b60f,4b37a5ed9cfdc71b591d28bacc024e42e8ebe679ab10903583897e072da5c95b,2026-08-06T20:59:10.347311+00:00
Q267,price,T1500,HTML,"['T1500-1836', 'T1500-1835', 'T1500-1838', 'T1500-0515', 'T1500-0616', 'T1500-0516', 'T1500-1404', 'T1500-0881', 'T1500-1405', 'T1500-1832']","[0.65708721, 0.59911346, 0.56983948, 0.51718855, 0.51701337, 0.50354326, 0.50000054, 0.49988705, 0.4955768, 0.49444011]",2,0,1,1,1,819fb627b2f0b07aa44c0e26a5cf99a153afdbd0803495faacc115700d363a15,4b37a5ed9cfdc71b591d28bacc024e42e8ebe679ab10903583897e072da5c95b,2026-08-06T20:59:10.347726+00:00
Q268,attribute,T1500,HTML,"['T1500-0137', 'T1500-0292', 'T1500-0090', 'T1500-0139', 'T1500-0138', 'T1500-0136', 'T1500-0293', 'T1500-0291', 'T1500-0140', 'T1500-0132']","[0.6674701, 0.65735686, 0.65556717, 0.6542387, 0.65370226, 0.65126127, 0.64795005, 0.63948917, 0.63697398, 0.63595998]",1,1,1,1,1,0f43aa41d9c33eb9a9477a90482d6089aa6b4c2c44f25f98a08f73f536fe1cb4,4b37a5ed9cfdc71b591d28bacc024e42e8ebe679ab10903583897e072da5c95b,2026-08-06T20:59:10.348165+00:00
Q269,attribute,T1500,HTML,"['T1500-1075', 'T1500-1074', 'T1500-1077', 'T1500-1079', 'T1500-2099', 'T1500-1078', 'T1500-2102', 'T1500-0387', 'T1500-0389', 'T1500-2100']","[0.62384593, 0.59899914, 0.59608626, 0.56810987, 0.5629431, 0.55978531, 0.55840051, 0.55178803, 0.55124754, 0.54745519]",1,1,1,1,1,a91f77176181a23ebf42194b9f5a7a5f90f70d7d4176086834e75fa51423dab7,4b37a5ed9cfdc71b591d28bacc024e42e8ebe679ab10903583897e072da5c95b,2026-08-06T20:59:10.354358+00:00
Q270,price,T1500,HTML,"['T1500-1976', 'T1500-1964', 'T1500-1975', 'T1500-1978', 'T1500-1912', 'T1500-1805', 'T1500-1826', 'T1500-1911', 'T1500-1803', 'T1500-1952']","[0.66854239, 0.65733147, 0.63589215, 0.63437116, 0.61823034, 0.61622238, 0.61529088, 0.61227721, 0.6120047, 0.61169463]",4,0,0,1,1,8fa54c6a7716ada95893a4ea51e0aeb2dccc980c5fe7a0e07421c185a808572c,4b37a5ed9cfdc71b591d28bacc024e42e8ebe679ab10903583897e072da5c95b,2026-08-06T20:59:10.355096+00:00
Q271,price,T1500,HTML,"['T1500-1917', 'T1500-1915', 'T1500-1914', 'T1500-1909', 'T1500-1911', 'T1500-1908', 'T1500-1799', 'T1500-1920', 'T1500-1912', 'T1500-1918']","[0.71055901, 0.70559919, 0.69979888, 0.67905116, 0.67261118, 0.66617262, 0.64732003, 0.64119065, 0.63982403, 0.63982332]",3,0,1,1,1,7a00fa0b6d6de4c344a7692c51b3751bf8224f9b1afd7a7ffb8a3ca53e5ea8bc,4b37a5ed9cfdc71b591d28bacc024e42e8ebe679ab10903583897e072da5c95b,2026-08-06T20:59:10.355627+00:00
Q272,attribute,T1500,HTML,"['T1500-0208', 'T1500-0212', 'T1500-0209', 'T1500-0207', 'T1500-0205', 'T1500-0213', 'T1500-0211', 'T1500-0206', 'T1500-1722', 'T1500-0647']","[0.63180125, 0.6205048, 0.61862981, 0.61095089, 0.60326195, 0.5998199, 0.59928489, 0.58389324, 0.58194637, 0.57686484]",1,1,1,1,1,37a267cb181928f198fdc6010ac3ae0e2eb35ccb110546382eb21187727b142f,4b37a5ed9cfdc71b591d28bacc024e42e8ebe679ab10903583897e072da5c95b,2026-08-06T20:59:10.356071+00:00
Q273,attribute,T1500,HTML,"['T1500-0308', 'T1500-0039', 'T1500-0304', 'T1500-0305', 'T1500-0306', 'T1500-0307', 'T1500-1586', 'T1500-0301', 'T1500-0085', 'T1500-0302']","[0.61757255, 0.56740326, 0.56609982, 0.55998182, 0.55751652, 0.55402696, 0.53942138, 0.53530264, 0.53111732, 0.5295279]",1,1,1,1,1,a0fdac8e6b66fd11c504a249b6333654b5de684320e0883d497afc35b253a00b,4b37a5ed9cfdc71b591d28bacc024e42e8ebe679ab10903583897e072da5c95b,2026-08-06T20:59:10.362381+00:00
Q274,attribute,T1500,HTML,"['T1500-1643', 'T1500-1642', 'T1500-0128', 'T1500-1647', 'T1500-1646', 'T1500-1623', 'T1500-1648', 'T1500-1622', 'T1500-1626', 'T1500-1538']","[0.68226647, 0.65453148, 0.65323544, 0.65229976, 0.65183449, 0.64267033, 0.64049852, 0.63036227, 0.62796766, 0.62723589]",1,1,1,1,1,f9156061b97e32df72e2c68595f2a7ac72902b91b5c5b3f5b3d11934dbf61c3e,4b37a5ed9cfdc71b591d28bacc024e42e8ebe679ab10903583897e072da5c95b,2026-08-06T20:59:10.362968+00:00
Q275,price,T1500,HTML,"['T1500-1971', 'T1500-1773', 'T1500-1776', 'T1500-1791', 'T1500-1775', 'T1500-1781', 'T1500-1772', 'T1500-1974', 'T1500-1771', 'T1500-1768']","[0.61806035, 0.61725283, 0.59854949, 0.59220761, 0.58997333, 0.57939303, 0.57735252, 0.56806022, 0.56769288, 0.56690186]",,0,0,0,0,9737acf704628a2f7910cb2953288465e15ae2c1a40d597c506dc2414bae66e9,4b37a5ed9cfdc71b591d28bacc024e42e8ebe679ab10903583897e072da5c95b,2026-08-06T20:59:10.365900+00:00
Q276,attribute,T1500,HTML,"['T1500-1802', 'T1500-1803', 'T1500-1975', 'T1500-1796', 'T1500-1964', 'T1500-1805', 'T1500-1906', 'T1500-1955', 'T1500-1967', 'T1500-1918']","[0.68605834, 0.68243283, 0.66598892, 0.66237068, 0.65671188, 0.6562627, 0.65286648, 0.64942664, 0.64918268, 0.64910769]",4,0,0,1,1,132f92928a4be4ad7b0006f21a58ab338e79fead18762c74f164ff152693cae0,4b37a5ed9cfdc71b591d28bacc024e42e8ebe679ab10903583897e072da5c95b,2026-08-06T20:59:10.366460+00:00
Q277,attribute,T1500,HTML,"['T1500-1549', 'T1500-1557', 'T1500-1558', 'T1500-1550', 'T1500-1553', 'T1500-1547', 'T1500-1546', 'T1500-1630', 'T1500-1534', 'T1500-1573']","[0.60065007, 0.59294772, 0.57781029, 0.57094419, 0.56952447, 0.55745673, 0.53147697, 0.51629019, 0.5153327, 0.51101065]",1,1,1,1,1,336f42ef78790de6c0651bc7439b5ebe47d8499bf3be8c36c209323ba3e9f681,4b37a5ed9cfdc71b591d28bacc024e42e8ebe679ab10903583897e072da5c95b,2026-08-06T20:59:10.366993+00:00
Q278,price,T1500,HTML,"['T1500-1930', 'T1500-1929', 'T1500-1405', 'T1500-1390', 'T1500-1391', 'T1500-1367', 'T1500-1404', 'T1500-1932', 'T1500-1524', 'T1500-1422']","[0.5208025, 0.50693536, 0.50248444, 0.50019246, 0.49874777, 0.48972231, 0.48700994, 0.4824141, 0.48043281, 0.47554332]",2,0,1,1,1,caec35fb36541551fbe63bfd3887a5d06e09f7e2c5ced31a4e29e31ed6bfff05,4b37a5ed9cfdc71b591d28bacc024e42e8ebe679ab10903583897e072da5c95b,2026-08-06T20:59:10.371319+00:00
Q279,price,T1500,HTML,"['T1500-1216', 'T1500-1217', 'T1500-1803', 'T1500-1967', 'T1500-1976', 'T1500-1920', 'T1500-1965', 'T1500-1805', 'T1500-1964', 'T1500-1947']","[0.65517032, 0.6167239, 0.61385632, 0.61133909, 0.61123341, 0.60930997, 0.60899198, 0.60764825, 0.60370559, 0.60306668]",1,1,1,1,1,63250b987b9de8ee1b4f551ec01098016e83ccda1bbe03cc89ed96bdbfe4013b,4b37a5ed9cfdc71b591d28bacc024e42e8ebe679ab10903583897e072da5c95b,2026-08-06T20:59:10.371791+00:00
Q280,price,T1500,HTML,"['T1500-0027', 'T1500-0026', 'T1500-0028', 'T1500-0039', 'T1500-0025', 'T1500-0029', 'T1500-0040', 'T1500-1622', 'T1500-1539', 'T1500-0030']","[0.59554136, 0.56963706, 0.5356344, 0.52717459, 0.52638948, 0.52488625, 0.51613331, 0.5042479, 0.50302589, 0.50073123]",2,0,1,1,1,bb072e1755fa0687729aba0cad1d6595a44466c5018f98c527c8b90c8fd85d4e,4b37a5ed9cfdc71b591d28bacc024e42e8ebe679ab10903583897e072da5c95b,2026-08-06T20:59:10.372233+00:00
Q281,price,T1500,HTML,"['T1500-1773', 'T1500-1791', 'T1500-1971', 'T1500-1129', 'T1500-1131', 'T1500-1776', 'T1500-1128', 'T1500-1775', 'T1500-1772', 'T1500-1793']","[0.61808932, 0.61081302, 0.61010933, 0.60918224, 0.60616797, 0.60197717, 0.59589195, 0.58530378, 0.58275598, 0.58085084]",5,0,0,1,1,7a590a367bd7ed4ea4a85cd46c1d514d05bd622554a9c7261489e330f5164334,4b37a5ed9cfdc71b591d28bacc024e42e8ebe679ab10903583897e072da5c95b,2026-08-06T20:59:10.377462+00:00
Q282,attribute,T1500,HTML,"['T1500-0227', 'T1500-0229', 'T1500-0230', 'T1500-0226', 'T1500-0232', 'T1500-0224', 'T1500-0228', 'T1500-1370', 'T1500-1648', 'T1500-1529']","[0.55763495, 0.55082059, 0.54457349, 0.53294992, 0.52768493, 0.52543563, 0.52480924, 0.52412027, 0.52350235, 0.5230571]",2,0,1,1,1,eab64e4a55fd9b7f9031841abf5ea74547f0bc2462f3bb8c239c50eee07b0ef0,4b37a5ed9cfdc71b591d28bacc024e42e8ebe679ab10903583897e072da5c95b,2026-08-06T20:59:10.378218+00:00
Q283,price,T1500,HTML,"['T1500-1848', 'T1500-1859', 'T1500-1933', 'T1500-1832', 'T1500-1048', 'T1500-1862', 'T1500-1767', 'T1500-1927', 'T1500-1829', 'T1500-1802']","[0.53035927, 0.52683425, 0.52675986, 0.5154596, 0.50202954, 0.49749333, 0.49745166, 0.49602097, 0.49322832, 0.48799616]",5,0,0,1,1,9052bef2c0ffe1476a0a0008b121b868b254e3665e79bedb8bd208769cd99155,4b37a5ed9cfdc71b591d28bacc024e42e8ebe679ab10903583897e072da5c95b,2026-08-06T20:59:10.384221+00:00
Q284,attribute,T1500,HTML,"['T1500-1236', 'T1500-1237', 'T1500-1235', 'T1500-1239', 'T1500-1370', 'T1500-1064', 'T1500-1247', 'T1500-2017', 'T1500-1246', 'T1500-1887']","[0.65350521, 0.64783776, 0.58348829, 0.56512308, 0.55530941, 0.54493105, 0.54365349, 0.54090273, 0.53841704, 0.53799367]",,0,0,0,0,89410a439a63026dbbf8cb77a29d3f17213763ca5087c731bd38a3e9681a6291,4b37a5ed9cfdc71b591d28bacc024e42e8ebe679ab10903583897e072da5c95b,2026-08-06T20:59:10.384704+00:00
Q285,price,T1500,HTML,"['T1500-1017', 'T1500-1013', 'T1500-1014', 'T1500-1015', 'T1500-1974', 'T1500-1227', 'T1500-1972', 'T1500-1784', 'T1500-1787', 'T1500-1094']","[0.64453733, 0.63442516, 0.62636358, 0.62449968, 0.62309933, 0.61450958, 0.60647094, 0.60495222, 0.60485929, 0.60326803]",4,0,0,1,1,34a82774337e36c9c98a01de5e77f640740dcd6d1e5f1434b120ffe013a273b2,4b37a5ed9cfdc71b591d28bacc024e42e8ebe679ab10903583897e072da5c95b,2026-08-06T20:59:10.385126+00:00
Q286,attribute,T1500,HTML,"['T1500-0199', 'T1500-2096', 'T1500-0107', 'T1500-0109', 'T1500-0037', 'T1500-0072', 'T1500-0070', 'T1500-1545', 'T1500-1611', 'T1500-0036']","[0.56107187, 0.55653751, 0.54712594, 0.53576815, 0.53400278, 0.53321099, 0.53196561, 0.53037024, 0.52668297, 0.52631837]",3,0,1,1,1,beb6144faaaca18075a5c2d3c53c63cd7bec0bd1d3e980fd6e478bb41ebba916,4b37a5ed9cfdc71b591d28bacc024e42e8ebe679ab10903583897e072da5c95b,2026-08-06T20:59:10.392583+00:00
Q287,price,T1500,HTML,"['T1500-1920', 'T1500-1820', 'T1500-1976', 'T1500-1933', 'T1500-1805', 'T1500-1829', 'T1500-1802', 'T1500-1848', 'T1500-1826', 'T1500-1975']","[0.50544459, 0.50505108, 0.4992696, 0.4989816, 0.49892807, 0.49563044, 0.49289668, 0.4920927, 0.49102187, 0.48942697]",2,0,1,1,1,bc0e8a15739220c027609087799c8367b9ca72320652b9186c6ebc35ef719cda,4b37a5ed9cfdc71b591d28bacc024e42e8ebe679ab10903583897e072da5c95b,2026-08-06T20:59:10.393532+00:00
Q288,price,T1500,HTML,"['T1500-1976', 'T1500-1803', 'T1500-1924', 'T1500-1905', 'T1500-1906', 'T1500-1986', 'T1500-1978', 'T1500-1964', 'T1500-1995', 'T1500-1918']","[0.66381752, 0.64101529, 0.63803005, 0.63540673, 0.63507366, 0.63501716, 0.63432598, 0.63038611, 0.6277954, 0.62739009]",,0,0,0,0,10092b1bc6528066a01541de3f9ebc262d93f7455ddad63d72523adeebb3b4a1,4b37a5ed9cfdc71b591d28bacc024e42e8ebe679ab10903583897e072da5c95b,2026-08-06T20:59:10.393951+00:00
Q289,price,T1500,HTML,"['T1500-0353', 'T1500-0354', 'T1500-0352', 'T1500-0355', 'T1500-0333', 'T1500-0881', 'T1500-0348', 'T1500-0493', 'T1500-0334', 'T1500-0492']","[0.665416, 0.65915179, 0.65347284, 0.63915819, 0.61259526, 0.60414779, 0.60393965, 0.59453231, 0.58962303, 0.58496809]",2,0,1,1,1,00f1b94cbfc23a7b13064bbb776dea8d514b7cb9f249ac7a1870c4d1e18b5894,4b37a5ed9cfdc71b591d28bacc024e42e8ebe679ab10903583897e072da5c95b,2026-08-06T20:59:10.395163+00:00
Q290,attribute,T1500,HTML,"['T1500-1598', 'T1500-1599', 'T1500-1601', 'T1500-1597', 'T1500-1602', 'T1500-1605', 'T1500-1604', 'T1500-0077', 'T1500-0062', 'T1500-0070']","[0.66236663, 0.59960687, 0.59493887, 0.58246136, 0.57058954, 0.54571551, 0.53003216, 0.52603817, 0.52594745, 0.51980281]",1,1,1,1,1,b52c90f4066d3585bee5b59e229f02eca4e7b3e6494e552d76556a033c59f268,4b37a5ed9cfdc71b591d28bacc024e42e8ebe679ab10903583897e072da5c95b,2026-08-06T20:59:10.401334+00:00
Q291,price,T1500,HTML,"['T1500-1629', 'T1500-1626', 'T1500-1630', 'T1500-1539', 'T1500-0085', 'T1500-1538', 'T1500-1643', 'T1500-1635', 'T1500-1618', 'T1500-0128']","[0.6401993, 0.61799395, 0.60767573, 0.60506755, 0.59881735, 0.58691001, 0.58478516, 0.58355772, 0.58308458, 0.57944977]",1,1,1,1,1,cfad673ba521cb9687239182c38ddedd2e87561a3bea651cff011ae441b08582,4b37a5ed9cfdc71b591d28bacc024e42e8ebe679ab10903583897e072da5c95b,2026-08-06T20:59:10.401802+00:00
Q292,price,T1500,HTML,"['T1500-1803', 'T1500-1906', 'T1500-1975', 'T1500-1923', 'T1500-1964', 'T1500-1905', 'T1500-1920', 'T1500-1976', 'T1500-1947', 'T1500-1802']","[0.63097262, 0.6299907, 0.62887627, 0.6246177, 0.6244908, 0.62247318, 0.61987746, 0.61864185, 0.6183061, 0.61690605]",,0,0,0,0,4cb9630f7df18d529ef45091646eeac1770621a19e98fae447f2322ec3e3fdcd,4b37a5ed9cfdc71b591d28bacc024e42e8ebe679ab10903583897e072da5c95b,2026-08-06T20:59:10.403178+00:00
Q293,price,T1500,HTML,"['T1500-1090', 'T1500-1091', 'T1500-1094', 'T1500-1017', 'T1500-1014', 'T1500-1092', 'T1500-1013', 'T1500-1227', 'T1500-1093', 'T1500-1015']","[0.66486204, 0.65879136, 0.65616924, 0.65419078, 0.64942288, 0.64933288, 0.64595509, 0.63916838, 0.63379669, 0.62719291]",1,1,1,1,1,a044b376b4ba34dc99b3ef524a16930e67a495e7078cce422ed916bd354cdf12,4b37a5ed9cfdc71b591d28bacc024e42e8ebe679ab10903583897e072da5c95b,2026-08-06T20:59:10.407162+00:00
Q294,attribute,T1500,HTML,"['T1500-0091', 'T1500-0092', 'T1500-0096', 'T1500-0093', 'T1500-0094', 'T1500-0095', 'T1500-1627', 'T1500-1631', 'T1500-0072', 'T1500-0129']","[0.59342527, 0.5828948, 0.5775277, 0.55875695, 0.54815447, 0.51136672, 0.48146105, 0.47783047, 0.47025293, 0.47005287]",1,1,1,1,1,ab8cba48bd7ab433f9b9f795df6227abb8d98e7743281943769a0a4ae1dd6d3f,4b37a5ed9cfdc71b591d28bacc024e42e8ebe679ab10903583897e072da5c95b,2026-08-06T20:59:10.407787+00:00
Q295,attribute,T1500,HTML,"['T1500-1226', 'T1500-1227', 'T1500-1225', 'T1500-1224', 'T1500-1793', 'T1500-1791', 'T1500-1789', 'T1500-1121', 'T1500-1784', 'T1500-1094']","[0.71764725, 0.70298815, 0.69690877, 0.69109285, 0.65722013, 0.65451348, 0.64775729, 0.64711237, 0.64572024, 0.64542615]",1,1,1,1,1,62437b0827404e711f5ff48a3449b1e63b2e2f5d191ac65742dc1de43f6cf538,4b37a5ed9cfdc71b591d28bacc024e42e8ebe679ab10903583897e072da5c95b,2026-08-06T20:59:10.410001+00:00
Q296,price,T1500,HTML,"['T1500-1933', 'T1500-1854', 'T1500-1769', 'T1500-1771', 'T1500-1773', 'T1500-1775', 'T1500-1974', 'T1500-1832', 'T1500-1971', 'T1500-1787']","[0.54150707, 0.52535594, 0.52144033, 0.52126098, 0.51836073, 0.51692092, 0.5152992, 0.51501811, 0.51392335, 0.51222503]",2,0,1,1,1,fa2d1c8aa56c8fa5bbd10c1f9db9af1ed6da864e9d46cada3212f48db1fb9118,4b37a5ed9cfdc71b591d28bacc024e42e8ebe679ab10903583897e072da5c95b,2026-08-06T20:59:10.414288+00:00
Q297,attribute,T1500,HTML,"['T1500-1586', 'T1500-1584', 'T1500-1583', 'T1500-0085', 'T1500-1733', 'T1500-1331', 'T1500-1732', 'T1500-1530', 'T1500-1587', 'T1500-1339']","[0.60446572, 0.60049456, 0.54696226, 0.53339851, 0.52400637, 0.51611447, 0.51025337, 0.50800532, 0.50491774, 0.50299287]",4,0,0,1,1,7a560e17e0bafcc6c3a5c9da384cbd162f4c4477102ad252abd092c80148af67,4b37a5ed9cfdc71b591d28bacc024e42e8ebe679ab10903583897e072da5c95b,2026-08-06T20:59:10.414849+00:00
Q298,price,T1500,HTML,"['T1500-1061', 'T1500-1062', 'T1500-1952', 'T1500-1803', 'T1500-1976', 'T1500-1951', 'T1500-1920', 'T1500-1954', 'T1500-1964', 'T1500-1975']","[0.68396109, 0.68178785, 0.67013055, 0.66833997, 0.66324562, 0.66190851, 0.65969908, 0.65744328, 0.65510809, 0.65306556]",2,0,1,1,1,0d407309c6981d7e3af28760f5ef1910dbb69a64848985a93d8209f01a84da1a,4b37a5ed9cfdc71b591d28bacc024e42e8ebe679ab10903583897e072da5c95b,2026-08-06T20:59:10.415331+00:00
Q299,attribute,T1500,HTML,"['T1500-0120', 'T1500-0122', 'T1500-0067', 'T1500-0191', 'T1500-0066', 'T1500-1570', 'T1500-1530', 'T1500-0096', 'T1500-1648', 'T1500-1635']","[0.59331095, 0.59315073, 0.58207136, 0.57685399, 0.57456839, 0.57337952, 0.56818193, 0.55715692, 0.55537099, 0.55430341]",1,1,1,1,1,83c75edc61b4da92bcc2228aee4f739eac5a1039c5d860ccba1c2a0846b1a79c,4b37a5ed9cfdc71b591d28bacc024e42e8ebe679ab10903583897e072da5c95b,2026-08-06T20:59:10.415801+00:00
Q300,attribute,T1500,HTML,"['T1500-1373', 'T1500-1366', 'T1500-1383', 'T1500-1699', 'T1500-1756', 'T1500-1351', 'T1500-1599', 'T1500-1449', 'T1500-1323', 'T1500-1685']","[0.57267457, 0.57230967, 0.56860054, 0.56776589, 0.56623507, 0.56140876, 0.56037563, 0.55680937, 0.55651647, 0.55507445]",5,0,0,1,1,05bfeac807835d1bab09976561c36b14b2271171a6e1656a304bd3456a260e84,4b37a5ed9cfdc71b591d28bacc024e42e8ebe679ab10903583897e072da5c95b,2026-08-06T20:59:10.416663+00:00
Q301,attribute,T1500,HTML,"['T1500-1985', 'T1500-1983', 'T1500-1988', 'T1500-1982', 'T1500-1233', 'T1500-1231', 'T1500-1189', 'T1500-1190', 'T1500-1234', 'T1500-1187']","[0.65824163, 0.6118269, 0.60421431, 0.6031971, 0.57537276, 0.57512718, 0.56355059, 0.55958968, 0.55743182, 0.55641997]",1,1,1,1,1,9adc9d73e8d3e67c5d64ed666b719c8d6255e7c38514c006cb946f92e1cbb19b,4b37a5ed9cfdc71b591d28bacc024e42e8ebe679ab10903583897e072da5c95b,2026-08-06T20:59:10.422099+00:00
Q302,price,T1500,HTML,"['T1500-1941', 'T1500-1938', 'T1500-1939', 'T1500-1942', 'T1500-1841', 'T1500-1815', 'T1500-1814', 'T1500-1844', 'T1500-1806', 'T1500-1975']","[0.69303483, 0.66054595, 0.64384574, 0.63633072, 0.61332339, 0.61190701, 0.6091646, 0.59968495, 0.59862614, 0.59082651]",1,1,1,1,1,27129bc48922808a25522f9c2c051ca47ad0c4fa265cd68fe9b87051c071b7cd,4b37a5ed9cfdc71b591d28bacc024e42e8ebe679ab10903583897e072da5c95b,2026-08-06T20:59:10.422608+00:00
Q303,price,T1500,HTML,"['T1500-1964', 'T1500-1965', 'T1500-0950', 'T1500-0949', 'T1500-0942', 'T1500-1803', 'T1500-1952', 'T1500-1976', 'T1500-0940', 'T1500-0946']","[0.66194928, 0.65063572, 0.65059733, 0.64772034, 0.64343619, 0.64280868, 0.64275539, 0.6424011, 0.63967079, 0.63877261]",3,0,1,1,1,b28399772c1cd2b98767a69d8e2f193a4dbd1b060f92ac59a6e6ddc3eb0d735a,4b37a5ed9cfdc71b591d28bacc024e42e8ebe679ab10903583897e072da5c95b,2026-08-06T20:59:10.423054+00:00
Q304,attribute,T1500,HTML,"['T1500-1092', 'T1500-1089', 'T1500-1094', 'T1500-1227', 'T1500-1091', 'T1500-1301', 'T1500-1095', 'T1500-1093', 'T1500-1279', 'T1500-1122']","[0.54711622, 0.5368889, 0.53233397, 0.53181839, 0.53171426, 0.52849352, 0.52649379, 0.5254935, 0.52545482, 0.52254754]",,0,0,0,0,fa025cffbdb14ff7f7a7900382eeba9ce4f5ced11f2091590e7fd3845f4e18d7,4b37a5ed9cfdc71b591d28bacc024e42e8ebe679ab10903583897e072da5c95b,2026-08-06T20:59:10.423583+00:00
Q305,price,T1500,HTML,"['T1500-2069', 'T1500-1339', 'T1500-0010', 'T1500-1327', 'T1500-1329', 'T1500-1335', 'T1500-1328', 'T1500-2067', 'T1500-2064', 'T1500-2057']","[0.65003181, 0.63025856, 0.60776943, 0.60523629, 0.59746242, 0.58481479, 0.58440757, 0.58415604, 0.58361232, 0.58075488]",,0,0,0,0,a1a31e76f97a7166331b43035215009c80146da2f64e577bb888954e4db5a770,4b37a5ed9cfdc71b591d28bacc024e42e8ebe679ab10903583897e072da5c95b,2026-08-06T20:59:10.424057+00:00
Q306,price,T1500,HTML,"['T1500-0081', 'T1500-1638', 'T1500-1630', 'T1500-1626', 'T1500-1631', 'T1500-0129', 'T1500-1591', 'T1500-1594', 'T1500-0072', 'T1500-1592']","[0.58076417, 0.54861403, 0.54171216, 0.53930861, 0.53864336, 0.5288825, 0.52368844, 0.52270496, 0.52250004, 0.5218153]",1,1,1,1,1,f4e4689838bd128860c85df76280d33ff2b31b72c141d4fb6cb19baa72684948,4b37a5ed9cfdc71b591d28bacc024e42e8ebe679ab10903583897e072da5c95b,2026-08-06T20:59:10.427530+00:00
Q307,attribute,T1500,HTML,"['T1500-1092', 'T1500-1094', 'T1500-1091', 'T1500-1093', 'T1500-1090', 'T1500-1227', 'T1500-1121', 'T1500-1017', 'T1500-1013', 'T1500-1089']","[0.64801598, 0.64679229, 0.62648362, 0.62141901, 0.61895835, 0.59722805, 0.59394133, 0.59225607, 0.58365196, 0.58305001]",,0,0,0,0,be1c9bdf7de3cd53c6050971d0de81f26069ea1ad4817d5b756e4a2a57fb28f7,4b37a5ed9cfdc71b591d28bacc024e42e8ebe679ab10903583897e072da5c95b,2026-08-06T20:59:10.428054+00:00
Q308,attribute,T1500,HTML,"['T1500-1951', 'T1500-1952', 'T1500-1023', 'T1500-1954', 'T1500-1949', 'T1500-1955', 'T1500-1025', 'T1500-1948', 'T1500-1027', 'T1500-1024']","[0.69316012, 0.69192988, 0.68322444, 0.6810745, 0.67667067, 0.67488903, 0.67374599, 0.66983366, 0.66537213, 0.66508925]",3,0,1,1,1,0872355f642db69b0c876f9034820dcf8067dc91d8f14332347d0754372f26f8,4b37a5ed9cfdc71b591d28bacc024e42e8ebe679ab10903583897e072da5c95b,2026-08-06T20:59:10.428581+00:00
Q309,price,T1500,HTML,"['T1500-1842', 'T1500-1813', 'T1500-1814', 'T1500-1841', 'T1500-1844', 'T1500-1811', 'T1500-1939', 'T1500-1810', 'T1500-1938', 'T1500-1815']","[0.69405019, 0.5982877, 0.5952841, 0.56240988, 0.56146622, 0.53597003, 0.52324313, 0.51539916, 0.51236218, 0.50349653]",1,1,1,1,1,58dd5c49d6c70e674e8c60006885bf01211c998a0fb11e1ef6f1906330a1b5f2,4b37a5ed9cfdc71b591d28bacc024e42e8ebe679ab10903583897e072da5c95b,2026-08-06T20:59:10.429064+00:00
Q310,price,T1500,HTML,"['T1500-1638', 'T1500-1335', 'T1500-1331', 'T1500-1550', 'T1500-1338', 'T1500-0095', 'T1500-1339', 'T1500-1557', 'T1500-1333', 'T1500-1629']","[0.52731991, 0.5060932, 0.49238473, 0.48579448, 0.48056757, 0.47771958, 0.47629052, 0.47596359, 0.47561714, 0.47498488]",,0,0,0,0,2822552af09f2546d4435c96492cfac279367209cb213eaf3a5a6cc440c330d9,4b37a5ed9cfdc71b591d28bacc024e42e8ebe679ab10903583897e072da5c95b,2026-08-06T20:59:10.429536+00:00
Q311,price,T1500,HTML,"['T1500-1607', 'T1500-1623', 'T1500-1534', 'T1500-1648', 'T1500-1635', 'T1500-1608', 'T1500-0097', 'T1500-1618', 'T1500-1605', 'T1500-1610']","[0.64888966, 0.6296469, 0.61883056, 0.61382544, 0.60736853, 0.60348666, 0.60276604, 0.60233748, 0.59634292, 0.59451228]",1,1,1,1,1,2d0091b72360793485e397b3b7470b6b496c91dbc89ab536559f27b4074e4927,4b37a5ed9cfdc71b591d28bacc024e42e8ebe679ab10903583897e072da5c95b,2026-08-06T20:59:10.429975+00:00
Q312,price,T1500,HTML,"['T1500-1699', 'T1500-1335', 'T1500-1688', 'T1500-1677', 'T1500-1339', 'T1500-1693', 'T1500-1733', 'T1500-1327', 'T1500-1338', 'T1500-1727']","[0.53706074, 0.53603262, 0.53169268, 0.53165352, 0.53147078, 0.52952302, 0.52938545, 0.52667141, 0.52551067, 0.5237571]",,0,0,0,0,1f209d8c4d9c038cc58a39be08b732353ed7bafe4bfea75203ff9b9b9370143e,4b37a5ed9cfdc71b591d28bacc024e42e8ebe679ab10903583897e072da5c95b,2026-08-06T20:59:10.432891+00:00
Q313,price,T1500,HTML,"['T1500-1098', 'T1500-1995', 'T1500-1952', 'T1500-1964', 'T1500-1965', 'T1500-1802', 'T1500-1803', 'T1500-1920', 'T1500-1976', 'T1500-1951']","[0.64856166, 0.63531351, 0.63096941, 0.62615967, 0.62476468, 0.62013227, 0.61911774, 0.6162442, 0.61492145, 0.612198]",1,1,1,1,1,67b3032f376209fda1467839d5d4563f485c2786d13120755c199040dc5643e8,4b37a5ed9cfdc71b591d28bacc024e42e8ebe679ab10903583897e072da5c95b,2026-08-06T20:59:10.435084+00:00
Q314,price,T1500,HTML,"['T1500-1351', 'T1500-1355', 'T1500-1347', 'T1500-1366', 'T1500-1352', 'T1500-1353', 'T1500-1367', 'T1500-1357', 'T1500-1348', 'T1500-1364']","[0.63420135, 0.63238478, 0.62611961, 0.61418194, 0.59407771, 0.58801246, 0.58722651, 0.58506238, 0.5842272, 0.58411562]",1,1,1,1,1,c65744e82be39c5270f003b83f97300b64ec9f4810326731b9b638898a3d6c0d,4b37a5ed9cfdc71b591d28bacc024e42e8ebe679ab10903583897e072da5c95b,2026-08-06T20:59:10.435582+00:00
Q315,attribute,T1500,HTML,"['T1500-1951', 'T1500-1949', 'T1500-1952', 'T1500-1948', 'T1500-1954', 'T1500-1023', 'T1500-1024', 'T1500-1025', 'T1500-1955', 'T1500-1029']","[0.68401557, 0.68184835, 0.67347836, 0.67290723, 0.67244136, 0.67096436, 0.66909862, 0.66536725, 0.65311927, 0.65028214]",6,0,0,0,1,0d19f2db957377765c62cfc963229fd5c7388605c2e245dc34fc4e6420d47e6b,4b37a5ed9cfdc71b591d28bacc024e42e8ebe679ab10903583897e072da5c95b,2026-08-06T20:59:10.436053+00:00
Q316,price,T1500,HTML,"['T1500-1964', 'T1500-1965', 'T1500-0955', 'T1500-1899', 'T1500-0954', 'T1500-1976', 'T1500-1870', 'T1500-1968', 'T1500-1893', 'T1500-1952']","[0.67644382, 0.66116011, 0.65780002, 0.65662169, 0.65418768, 0.65273672, 0.65110821, 0.64995098, 0.64933252, 0.64713085]",,0,0,0,0,1ed82cf0b277e7cddfc707361f1095864a60ea31ce992815a9e6f3a67bce6eb5,4b37a5ed9cfdc71b591d28bacc024e42e8ebe679ab10903583897e072da5c95b,2026-08-06T20:59:10.437064+00:00
Q317,attribute,T1500,HTML,"['T1500-1437', 'T1500-1434', 'T1500-0161', 'T1500-0163', 'T1500-0179', 'T1500-0166', 'T1500-0177', 'T1500-0167', 'T1500-0172', 'T1500-1439']","[0.66798389, 0.66746414, 0.62862647, 0.62077725, 0.61527467, 0.60880458, 0.60806751, 0.60634589, 0.60590792, 0.60538155]",3,0,1,1,1,ba6fab909a13e43c3dc7d2a817fd734689fef91454a869cdbcb42e4442e2e29d,4b37a5ed9cfdc71b591d28bacc024e42e8ebe679ab10903583897e072da5c95b,2026-08-06T20:59:10.437589+00:00
Q318,price,T1500,HTML,"['T1500-1648', 'T1500-0097', 'T1500-1539', 'T1500-1538', 'T1500-1534', 'T1500-1622', 'T1500-1623', 'T1500-1635', 'T1500-1605', 'T1500-1618']","[0.59638238, 0.59021389, 0.58127862, 0.58067107, 0.58034027, 0.57417065, 0.57197893, 0.57117653, 0.57055771, 0.56565642]",,0,0,0,0,92f8ec3f3435248a219b9d6736a7f4a1cb9deeac6cb6aeed69824897bee310aa,4b37a5ed9cfdc71b591d28bacc024e42e8ebe679ab10903583897e072da5c95b,2026-08-06T20:59:10.438087+00:00
Q319,price,T1500,HTML,"['T1500-1752', 'T1500-1750', 'T1500-0303', 'T1500-0304', 'T1500-0302', 'T1500-1261', 'T1500-1749', 'T1500-1833', 'T1500-1693', 'T1500-0355']","[0.71672052, 0.71462107, 0.68453443, 0.66682768, 0.66125554, 0.60125405, 0.5991556, 0.57736355, 0.56761175, 0.56640226]",1,1,1,1,1,ccbc31df63fe0a20061ab173367cc2f8722d9d800dce313685334c90568c7a9a,4b37a5ed9cfdc71b591d28bacc024e42e8ebe679ab10903583897e072da5c95b,2026-08-06T20:59:10.438568+00:00
Q320,attribute,T1500,HTML,"['T1500-1551', 'T1500-1534', 'T1500-0820', 'T1500-0816', 'T1500-0818', 'T1500-0821', 'T1500-1587', 'T1500-0682', 'T1500-0684', 'T1500-0683']","[0.61975324, 0.56639791, 0.56130928, 0.55210751, 0.54895425, 0.54823971, 0.54479468, 0.54455042, 0.5442853, 0.54419315]",1,1,1,1,1,c27701da65ba58e03d85402f60fd2fe18eca8e15b9d1b0fc54e85bba1115b71f,4b37a5ed9cfdc71b591d28bacc024e42e8ebe679ab10903583897e072da5c95b,2026-08-06T20:59:10.439041+00:00
Q321,price,T1500,HTML,"['T1500-0434', 'T1500-0533', 'T1500-0438', 'T1500-0531', 'T1500-0534', 'T1500-0437', 'T1500-0436', 'T1500-0433', 'T1500-0529', 'T1500-0439']","[0.64865685, 0.64703399, 0.6452291, 0.64399731, 0.64197189, 0.64085543, 0.64057618, 0.640414, 0.63941061, 0.63914227]",1,1,1,1,1,f1b63e98252d9dcd35e3d30d29cc67608f101d47cfb9ed148ad239f5839a4824,4b37a5ed9cfdc71b591d28bacc024e42e8ebe679ab10903583897e072da5c95b,2026-08-06T20:59:10.442181+00:00
Q322,attribute,T1500,HTML,"['T1500-1214', 'T1500-1729', 'T1500-1213', 'T1500-1730', 'T1500-1212', 'T1500-0431', 'T1500-1723', 'T1500-1366', 'T1500-1722', 'T1500-2099']","[0.66344941, 0.65982199, 0.61826491, 0.58378083, 0.56775731, 0.56359422, 0.56346869, 0.55556244, 0.54827809, 0.53493381]",1,1,1,1,1,3d5e36b6048732ac450c2ff0856b49d8d9c79e8164977c74b95bb2c7a7415900,4b37a5ed9cfdc71b591d28bacc024e42e8ebe679ab10903583897e072da5c95b,2026-08-06T20:59:10.442746+00:00
Q323,price,T1500,HTML,"['T1500-1693', 'T1500-1705', 'T1500-1339', 'T1500-0430', 'T1500-1534', 'T1500-0076', 'T1500-1703', 'T1500-0886', 'T1500-1335', 'T1500-1677']","[0.49812037, 0.49320942, 0.48771745, 0.48354131, 0.48182929, 0.47990036, 0.4785744, 0.47653276, 0.47253257, 0.47104052]",6,0,0,0,1,4d0bb0a73f0a0d34558175f33b3f3cab7bdd923ccf8cf6102c3a0a23a1012e83,4b37a5ed9cfdc71b591d28bacc024e42e8ebe679ab10903583897e072da5c95b,2026-08-06T20:59:10.443247+00:00
Q324,attribute,T1500,HTML,"['T1500-0996', 'T1500-0997', 'T1500-0990', 'T1500-0995', 'T1500-0991', 'T1500-0989', 'T1500-0994', 'T1500-1004', 'T1500-1008', 'T1500-1009']","[0.70895016, 0.69986272, 0.68367445, 0.67905664, 0.67515719, 0.66937792, 0.65491289, 0.64827442, 0.64231879, 0.64111996]",6,0,0,0,1,b2e523f499cdaf1579f95302a59781eb8b1407aad26b46f7741b4380d5f8a663,4b37a5ed9cfdc71b591d28bacc024e42e8ebe679ab10903583897e072da5c95b,2026-08-06T20:59:10.443778+00:00
Q325,price,T1500,HTML,"['T1500-1815', 'T1500-1814', 'T1500-1811', 'T1500-1813', 'T1500-1938', 'T1500-1939', 'T1500-1841', 'T1500-1810', 'T1500-1817', 'T1500-1842']","[0.67995417, 0.65901232, 0.64472395, 0.63026643, 0.62413251, 0.62060368, 0.61493027, 0.61375815, 0.61306852, 0.60452116]",1,1,1,1,1,10010cb369645ed3049e85cbaf2f75f49f6d8cdf078ecc2c87ffd924807e3ddd,4b37a5ed9cfdc71b591d28bacc024e42e8ebe679ab10903583897e072da5c95b,2026-08-06T20:59:10.444739+00:00
Q326,attribute,T1500,HTML,"['T1500-0138', 'T1500-0137', 'T1500-0090', 'T1500-0139', 'T1500-0136', 'T1500-0292', 'T1500-0291', 'T1500-0140', 'T1500-0132', 'T1500-0133']","[0.67953348, 0.67046356, 0.64981925, 0.64629292, 0.63986778, 0.62174988, 0.62120503, 0.61947507, 0.61864197, 0.61446226]",1,1,1,1,1,8c86d8535ab4aeea0f263db9eccb8493d84f00b48fcb513672849ff467689851,4b37a5ed9cfdc71b591d28bacc024e42e8ebe679ab10903583897e072da5c95b,2026-08-06T20:59:10.448387+00:00
Q327,attribute,T1500,HTML,"['T1500-0401', 'T1500-0399', 'T1500-0760', 'T1500-0392', 'T1500-2092', 'T1500-0400', 'T1500-0643', 'T1500-0659', 'T1500-0396', 'T1500-0770']","[0.56342041, 0.56143093, 0.56055844, 0.54988557, 0.54948997, 0.54893184, 0.54884636, 0.54774266, 0.54759562, 0.54737496]",,0,0,0,0,bdaff64d53de2fb82eab86e212d77c57ee3b80e9be7f0379e1b687b215b3cb5f,4b37a5ed9cfdc71b591d28bacc024e42e8ebe679ab10903583897e072da5c95b,2026-08-06T20:59:10.448814+00:00
Q328,attribute,T1500,HTML,"['T1500-1554', 'T1500-1550', 'T1500-1546', 'T1500-1549', 'T1500-1534', 'T1500-1641', 'T1500-1635', 'T1500-1626', 'T1500-1558', 'T1500-1557']","[0.63117075, 0.61662078, 0.55881536, 0.55263698, 0.53437889, 0.53354174, 0.5273934, 0.52659398, 0.52577507, 0.52243978]",,0,0,0,0,f602f76ac7b7051f5f90e86abb47b97a2004259d349a67e849e4becf972b7597,4b37a5ed9cfdc71b591d28bacc024e42e8ebe679ab10903583897e072da5c95b,2026-08-06T20:59:10.449279+00:00
Q329,attribute,T1500,HTML,"['T1500-1101', 'T1500-1978', 'T1500-1100', 'T1500-1980', 'T1500-1979', 'T1500-1976', 'T1500-1063', 'T1500-1155', 'T1500-0959', 'T1500-0997']","[0.6846174, 0.64031303, 0.6378715, 0.61584228, 0.61572111, 0.61212969, 0.61202323, 0.61170107, 0.60982239, 0.6083588]",7,0,0,0,1,1e7616508b32f2d818c0d9dc9fc6287471702286e642c6482b50983e1904112d,4b37a5ed9cfdc71b591d28bacc024e42e8ebe679ab10903583897e072da5c95b,2026-08-06T20:59:10.449748+00:00
Q330,price,T1500,HTML,"['T1500-1613', 'T1500-1627', 'T1500-1537', 'T1500-1633', 'T1500-1625', 'T1500-1604', 'T1500-1623', 'T1500-1602', 'T1500-1648', 'T1500-1571']","[0.62483919, 0.62033188, 0.61474812, 0.60445315, 0.60415161, 0.60346997, 0.60216367, 0.59544432, 0.59503365, 0.5872615]",1,1,1,1,1,ae8cf346d2a1316693d34e15959eae354fccdd0362a40d9c532dcf2cbca9aad6,4b37a5ed9cfdc71b591d28bacc024e42e8ebe679ab10903583897e072da5c95b,2026-08-06T20:59:10.450178+00:00
Q331,price,T1500,HTML,"['T1500-0879', 'T1500-0878', 'T1500-0876', 'T1500-0873', 'T1500-0541', 'T1500-0542', 'T1500-0875', 'T1500-0534', 'T1500-0447', 'T1500-0446']","[0.65971088, 0.6547426, 0.6510098, 0.63108206, 0.62644482, 0.62353468, 0.61756837, 0.61267436, 0.61245441, 0.61067635]",1,1,1,1,1,064ba5a4ffc5eb3e1d39fca584f4d6821134e7ddb30853aa488b39b839d7f0db,4b37a5ed9cfdc71b591d28bacc024e42e8ebe679ab10903583897e072da5c95b,2026-08-06T20:59:10.454676+00:00
Q332,attribute,T1500,HTML,"['T1500-1539', 'T1500-0054', 'T1500-1534', 'T1500-1546', 'T1500-0097', 'T1500-1648', 'T1500-1538', 'T1500-1635', 'T1500-1626', 'T1500-1623']","[0.65117496, 0.61280376, 0.61272919, 0.60682881, 0.59563315, 0.59421277, 0.59376574, 0.59087837, 0.59085751, 0.58749294]",3,0,1,1,1,b141b73621c5dc5c3f41ebc83ae431143c3f43769f378d87896282c69a0ab41f,4b37a5ed9cfdc71b591d28bacc024e42e8ebe679ab10903583897e072da5c95b,2026-08-06T20:59:10.455130+00:00
Q333,attribute,T1500,HTML,"['T1500-1621', 'T1500-1623', 'T1500-1618', 'T1500-1648', 'T1500-1630', 'T1500-1617', 'T1500-1534', 'T1500-1638', 'T1500-1422', 'T1500-1641']","[0.6324594, 0.57977325, 0.57806104, 0.57746142, 0.57544005, 0.5707199, 0.57068545, 0.56938589, 0.5688082, 0.567985]",6,0,0,0,1,c30c6896315e8906bed6039d7b60d2ecd2901861d1e5c5c5d942a67ed26287c0,4b37a5ed9cfdc71b591d28bacc024e42e8ebe679ab10903583897e072da5c95b,2026-08-06T20:59:10.457813+00:00
Q334,price,T1500,HTML,"['T1500-0147', 'T1500-1746', 'T1500-0146', 'T1500-0145', 'T1500-0148', 'T1500-0140', 'T1500-1404', 'T1500-0142', 'T1500-1353', 'T1500-1352']","[0.62095392, 0.59627658, 0.58836627, 0.55611384, 0.53922367, 0.52423745, 0.52362895, 0.52355337, 0.51939654, 0.51927674]",1,1,1,1,1,a3a6a3682125315db8eb859a6d011c3855fae10fc5196f6a30a32b8b8ed07371,4b37a5ed9cfdc71b591d28bacc024e42e8ebe679ab10903583897e072da5c95b,2026-08-06T20:59:10.458326+00:00
Q335,price,T1500,HTML,"['T1500-1673', 'T1500-1927', 'T1500-1689', 'T1500-1848', 'T1500-1929', 'T1500-1677', 'T1500-1693', 'T1500-1336', 'T1500-1335', 'T1500-1930']","[0.48670292, 0.4754529, 0.46304205, 0.4605633, 0.46020028, 0.45838097, 0.45675796, 0.45635971, 0.45433074, 0.45404691]",,0,0,0,0,f5843abd97c45706725337ecc3c8d53d63c19e38f5d1611183c22debc8574002,4b37a5ed9cfdc71b591d28bacc024e42e8ebe679ab10903583897e072da5c95b,2026-08-06T20:59:10.458780+00:00
Q336,attribute,T1500,HTML,"['T1500-0295', 'T1500-1366', 'T1500-1353', 'T1500-1356', 'T1500-1367', 'T1500-1357', 'T1500-1352', 'T1500-1348', 'T1500-0133', 'T1500-0251']","[0.64374018, 0.64221668, 0.64151448, 0.64073056, 0.63426363, 0.63078189, 0.62980837, 0.62727761, 0.62702936, 0.62561297]",,0,0,0,0,a69e1b5cfdae06ac247198c0166e7b97f9d18f13fe172c209e6acdcca196f898,4b37a5ed9cfdc71b591d28bacc024e42e8ebe679ab10903583897e072da5c95b,2026-08-06T20:59:10.459791+00:00
Q337,price,T1500,HTML,"['T1500-1796', 'T1500-1947', 'T1500-1923', 'T1500-1914', 'T1500-1905', 'T1500-1803', 'T1500-1921', 'T1500-1802', 'T1500-1845', 'T1500-1821']","[0.73724639, 0.67299598, 0.66608894, 0.6581533, 0.65518218, 0.65336019, 0.65013564, 0.64690053, 0.64454895, 0.64300424]",1,1,1,1,1,e5bd21345b6ba19e7c972dfb0898121288746c0e31027334f99a291b2927aaeb,4b37a5ed9cfdc71b591d28bacc024e42e8ebe679ab10903583897e072da5c95b,2026-08-06T20:59:10.460393+00:00
Q338,attribute,T1500,HTML,"['T1500-1750', 'T1500-0303', 'T1500-1752', 'T1500-0304', 'T1500-0302', 'T1500-1749', 'T1500-0355', 'T1500-0432', 'T1500-0654', 'T1500-0529']","[0.74547309, 0.70289046, 0.6857242, 0.6764093, 0.67304957, 0.60956401, 0.58790499, 0.56358016, 0.56300414, 0.56249195]",1,1,1,1,1,1b07423bb3ab53a586d15422cba5524c7cd700394f04a3521937ec67c22cf222,4b37a5ed9cfdc71b591d28bacc024e42e8ebe679ab10903583897e072da5c95b,2026-08-06T20:59:10.464803+00:00
Q339,attribute,T1500,HTML,"['T1500-1373', 'T1500-1730', 'T1500-1351', 'T1500-1725', 'T1500-1383', 'T1500-1366', 'T1500-1355', 'T1500-1371', 'T1500-1449', 'T1500-1693']","[0.62893194, 0.58780766, 0.57631588, 0.57353693, 0.57327271, 0.57281625, 0.57213402, 0.56547719, 0.56231731, 0.56161618]",10,0,0,0,1,7c7d59e058953de1096feabd99dd1bcceb1096932e7e67b7f0c81666e522e4d8,4b37a5ed9cfdc71b591d28bacc024e42e8ebe679ab10903583897e072da5c95b,2026-08-06T20:59:10.465325+00:00
Q340,price,T1500,HTML,"['T1500-0686', 'T1500-0695', 'T1500-0693', 'T1500-0685', 'T1500-0691', 'T1500-0694', 'T1500-0689', 'T1500-0702', 'T1500-0700', 'T1500-0692']","[0.61591798, 0.60025692, 0.59722269, 0.58648622, 0.58547896, 0.58039391, 0.57881784, 0.57797307, 0.575261, 0.57435989]",1,1,1,1,1,14eba615c0737030ff97c793fe91652569f57bc6704f93f2dd2131d3c2670c14,4b37a5ed9cfdc71b591d28bacc024e42e8ebe679ab10903583897e072da5c95b,2026-08-06T20:59:10.465778+00:00
Q341,attribute,T1500,HTML,"['T1500-1638', 'T1500-1614', 'T1500-1733', 'T1500-1639', 'T1500-1531', 'T1500-1693', 'T1500-1641', 'T1500-1618', 'T1500-1331', 'T1500-1541']","[0.59095794, 0.54981369, 0.52777684, 0.52394396, 0.51614302, 0.51481694, 0.5099631, 0.50687921, 0.50538099, 0.50450957]",2,0,1,1,1,c65445c8b6b7e9b1879c1d5183b56d44e2bcda9935011efbf1d60a43cacb608a,4b37a5ed9cfdc71b591d28bacc024e42e8ebe679ab10903583897e072da5c95b,2026-08-06T20:59:10.466277+00:00
Q342,price,T1500,HTML,"['T1500-0509', 'T1500-0510', 'T1500-0511', 'T1500-0512', 'T1500-0513', 'T1500-0884', 'T1500-0508', 'T1500-0608', 'T1500-0613', 'T1500-0612']","[0.66244733, 0.65462554, 0.65424335, 0.65226817, 0.65150225, 0.65093517, 0.64572811, 0.63866472, 0.63503301, 0.63303447]",1,1,1,1,1,5073ffe8dacb32fc11f42cb31a21168dc488137cb591cf5314c91a145b17214b,4b37a5ed9cfdc71b591d28bacc024e42e8ebe679ab10903583897e072da5c95b,2026-08-06T20:59:10.467660+00:00
Q343,attribute,T1500,HTML,"['T1500-1941', 'T1500-1942', 'T1500-1797', 'T1500-1157', 'T1500-1799', 'T1500-1945', 'T1500-1976', 'T1500-1803', 'T1500-1975', 'T1500-1915']","[0.6928103, 0.69205624, 0.64218539, 0.64203095, 0.64025211, 0.63963652, 0.63648307, 0.63611233, 0.63516879, 0.63408864]",,0,0,0,0,805ebad3b905a7ca7e218a3f8fed2a5d3575abce918736bc7aa5c50d45ab2b79,4b37a5ed9cfdc71b591d28bacc024e42e8ebe679ab10903583897e072da5c95b,2026-08-06T20:59:10.468223+00:00
Q344,attribute,T1500,HTML,"['T1500-1370', 'T1500-1448', 'T1500-1383', 'T1500-1422', 'T1500-1382', 'T1500-1449', 'T1500-1369', 'T1500-1367', 'T1500-0200', 'T1500-0153']","[0.62895226, 0.62619847, 0.60418153, 0.59905767, 0.59756476, 0.59618866, 0.59295988, 0.58836126, 0.58307993, 0.58302647]",,0,0,0,0,493739218c413b7ea79c5e6879fe3354d8c69dac607436ec965d35285bddba15,4b37a5ed9cfdc71b591d28bacc024e42e8ebe679ab10903583897e072da5c95b,2026-08-06T20:59:10.468833+00:00
Q345,attribute,T1500,HTML,"['T1500-0073', 'T1500-1534', 'T1500-1610', 'T1500-0072', 'T1500-0070', 'T1500-1611', 'T1500-0129', 'T1500-1533', 'T1500-1621', 'T1500-1630']","[0.56747657, 0.55563045, 0.55551457, 0.55425787, 0.55151927, 0.54951918, 0.54914171, 0.54402816, 0.5434798, 0.54292464]",1,1,1,1,1,43adda0ff8ce5038cf2c2fa334b0356e39e2d7cde0f2524039565db817752413,4b37a5ed9cfdc71b591d28bacc024e42e8ebe679ab10903583897e072da5c95b,2026-08-06T20:59:10.469407+00:00
Q346,price,T1500,HTML,"['T1500-1405', 'T1500-0330', 'T1500-0327', 'T1500-0329', 'T1500-0328', 'T1500-0346', 'T1500-1722', 'T1500-1666', 'T1500-0331', 'T1500-0870']","[0.52958667, 0.52139765, 0.51736099, 0.5128274, 0.50993979, 0.50720364, 0.50696898, 0.50674576, 0.50656199, 0.50218862]",5,0,0,1,1,c0ac538fa569d1480d1775e748ef864689c35df8834fcb35cb0704e1c558f907,4b37a5ed9cfdc71b591d28bacc024e42e8ebe679ab10903583897e072da5c95b,2026-08-06T20:59:10.469920+00:00
Q347,attribute,T1500,HTML,"['T1500-1598', 'T1500-1601', 'T1500-1602', 'T1500-1597', 'T1500-1599', 'T1500-1605', 'T1500-1604', 'T1500-1594', 'T1500-1623', 'T1500-1534']","[0.66113329, 0.63892275, 0.63254654, 0.61654967, 0.61281574, 0.60706174, 0.58942258, 0.58681881, 0.58557177, 0.5852322]",1,1,1,1,1,8c2892c728e2cff288754576f03f94f956e5e37dd47e2ae68672e54cb3f81f1a,4b37a5ed9cfdc71b591d28bacc024e42e8ebe679ab10903583897e072da5c95b,2026-08-06T20:59:10.474468+00:00
Q348,attribute,T1500,HTML,"['T1500-1746', 'T1500-0145', 'T1500-0410', 'T1500-2095', 'T1500-0355', 'T1500-0357', 'T1500-0404', 'T1500-0407', 'T1500-0406', 'T1500-1755']","[0.5680356, 0.51444364, 0.50935805, 0.5087254, 0.50611746, 0.50568998, 0.50552893, 0.50496149, 0.50141799, 0.50095749]",1,1,1,1,1,0c48093325940ecca8317504060443ea1d0ecfa7e80486c9d98c5b0940d9e738,4b37a5ed9cfdc71b591d28bacc024e42e8ebe679ab10903583897e072da5c95b,2026-08-06T20:59:10.475968+00:00
Q349,price,T1500,HTML,"['T1500-1938', 'T1500-1939', 'T1500-1941', 'T1500-1806', 'T1500-1815', 'T1500-1844', 'T1500-1841', 'T1500-1805', 'T1500-1811', 'T1500-1814']","[0.71827364, 0.67881668, 0.67125678, 0.62898368, 0.62679273, 0.6237632, 0.62270689, 0.61097407, 0.61023641, 0.60881948]",1,1,1,1,1,596b9c57e65eef19225361de3f4707ac99f662f4273057473e05c782d3a1af65,4b37a5ed9cfdc71b591d28bacc024e42e8ebe679ab10903583897e072da5c95b,2026-08-06T20:59:10.476555+00:00
Q350,attribute,T1500,HTML,"['T1500-1693', 'T1500-1639', 'T1500-1619', 'T1500-1641', 'T1500-1614', 'T1500-0026', 'T1500-1635', 'T1500-1637', 'T1500-1622', 'T1500-1534']","[0.5891546, 0.58709574, 0.58248138, 0.58028781, 0.57770771, 0.57623392, 0.57468975, 0.57350874, 0.57182479, 0.57168949]",5,0,0,1,1,e803b6c0ae62d49711f5717aae17bef72d044bf77414e23b5ae8de1f0e162960,4b37a5ed9cfdc71b591d28bacc024e42e8ebe679ab10903583897e072da5c95b,2026-08-06T20:59:10.477036+00:00
Q351,price,T1500,HTML,"['T1500-1537', 'T1500-1538', 'T1500-1535', 'T1500-1613', 'T1500-1601', 'T1500-1599', 'T1500-1534', 'T1500-1605', 'T1500-1604', 'T1500-1693']","[0.53935355, 0.50527084, 0.50056696, 0.499322, 0.49749535, 0.4942154, 0.48626977, 0.48427016, 0.48130539, 0.47881144]",1,1,1,1,1,fb76b6ce6a99ac43c0e4dff11c6fa0e4bbeb3041b4eddf709ae3cf1d466bbae5,4b37a5ed9cfdc71b591d28bacc024e42e8ebe679ab10903583897e072da5c95b,2026-08-06T20:59:10.477874+00:00
Q352,attribute,T1500,HTML,"['T1500-2012', 'T1500-2011', 'T1500-0989', 'T1500-0996', 'T1500-0997', 'T1500-1205', 'T1500-0978', 'T1500-0973', 'T1500-0984', 'T1500-0975']","[0.65220428, 0.60639906, 0.590451, 0.58941704, 0.58430916, 0.58119094, 0.57884723, 0.57747334, 0.57741213, 0.57652253]",1,1,1,1,1,140d1703c4240edc7070153af6b42e01513c36e6cc39a898ef1954580508b61a,4b37a5ed9cfdc71b591d28bacc024e42e8ebe679ab10903583897e072da5c95b,2026-08-06T20:59:10.481476+00:00
Q353,price,T1500,HTML,"['T1500-0662', 'T1500-0656', 'T1500-0654', 'T1500-0660', 'T1500-0659', 'T1500-0661', 'T1500-0655', 'T1500-0657', 'T1500-0750', 'T1500-0652']","[0.58928525, 0.57707626, 0.57054025, 0.57039326, 0.56645477, 0.56224763, 0.5598706, 0.55390513, 0.55362475, 0.55350965]",1,1,1,1,1,9353f36aebb338463c468548cfed16ea6d5fd6c0b63f4eca95a752bd76617379,4b37a5ed9cfdc71b591d28bacc024e42e8ebe679ab10903583897e072da5c95b,2026-08-06T20:59:10.482017+00:00
Q354,attribute,T1500,HTML,"['T1500-1614', 'T1500-1534', 'T1500-1637', 'T1500-0300', 'T1500-1638', 'T1500-0299', 'T1500-1747', 'T1500-1626', 'T1500-1639', 'T1500-1546']","[0.68752921, 0.59745169, 0.57320559, 0.56889772, 0.56717861, 0.5664435, 0.56298065, 0.56149542, 0.55240214, 0.55074847]",1,1,1,1,1,526a835f40986a130603147c647b1b75f7dbf35d16326e26a9ac0f654c43e397,4b37a5ed9cfdc71b591d28bacc024e42e8ebe679ab10903583897e072da5c95b,2026-08-06T20:59:10.482526+00:00
Q355,price,T1500,HTML,"['T1500-1974', 'T1500-1787', 'T1500-1789', 'T1500-1791', 'T1500-1784', 'T1500-1793', 'T1500-1971', 'T1500-1017', 'T1500-1773', 'T1500-1772']","[0.6670714, 0.65498239, 0.65126771, 0.64894766, 0.64788711, 0.63453913, 0.6316762, 0.62613517, 0.62463415, 0.61855179]",4,0,0,1,1,4e11b8406d2bda16df74c03341bbeaca2d420d3665247bc637fa6bc2241a9be4,4b37a5ed9cfdc71b591d28bacc024e42e8ebe679ab10903583897e072da5c95b,2026-08-06T20:59:10.482959+00:00
Q356,price,T1500,HTML,"['T1500-0122', 'T1500-1534', 'T1500-1537', 'T1500-1613', 'T1500-1605', 'T1500-0123', 'T1500-1623', 'T1500-1625', 'T1500-1643', 'T1500-0065']","[0.56215811, 0.55005741, 0.54451883, 0.54190499, 0.54097766, 0.53983736, 0.53790945, 0.5351184, 0.53504837, 0.53461146]",6,0,0,0,1,bf2c173e3a29cc93d92ab397d5d00dff78bc32ea2dfac28607bbf0a99fbf925a,4b37a5ed9cfdc71b591d28bacc024e42e8ebe679ab10903583897e072da5c95b,2026-08-06T20:59:10.483415+00:00
Q357,price,T1500,HTML,"['T1500-1643', 'T1500-1642', 'T1500-1644', 'T1500-1623', 'T1500-1648', 'T1500-1538', 'T1500-1647', 'T1500-1626', 'T1500-1537', 'T1500-0097']","[0.70665359, 0.70362312, 0.66794461, 0.63320184, 0.63096642, 0.62400573, 0.6193428, 0.613065, 0.61004978, 0.6086973]",2,0,1,1,1,1a3c1789c2e4c2a743ad96e9a0d7ee460c179ff6e34bb86a0eb8ae25ecae3d63,4b37a5ed9cfdc71b591d28bacc024e42e8ebe679ab10903583897e072da5c95b,2026-08-06T20:59:10.483849+00:00
Q358,price,T1500,HTML,"['T1500-2014', 'T1500-0205', 'T1500-1721', 'T1500-1722', 'T1500-0211', 'T1500-1241', 'T1500-1665', 'T1500-0207', 'T1500-2017', 'T1500-0208']","[0.67674387, 0.65829217, 0.65544498, 0.64251083, 0.63627648, 0.62879562, 0.62821114, 0.62485224, 0.62312055, 0.62296647]",1,1,1,1,1,09841874d8aad7596937581d66a6492edc07e41a3b921c9831704de123bc167a,4b37a5ed9cfdc71b591d28bacc024e42e8ebe679ab10903583897e072da5c95b,2026-08-06T20:59:10.485836+00:00
Q359,attribute,T1500,HTML,"['T1500-0988', 'T1500-1805', 'T1500-1975', 'T1500-1205', 'T1500-1802', 'T1500-1948', 'T1500-0989', 'T1500-1947', 'T1500-1803', 'T1500-1976']","[0.60764444, 0.60625356, 0.606224, 0.59952998, 0.59754062, 0.59752846, 0.59684539, 0.59409732, 0.59186697, 0.59122831]",1,1,1,1,1,55a001a0cc227373a215992d94780bd6f1133cd9f493c9b70890a89cfc918ae4,4b37a5ed9cfdc71b591d28bacc024e42e8ebe679ab10903583897e072da5c95b,2026-08-06T20:59:10.493945+00:00
Q360,attribute,T1500,HTML,"['T1500-0179', 'T1500-0173', 'T1500-0172', 'T1500-0181', 'T1500-0171', 'T1500-0178', 'T1500-0168', 'T1500-0175', 'T1500-0180', 'T1500-0170']","[0.65161812, 0.63735396, 0.63527787, 0.63375735, 0.62874758, 0.62638611, 0.62061, 0.62013638, 0.61969805, 0.61871314]",1,1,1,1,1,3a029404d90bc1ffbbdd354a5ed2528bdc48bf690c720be0c152fdb39cc78a50,4b37a5ed9cfdc71b591d28bacc024e42e8ebe679ab10903583897e072da5c95b,2026-08-06T20:59:10.494702+00:00
Q361,attribute,T1500,HTML,"['T1500-1075', 'T1500-1074', 'T1500-1077', 'T1500-2099', 'T1500-1078', 'T1500-0387', 'T1500-1079', 'T1500-2102', 'T1500-1076', 'T1500-1072']","[0.62739724, 0.613051, 0.6032294, 0.57238036, 0.56994969, 0.56781769, 0.56715739, 0.55968022, 0.55710924, 0.55623901]",1,1,1,1,1,c9385a83105777d120d375e5d1e0e498051255328865865c24238e0703a27be9,4b37a5ed9cfdc71b591d28bacc024e42e8ebe679ab10903583897e072da5c95b,2026-08-06T20:59:10.495182+00:00
Q362,price,T1500,HTML,"['T1500-1557', 'T1500-1555', 'T1500-1560', 'T1500-1550', 'T1500-1638', 'T1500-1558', 'T1500-1547', 'T1500-1634', 'T1500-1549', 'T1500-1553']","[0.60400337, 0.58755779, 0.58051908, 0.57627928, 0.53613126, 0.53581285, 0.52276653, 0.52267969, 0.52248359, 0.51770908]",4,0,0,1,1,1438d3c38b64e080c8cfa9e763d70624d0d704c512916e878fe6cae143e459b6,4b37a5ed9cfdc71b591d28bacc024e42e8ebe679ab10903583897e072da5c95b,2026-08-06T20:59:10.496918+00:00
Q363,attribute,T1500,HTML,"['T1500-1558', 'T1500-0085', 'T1500-1557', 'T1500-0118', 'T1500-1550', 'T1500-1560', 'T1500-1573', 'T1500-0073', 'T1500-0121', 'T1500-0025']","[0.6546914, 0.59303617, 0.59186572, 0.56080961, 0.55450761, 0.55251658, 0.55138743, 0.55012226, 0.55006468, 0.54655278]",1,1,1,1,1,24f7b84e2c31bf82918115899b203dd5dcfcb172f658b7f81ac464086879e46f,4b37a5ed9cfdc71b591d28bacc024e42e8ebe679ab10903583897e072da5c95b,2026-08-06T20:59:10.501141+00:00
Q364,attribute,T1500,HTML,"['T1500-0530', 'T1500-0435', 'T1500-0531', 'T1500-0534', 'T1500-0542', 'T1500-0436', 'T1500-0528', 'T1500-0447', 'T1500-0533', 'T1500-0529']","[0.67546999, 0.6683051, 0.66428083, 0.65356696, 0.65138632, 0.64843082, 0.64767396, 0.64755332, 0.64596897, 0.64473176]",1,1,1,1,1,4a6073eb2dc32c4534635768acafcfe58a8d92ee96940ee6605b21e8437d79ca,4b37a5ed9cfdc71b591d28bacc024e42e8ebe679ab10903583897e072da5c95b,2026-08-06T20:59:10.501724+00:00
Q365,attribute,T1500,HTML,"['T1500-0301', 'T1500-1637', 'T1500-1534', 'T1500-1749', 'T1500-0026', 'T1500-0039', 'T1500-0307', 'T1500-0020', 'T1500-0305', 'T1500-0304']","[0.61948454, 0.60930634, 0.59727848, 0.59439778, 0.58936137, 0.58919477, 0.58742416, 0.58673602, 0.58499539, 0.58353662]",2,0,1,1,1,866b702992b2b72d3cdad0586ec15547f0cac87bb66c30d7beb5139554b41c84,4b37a5ed9cfdc71b591d28bacc024e42e8ebe679ab10903583897e072da5c95b,2026-08-06T20:59:10.502187+00:00
Q366,price,T1500,HTML,"['T1500-0937', 'T1500-1339', 'T1500-1335', 'T1500-1333', 'T1500-1331', 'T1500-1690', 'T1500-1327', 'T1500-1329', 'T1500-1713', 'T1500-1682']","[0.58049101, 0.52920151, 0.52702284, 0.52404618, 0.51710594, 0.51345086, 0.50053763, 0.49985859, 0.4997142, 0.49788225]",1,1,1,1,1,15bfd5a7dec4f6a43b24b3e3509fc6d0561130f1d1aae4c9e35d61593bd634a2,4b37a5ed9cfdc71b591d28bacc024e42e8ebe679ab10903583897e072da5c95b,2026-08-06T20:59:10.502698+00:00
Q367,price,T1500,HTML,"['T1500-1623', 'T1500-0097', 'T1500-1534', 'T1500-1537', 'T1500-1618', 'T1500-0128', 'T1500-1605', 'T1500-1538', 'T1500-1641', 'T1500-1617']","[0.62270212, 0.61933589, 0.61497992, 0.61232316, 0.60376322, 0.60008109, 0.59941912, 0.59791446, 0.59733379, 0.5964222]",9,0,0,0,1,da2b584e7c1dab2e94e99bb6364850cdc26af9019ffb1f61a2b9bb7438547847,4b37a5ed9cfdc71b591d28bacc024e42e8ebe679ab10903583897e072da5c95b,2026-08-06T20:59:10.503128+00:00
Q368,price,T1500,HTML,"['T1500-1228', 'T1500-1263', 'T1500-1229', 'T1500-1235', 'T1500-1265', 'T1500-1231', 'T1500-1232', 'T1500-1230', 'T1500-1233', 'T1500-1832']","[0.63467318, 0.62401265, 0.62013948, 0.61891991, 0.61885065, 0.61532736, 0.61315274, 0.61238325, 0.6119976, 0.61148417]",3,0,1,1,1,e284e429e37cb68eb5ea032aca23124dfaf8849df2f60dcb13b5d33592dd479c,4b37a5ed9cfdc71b591d28bacc024e42e8ebe679ab10903583897e072da5c95b,2026-08-06T20:59:10.507556+00:00
Q369,attribute,T1500,HTML,"['T1500-2096', 'T1500-0199', 'T1500-1619', 'T1500-1618', 'T1500-0100', 'T1500-2088', 'T1500-0025', 'T1500-2097', 'T1500-1534', 'T1500-1621']","[0.6030283, 0.58797902, 0.57136667, 0.56793845, 0.56452882, 0.56389457, 0.5630132, 0.56172478, 0.55683374, 0.55543917]",2,0,1,1,1,e8147fc66a16a42feace2540dd05a626eceaac60ec9a730386a6ad4fd215cbcf,4b37a5ed9cfdc71b591d28bacc024e42e8ebe679ab10903583897e072da5c95b,2026-08-06T20:59:10.508044+00:00
Q370,attribute,T1500,HTML,"['T1500-0431', 'T1500-0167', 'T1500-0168', 'T1500-0161', 'T1500-0173', 'T1500-0179', 'T1500-0181', 'T1500-0175', 'T1500-0171', 'T1500-0176']","[0.54811394, 0.53951836, 0.53831822, 0.53699219, 0.53635323, 0.53073812, 0.52831858, 0.52800804, 0.52713001, 0.52514988]",,0,0,0,0,aeb3fe328715042f4a239ca8fda9366ed5456861f2250ba8accfcf077b739383,4b37a5ed9cfdc71b591d28bacc024e42e8ebe679ab10903583897e072da5c95b,2026-08-06T20:59:10.508563+00:00
Q371,attribute,T1500,HTML,"['T1500-0062', 'T1500-1621', 'T1500-1619', 'T1500-1533', 'T1500-0074', 'T1500-0110', 'T1500-0070', 'T1500-0308', 'T1500-0198', 'T1500-1648']","[0.61275065, 0.6038053, 0.60129821, 0.58564872, 0.57668269, 0.57319129, 0.57260978, 0.56871885, 0.56598079, 0.56392521]",,0,0,0,0,0c79872e74278b132bf4fc98db800eaf44f37fb1ba0cd3f996f3afd07cdd5702,4b37a5ed9cfdc71b591d28bacc024e42e8ebe679ab10903583897e072da5c95b,2026-08-06T20:59:10.509075+00:00
Q372,attribute,T1500,HTML,"['T1500-1906', 'T1500-1975', 'T1500-1976', 'T1500-1803', 'T1500-1955', 'T1500-1805', 'T1500-1154', 'T1500-1800', 'T1500-1986', 'T1500-1918']","[0.6483959, 0.63762343, 0.6362263, 0.63029701, 0.62645137, 0.62258905, 0.62243807, 0.61943996, 0.61452585, 0.6143347]",,0,0,0,0,638ca51bd46c56c4c3c6c8a6e309ca3d00ceb545c505162d9e43955da0d96aab,4b37a5ed9cfdc71b591d28bacc024e42e8ebe679ab10903583897e072da5c95b,2026-08-06T20:59:10.513683+00:00
Q373,price,T1500,HTML,"['T1500-1584', 'T1500-0430', 'T1500-1605', 'T1500-1699', 'T1500-1534', 'T1500-1588', 'T1500-1688', 'T1500-1705', 'T1500-1693', 'T1500-1537']","[0.51038325, 0.50167209, 0.49930725, 0.49733612, 0.49656272, 0.49643835, 0.49347827, 0.49136472, 0.4897469, 0.48636037]",9,0,0,0,1,607e0ef31d50c2cb5573a634cc21dc4557959de012578c9843e63a166c03690f,4b37a5ed9cfdc71b591d28bacc024e42e8ebe679ab10903583897e072da5c95b,2026-08-06T20:59:10.515718+00:00
Q374,attribute,T1500,HTML,"['T1500-1434', 'T1500-1437', 'T1500-0163', 'T1500-0161', 'T1500-1409', 'T1500-1393', 'T1500-0181', 'T1500-0179', 'T1500-0186', 'T1500-1395']","[0.66959321, 0.6551944, 0.62665826, 0.62237847, 0.6090948, 0.608639, 0.60145074, 0.60064566, 0.59950817, 0.59927344]",3,0,1,1,1,d5420d115565cf30691a47c88b3396ec2fe237c712ebd79ddc9c047955cc39e8,4b37a5ed9cfdc71b591d28bacc024e42e8ebe679ab10903583897e072da5c95b,2026-08-06T20:59:10.516305+00:00
Q375,price,T1500,HTML,"['T1500-1976', 'T1500-1975', 'T1500-1802', 'T1500-1920', 'T1500-1803', 'T1500-1949', 'T1500-1952', 'T1500-1947', 'T1500-1964', 'T1500-1954']","[0.71035206, 0.7062704, 0.67835891, 0.67527926, 0.67172217, 0.66623533, 0.66476148, 0.66060716, 0.66001606, 0.65828896]",1,1,1,1,1,6c17b86ac0524ddfbaf1dadabe8a64d44092c54cb0c38859779307ccb302eb83,4b37a5ed9cfdc71b591d28bacc024e42e8ebe679ab10903583897e072da5c95b,2026-08-06T20:59:10.522000+00:00
Q376,price,T1500,HTML,"['T1500-1929', 'T1500-1363', 'T1500-1367', 'T1500-1364', 'T1500-1348', 'T1500-0386', 'T1500-1366', 'T1500-1353', 'T1500-1335', 'T1500-1355']","[0.51463491, 0.51264, 0.50709093, 0.50331724, 0.50200152, 0.50132596, 0.50062007, 0.49966395, 0.49511921, 0.49496299]",1,1,1,1,1,f4dff29942c232661e7e2bc7fca6d07997bd26ed36f234064f5e24b03ec53253,4b37a5ed9cfdc71b591d28bacc024e42e8ebe679ab10903583897e072da5c95b,2026-08-06T20:59:10.526300+00:00
Q377,price,T1500,HTML,"['T1500-1345', 'T1500-1842', 'T1500-1629', 'T1500-1848', 'T1500-1336', 'T1500-1693', 'T1500-1929', 'T1500-1688', 'T1500-1383', 'T1500-1335']","[0.49988091, 0.48259088, 0.48115772, 0.47905231, 0.47531974, 0.47425619, 0.47330147, 0.46764588, 0.46720862, 0.46550387]",,0,0,0,0,dd3048ae7ac6c5f4fe46afdf7a4d37977015df620533b4d43d69400461c34569,4b37a5ed9cfdc71b591d28bacc024e42e8ebe679ab10903583897e072da5c95b,2026-08-06T20:59:10.526875+00:00
Q378,price,T1500,HTML,"['T1500-1915', 'T1500-1917', 'T1500-1914', 'T1500-1909', 'T1500-1908', 'T1500-1911', 'T1500-1918', 'T1500-1799', 'T1500-1912', 'T1500-1920']","[0.73983425, 0.7335673, 0.73108381, 0.72441745, 0.71268427, 0.69659364, 0.68396211, 0.67825139, 0.67771947, 0.67420864]",3,0,1,1,1,c8ac46f7229036a8ff05c8001b94c7f02908a88502f2c3afbfcc658e1ea10887,4b37a5ed9cfdc71b591d28bacc024e42e8ebe679ab10903583897e072da5c95b,2026-08-06T20:59:10.527352+00:00
Q379,price,T1500,HTML,"['T1500-1618', 'T1500-1623', 'T1500-0097', 'T1500-1643', 'T1500-1648', 'T1500-0128', 'T1500-1622', 'T1500-1537', 'T1500-1635', 'T1500-1626']","[0.64629251, 0.63071805, 0.62142622, 0.61231267, 0.60710108, 0.60572648, 0.60147977, 0.60142815, 0.60039842, 0.60037208]",1,1,1,1,1,51ee09965318aa7c1448b48edd53b310712ecb70f907f539dbf4f2b9d1e6da2b,4b37a5ed9cfdc71b591d28bacc024e42e8ebe679ab10903583897e072da5c95b,2026-08-06T20:59:10.528747+00:00
Q380,price,T1500,HTML,"['T1500-1851', 'T1500-1852', 'T1500-1854', 'T1500-1935', 'T1500-1971', 'T1500-1791', 'T1500-1787', 'T1500-1933', 'T1500-1780', 'T1500-1783']","[0.71193218, 0.69873238, 0.61942017, 0.61682612, 0.58271819, 0.58031917, 0.57757688, 0.575822, 0.57383382, 0.57202983]",1,1,1,1,1,cf3bb4c63b5d060b65f6425769b8af1a5f18f4832bba644abe14849260b23dc7,4b37a5ed9cfdc71b591d28bacc024e42e8ebe679ab10903583897e072da5c95b,2026-08-06T20:59:10.537702+00:00
Q381,attribute,T1500,HTML,"['T1500-1605', 'T1500-1599', 'T1500-1604', 'T1500-0076', 'T1500-1625', 'T1500-1623', 'T1500-1641', 'T1500-1534', 'T1500-1590', 'T1500-1602']","[0.60145426, 0.57656485, 0.57310146, 0.56797451, 0.56485283, 0.56195885, 0.56145632, 0.56110013, 0.56000972, 0.55870074]",2,0,1,1,1,a9b79be1b764ecd0a50a43bcc3bd2cd0b9537d436156f4fdb1d7ec58426fff73,4b37a5ed9cfdc71b591d28bacc024e42e8ebe679ab10903583897e072da5c95b,2026-08-06T20:59:10.540029+00:00
Q382,price,T1500,HTML,"['T1500-0832', 'T1500-0836', 'T1500-0822', 'T1500-0840', 'T1500-0825', 'T1500-0824', 'T1500-0834', 'T1500-0838', 'T1500-0823', 'T1500-0833']","[0.60799158, 0.6076718, 0.59374195, 0.59358633, 0.58490086, 0.58395171, 0.58198297, 0.58146101, 0.57964444, 0.57407761]",3,0,1,1,1,149f87082fb2f6fad5fe839875c29db5d2fa3a0b8f1b1560de806ea2afe88092,4b37a5ed9cfdc71b591d28bacc024e42e8ebe679ab10903583897e072da5c95b,2026-08-06T20:59:10.540536+00:00
Q383,attribute,T1500,HTML,"['T1500-0932', 'T1500-0931', 'T1500-0895', 'T1500-0901', 'T1500-0743', 'T1500-0707', 'T1500-0907', 'T1500-1693', 'T1500-0738', 'T1500-1705']","[0.60905582, 0.4872089, 0.48527169, 0.48414797, 0.48150074, 0.47957343, 0.47847289, 0.47379652, 0.47372258, 0.47318757]",1,1,1,1,1,41b6ce6c89fe142cd8304fca0c6921bffc2740cd851e6a8cbbd8ff80ab2bcf91,4b37a5ed9cfdc71b591d28bacc024e42e8ebe679ab10903583897e072da5c95b,2026-08-06T20:59:10.541032+00:00
Q384,attribute,T1500,HTML,"['T1500-1964', 'T1500-1965', 'T1500-1967', 'T1500-1975', 'T1500-1995', 'T1500-1976', 'T1500-1805', 'T1500-1920', 'T1500-1803', 'T1500-1955']","[0.71454012, 0.69792008, 0.69151336, 0.66447985, 0.66353405, 0.66211998, 0.66115987, 0.65639174, 0.65405452, 0.65133107]",1,1,1,1,1,daa9dd97919d372e33cc53449242ccc7e56a454ce443532a0a27d9c38573cff4,4b37a5ed9cfdc71b591d28bacc024e42e8ebe679ab10903583897e072da5c95b,2026-08-06T20:59:10.544180+00:00
Q385,attribute,T1500,HTML,"['T1500-0207', 'T1500-0212', 'T1500-0206', 'T1500-0209', 'T1500-0208', 'T1500-0211', 'T1500-0205', 'T1500-0213', 'T1500-1722', 'T1500-0769']","[0.62518829, 0.62075853, 0.61467665, 0.61459857, 0.61417234, 0.60240042, 0.59359622, 0.57770836, 0.57360035, 0.56418139]",1,1,1,1,1,8f0dc3c19258aed162b866d6cf9a9578aafd3703caa3042117e6cd06ae9e61a4,4b37a5ed9cfdc71b591d28bacc024e42e8ebe679ab10903583897e072da5c95b,2026-08-06T20:59:10.545482+00:00
Q386,price,T1500,HTML,"['T1500-1346', 'T1500-1350', 'T1500-1676', 'T1500-1702', 'T1500-1762', 'T1500-1528', 'T1500-0872', 'T1500-1516', 'T1500-1370', 'T1500-1698']","[0.52032709, 0.51827598, 0.51755834, 0.51694036, 0.51632059, 0.51401693, 0.5131495, 0.51284039, 0.51195568, 0.51164848]",7,0,0,0,1,b0de07344fd77b186a700963ddf5bb7fab9bf6eaa8311dcda642b691d107396a,4b37a5ed9cfdc71b591d28bacc024e42e8ebe679ab10903583897e072da5c95b,2026-08-06T20:59:10.546086+00:00
Q387,price,T1500,HTML,"['T1500-1339', 'T1500-1335', 'T1500-1537', 'T1500-0430', 'T1500-1336', 'T1500-1331', 'T1500-1692', 'T1500-1366', 'T1500-1713', 'T1500-1703']","[0.45914936, 0.4489516, 0.44764331, 0.43926835, 0.43119097, 0.42856798, 0.42588955, 0.42401397, 0.42371482, 0.42346302]",,0,0,0,0,8f4ec93fb32faf51fc92435c12b740765e91d8abe4071d3dcf50460736128b99,4b37a5ed9cfdc71b591d28bacc024e42e8ebe679ab10903583897e072da5c95b,2026-08-06T20:59:10.549822+00:00
Q388,price,T1500,HTML,"['T1500-1920', 'T1500-1923', 'T1500-1803', 'T1500-1805', 'T1500-1964', 'T1500-1947', 'T1500-1924', 'T1500-1917', 'T1500-1802', 'T1500-1921']","[0.73252892, 0.69295418, 0.6869514, 0.68689042, 0.68163383, 0.68132985, 0.67758501, 0.67728424, 0.67684734, 0.67598522]",1,1,1,1,1,95208b45a00c95041f5ed5434eb6d97188394c91697cd9a5cec6dc713790c528,4b37a5ed9cfdc71b591d28bacc024e42e8ebe679ab10903583897e072da5c95b,2026-08-06T20:59:10.550636+00:00
Q389,attribute,T1500,HTML,"['T1500-1128', 'T1500-1124', 'T1500-1125', 'T1500-1127', 'T1500-1126', 'T1500-1129', 'T1500-1971', 'T1500-1131', 'T1500-1776', 'T1500-1130']","[0.65687317, 0.65607816, 0.65463948, 0.65055186, 0.63021898, 0.61493766, 0.61476666, 0.60898799, 0.60694253, 0.59314287]",1,1,1,1,1,6c970798e29e09ab03c43844c37dbb8a58238a92465ab60b42b3089d4f27a423,4b37a5ed9cfdc71b591d28bacc024e42e8ebe679ab10903583897e072da5c95b,2026-08-06T20:59:10.551100+00:00
Q390,attribute,T1500,HTML,"['T1500-0461', 'T1500-0468', 'T1500-0460', 'T1500-0867', 'T1500-0561', 'T1500-0869', 'T1500-0866', 'T1500-0472', 'T1500-0560', 'T1500-0864']","[0.63041949, 0.61593866, 0.61514032, 0.6147213, 0.61457235, 0.6131109, 0.61281806, 0.61210942, 0.60999167, 0.60716355]",3,0,1,1,1,5a7571d2fb7c176cba783e7bf2706e5697f4141b8f2435938ebc41ba8741ae0b,4b37a5ed9cfdc71b591d28bacc024e42e8ebe679ab10903583897e072da5c95b,2026-08-06T20:59:10.551772+00:00
Q391,attribute,T1500,HTML,"['T1500-1534', 'T1500-1623', 'T1500-1605', 'T1500-0076', 'T1500-0097', 'T1500-0074', 'T1500-1538', 'T1500-1622', 'T1500-0112', 'T1500-0111']","[0.63836038, 0.62623137, 0.62077254, 0.6137557, 0.61300981, 0.60633814, 0.60040212, 0.5935818, 0.59163356, 0.59034252]",2,0,1,1,1,d80b80599ac0c6e06505136801d7696fe215986793bad0e4a72e7a4cdafb060c,4b37a5ed9cfdc71b591d28bacc024e42e8ebe679ab10903583897e072da5c95b,2026-08-06T20:59:10.552400+00:00
Q392,price,T1500,HTML,"['T1500-1939', 'T1500-1938', 'T1500-1811', 'T1500-1815', 'T1500-1814', 'T1500-1841', 'T1500-1941', 'T1500-1810', 'T1500-1813', 'T1500-1844']","[0.71419317, 0.70286012, 0.67508817, 0.67139119, 0.65948176, 0.6588465, 0.65866935, 0.6432687, 0.64270663, 0.63310444]",2,0,1,1,1,f9669c5ecc1ec8fd529a5b2a570edfb44b48f3640f6a0f75bc2702760be401d8,4b37a5ed9cfdc71b591d28bacc024e42e8ebe679ab10903583897e072da5c95b,2026-08-06T20:59:10.555395+00:00
Q393,attribute,T1500,HTML,"['T1500-0225', 'T1500-0226', 'T1500-0228', 'T1500-1756', 'T1500-0224', 'T1500-0227', 'T1500-1759', 'T1500-0205', 'T1500-1758', 'T1500-0208']","[0.53337693, 0.53258216, 0.52359974, 0.51537693, 0.51175767, 0.50800651, 0.49948424, 0.49943924, 0.49925593, 0.4980675]",2,0,1,1,1,aa564320f323b166c8633d3921e26003685557ebc2a31fcecfd73ee3dae94b63,4b37a5ed9cfdc71b591d28bacc024e42e8ebe679ab10903583897e072da5c95b,2026-08-06T20:59:10.557666+00:00
Q394,price,T1500,HTML,"['T1500-1965', 'T1500-1803', 'T1500-1911', 'T1500-1952', 'T1500-1964', 'T1500-1923', 'T1500-1920', 'T1500-1899', 'T1500-1802', 'T1500-1967']","[0.67908961, 0.67532057, 0.67410427, 0.67104244, 0.66903031, 0.66737634, 0.66733956, 0.66720945, 0.6652329, 0.66354185]",,0,0,0,0,6a61635b28a1b17d635e55e2bb852d295f55aafea0d2cae948fc73ba66f59e38,4b37a5ed9cfdc71b591d28bacc024e42e8ebe679ab10903583897e072da5c95b,2026-08-06T20:59:10.558101+00:00
Q395,price,T1500,HTML,"['T1500-1234', 'T1500-1233', 'T1500-1231', 'T1500-1263', 'T1500-1228', 'T1500-1230', 'T1500-1232', 'T1500-1832', 'T1500-1229', 'T1500-1988']","[0.66239667, 0.65922904, 0.63410753, 0.62803209, 0.62430203, 0.61868966, 0.61328954, 0.6067943, 0.60349059, 0.59853929]",1,1,1,1,1,4cf9a81d607f5632d14f77e8da069841b632caeedb4d78db1ca2b46e4f0e43d7,4b37a5ed9cfdc71b591d28bacc024e42e8ebe679ab10903583897e072da5c95b,2026-08-06T20:59:10.558599+00:00
Q396,attribute,T1500,HTML,"['T1500-1594', 'T1500-1595', 'T1500-1623', 'T1500-1546', 'T1500-1537', 'T1500-1627', 'T1500-1590', 'T1500-1591', 'T1500-1626', 'T1500-1613']","[0.65353423, 0.64650244, 0.64187312, 0.63620603, 0.62197888, 0.62031394, 0.61967683, 0.61358142, 0.61275029, 0.6116035]",7,0,0,0,1,281c3ec011136716a969d601bbba48f778a1a08ecabe5ff07fa83d7df3c60bae,4b37a5ed9cfdc71b591d28bacc024e42e8ebe679ab10903583897e072da5c95b,2026-08-06T20:59:10.559026+00:00
Q397,attribute,T1500,HTML,"['T1500-1366', 'T1500-1347', 'T1500-1351', 'T1500-2091', 'T1500-1367', 'T1500-0020', 'T1500-1355', 'T1500-0251', 'T1500-1349', 'T1500-1348']","[0.6378091, 0.62352002, 0.62254041, 0.6155749, 0.60685456, 0.60164112, 0.60112315, 0.5927754, 0.57859242, 0.57795185]",7,0,0,0,1,610a41e2738b151e948a93fba49f5b434759481be17f0d0c2e4f8d2e6939e9c1,4b37a5ed9cfdc71b591d28bacc024e42e8ebe679ab10903583897e072da5c95b,2026-08-06T20:59:10.562788+00:00
Q398,attribute,T1500,HTML,"['T1500-0167', 'T1500-1546', 'T1500-0173', 'T1500-0161', 'T1500-2032', 'T1500-0181', 'T1500-0175', 'T1500-0165', 'T1500-0179', 'T1500-0168']","[0.46021098, 0.45528764, 0.45423192, 0.45118934, 0.4469651, 0.44274005, 0.44197071, 0.44170952, 0.44161183, 0.43928623]",,0,0,0,0,45f3b74d76f85f4b4d84730fbbeb987a3259ed96d6e3eea93272ac3ed5a256cb,4b37a5ed9cfdc71b591d28bacc024e42e8ebe679ab10903583897e072da5c95b,2026-08-06T20:59:10.564495+00:00
Q399,price,T1500,HTML,"['T1500-1634', 'T1500-1533', 'T1500-1539', 'T1500-1560', 'T1500-1621', 'T1500-1648', 'T1500-1638', 'T1500-1561', 'T1500-1538', 'T1500-1630']","[0.62306535, 0.59190577, 0.57979059, 0.57182008, 0.57025188, 0.5664975, 0.56507456, 0.56338906, 0.56334615, 0.56266189]",1,1,1,1,1,154c8ecf125355b8f3f557d9f7e786b8512f89923e39db2efd8a480fa26a0fd3,4b37a5ed9cfdc71b591d28bacc024e42e8ebe679ab10903583897e072da5c95b,2026-08-06T20:59:10.565054+00:00
Q400,attribute,T1500,HTML,"['T1500-1086', 'T1500-1088', 'T1500-1087', 'T1500-1083', 'T1500-1082', 'T1500-1085', 'T1500-1089', 'T1500-1084', 'T1500-1095', 'T1500-1227']","[0.57239163, 0.56493616, 0.56176811, 0.5477106, 0.54575312, 0.54445761, 0.52877122, 0.52673733, 0.51988471, 0.51569164]",1,1,1,1,1,419e54e52dec16379d81e9f2cbb81b178e7ae2c07fea6662a9dfa02d3b62a464,4b37a5ed9cfdc71b591d28bacc024e42e8ebe679ab10903583897e072da5c95b,2026-08-06T20:59:10.569220+00:00
Q401,attribute,T1500,HTML,"['T1500-0452', 'T1500-0451', 'T1500-0547', 'T1500-0453', 'T1500-0770', 'T1500-0546', 'T1500-0545', 'T1500-0761', 'T1500-0450', 'T1500-0777']","[0.62597919, 0.61827886, 0.60995752, 0.60913461, 0.60214412, 0.59544694, 0.59163249, 0.590518, 0.58935207, 0.56887501]",1,1,1,1,1,11a40116050b1c5811e47d39555a430279abbc679e4219232d876464778bf607,4b37a5ed9cfdc71b591d28bacc024e42e8ebe679ab10903583897e072da5c95b,2026-08-06T20:59:10.569833+00:00
Q402,attribute,T1500,HTML,"['T1500-1125', 'T1500-1128', 'T1500-1129', 'T1500-1126', 'T1500-1131', 'T1500-1124', 'T1500-1130', 'T1500-1127', 'T1500-1971', 'T1500-1776']","[0.66975963, 0.66297698, 0.65873218, 0.64477456, 0.64326608, 0.63902009, 0.61915767, 0.61398542, 0.59105384, 0.59070849]",1,1,1,1,1,ab8320586a39bae1a8a9c391e96f9d5ce632827d5e5e999affa8dbb716c34ab2,4b37a5ed9cfdc71b591d28bacc024e42e8ebe679ab10903583897e072da5c95b,2026-08-06T20:59:10.571103+00:00
Q403,attribute,T1500,HTML,"['T1500-1629', 'T1500-0085', 'T1500-1558', 'T1500-0118', 'T1500-0087', 'T1500-1557', 'T1500-1573', 'T1500-1560', 'T1500-0054', 'T1500-1588']","[0.56636322, 0.5577426, 0.54642349, 0.54350728, 0.53384441, 0.53323674, 0.52505493, 0.51973605, 0.51885074, 0.5126968]",1,1,1,1,1,2eb302cab2bf7cc5bd4e374de7c0b282b76f63a519925808b7fba93d14f8c648,4b37a5ed9cfdc71b591d28bacc024e42e8ebe679ab10903583897e072da5c95b,2026-08-06T20:59:10.574901+00:00
Q404,price,T1500,HTML,"['T1500-1604', 'T1500-1602', 'T1500-1534', 'T1500-1623', 'T1500-1605', 'T1500-1597', 'T1500-0097', 'T1500-1537', 'T1500-1594', 'T1500-1538']","[0.63599539, 0.63347489, 0.60949904, 0.58666784, 0.57815528, 0.57478142, 0.57174009, 0.5638693, 0.56046796, 0.55998266]",2,0,1,1,1,b1b488641c16bec9a04fff656e7e54427eb864476ef1364eb0a9c19d55c3062e,4b37a5ed9cfdc71b591d28bacc024e42e8ebe679ab10903583897e072da5c95b,2026-08-06T20:59:10.575642+00:00
Q405,price,T1500,HTML,"['T1500-1930', 'T1500-1405', 'T1500-1932', 'T1500-1390', 'T1500-1391', 'T1500-1524', 'T1500-1830', 'T1500-1856', 'T1500-1404', 'T1500-1407']","[0.59054923, 0.54253328, 0.54128224, 0.53050113, 0.52474761, 0.52076679, 0.51291049, 0.51241422, 0.51179886, 0.51164442]",3,0,1,1,1,16735b8426f43d10b68fd7c4476851e387cf2bb85bdc9e9bda035c3cb47ebde2,4b37a5ed9cfdc71b591d28bacc024e42e8ebe679ab10903583897e072da5c95b,2026-08-06T20:59:10.576097+00:00
Q406,price,T1500,HTML,"['T1500-1238', 'T1500-1223', 'T1500-1222', 'T1500-1835', 'T1500-1353', 'T1500-1699', 'T1500-1756', 'T1500-1529', 'T1500-2017', 'T1500-1351']","[0.59589791, 0.58708686, 0.57680309, 0.57380939, 0.57192856, 0.57095265, 0.57074589, 0.5687412, 0.56385887, 0.55950391]",,0,0,0,0,fb848346f60bc0cb889c69d8caadddae8545e1a86bba39cd8dd535daa7ef8d58,4b37a5ed9cfdc71b591d28bacc024e42e8ebe679ab10903583897e072da5c95b,2026-08-06T20:59:10.576611+00:00
Q407,price,T1500,HTML,"['T1500-1404', 'T1500-0197', 'T1500-1595', 'T1500-1629', 'T1500-1611', 'T1500-1580', 'T1500-1590', 'T1500-1594', 'T1500-1543', 'T1500-1529']","[0.48459563, 0.48087341, 0.48006129, 0.47892758, 0.47888237, 0.47750986, 0.47573322, 0.47547358, 0.47169444, 0.4711616]",2,0,1,1,1,6b3a0483550703b78f0fef8956bf6559d47bb6c6ec3bfa71c682ff3918ab797d,4b37a5ed9cfdc71b591d28bacc024e42e8ebe679ab10903583897e072da5c95b,2026-08-06T20:59:10.577085+00:00
Q408,price,T1500,HTML,"['T1500-0759', 'T1500-0693', 'T1500-0704', 'T1500-0702', 'T1500-0777', 'T1500-0700', 'T1500-0768', 'T1500-0706', 'T1500-0707', 'T1500-0691']","[0.54562366, 0.53931028, 0.5388068, 0.53640264, 0.53541058, 0.53176546, 0.5313096, 0.52967393, 0.52907842, 0.52883226]",1,1,1,1,1,17be55ec266eb3fcf20fd7e218e6a0f51f8c013574dcebfa15db6eca5f1f5483,4b37a5ed9cfdc71b591d28bacc024e42e8ebe679ab10903583897e072da5c95b,2026-08-06T20:59:10.581475+00:00
Q409,price,T1500,HTML,"['T1500-1911', 'T1500-1912', 'T1500-1914', 'T1500-1917', 'T1500-1920', 'T1500-1908', 'T1500-1918', 'T1500-1909', 'T1500-1803', 'T1500-1976']","[0.73461342, 0.70489073, 0.68087733, 0.67943162, 0.66956133, 0.66128486, 0.6582154, 0.65551007, 0.65381634, 0.65161824]",1,1,1,1,1,d3e37d4cb8dedcd11fdc1cde31bdc9230aa4d1582acf74111a13b4d3cf239ce8,4b37a5ed9cfdc71b591d28bacc024e42e8ebe679ab10903583897e072da5c95b,2026-08-06T20:59:10.583711+00:00
Q410,attribute,T1500,HTML,"['T1500-2017', 'T1500-1065', 'T1500-1238', 'T1500-1366', 'T1500-0987', 'T1500-1210', 'T1500-1367', 'T1500-1241', 'T1500-1373', 'T1500-1211']","[0.61546135, 0.6135639, 0.61256933, 0.60823619, 0.59763229, 0.59623003, 0.59359646, 0.59118599, 0.59056938, 0.58929187]",6,0,0,0,1,69ca23fc763dd0d1e764216b9670f8aef4baba85b11ba69f3b2b8b54476d4467,4b37a5ed9cfdc71b591d28bacc024e42e8ebe679ab10903583897e072da5c95b,2026-08-06T20:59:10.584253+00:00
Q411,price,T1500,HTML,"['T1500-1537', 'T1500-1538', 'T1500-1594', 'T1500-1557', 'T1500-1641', 'T1500-1638', 'T1500-1605', 'T1500-1623', 'T1500-1550', 'T1500-1601']","[0.57693613, 0.57051849, 0.5690276, 0.56757593, 0.56575441, 0.56455505, 0.56341672, 0.56291449, 0.56062543, 0.55892885]",9,0,0,0,1,990a478cfbb944827cbb01cea2517078acb6c1b57c325b443b15c1494c6afa4e,4b37a5ed9cfdc71b591d28bacc024e42e8ebe679ab10903583897e072da5c95b,2026-08-06T20:59:10.584676+00:00
Q412,price,T1500,HTML,"['T1500-1800', 'T1500-1803', 'T1500-1920', 'T1500-1799', 'T1500-1802', 'T1500-1911', 'T1500-1952', 'T1500-1805', 'T1500-1941', 'T1500-1921']","[0.66200864, 0.65114152, 0.65034229, 0.64636528, 0.64600819, 0.64595354, 0.64364922, 0.64227957, 0.642061, 0.63612366]",4,0,0,1,1,4403f931f94a4be40f4f3b2fe8465137f37d0063138f717e092f5c93cb25a38b,4b37a5ed9cfdc71b591d28bacc024e42e8ebe679ab10903583897e072da5c95b,2026-08-06T20:59:10.585086+00:00
Q413,attribute,T1500,HTML,"['T1500-1558', 'T1500-0085', 'T1500-1557', 'T1500-1733', 'T1500-1546', 'T1500-1641', 'T1500-0073', 'T1500-1611', 'T1500-1634', 'T1500-1630']","[0.63034791, 0.57993001, 0.57947081, 0.56723166, 0.56335151, 0.56071633, 0.55992532, 0.55655032, 0.55346394, 0.55093485]",2,0,1,1,1,ed4544f9a83c9e75cb293ea92c8b8340f429cb10e44cf789fb6e69c61ef77522,4b37a5ed9cfdc71b591d28bacc024e42e8ebe679ab10903583897e072da5c95b,2026-08-06T20:59:10.587763+00:00
Q414,price,T1500,HTML,"['T1500-1534', 'T1500-1537', 'T1500-1703', 'T1500-1693', 'T1500-1605', 'T1500-1613', 'T1500-1692', 'T1500-1713', 'T1500-1339', 'T1500-1538']","[0.50513983, 0.50383615, 0.50352746, 0.50109327, 0.49943376, 0.49862966, 0.49859434, 0.49750078, 0.49483809, 0.49318039]",1,1,1,1,1,358f874b3d0ffbfa7c191852b41a429a6495a6383421176a3d252344b00f6598,4b37a5ed9cfdc71b591d28bacc024e42e8ebe679ab10903583897e072da5c95b,2026-08-06T20:59:10.589042+00:00
Q415,price,T1500,HTML,"['T1500-0197', 'T1500-1592', 'T1500-1631', 'T1500-1630', 'T1500-1626', 'T1500-0129', 'T1500-0072', 'T1500-1638', 'T1500-1404', 'T1500-1595']","[0.60718995, 0.54494071, 0.53194296, 0.52064961, 0.51759124, 0.51726282, 0.51716369, 0.51679993, 0.51367903, 0.5126738]",1,1,1,1,1,987d5cd49b26432baedff5e28ff8a6be7b4063f8fbac8d9411311cfa3ad57992,4b37a5ed9cfdc71b591d28bacc024e42e8ebe679ab10903583897e072da5c95b,2026-08-06T20:59:10.590069+00:00
Q416,price,T1500,HTML,"['T1500-1370', 'T1500-1388', 'T1500-1405', 'T1500-1523', 'T1500-1390', 'T1500-1391', 'T1500-1422', 'T1500-1448', 'T1500-0116', 'T1500-1369']","[0.50761521, 0.4990156, 0.49092495, 0.48901153, 0.48590609, 0.4856095, 0.4803226, 0.47735542, 0.4741694, 0.47361761]",,0,0,0,0,7014b5e4858eb21b4207f8dd451dc91fa9a245e2732e254f53113012ae634822,4b37a5ed9cfdc71b591d28bacc024e42e8ebe679ab10903583897e072da5c95b,2026-08-06T20:59:10.596575+00:00
Q417,attribute,T1500,HTML,"['T1500-0272', 'T1500-0273', 'T1500-0277', 'T1500-0252', 'T1500-0271', 'T1500-0274', 'T1500-0276', 'T1500-0275', 'T1500-0270', 'T1500-0280']","[0.68147779, 0.65354121, 0.63365811, 0.62510228, 0.62019432, 0.61410284, 0.60859025, 0.60553682, 0.6006825, 0.59493214]",1,1,1,1,1,ec3b48a1b81501b2543416f6a8479b01e940c0b9171d439d3b38c6bed7b0d254,4b37a5ed9cfdc71b591d28bacc024e42e8ebe679ab10903583897e072da5c95b,2026-08-06T20:59:10.597076+00:00
Q418,attribute,T1500,HTML,"['T1500-0540', 'T1500-0445', 'T1500-0441', 'T1500-0537', 'T1500-0876', 'T1500-0438', 'T1500-0446', 'T1500-0534', 'T1500-0444', 'T1500-0536']","[0.66757059, 0.66466773, 0.66099507, 0.66088247, 0.66088092, 0.65562534, 0.65516859, 0.6540426, 0.65342361, 0.65336573]",1,1,1,1,1,ea7b0a073f6efc5e0798eddf29b6ac49df66bc92f7f361e86e30da7e1c11232b,4b37a5ed9cfdc71b591d28bacc024e42e8ebe679ab10903583897e072da5c95b,2026-08-06T20:59:10.597527+00:00
Q419,attribute,T1500,HTML,"['T1500-1558', 'T1500-0085', 'T1500-1557', 'T1500-0118', 'T1500-0073', 'T1500-1550', 'T1500-1573', 'T1500-1560', 'T1500-0121', 'T1500-0025']","[0.66038215, 0.61258245, 0.60503739, 0.57255578, 0.56431031, 0.56371647, 0.56207424, 0.56078529, 0.55638534, 0.55602074]",1,1,1,1,1,8ceaba495c0b470309710904416cd9dc8fc97a0fd31752ab8590ee0c0a5d501d,4b37a5ed9cfdc71b591d28bacc024e42e8ebe679ab10903583897e072da5c95b,2026-08-06T20:59:10.597991+00:00
Q420,price,T1500,HTML,"['T1500-0876', 'T1500-0875', 'T1500-0537', 'T1500-0879', 'T1500-0878', 'T1500-0873', 'T1500-0881', 'T1500-0442', 'T1500-0348', 'T1500-0538']","[0.66469651, 0.64284497, 0.63743216, 0.63714373, 0.63644969, 0.63570946, 0.63105184, 0.62035173, 0.61739039, 0.61722636]",1,1,1,1,1,f082549a8161dd32d7337e072269938f4c5bbba6d1c1026dc04db054a94575cd,4b37a5ed9cfdc71b591d28bacc024e42e8ebe679ab10903583897e072da5c95b,2026-08-06T20:59:10.598643+00:00
Q421,attribute,T1500,HTML,"['T1500-1228', 'T1500-1231', 'T1500-1230', 'T1500-1233', 'T1500-1234', 'T1500-1232', 'T1500-1263', 'T1500-1229', 'T1500-1265', 'T1500-1235']","[0.68705255, 0.67307234, 0.67037535, 0.66219378, 0.66080773, 0.64833206, 0.64160168, 0.6362409, 0.63416129, 0.58909953]",1,1,1,1,1,434d1af4392291b14fb05cde3ebac86810b4ac8ddf3389bf1a8e0ea4eabe7545,4b37a5ed9cfdc71b591d28bacc024e42e8ebe679ab10903583897e072da5c95b,2026-08-06T20:59:10.599135+00:00
Q422,price,T1500,HTML,"['T1500-1325', 'T1500-1534', 'T1500-1625', 'T1500-1324', 'T1500-1678', 'T1500-1339', 'T1500-1590', 'T1500-1591', 'T1500-0129', 'T1500-1537']","[0.50854492, 0.50148815, 0.49697495, 0.49355289, 0.48823211, 0.4852187, 0.48341054, 0.48323408, 0.48170146, 0.48121846]",,0,0,0,0,9488f58a4a578a54ed1c30bfdc440ad95ee9d04b1cfcb82a91e4de4d007b952d,4b37a5ed9cfdc71b591d28bacc024e42e8ebe679ab10903583897e072da5c95b,2026-08-06T20:59:10.600966+00:00
Q423,attribute,T1500,HTML,"['T1500-0189', 'T1500-0190', 'T1500-0191', 'T1500-0188', 'T1500-0121', 'T1500-1611', 'T1500-0129', 'T1500-1621', 'T1500-0199', 'T1500-1541']","[0.59055203, 0.53876638, 0.53194022, 0.53031844, 0.52442592, 0.50346416, 0.50294107, 0.49846223, 0.4965553, 0.49549395]",1,1,1,1,1,f0b7f9a1ec581ab6c5a1e9b93e8c113812203ecff0bc970d2edc5450f3380643,4b37a5ed9cfdc71b591d28bacc024e42e8ebe679ab10903583897e072da5c95b,2026-08-06T20:59:10.604554+00:00
Q424,attribute,T1500,HTML,"['T1500-1964', 'T1500-1965', 'T1500-1967', 'T1500-1995', 'T1500-1920', 'T1500-1803', 'T1500-1976', 'T1500-1802', 'T1500-1947', 'T1500-1867']","[0.72704852, 0.71434677, 0.70742917, 0.67331165, 0.67135054, 0.66455436, 0.66322947, 0.66134435, 0.6594485, 0.65902448]",1,1,1,1,1,e5ca3b6cba42fd565dcecf35a3eea08b0fd90d8c3a4ee55a59095dca55386507,4b37a5ed9cfdc71b591d28bacc024e42e8ebe679ab10903583897e072da5c95b,2026-08-06T20:59:10.605071+00:00
Q425,attribute,T1500,HTML,"['T1500-1323', 'T1500-0018', 'T1500-0016', 'T1500-0019', 'T1500-0015', 'T1500-0014', 'T1500-1324', 'T1500-0017', 'T1500-1325', 'T1500-1689']","[0.67312318, 0.63945073, 0.63803548, 0.62351716, 0.62252611, 0.60857081, 0.60741431, 0.60335648, 0.59757864, 0.56981796]",1,1,1,1,1,968713910b30d6285ac3d288c6efa4e72de3bf7343e8ed9737b4693adcf6857b,4b37a5ed9cfdc71b591d28bacc024e42e8ebe679ab10903583897e072da5c95b,2026-08-06T20:59:10.607135+00:00
Q426,attribute,T1500,HTML,"['T1500-1954', 'T1500-1952', 'T1500-1951', 'T1500-1948', 'T1500-1949', 'T1500-1032', 'T1500-1025', 'T1500-1029', 'T1500-1024', 'T1500-1033']","[0.68263924, 0.67968237, 0.67380226, 0.66993904, 0.66878855, 0.66527343, 0.66407269, 0.66087306, 0.65805399, 0.65775317]",6,0,0,0,1,cd88cf326289913faae3db527cf6609e38fcc2bbf77ac30602b4226eda266d86,4b37a5ed9cfdc71b591d28bacc024e42e8ebe679ab10903583897e072da5c95b,2026-08-06T20:59:10.607792+00:00
Q427,price,T1500,HTML,"['T1500-1558', 'T1500-1557', 'T1500-1549', 'T1500-1550', 'T1500-1583', 'T1500-1630', 'T1500-1553', 'T1500-0121', 'T1500-1539', 'T1500-1638']","[0.63291425, 0.58813912, 0.5822103, 0.57844937, 0.57349396, 0.57122529, 0.5683713, 0.5670656, 0.56411636, 0.56199431]",1,1,1,1,1,b5e2e4f03eb164cae46197e32142bd1aa2baf62b84df4445364296c7b0ceb646,4b37a5ed9cfdc71b591d28bacc024e42e8ebe679ab10903583897e072da5c95b,2026-08-06T20:59:10.608356+00:00
Q428,price,T1500,HTML,"['T1500-1989', 'T1500-1947', 'T1500-1976', 'T1500-1988', 'T1500-1975', 'T1500-1923', 'T1500-1920', 'T1500-1805', 'T1500-1803', 'T1500-1906']","[0.69257152, 0.59645736, 0.59395647, 0.59072781, 0.58617139, 0.58579385, 0.58538824, 0.58538616, 0.57328182, 0.57282221]",1,1,1,1,1,8ac858ebd6439fa9fda0a9912ae1912f629a7eccc1b22908aea95673a1c168d3,4b37a5ed9cfdc71b591d28bacc024e42e8ebe679ab10903583897e072da5c95b,2026-08-06T20:59:10.608861+00:00
Q429,attribute,T1500,HTML,"['T1500-1431', 'T1500-1430', 'T1500-1422', 'T1500-2088', 'T1500-2096', 'T1500-0107', 'T1500-1740', 'T1500-1250', 'T1500-1621', 'T1500-1096']","[0.58381987, 0.58073801, 0.56552112, 0.55020225, 0.54511106, 0.54272628, 0.53765142, 0.53619987, 0.53282964, 0.52938402]",,0,0,0,0,ce6aec4df5d81b8e1ed28773ffec0a105e368ca35b61a132b930701236f5a3a1,4b37a5ed9cfdc71b591d28bacc024e42e8ebe679ab10903583897e072da5c95b,2026-08-06T20:59:10.609339+00:00
Q430,price,T1500,HTML,"['T1500-1605', 'T1500-1537', 'T1500-1534', 'T1500-1613', 'T1500-0076', 'T1500-0077', 'T1500-1629', 'T1500-1339', 'T1500-1538', 'T1500-1693']","[0.53200901, 0.52714539, 0.52527279, 0.52276522, 0.51676571, 0.50363922, 0.50209707, 0.50140023, 0.50098294, 0.50052166]",,0,0,0,0,4edd3668af8bc867b0f41e331661eda7cf8329c3d9928f9275e402a71f5c515e,4b37a5ed9cfdc71b591d28bacc024e42e8ebe679ab10903583897e072da5c95b,2026-08-06T20:59:10.613096+00:00
Q431,price,T1500,HTML,"['T1500-1796', 'T1500-1947', 'T1500-1914', 'T1500-1923', 'T1500-1921', 'T1500-1803', 'T1500-1905', 'T1500-1920', 'T1500-1802', 'T1500-1912']","[0.75019574, 0.68460971, 0.67201269, 0.67178953, 0.6701448, 0.66648924, 0.6645171, 0.66313469, 0.66289997, 0.6616798]",1,1,1,1,1,8bc3ba553d16b47a22ee55939f80f71c39dc5cfa66d8901ecfb39678c01e3206,4b37a5ed9cfdc71b591d28bacc024e42e8ebe679ab10903583897e072da5c95b,2026-08-06T20:59:10.613805+00:00
Q432,attribute,T1500,HTML,"['T1500-1095', 'T1500-1301', 'T1500-1122', 'T1500-1092', 'T1500-1299', 'T1500-1121', 'T1500-1789', 'T1500-1091', 'T1500-1094', 'T1500-1090']","[0.65917921, 0.59962058, 0.5932641, 0.58533347, 0.58120966, 0.57687616, 0.57175469, 0.56428534, 0.56416559, 0.56045723]",,0,0,0,0,795e91ba16384747a4305a51d34a9c075b5e42719af1947cf1bc438442dd580e,4b37a5ed9cfdc71b591d28bacc024e42e8ebe679ab10903583897e072da5c95b,2026-08-06T20:59:10.614327+00:00
Q433,price,T1500,HTML,"['T1500-1570', 'T1500-1568', 'T1500-1623', 'T1500-1364', 'T1500-1613', 'T1500-1622', 'T1500-1648', 'T1500-1630', 'T1500-1587', 'T1500-1635']","[0.64472723, 0.56506234, 0.56039214, 0.55148393, 0.54943359, 0.54691446, 0.53536999, 0.534666, 0.53413463, 0.53351104]",1,1,1,1,1,67b5e35baa7cd288b27f60272d1cb96cf230186f4223b8a0d161aef6385a6739,4b37a5ed9cfdc71b591d28bacc024e42e8ebe679ab10903583897e072da5c95b,2026-08-06T20:59:10.614777+00:00
Q434,attribute,T1500,HTML,"['T1500-0330', 'T1500-0329', 'T1500-0332', 'T1500-0331', 'T1500-0328', 'T1500-0348', 'T1500-0534', 'T1500-0320', 'T1500-0440', 'T1500-0374']","[0.66006303, 0.65180027, 0.64418888, 0.63888669, 0.6210596, 0.61440659, 0.61217225, 0.61139935, 0.60905123, 0.6087687]",,0,0,0,0,e46075d0690616b6edf1aea8691a4145110abd99e3304cc57f2b1c9739bb88bc,4b37a5ed9cfdc71b591d28bacc024e42e8ebe679ab10903583897e072da5c95b,2026-08-06T20:59:10.615274+00:00
Q435,price,T1500,HTML,"['T1500-1367', 'T1500-1370', 'T1500-1345', 'T1500-1383', 'T1500-1371', 'T1500-1454', 'T1500-1693', 'T1500-1363', 'T1500-1388', 'T1500-1369']","[0.55199951, 0.5498873, 0.54079866, 0.53248709, 0.53227043, 0.52603024, 0.52337742, 0.52330375, 0.52113879, 0.51803994]",2,0,1,1,1,8eb6309626904d0e284d6a1ecbda6b0df5b2883efd1d760f0e2c5b08c1e8f3b7,4b37a5ed9cfdc71b591d28bacc024e42e8ebe679ab10903583897e072da5c95b,2026-08-06T20:59:10.619559+00:00
Q436,attribute,T1500,HTML,"['T1500-1646', 'T1500-1647', 'T1500-1622', 'T1500-1538', 'T1500-1643', 'T1500-1648', 'T1500-0128', 'T1500-0074', 'T1500-1626', 'T1500-0097']","[0.64855742, 0.64433479, 0.64363325, 0.63835275, 0.63491541, 0.63490629, 0.63408375, 0.6330471, 0.63190901, 0.6249007]",2,0,1,1,1,05f9fbd34259e212e10f19ae2a22357d288f02fc960aeb858c830f5e55ecb597,4b37a5ed9cfdc71b591d28bacc024e42e8ebe679ab10903583897e072da5c95b,2026-08-06T20:59:10.620004+00:00
Q437,attribute,T1500,HTML,"['T1500-0840', 'T1500-0841', 'T1500-0836', 'T1500-0842', 'T1500-0838', 'T1500-0825', 'T1500-0839', 'T1500-0837', 'T1500-0826', 'T1500-0832']","[0.70197976, 0.69824094, 0.6699549, 0.65881449, 0.65422463, 0.62155133, 0.61462492, 0.61012065, 0.60921621, 0.60311055]",1,1,1,1,1,c84248c448d27bb580aab7b2660b177572150455ee0c50bdccf645a01c2e2008,4b37a5ed9cfdc71b591d28bacc024e42e8ebe679ab10903583897e072da5c95b,2026-08-06T20:59:10.620503+00:00
Q438,price,T1500,HTML,"['T1500-1366', 'T1500-1637', 'T1500-0020', 'T1500-1348', 'T1500-1355', 'T1500-0019', 'T1500-1383', 'T1500-1364', 'T1500-0016', 'T1500-1351']","[0.54595381, 0.53826547, 0.52140665, 0.5165081, 0.51275659, 0.5116815, 0.51011127, 0.50903934, 0.50467473, 0.50428027]",2,0,1,1,1,f755fe8a4e523d3794f10ba51fd20c738dc7129acaf300a464b169770dc5a37d,4b37a5ed9cfdc71b591d28bacc024e42e8ebe679ab10903583897e072da5c95b,2026-08-06T20:59:10.620924+00:00
Q439,price,T1500,HTML,"['T1500-0310', 'T1500-1339', 'T1500-1335', 'T1500-1730', 'T1500-1327', 'T1500-1666', 'T1500-1328', 'T1500-1693', 'T1500-1331', 'T1500-1690']","[0.55377454, 0.50166446, 0.49816975, 0.49770269, 0.49551886, 0.49008584, 0.48830879, 0.48808274, 0.48528728, 0.48490033]",1,1,1,1,1,cd2036e4aa6a794c602a205e665719b223b8fcc72f34d98f8c1cd0b964ed083f,4b37a5ed9cfdc71b591d28bacc024e42e8ebe679ab10903583897e072da5c95b,2026-08-06T20:59:10.623028+00:00
Q440,attribute,T1500,HTML,"['T1500-1208', 'T1500-0705', 'T1500-0703', 'T1500-2102', 'T1500-0701', 'T1500-0706', 'T1500-0821', 'T1500-0817', 'T1500-0698', 'T1500-0695']","[0.56532454, 0.5633924, 0.56307423, 0.5629195, 0.56130934, 0.56106502, 0.56104034, 0.5577594, 0.55679774, 0.55628693]",,0,0,0,0,009452d41a4b8f9d482d52ae17c672eeb5d3052c39ae93bdce286b6d2db8b388,4b37a5ed9cfdc71b591d28bacc024e42e8ebe679ab10903583897e072da5c95b,2026-08-06T20:59:10.624461+00:00
Q441,price,T1500,HTML,"['T1500-0859', 'T1500-0857', 'T1500-0856', 'T1500-0844', 'T1500-0846', 'T1500-0849', 'T1500-0850', 'T1500-0861', 'T1500-0845', 'T1500-0853']","[0.65801394, 0.65222299, 0.63787663, 0.63670784, 0.63637537, 0.63533938, 0.62782043, 0.62715501, 0.62585807, 0.62584257]",6,0,0,0,1,bda9abdd1429194a79186388d18619b478567c220196940d2ebc93448f7a6b63,4b37a5ed9cfdc71b591d28bacc024e42e8ebe679ab10903583897e072da5c95b,2026-08-06T20:59:10.624928+00:00
Q442,price,T1500,HTML,"['T1500-0944', 'T1500-0945', 'T1500-0946', 'T1500-0943', 'T1500-1964', 'T1500-0942', 'T1500-1803', 'T1500-0940', 'T1500-1906', 'T1500-0947']","[0.66133076, 0.65557969, 0.65175313, 0.65097976, 0.64170969, 0.63390201, 0.63241267, 0.62922907, 0.62872362, 0.62852806]",3,0,1,1,1,f596a0ecbc8089f2fd271b9142d4a5da56d676b5924807aaed48a5f94d34f052,4b37a5ed9cfdc71b591d28bacc024e42e8ebe679ab10903583897e072da5c95b,2026-08-06T20:59:10.625856+00:00
Q443,price,T1500,HTML,"['T1500-1537', 'T1500-1625', 'T1500-1627', 'T1500-1613', 'T1500-1629', 'T1500-1693', 'T1500-1631', 'T1500-1618', 'T1500-1339', 'T1500-1538']","[0.49273399, 0.47354031, 0.47266889, 0.46277815, 0.46237576, 0.45853746, 0.45743072, 0.45545539, 0.45454776, 0.45373768]",,0,0,0,0,79148fdf1e0ed93c08b15b52d9721db1320256bcef241824e26be5dd53640a0a,4b37a5ed9cfdc71b591d28bacc024e42e8ebe679ab10903583897e072da5c95b,2026-08-06T20:59:10.626773+00:00
Q444,attribute,T1500,HTML,"['T1500-0020', 'T1500-2088', 'T1500-2091', 'T1500-2089', 'T1500-1366', 'T1500-2090', 'T1500-0240', 'T1500-0241', 'T1500-1196', 'T1500-2102']","[0.64407659, 0.61278808, 0.59674662, 0.5904184, 0.58466244, 0.58214331, 0.58177817, 0.57684064, 0.57607794, 0.57591897]",1,1,1,1,1,38f56472aac36a508acfd4e88fe6d6cd09beb28b82e9e25fe558abef3b91589d,4b37a5ed9cfdc71b591d28bacc024e42e8ebe679ab10903583897e072da5c95b,2026-08-06T20:59:10.627195+00:00
Q445,price,T1500,HTML,"['T1500-1814', 'T1500-1813', 'T1500-1842', 'T1500-1841', 'T1500-1939', 'T1500-1815', 'T1500-1811', 'T1500-1844', 'T1500-1938', 'T1500-1941']","[0.70467746, 0.6979413, 0.68818969, 0.66032636, 0.65330362, 0.64797986, 0.64303696, 0.640387, 0.62375861, 0.61254317]",2,0,1,1,1,a4085663e396e0874ecc9b8015f7f6e6df15203b467a982aa16fddb78eee4ad5,4b37a5ed9cfdc71b591d28bacc024e42e8ebe679ab10903583897e072da5c95b,2026-08-06T20:59:10.630608+00:00
Q446,price,T1500,HTML,"['T1500-0322', 'T1500-0321', 'T1500-0319', 'T1500-0323', 'T1500-0345', 'T1500-0320', 'T1500-0354', 'T1500-0348', 'T1500-0346', 'T1500-0329']","[0.64175606, 0.63914925, 0.62409621, 0.62392247, 0.60078299, 0.6007812, 0.59429276, 0.59298533, 0.58929765, 0.5862785]",1,1,1,1,1,414efc0bf76d001428cfeed4f737ab220d252f6e9425173ec435c2d6f428dbb9,4b37a5ed9cfdc71b591d28bacc024e42e8ebe679ab10903583897e072da5c95b,2026-08-06T20:59:10.631031+00:00
Q447,price,T1500,HTML,"['T1500-0990', 'T1500-0991', 'T1500-0996', 'T1500-0997', 'T1500-0995', 'T1500-0989', 'T1500-0994', 'T1500-1964', 'T1500-1967', 'T1500-1004']","[0.67004544, 0.66201341, 0.65808064, 0.6536901, 0.64213789, 0.63660932, 0.63206303, 0.60759711, 0.6070165, 0.60122645]",2,0,1,1,1,6bd0dabbab360bb94b4124a0fb29abd22c24d71944c395e38edda3a93f4a6239,4b37a5ed9cfdc71b591d28bacc024e42e8ebe679ab10903583897e072da5c95b,2026-08-06T20:59:10.632937+00:00
Q448,attribute,T1500,HTML,"['T1500-0332', 'T1500-0331', 'T1500-0330', 'T1500-0329', 'T1500-0328', 'T1500-0348', 'T1500-0374', 'T1500-0376', 'T1500-0320', 'T1500-0337']","[0.65373957, 0.6528765, 0.64707088, 0.64468217, 0.6165719, 0.61139387, 0.60880005, 0.60809302, 0.60594952, 0.60483181]",,0,0,0,0,a8831be737b4aa8fb83fc62c3fc200334d03a0609f21cd9923f0232cc69096e8,4b37a5ed9cfdc71b591d28bacc024e42e8ebe679ab10903583897e072da5c95b,2026-08-06T20:59:10.634694+00:00
Q449,price,T1500,HTML,"['T1500-1839', 'T1500-1841', 'T1500-1938', 'T1500-1941', 'T1500-1815', 'T1500-1939', 'T1500-1810', 'T1500-1844', 'T1500-1814', 'T1500-1811']","[0.69457394, 0.67826408, 0.64448887, 0.62946153, 0.61701053, 0.61489558, 0.60573655, 0.6034224, 0.59887695, 0.59874827]",1,1,1,1,1,934a3bb090077e3d346e1978d9bf73bbb227b5b19c964040d2d8a3bc01b8a636,4b37a5ed9cfdc71b591d28bacc024e42e8ebe679ab10903583897e072da5c95b,2026-08-06T20:59:10.635225+00:00
Q450,price,T1500,HTML,"['T1500-0297', 'T1500-0298', 'T1500-2050', 'T1500-1713', 'T1500-2064', 'T1500-1329', 'T1500-2046', 'T1500-2057', 'T1500-1537', 'T1500-2061']","[0.65236259, 0.64252967, 0.50783479, 0.50400418, 0.50143671, 0.49912822, 0.49905926, 0.49841183, 0.49679372, 0.49471125]",1,1,1,1,1,2485525f80168789b5017c89a3f461a57b6a3c956edf0ed0252938261c72e1a5,4b37a5ed9cfdc71b591d28bacc024e42e8ebe679ab10903583897e072da5c95b,2026-08-06T20:59:10.635715+00:00
Q451,price,T1500,HTML,"['T1500-1848', 'T1500-1927', 'T1500-1809', 'T1500-1832', 'T1500-1933', 'T1500-1859', 'T1500-1773', 'T1500-1775', 'T1500-1781', 'T1500-1971']","[0.53570116, 0.5186007, 0.50410175, 0.50064182, 0.5005933, 0.48932177, 0.48162109, 0.48133233, 0.47727212, 0.47065645]",,0,0,0,0,76507186f5505e0c95fd07ebbfce1ee0b128bb5ad3d40a8901842d43ecd22242,4b37a5ed9cfdc71b591d28bacc024e42e8ebe679ab10903583897e072da5c95b,2026-08-06T20:59:10.636182+00:00
Q452,price,T1500,HTML,"['T1500-1534', 'T1500-1537', 'T1500-1626', 'T1500-1634', 'T1500-1633', 'T1500-1604', 'T1500-1613', 'T1500-1635', 'T1500-1630', 'T1500-1648']","[0.55028391, 0.54286826, 0.52724373, 0.52264571, 0.52249479, 0.52236485, 0.52116787, 0.52019274, 0.51997936, 0.51991594]",5,0,0,1,1,67447b9c626841446745bd19c626b172e2ff7455a1e7c74afa73da51ab6df1d9,4b37a5ed9cfdc71b591d28bacc024e42e8ebe679ab10903583897e072da5c95b,2026-08-06T20:59:10.636643+00:00
Q453,attribute,T1500,HTML,"['T1500-0353', 'T1500-0355', 'T1500-0354', 'T1500-0324', 'T1500-0352', 'T1500-0435', 'T1500-0530', 'T1500-0333', 'T1500-0348', 'T1500-0531']","[0.67137909, 0.67083859, 0.65225661, 0.64419019, 0.64392805, 0.61544257, 0.61330879, 0.61313015, 0.61235285, 0.60931998]",1,1,1,1,1,1a46b2e5642485ac4a1639a98da20b7873db627340de573007e9021c0ee7333a,4b37a5ed9cfdc71b591d28bacc024e42e8ebe679ab10903583897e072da5c95b,2026-08-06T20:59:10.637112+00:00
Q454,price,T1500,HTML,"['T1500-1920', 'T1500-1947', 'T1500-1995', 'T1500-1975', 'T1500-1976', 'T1500-1952', 'T1500-1949', 'T1500-1802', 'T1500-1954', 'T1500-1803']","[0.6425994, 0.63588762, 0.63294375, 0.6296528, 0.62178981, 0.62136126, 0.61757469, 0.61275524, 0.61264408, 0.61172366]",,0,0,0,0,117df845693912844f7af1b5f3f2f04b17b13f60b13530d02a2cfbd755a51902,4b37a5ed9cfdc71b591d28bacc024e42e8ebe679ab10903583897e072da5c95b,2026-08-06T20:59:10.638310+00:00
Q455,price,T1500,HTML,"['T1500-1623', 'T1500-1618', 'T1500-1625', 'T1500-0188', 'T1500-1534', 'T1500-1648', 'T1500-1537', 'T1500-0097', 'T1500-1641', 'T1500-1630']","[0.58443928, 0.5835591, 0.58130127, 0.57314229, 0.5713262, 0.57072532, 0.56961602, 0.56613988, 0.56599665, 0.56414086]",,0,0,0,0,4e8be7ea737941825646c5b2a2a18a68db5225c97acad297c224d67ce76978fd,4b37a5ed9cfdc71b591d28bacc024e42e8ebe679ab10903583897e072da5c95b,2026-08-06T20:59:10.638787+00:00
Q456,price,T1500,HTML,"['T1500-1534', 'T1500-1623', 'T1500-0097', 'T1500-0128', 'T1500-1537', 'T1500-1625', 'T1500-1618', 'T1500-1641', 'T1500-1648', 'T1500-1590']","[0.52501833, 0.51822966, 0.51380724, 0.50812024, 0.50622821, 0.50600779, 0.50484145, 0.50214237, 0.50069463, 0.50017279]",,0,0,0,0,b5a39ee521768525a274ace392b45b3f575e72ef951b605038742fa1f3a18ab4,4b37a5ed9cfdc71b591d28bacc024e42e8ebe679ab10903583897e072da5c95b,2026-08-06T20:59:10.639245+00:00
Q457,price,T1500,HTML,"['T1500-0531', 'T1500-0437', 'T1500-0879', 'T1500-0532', 'T1500-0438', 'T1500-0434', 'T1500-0436', 'T1500-0439', 'T1500-0533', 'T1500-0535']","[0.66467088, 0.66085798, 0.65991962, 0.6586889, 0.6561296, 0.65244603, 0.65121591, 0.64976001, 0.64909017, 0.64772332]",2,0,1,1,1,b51c4b65ea8ebaada5b99c76c243be6e0b8aa4c9f554e6f796cd873f3d710802,4b37a5ed9cfdc71b591d28bacc024e42e8ebe679ab10903583897e072da5c95b,2026-08-06T20:59:10.639685+00:00
Q458,price,T1500,HTML,"['T1500-1594', 'T1500-1623', 'T1500-1595', 'T1500-1591', 'T1500-1605', 'T1500-1590', 'T1500-1602', 'T1500-1537', 'T1500-1604', 'T1500-1626']","[0.6912663, 0.67641294, 0.66974044, 0.65100682, 0.64298236, 0.641608, 0.64024484, 0.63994199, 0.63609558, 0.63274521]",1,1,1,1,1,c2555be49962fadca0853e9ba72c50e0a341d829a2a82574a9bad5467eef8283,4b37a5ed9cfdc71b591d28bacc024e42e8ebe679ab10903583897e072da5c95b,2026-08-06T20:59:10.640170+00:00
Q459,attribute,T1500,HTML,"['T1500-1851', 'T1500-1045', 'T1500-1047', 'T1500-1046', 'T1500-1852', 'T1500-1792', 'T1500-1779', 'T1500-1128', 'T1500-1791', 'T1500-1121']","[0.64654833, 0.63974094, 0.62477672, 0.61216968, 0.60254836, 0.59060121, 0.58599651, 0.58258319, 0.5813508, 0.58079624]",2,0,1,1,1,2da454e5cd82f19da5235ee71a8f791e666cdf75fca0006dc9370908a079f101,4b37a5ed9cfdc71b591d28bacc024e42e8ebe679ab10903583897e072da5c95b,2026-08-06T20:59:10.643716+00:00
Q460,attribute,T1500,HTML,"['T1500-0297', 'T1500-0298', 'T1500-2064', 'T1500-2061', 'T1500-2050', 'T1500-2047', 'T1500-2057', 'T1500-2048', 'T1500-2051', 'T1500-2058']","[0.7005592, 0.68917, 0.55141485, 0.54517293, 0.54170346, 0.54023403, 0.53374839, 0.52993906, 0.52921313, 0.52864742]",1,1,1,1,1,fb689a4bf6a97d5b7593f621c30153543cf10a401dd612b5869e9c195d52bac2,4b37a5ed9cfdc71b591d28bacc024e42e8ebe679ab10903583897e072da5c95b,2026-08-06T20:59:10.644240+00:00
Q461,price,T1500,HTML,"['T1500-1667', 'T1500-1669', 'T1500-1673', 'T1500-1689', 'T1500-1693', 'T1500-1345', 'T1500-1335', 'T1500-1682', 'T1500-1342', 'T1500-1339']","[0.60308009, 0.55211186, 0.5467968, 0.537413, 0.53489482, 0.52956545, 0.52473366, 0.52390605, 0.52020085, 0.51911896]",1,1,1,1,1,8fe72ba4e2536fbd25c7f90aa8945cb138ab92b0a76578caa7eb36647fedb346,4b37a5ed9cfdc71b591d28bacc024e42e8ebe679ab10903583897e072da5c95b,2026-08-06T20:59:10.644710+00:00
Q462,attribute,T1500,HTML,"['T1500-1367', 'T1500-1353', 'T1500-1348', 'T1500-1366', 'T1500-1369', 'T1500-2091', 'T1500-0020', 'T1500-1352', 'T1500-2088', 'T1500-0295']","[0.64644426, 0.63222802, 0.6291241, 0.62816989, 0.60198319, 0.59736615, 0.59480453, 0.59314901, 0.59101701, 0.58932412]",1,1,1,1,1,da43d821099af390d8571be4c0a5287e57a108609d53a0ad93c8ab553d054d01,4b37a5ed9cfdc71b591d28bacc024e42e8ebe679ab10903583897e072da5c95b,2026-08-06T20:59:10.645183+00:00
Q463,attribute,T1500,HTML,"['T1500-0149', 'T1500-0148', 'T1500-0330', 'T1500-0329', 'T1500-0332', 'T1500-0331', 'T1500-0151', 'T1500-0659', 'T1500-0662', 'T1500-1261']","[0.57825041, 0.55397558, 0.53506517, 0.53461117, 0.53038543, 0.52846366, 0.52388412, 0.52287543, 0.5226472, 0.52252781]",2,0,1,1,1,45ed8992fbe03e5791c019556309deabd763d4844fcde94a87709ef8b53500dd,4b37a5ed9cfdc71b591d28bacc024e42e8ebe679ab10903583897e072da5c95b,2026-08-06T20:59:10.647261+00:00
Q464,attribute,T1500,HTML,"['T1500-1557', 'T1500-1555', 'T1500-1560', 'T1500-1550', 'T1500-1534', 'T1500-1558', 'T1500-1611', 'T1500-1533', 'T1500-1594', 'T1500-1634']","[0.61058331, 0.57398462, 0.56283277, 0.55966723, 0.53817236, 0.53366208, 0.5190531, 0.51893914, 0.51537037, 0.51312315]",1,1,1,1,1,d3083ba2de4ad1495206a4237349c1a49261187e0a7381e81c6aba7a8593e375,4b37a5ed9cfdc71b591d28bacc024e42e8ebe679ab10903583897e072da5c95b,2026-08-06T20:59:10.647838+00:00
Q465,price,T1500,HTML,"['T1500-0341', 'T1500-0346', 'T1500-0337', 'T1500-0331', 'T1500-0348', 'T1500-0375', 'T1500-0873', 'T1500-0335', 'T1500-0538', 'T1500-0881']","[0.62843615, 0.62317216, 0.62117398, 0.61846006, 0.61669362, 0.61652994, 0.61411369, 0.60917735, 0.60872984, 0.60645813]",1,1,1,1,1,f8eeb51be50c0b67a0789630924d94f7db36b1bd7ec540fb99777ae3e1c894d8,4b37a5ed9cfdc71b591d28bacc024e42e8ebe679ab10903583897e072da5c95b,2026-08-06T20:59:10.648962+00:00
Q466,price,T1500,HTML,"['T1500-1560', 'T1500-1558', 'T1500-1550', 'T1500-1583', 'T1500-1561', 'T1500-1638', 'T1500-1557', 'T1500-1567', 'T1500-1555', 'T1500-1549']","[0.6511746, 0.59072882, 0.57252038, 0.56305707, 0.55773139, 0.55179501, 0.55012172, 0.54916531, 0.54588521, 0.54268342]",1,1,1,1,1,8d25ee4aa5d5ad97e8d87696b362111127be2e763acd95e08f6e930f645f10bf,4b37a5ed9cfdc71b591d28bacc024e42e8ebe679ab10903583897e072da5c95b,2026-08-06T20:59:10.655717+00:00
Q467,price,T1500,HTML,"['T1500-0451', 'T1500-0545', 'T1500-0547', 'T1500-0546', 'T1500-0452', 'T1500-1832', 'T1500-0450', 'T1500-0453', 'T1500-1833', 'T1500-2023']","[0.61650342, 0.58043063, 0.57938457, 0.57538718, 0.57518834, 0.57349306, 0.56554127, 0.56323099, 0.55650175, 0.55543458]",1,1,1,1,1,63cbfbfd181c99e6cc4a6b540057475197db63fc6736175df7356cb8a4e4207e,4b37a5ed9cfdc71b591d28bacc024e42e8ebe679ab10903583897e072da5c95b,2026-08-06T20:59:10.656398+00:00
Q468,price,T1500,HTML,"['T1500-1233', 'T1500-1234', 'T1500-1231', 'T1500-1228', 'T1500-1230', 'T1500-1232', 'T1500-1263', 'T1500-1229', 'T1500-1265', 'T1500-1988']","[0.68697655, 0.68211317, 0.67209661, 0.66768801, 0.66573322, 0.66255862, 0.65301812, 0.65285683, 0.64255363, 0.62849706]",2,0,1,1,1,ddc13b7bab6312922b03a9fb33286a94779e060abffa6acf2a4aec3ffd743f43,4b37a5ed9cfdc71b591d28bacc024e42e8ebe679ab10903583897e072da5c95b,2026-08-06T20:59:10.656885+00:00
Q469,attribute,T1500,HTML,"['T1500-1102', 'T1500-1101', 'T1500-1978', 'T1500-1980', 'T1500-1100', 'T1500-1206', 'T1500-1155', 'T1500-1979', 'T1500-1982', 'T1500-1975']","[0.68579119, 0.6548295, 0.60841858, 0.6069988, 0.60404932, 0.59072685, 0.59027541, 0.58992994, 0.5890584, 0.58359218]",2,0,1,1,1,44a0a0bc854059517f1f3bb87fe8432ac95656e455d5912ea8a55cdde9220902,4b37a5ed9cfdc71b591d28bacc024e42e8ebe679ab10903583897e072da5c95b,2026-08-06T20:59:10.657458+00:00
Q470,attribute,T1500,HTML,"['T1500-1075', 'T1500-1074', 'T1500-1833', 'T1500-1077', 'T1500-1078', 'T1500-1079', 'T1500-1261', 'T1500-0863', 'T1500-1387', 'T1500-1366']","[0.62213033, 0.60662174, 0.60506076, 0.60102695, 0.57788855, 0.55909204, 0.54243249, 0.53955203, 0.5381521, 0.53790414]",,0,0,0,0,cb52571e6080b78de6b60cdf0d5cd887878be6a5db6cf8d65ccb6d6e3afa868b,4b37a5ed9cfdc71b591d28bacc024e42e8ebe679ab10903583897e072da5c95b,2026-08-06T20:59:10.657977+00:00
Q471,price,T1500,HTML,"['T1500-1985', 'T1500-1982', 'T1500-1983', 'T1500-1805', 'T1500-1920', 'T1500-1803', 'T1500-1975', 'T1500-1947', 'T1500-1976', 'T1500-1802']","[0.65112901, 0.60769188, 0.59722936, 0.59000391, 0.58432436, 0.58023787, 0.57708919, 0.57658106, 0.57402658, 0.57226646]",1,1,1,1,1,f93dcb56839345a079e94eed586a3edd568989cdce66a9e73c0d3b6a72f97721,4b37a5ed9cfdc71b591d28bacc024e42e8ebe679ab10903583897e072da5c95b,2026-08-06T20:59:10.659986+00:00
Q472,price,T1500,HTML,"['T1500-1842', 'T1500-1813', 'T1500-1814', 'T1500-1844', 'T1500-1841', 'T1500-1811', 'T1500-1939', 'T1500-1810', 'T1500-1938', 'T1500-1815']","[0.6690954, 0.56863248, 0.56649911, 0.55703825, 0.53672302, 0.51148736, 0.49972942, 0.49319494, 0.49202856, 0.48711783]",1,1,1,1,1,7113ad1693c4cbc79226a8b043ef52739dc2e4824359d3d234739ce47bbf09de,4b37a5ed9cfdc71b591d28bacc024e42e8ebe679ab10903583897e072da5c95b,2026-08-06T20:59:10.660707+00:00
Q473,price,T1500,HTML,"['T1500-1833', 'T1500-1835', 'T1500-1832', 'T1500-1261', 'T1500-2023', 'T1500-1777', 'T1500-1013', 'T1500-0545', 'T1500-1017', 'T1500-1755']","[0.63147068, 0.60260534, 0.59743881, 0.58656949, 0.56031489, 0.55600274, 0.54896927, 0.54850513, 0.54505515, 0.5389744]",3,0,1,1,1,f57a758364ade54addea71fd13da5ba22619fbed0dc462672351516fa9f8f583,4b37a5ed9cfdc71b591d28bacc024e42e8ebe679ab10903583897e072da5c95b,2026-08-06T20:59:10.662799+00:00
Q474,price,T1500,HTML,"['T1500-1805', 'T1500-1806', 'T1500-1939', 'T1500-1815', 'T1500-1814', 'T1500-1938', 'T1500-1948', 'T1500-1820', 'T1500-1813', 'T1500-1826']","[0.6937952, 0.6911608, 0.658005, 0.65563035, 0.64896715, 0.6442076, 0.63918602, 0.63841462, 0.63749343, 0.63719618]",1,1,1,1,1,13e24e0b27bacdc6ebf44d3793bb1fd76fe337419234dbc46e713c3cb353c507,4b37a5ed9cfdc71b591d28bacc024e42e8ebe679ab10903583897e072da5c95b,2026-08-06T20:59:10.667414+00:00
Q475,attribute,T1500,HTML,"['T1500-1128', 'T1500-1129', 'T1500-1126', 'T1500-1125', 'T1500-1131', 'T1500-1971', 'T1500-1776', 'T1500-1127', 'T1500-1124', 'T1500-1773']","[0.65403259, 0.62371475, 0.62156612, 0.62149537, 0.62084079, 0.61288065, 0.61190057, 0.60443926, 0.60035729, 0.59521663]",1,1,1,1,1,acc284581545fad01fc2ff9810522a7bd8a5fbf25488b939cc20a7e9a8e0edb6,4b37a5ed9cfdc71b591d28bacc024e42e8ebe679ab10903583897e072da5c95b,2026-08-06T20:59:10.668482+00:00
Q476,price,T1500,HTML,"['T1500-1614', 'T1500-1613', 'T1500-1622', 'T1500-1534', 'T1500-1637', 'T1500-0016', 'T1500-1648', 'T1500-1630', 'T1500-0019', 'T1500-1623']","[0.62850684, 0.5391711, 0.53468525, 0.53381479, 0.51672411, 0.51155132, 0.51046121, 0.50697339, 0.50591111, 0.50461644]",1,1,1,1,1,f0f320f9f4809684541052561f403866459eac81a1de141431d22a5897ccbd5a,4b37a5ed9cfdc71b591d28bacc024e42e8ebe679ab10903583897e072da5c95b,2026-08-06T20:59:10.668999+00:00
Q477,price,T1500,HTML,"['T1500-1530', 'T1500-0097', 'T1500-1583', 'T1500-0128', 'T1500-0067', 'T1500-1531', 'T1500-0074', 'T1500-1623', 'T1500-1622', 'T1500-1533']","[0.6631242, 0.59925944, 0.59545732, 0.58745116, 0.5837903, 0.58180386, 0.57855445, 0.57830548, 0.57561302, 0.57557756]",1,1,1,1,1,376dc4f63296a07b32291634b0bcbef90cf11608649c251590b12d503883a326,4b37a5ed9cfdc71b591d28bacc024e42e8ebe679ab10903583897e072da5c95b,2026-08-06T20:59:10.673468+00:00
Q478,attribute,T1500,HTML,"['T1500-1608', 'T1500-1607', 'T1500-1591', 'T1500-1590', 'T1500-1623', 'T1500-1618', 'T1500-1534', 'T1500-1611', 'T1500-1634', 'T1500-1630']","[0.60806233, 0.60437316, 0.59258026, 0.58992541, 0.58327603, 0.57898188, 0.57884991, 0.57738304, 0.57587236, 0.57577264]",2,0,1,1,1,4c83ccf81bf260962a8c0864ca854a0400bc0c40a9aef6cec741bd155373adb3,4b37a5ed9cfdc71b591d28bacc024e42e8ebe679ab10903583897e072da5c95b,2026-08-06T20:59:10.674070+00:00
Q479,attribute,T1500,HTML,"['T1500-0026', 'T1500-0025', 'T1500-0029', 'T1500-0027', 'T1500-1534', 'T1500-0030', 'T1500-0028', 'T1500-0301', 'T1500-2094', 'T1500-2098']","[0.6340391, 0.56780058, 0.56213188, 0.54486918, 0.51503092, 0.5125342, 0.51113337, 0.5089882, 0.49752665, 0.49533653]",1,1,1,1,1,40bf022ef9f39b5f03ee405f3e431387e503632b012c3d07943587fa4bcb5ca0,4b37a5ed9cfdc71b591d28bacc024e42e8ebe679ab10903583897e072da5c95b,2026-08-06T20:59:10.674640+00:00
Q480,price,T1500,HTML,"['T1500-0346', 'T1500-0348', 'T1500-0873', 'T1500-0374', 'T1500-0341', 'T1500-0337', 'T1500-0335', 'T1500-0538', 'T1500-0881', 'T1500-0375']","[0.55561578, 0.5416038, 0.54116291, 0.53948718, 0.53929079, 0.53791809, 0.5370822, 0.53693938, 0.53431684, 0.53385127]",5,0,0,1,1,65cb7fd047031f6e1f366b31e62a1cead7da013280b8e8d6fcd9f123632b279f,4b37a5ed9cfdc71b591d28bacc024e42e8ebe679ab10903583897e072da5c95b,2026-08-06T20:59:10.675101+00:00
Q481,attribute,T1500,HTML,"['T1500-1226', 'T1500-1225', 'T1500-1224', 'T1500-1227', 'T1500-1110', 'T1500-1793', 'T1500-1094', 'T1500-1788', 'T1500-1223', 'T1500-1121']","[0.68270659, 0.66727209, 0.66173637, 0.64926624, 0.61939776, 0.61588049, 0.61508614, 0.61444318, 0.61418873, 0.61415982]",,0,0,0,0,80acd1633ba494e4f9bdd0ab96137eded1dd3592aadfc21c40f94f1e6129e52f,4b37a5ed9cfdc71b591d28bacc024e42e8ebe679ab10903583897e072da5c95b,2026-08-06T20:59:10.677403+00:00
Q482,attribute,T1500,HTML,"['T1500-1621', 'T1500-0062', 'T1500-0110', 'T1500-0070', 'T1500-0074', 'T1500-1533', 'T1500-1565', 'T1500-0308', 'T1500-0109', 'T1500-0041']","[0.63711023, 0.62723774, 0.61504185, 0.60828215, 0.60632229, 0.60413605, 0.60035813, 0.59716094, 0.58561647, 0.58521324]",1,1,1,1,1,3d4529f4def529f94dbd165e7434569d60e515c06be4b19e22d819281f1bd546,4b37a5ed9cfdc71b591d28bacc024e42e8ebe679ab10903583897e072da5c95b,2026-08-06T20:59:10.677915+00:00
Q483,attribute,T1500,HTML,"['T1500-1836', 'T1500-1835', 'T1500-1838', 'T1500-1755', 'T1500-0616', 'T1500-0555', 'T1500-1832', 'T1500-1833', 'T1500-1752', 'T1500-0554']","[0.60626435, 0.57040119, 0.55252993, 0.53334665, 0.5149799, 0.51393908, 0.51393461, 0.51257294, 0.51218224, 0.51168907]",,0,0,0,0,27f3f591f45e00481bcb238536ef9d120fe74985a41bf4d3b890cbf8abdf4345,4b37a5ed9cfdc71b591d28bacc024e42e8ebe679ab10903583897e072da5c95b,2026-08-06T20:59:10.678448+00:00
Q484,attribute,T1500,HTML,"['T1500-1614', 'T1500-1749', 'T1500-0301', 'T1500-0089', 'T1500-0299', 'T1500-0304', 'T1500-0305', 'T1500-0300', 'T1500-1534', 'T1500-0302']","[0.60764503, 0.56030071, 0.54863226, 0.54389268, 0.54232866, 0.54107946, 0.53588402, 0.53500998, 0.53298295, 0.52748191]",1,1,1,1,1,9cdcd9f9220984a598fa688e551b0f03c234ec261e108e47f95faf3b0c6d1100,4b37a5ed9cfdc71b591d28bacc024e42e8ebe679ab10903583897e072da5c95b,2026-08-06T20:59:10.678975+00:00
Q485,price,T1500,HTML,"['T1500-1964', 'T1500-1967', 'T1500-1965', 'T1500-1805', 'T1500-1976', 'T1500-1867', 'T1500-1975', 'T1500-1947', 'T1500-1870', 'T1500-1920']","[0.68939614, 0.68491542, 0.68420851, 0.65624696, 0.6524967, 0.65123892, 0.64950228, 0.64629215, 0.64553285, 0.64253223]",2,0,1,1,1,ea3f1e1a24092c53ba61dc84d1a0a7ab0bf064b8b904868091786af516739ac5,4b37a5ed9cfdc71b591d28bacc024e42e8ebe679ab10903583897e072da5c95b,2026-08-06T20:59:10.680008+00:00
Q486,attribute,T1500,HTML,"['T1500-1952', 'T1500-1951', 'T1500-1954', 'T1500-1025', 'T1500-1949', 'T1500-1948', 'T1500-1028', 'T1500-1024', 'T1500-1026', 'T1500-1021']","[0.7057448, 0.69439012, 0.69166553, 0.68240201, 0.68024027, 0.67932707, 0.67776239, 0.67697203, 0.6723792, 0.66946679]",4,0,0,1,1,26a59ff30d4b7a4e24968fac1809ce13ebacff53de51e8650787d2e978dd555c,4b37a5ed9cfdc71b591d28bacc024e42e8ebe679ab10903583897e072da5c95b,2026-08-06T20:59:10.681155+00:00
Q487,attribute,T1500,HTML,"['T1500-0159', 'T1500-0158', 'T1500-0400', 'T1500-0394', 'T1500-1254', 'T1500-0383', 'T1500-0424', 'T1500-0392', 'T1500-0381', 'T1500-0372']","[0.50782311, 0.48502702, 0.4795076, 0.47596109, 0.47536317, 0.47380912, 0.4718796, 0.47078341, 0.470411, 0.46961349]",,0,0,0,0,330b9cdbe6ac70d25a6e65697f4313c966363dbdcdd9e54d2b9837f5b1c55b77,4b37a5ed9cfdc71b591d28bacc024e42e8ebe679ab10903583897e072da5c95b,2026-08-06T20:59:10.681683+00:00
Q488,price,T1500,HTML,"['T1500-1601', 'T1500-1602', 'T1500-1599', 'T1500-1598', 'T1500-1605', 'T1500-1597', 'T1500-1613', 'T1500-1537', 'T1500-1604', 'T1500-1534']","[0.68667823, 0.6651113, 0.63740981, 0.63109553, 0.62649924, 0.5987426, 0.59497166, 0.59030259, 0.58865941, 0.5838387]",1,1,1,1,1,bc5f310c408ed0e10de74fab5834c1f222f92d719494a9c7583948c39549fd28,4b37a5ed9cfdc71b591d28bacc024e42e8ebe679ab10903583897e072da5c95b,2026-08-06T20:59:10.682162+00:00
Q489,price,T1500,HTML,"['T1500-1729', 'T1500-1730', 'T1500-1366', 'T1500-1723', 'T1500-1722', 'T1500-1214', 'T1500-1355', 'T1500-1351', 'T1500-1373', 'T1500-1529']","[0.7010476, 0.65593326, 0.62390202, 0.61712039, 0.59168518, 0.59119344, 0.58337986, 0.58202016, 0.57347256, 0.56961948]",1,1,1,1,1,341febbc65c444616d0c103df1d0499acbd632a4215352808ede0354d660b6f3,4b37a5ed9cfdc71b591d28bacc024e42e8ebe679ab10903583897e072da5c95b,2026-08-06T20:59:10.682626+00:00
Q490,price,T1500,HTML,"['T1500-1534', 'T1500-1605', 'T1500-1538', 'T1500-1537', 'T1500-1634', 'T1500-1539', 'T1500-1599', 'T1500-1535', 'T1500-1601', 'T1500-1633']","[0.50501442, 0.48441264, 0.48417354, 0.48412025, 0.48310289, 0.48271745, 0.48132089, 0.47709566, 0.47337607, 0.47241297]",10,0,0,0,1,8c9bf01316a86091ae26871e139618fe7544354db82a523dc652da0a9d3ae047,4b37a5ed9cfdc71b591d28bacc024e42e8ebe679ab10903583897e072da5c95b,2026-08-06T20:59:10.683057+00:00
Q491,price,T1500,HTML,"['T1500-1604', 'T1500-1534', 'T1500-1602', 'T1500-1537', 'T1500-1605', 'T1500-1538', 'T1500-1623', 'T1500-1626', 'T1500-0097', 'T1500-1601']","[0.58353341, 0.58004451, 0.53588063, 0.53484321, 0.53341031, 0.52568984, 0.52353406, 0.51998985, 0.51583129, 0.51394033]",1,1,1,1,1,afb5e844578a08b5b506fc48c38b8cfd8e0d14ce605392ed80997aed39315c6d,4b37a5ed9cfdc71b591d28bacc024e42e8ebe679ab10903583897e072da5c95b,2026-08-06T20:59:10.684409+00:00
Q492,attribute,T1500,HTML,"['T1500-0437', 'T1500-0531', 'T1500-0876', 'T1500-0436', 'T1500-0532', 'T1500-0534', 'T1500-0438', 'T1500-0533', 'T1500-0441', 'T1500-0537']","[0.67246234, 0.67154634, 0.66374433, 0.66371596, 0.66290152, 0.66192997, 0.65989661, 0.65960342, 0.65892935, 0.65845287]",1,1,1,1,1,27fd7761356e16b95d4cc4113a81fbf412939f6b5e19957e198f07d59c0d6364,4b37a5ed9cfdc71b591d28bacc024e42e8ebe679ab10903583897e072da5c95b,2026-08-06T20:59:10.688144+00:00
Q493,price,T1500,HTML,"['T1500-1627', 'T1500-1633', 'T1500-1623', 'T1500-1604', 'T1500-1537', 'T1500-1613', 'T1500-1629', 'T1500-1630', 'T1500-1648', 'T1500-1538']","[0.56345701, 0.55317456, 0.54740334, 0.53762269, 0.53560042, 0.53385973, 0.53277493, 0.53233212, 0.52987385, 0.52459896]",,0,0,0,0,00ed3334cbf8f4912755532812a66a54d06e8282c18a5a2c6d2ae82d5e880f06,4b37a5ed9cfdc71b591d28bacc024e42e8ebe679ab10903583897e072da5c95b,2026-08-06T20:59:10.688624+00:00
Q494,price,T1500,HTML,"['T1500-0697', 'T1500-0688', 'T1500-0693', 'T1500-0694', 'T1500-0685', 'T1500-0695', 'T1500-0686', 'T1500-0700', 'T1500-0704', 'T1500-0691']","[0.58136624, 0.57415009, 0.5698092, 0.56867814, 0.56847697, 0.56607908, 0.56433773, 0.56299299, 0.56264853, 0.56076258]",2,0,1,1,1,5bb163288ec7bfbb65e8f1e52b42e18579cd7410d05b2aa4c2ab996bafdec165,4b37a5ed9cfdc71b591d28bacc024e42e8ebe679ab10903583897e072da5c95b,2026-08-06T20:59:10.689077+00:00
Q495,price,T1500,HTML,"['T1500-1952', 'T1500-1947', 'T1500-1949', 'T1500-1951', 'T1500-1920', 'T1500-1203', 'T1500-1976', 'T1500-1954', 'T1500-1975', 'T1500-1805']","[0.64292741, 0.64216185, 0.64120841, 0.64067745, 0.6362462, 0.63624114, 0.63462126, 0.63247669, 0.63226867, 0.62768364]",6,0,0,0,1,a41d30c44906e7b426ea7a4b01ae411cdd210ebb2b595d8e7790846c199ac8ed,4b37a5ed9cfdc71b591d28bacc024e42e8ebe679ab10903583897e072da5c95b,2026-08-06T20:59:10.692057+00:00
Q496,attribute,T1500,HTML,"['T1500-1097', 'T1500-1098', 'T1500-1995', 'T1500-1192', 'T1500-0965', 'T1500-0982', 'T1500-0973', 'T1500-0978', 'T1500-0977', 'T1500-0975']","[0.67378014, 0.66119951, 0.63738418, 0.61210293, 0.61202985, 0.6103605, 0.60910517, 0.60782886, 0.60764849, 0.60736179]",1,1,1,1,1,df8afd89b9549f0d733105004283ea271032f152ac93ab35994ed6ccba2b1d32,4b37a5ed9cfdc71b591d28bacc024e42e8ebe679ab10903583897e072da5c95b,2026-08-06T20:59:10.695044+00:00
Q497,attribute,T1500,HTML,"['T1500-1205', 'T1500-1204', 'T1500-1995', 'T1500-1168', 'T1500-1171', 'T1500-1169', 'T1500-1181', 'T1500-1172', 'T1500-1174', 'T1500-1179']","[0.68137765, 0.65633214, 0.65199494, 0.64840627, 0.64449102, 0.64419913, 0.64399296, 0.64354146, 0.64337802, 0.64302421]",1,1,1,1,1,d624437601eb743254f92b6ffa4311b9d2f9d431af08d47a576686184927aed8,4b37a5ed9cfdc71b591d28bacc024e42e8ebe679ab10903583897e072da5c95b,2026-08-06T20:59:10.699874+00:00
Q498,attribute,T1500,HTML,"['T1500-1366', 'T1500-1351', 'T1500-1347', 'T1500-1355', 'T1500-1367', 'T1500-1348', 'T1500-0020', 'T1500-0251', 'T1500-1383', 'T1500-1352']","[0.66830218, 0.65418768, 0.64907473, 0.63837039, 0.63287818, 0.62510675, 0.62435424, 0.62122083, 0.61969507, 0.61874741]",1,1,1,1,1,14adace0c7af92ce76a0812b61f8b88a57711487c5700386f8741a980778e785,4b37a5ed9cfdc71b591d28bacc024e42e8ebe679ab10903583897e072da5c95b,2026-08-06T20:59:10.700464+00:00
Q499,price,T1500,HTML,"['T1500-0990', 'T1500-0996', 'T1500-0991', 'T1500-0997', 'T1500-0995', 'T1500-0989', 'T1500-0994', 'T1500-1964', 'T1500-1006', 'T1500-1967']","[0.67952454, 0.66703486, 0.65829444, 0.65770173, 0.65343535, 0.64322597, 0.61725467, 0.60953867, 0.60692453, 0.60641599]",6,0,0,0,1,f735bfc655124d0e69aa156b978220f0585e8ca4e08938b0a2290645dccc2f17,4b37a5ed9cfdc71b591d28bacc024e42e8ebe679ab10903583897e072da5c95b,2026-08-06T20:59:10.700969+00:00
Q500,price,T1500,HTML,"['T1500-1622', 'T1500-1621', 'T1500-1534', 'T1500-1648', 'T1500-1539', 'T1500-1623', 'T1500-0097', 'T1500-1617', 'T1500-0065', 'T1500-1638']","[0.64593661, 0.61957729, 0.58847529, 0.57603806, 0.57496673, 0.56704509, 0.56548959, 0.55958784, 0.55824184, 0.55822253]",1,1,1,1,1,7aa93253ff9d9759d103cd2c7582072a4b46776346d96f2aa44a2ae32d11c2a9,4b37a5ed9cfdc71b591d28bacc024e42e8ebe679ab10903583897e072da5c95b,2026-08-06T20:59:10.707427+00:00
Q001,price,T1500,KV,"['T1500-1191', 'T1500-1060', 'T1500-0980', 'T1500-0975', 'T1500-0979', 'T1500-0981', 'T1500-1918', 'T1500-0982', 'T1500-0976', 'T1500-0950']","[0.62263024, 0.61521828, 0.60872889, 0.6086129, 0.60742116, 0.60641211, 0.60625064, 0.60591161, 0.60564333, 0.60537189]",7,0,0,0,1,48c9980aff888ec99ed03914aac8b562d47217d267f9095a5f7a0e512803d1b8,95c4f1f0b76fbee017d2e71ebc2b96d828b9a10e7be4207d2cc6bbcb3964e438,2026-08-06T20:59:11.588046+00:00
Q002,price,T1500,KV,"['T1500-1631', 'T1500-0104', 'T1500-0060', 'T1500-0108', 'T1500-0072', 'T1500-1633', 'T1500-0070', 'T1500-1449', 'T1500-1535', 'T1500-0097']","[0.58160722, 0.5544579, 0.55339992, 0.53961205, 0.53745824, 0.53695202, 0.53682435, 0.5336808, 0.53130728, 0.53091723]",6,0,0,0,1,3be65393ec725ae6bb36e4428f29fc1a95c0fcf13b5d9668829d0e4329e9948f,95c4f1f0b76fbee017d2e71ebc2b96d828b9a10e7be4207d2cc6bbcb3964e438,2026-08-06T20:59:11.588566+00:00
Q003,attribute,T1500,KV,"['T1500-0735', 'T1500-0738', 'T1500-0742', 'T1500-0736', 'T1500-0737', 'T1500-0741', 'T1500-0731', 'T1500-0734', 'T1500-0754', 'T1500-0733']","[0.7079981, 0.66252959, 0.64999616, 0.64747608, 0.64721727, 0.64664382, 0.64659595, 0.6448769, 0.64279133, 0.64243573]",1,1,1,1,1,b28db1aada14e327e7ab73fa1f02c7de0c86dc6b589a0d245c16299671ea7533,95c4f1f0b76fbee017d2e71ebc2b96d828b9a10e7be4207d2cc6bbcb3964e438,2026-08-06T20:59:11.589036+00:00
Q004,attribute,T1500,KV,"['T1500-0112', 'T1500-2096', 'T1500-0108', 'T1500-0114', 'T1500-0100', 'T1500-0199', 'T1500-0104', 'T1500-2088', 'T1500-2099', 'T1500-0109']","[0.58856463, 0.56768906, 0.56133759, 0.55408102, 0.55117273, 0.54850209, 0.54732299, 0.54690367, 0.54648858, 0.54088795]",5,0,0,1,1,81eb045c663f0afa7e3fa42b9b1c61168e8ef0933a04883c7d097729f9beca57,95c4f1f0b76fbee017d2e71ebc2b96d828b9a10e7be4207d2cc6bbcb3964e438,2026-08-06T20:59:11.589644+00:00
Q005,attribute,T1500,KV,"['T1500-1555', 'T1500-1550', 'T1500-1557', 'T1500-1531', 'T1500-1560', 'T1500-1562', 'T1500-0088', 'T1500-0063', 'T1500-1558', 'T1500-1551']","[0.5421207, 0.51723355, 0.50802284, 0.49826413, 0.49755815, 0.49163467, 0.48889428, 0.48689467, 0.47674555, 0.47316796]",1,1,1,1,1,92ceefe6b7735b49e461723bd2e9c52dd37a292609400267774536457843a2e6,95c4f1f0b76fbee017d2e71ebc2b96d828b9a10e7be4207d2cc6bbcb3964e438,2026-08-06T20:59:11.590105+00:00
Q006,price,T1500,KV,"['T1500-0297', 'T1500-0298', 'T1500-0017', 'T1500-0552', 'T1500-0019', 'T1500-0012', 'T1500-1449', 'T1500-0184', 'T1500-0015', 'T1500-0235']","[0.61924493, 0.59217989, 0.57399112, 0.5234971, 0.51760721, 0.51397765, 0.50563669, 0.50322831, 0.5023585, 0.50225675]",1,1,1,1,1,758c8cdd2e473ba80e1e094c8a062e55b0a1813d79493841a5b0dc41af4d7f51,95c4f1f0b76fbee017d2e71ebc2b96d828b9a10e7be4207d2cc6bbcb3964e438,2026-08-06T20:59:11.590952+00:00
Q007,attribute,T1500,KV,"['T1500-1560', 'T1500-1558', 'T1500-0085', 'T1500-1550', 'T1500-1570', 'T1500-1638', 'T1500-1555', 'T1500-1546', 'T1500-1535', 'T1500-1557']","[0.55144787, 0.54052258, 0.53024268, 0.52643806, 0.52206039, 0.52148688, 0.52123392, 0.51734817, 0.51523703, 0.5121876]",3,0,1,1,1,4b7c7532a94594844061c797ba4cb1657ae84c54e804faa49e6c99350b41f834,95c4f1f0b76fbee017d2e71ebc2b96d828b9a10e7be4207d2cc6bbcb3964e438,2026-08-06T20:59:11.591425+00:00
Q008,attribute,T1500,KV,"['T1500-0112', 'T1500-0108', 'T1500-0100', 'T1500-0199', 'T1500-1611', 'T1500-1449', 'T1500-1546', 'T1500-0114', 'T1500-0097', 'T1500-0104']","[0.58256853, 0.5765056, 0.56502211, 0.56474227, 0.55500203, 0.55400348, 0.55391097, 0.55214471, 0.54926002, 0.54715741]",5,0,0,1,1,c221246c809e91c9f7959fd6099aa8489b464b26fb136419e1b3b64926ed2d90,95c4f1f0b76fbee017d2e71ebc2b96d828b9a10e7be4207d2cc6bbcb3964e438,2026-08-06T20:59:11.591877+00:00
Q009,price,T1500,KV,"['T1500-0040', 'T1500-1567', 'T1500-0195', 'T1500-1565', 'T1500-0121', 'T1500-1580', 'T1500-0039', 'T1500-0120', 'T1500-1571', 'T1500-0118']","[0.55882263, 0.55695796, 0.53839314, 0.52498174, 0.51043421, 0.50832391, 0.50344425, 0.49983776, 0.49969894, 0.49027333]",2,0,1,1,1,1e041530cbdd16f4c649a79b9be701cac9342d113a97477922a048088a0b6f46,95c4f1f0b76fbee017d2e71ebc2b96d828b9a10e7be4207d2cc6bbcb3964e438,2026-08-06T20:59:11.592321+00:00
Q010,attribute,T1500,KV,"['T1500-0877', 'T1500-0432', 'T1500-0528', 'T1500-0529', 'T1500-0448', 'T1500-0534', 'T1500-0880', 'T1500-0530', 'T1500-0444', 'T1500-0440']","[0.64276409, 0.6297574, 0.61394209, 0.60976291, 0.60947633, 0.60846561, 0.60387659, 0.60280442, 0.60182488, 0.59880495]",2,0,1,1,1,8464b0207cdff8f9cacdaa62103085147699817cb78f292c57b610d70ea5695d,95c4f1f0b76fbee017d2e71ebc2b96d828b9a10e7be4207d2cc6bbcb3964e438,2026-08-06T20:59:11.592732+00:00
Q011,price,T1500,KV,"['T1500-0051', 'T1500-1384', 'T1500-0048', 'T1500-0293', 'T1500-1358', 'T1500-0050', 'T1500-1360', 'T1500-0203', 'T1500-0049', 'T1500-0292']","[0.59695053, 0.57225066, 0.54550308, 0.53978652, 0.5360778, 0.53464198, 0.526088, 0.522659, 0.51900643, 0.51866555]",,0,0,0,0,98e8263dea4c229e5ab838825bf5597870c2864f07ba19a8d82c75f825e1489b,95c4f1f0b76fbee017d2e71ebc2b96d828b9a10e7be4207d2cc6bbcb3964e438,2026-08-06T20:59:11.593140+00:00
Q012,attribute,T1500,KV,"['T1500-0812', 'T1500-0400', 'T1500-1308', 'T1500-0741', 'T1500-1272', 'T1500-1266', 'T1500-0394', 'T1500-0397', 'T1500-0396', 'T1500-0395']","[0.53831315, 0.53787565, 0.53770041, 0.53650028, 0.53524369, 0.5293147, 0.52831918, 0.52626348, 0.52435791, 0.51993823]",,0,0,0,0,bd0396f9677602e4f9c984ff699b54f47edd2ff10824aaffb00d280e56a11d98,95c4f1f0b76fbee017d2e71ebc2b96d828b9a10e7be4207d2cc6bbcb3964e438,2026-08-06T20:59:11.595742+00:00
Q013,attribute,T1500,KV,"['T1500-0324', 'T1500-0343', 'T1500-0341', 'T1500-0344', 'T1500-0339', 'T1500-0355', 'T1500-0342', 'T1500-0320', 'T1500-0354', 'T1500-0323']","[0.6168195, 0.61560142, 0.60531598, 0.58838773, 0.58673775, 0.57369351, 0.57257962, 0.57034671, 0.56677109, 0.56531727]",,0,0,0,0,27c188fcfa0a8df3a7ef9db7371a765b775aa7f7f7ca65556b1d4135f4972286,95c4f1f0b76fbee017d2e71ebc2b96d828b9a10e7be4207d2cc6bbcb3964e438,2026-08-06T20:59:11.597299+00:00
Q014,price,T1500,KV,"['T1500-1535', 'T1500-1538', 'T1500-1601', 'T1500-1537', 'T1500-1342', 'T1500-0125', 'T1500-0112', 'T1500-0126', 'T1500-0021', 'T1500-1546']","[0.4525497, 0.43939373, 0.43909928, 0.43295422, 0.42989653, 0.41760767, 0.41179127, 0.41152561, 0.41049582, 0.40998563]",2,0,1,1,1,a2916f8e16349cacfb064af98e283b2f6c2e4e4b510f6fe50a432d68b4b00377,95c4f1f0b76fbee017d2e71ebc2b96d828b9a10e7be4207d2cc6bbcb3964e438,2026-08-06T20:59:11.597882+00:00
Q015,price,T1500,KV,"['T1500-1231', 'T1500-1233', 'T1500-1232', 'T1500-1228', 'T1500-1230', 'T1500-1234', 'T1500-1264', 'T1500-1229', 'T1500-1265', 'T1500-1263']","[0.66736412, 0.64548576, 0.64333534, 0.64190471, 0.63100505, 0.62579393, 0.60743618, 0.60424995, 0.60180455, 0.59111083]",1,1,1,1,1,a80003d6ae3ff295c093f2404ae8ac063ef9ef346b56a84c0acdd65111ef1ef6,95c4f1f0b76fbee017d2e71ebc2b96d828b9a10e7be4207d2cc6bbcb3964e438,2026-08-06T20:59:11.598397+00:00
Q016,attribute,T1500,KV,"['T1500-1014', 'T1500-1013', 'T1500-1017', 'T1500-1130', 'T1500-1018', 'T1500-1972', 'T1500-1012', 'T1500-1124', 'T1500-1015', 'T1500-1769']","[0.68097335, 0.62997091, 0.62471938, 0.6244669, 0.61715257, 0.61667705, 0.60153377, 0.60072303, 0.58248901, 0.57512605]",,0,0,0,0,21739205be7d9c316a2dbba2c4f6d14b94259cdd3ec7916da0cef16d9236040c,95c4f1f0b76fbee017d2e71ebc2b96d828b9a10e7be4207d2cc6bbcb3964e438,2026-08-06T20:59:11.599309+00:00
Q017,attribute,T1500,KV,"['T1500-1170', 'T1500-1167', 'T1500-0983', 'T1500-1171', 'T1500-2018', 'T1500-1176', 'T1500-1177', 'T1500-0981', 'T1500-1179', 'T1500-1185']","[0.63963044, 0.6348114, 0.63436848, 0.63203549, 0.63178617, 0.63067758, 0.62597334, 0.62524116, 0.62509519, 0.62466484]",,0,0,0,0,2a321e0a7b0a1c70ea5bea197d15654b1e9a19355309bd6fe61cd258d9d72ecf,95c4f1f0b76fbee017d2e71ebc2b96d828b9a10e7be4207d2cc6bbcb3964e438,2026-08-06T20:59:11.599825+00:00
Q018,attribute,T1500,KV,"['T1500-0199', 'T1500-1547', 'T1500-1546', 'T1500-0037', 'T1500-0143', 'T1500-0148', 'T1500-0933', 'T1500-1079', 'T1500-1551', 'T1500-0088']","[0.49759075, 0.49274433, 0.48916987, 0.48395991, 0.48267016, 0.47958726, 0.47320288, 0.47310698, 0.4726674, 0.47173935]",,0,0,0,0,be3cbea80945eab697f8baa07af46d043cc2722f3f4ae56debc891ae0b791e59,95c4f1f0b76fbee017d2e71ebc2b96d828b9a10e7be4207d2cc6bbcb3964e438,2026-08-06T20:59:11.600338+00:00
Q019,attribute,T1500,KV,"['T1500-0112', 'T1500-1659', 'T1500-0119', 'T1500-1635', 'T1500-0096', 'T1500-1656', 'T1500-2088', 'T1500-1658', 'T1500-0085', 'T1500-1529']","[0.53474051, 0.52392066, 0.52332681, 0.52311045, 0.52276969, 0.5186528, 0.5147053, 0.5097186, 0.50843811, 0.50793433]",1,1,1,1,1,0a91a2bcee55e662d66c3b1497721adcebf68fe2c48ff4511961ef6769b6c3fd,95c4f1f0b76fbee017d2e71ebc2b96d828b9a10e7be4207d2cc6bbcb3964e438,2026-08-06T20:59:11.600788+00:00
Q020,attribute,T1500,KV,"['T1500-1562', 'T1500-1535', 'T1500-1546', 'T1500-1690', 'T1500-1329', 'T1500-1555', 'T1500-1449', 'T1500-1635', 'T1500-1342', 'T1500-1564']","[0.55997288, 0.53237647, 0.51291502, 0.49298081, 0.49281442, 0.49095103, 0.48562938, 0.48499423, 0.48374397, 0.48258638]",,0,0,0,0,116dba510243e25bd48d2da2c803a1ab6e9a42b3f657cd5f841b66f79c948450,95c4f1f0b76fbee017d2e71ebc2b96d828b9a10e7be4207d2cc6bbcb3964e438,2026-08-06T20:59:11.601269+00:00
Q021,price,T1500,KV,"['T1500-0958', 'T1500-0944', 'T1500-1949', 'T1500-0978', 'T1500-0940', 'T1500-0976', 'T1500-0980', 'T1500-0942', 'T1500-0979', 'T1500-0947']","[0.66172397, 0.65727925, 0.65550536, 0.65509498, 0.65487272, 0.65419239, 0.65310043, 0.65295666, 0.6525954, 0.65246707]",,0,0,0,0,f2cb3755b85f79c59b1932f7894e9268ed857ce3743ea20932f2af2f7dd821c6,95c4f1f0b76fbee017d2e71ebc2b96d828b9a10e7be4207d2cc6bbcb3964e438,2026-08-06T20:59:11.609518+00:00
Q022,price,T1500,KV,"['T1500-0874', 'T1500-0877', 'T1500-0448', 'T1500-0534', 'T1500-0432', 'T1500-1252', 'T1500-0880', 'T1500-0436', 'T1500-0440', 'T1500-0532']","[0.62260771, 0.61548972, 0.60973978, 0.60617226, 0.60493338, 0.60293865, 0.60235745, 0.59968507, 0.59637612, 0.5963636]",10,0,0,0,1,7249145d51f8167d9f214f805ca9c4a91dd247d69b2a057cd8e2f0e395210604,95c4f1f0b76fbee017d2e71ebc2b96d828b9a10e7be4207d2cc6bbcb3964e438,2026-08-06T20:59:11.610422+00:00
Q023,price,T1500,KV,"['T1500-1033', 'T1500-1024', 'T1500-1027', 'T1500-1030', 'T1500-1995', 'T1500-1032', 'T1500-0983', 'T1500-0947', 'T1500-1020', 'T1500-1029']","[0.60557407, 0.6037637, 0.5982269, 0.59794253, 0.59774333, 0.59760243, 0.59627801, 0.59412688, 0.59345168, 0.59288096]",4,0,0,1,1,e1b1f126f0537effb5ec452a2812469cef2362c0b0c655356b693ce95c16f2c4,95c4f1f0b76fbee017d2e71ebc2b96d828b9a10e7be4207d2cc6bbcb3964e438,2026-08-06T20:59:11.610921+00:00
Q024,attribute,T1500,KV,"['T1500-2092', 'T1500-0596', 'T1500-0401', 'T1500-0705', 'T1500-0760', 'T1500-0388', 'T1500-2099', 'T1500-0685', 'T1500-0394', 'T1500-2095']","[0.55156481, 0.52506125, 0.52133971, 0.51742989, 0.51709068, 0.51699197, 0.51373547, 0.51038778, 0.51036477, 0.51030892]",6,0,0,0,1,6411c0d0819a8766ef1738c514c22f1182d5a7fe2bc1bb1b1cf0d67402e4f12b,95c4f1f0b76fbee017d2e71ebc2b96d828b9a10e7be4207d2cc6bbcb3964e438,2026-08-06T20:59:11.611508+00:00
Q025,price,T1500,KV,"['T1500-2073', 'T1500-2069', 'T1500-1329', 'T1500-1339', 'T1500-1690', 'T1500-1678', 'T1500-1671', 'T1500-0010', 'T1500-1675', 'T1500-1679']","[0.62507606, 0.53767288, 0.50661296, 0.50573403, 0.50121522, 0.49580643, 0.48622316, 0.48547155, 0.48323709, 0.48295113]",1,1,1,1,1,2696fcf86e3b8362430147c56b3b97df4c690f6d605c598f36e3aa39cfbad58b,95c4f1f0b76fbee017d2e71ebc2b96d828b9a10e7be4207d2cc6bbcb3964e438,2026-08-06T20:59:11.611986+00:00
Q026,price,T1500,KV,"['T1500-0295', 'T1500-1348', 'T1500-0294', 'T1500-1367', 'T1500-0281', 'T1500-0284', 'T1500-0282', 'T1500-1357', 'T1500-0200', 'T1500-1353']","[0.58038867, 0.57553387, 0.56881869, 0.56240714, 0.54996651, 0.54811448, 0.54622024, 0.54533684, 0.54157841, 0.54017842]",,0,0,0,0,46f459bde31a4ba025c5f7763d0abe3c98be6ddb8ca9144db9e53140e344bac6,95c4f1f0b76fbee017d2e71ebc2b96d828b9a10e7be4207d2cc6bbcb3964e438,2026-08-06T20:59:11.612450+00:00
Q027,price,T1500,KV,"['T1500-1854', 'T1500-1449', 'T1500-1523', 'T1500-1815', 'T1500-1936', 'T1500-1832', 'T1500-1811', 'T1500-1420', 'T1500-1052', 'T1500-1935']","[0.55101204, 0.52282286, 0.52190226, 0.52117884, 0.51593375, 0.51551819, 0.51210427, 0.50719947, 0.50548488, 0.50483477]",1,1,1,1,1,36b50107fa62ce56aa7e9d51ce36363b7e4f987c46a5b435ce913b93f98d734b,95c4f1f0b76fbee017d2e71ebc2b96d828b9a10e7be4207d2cc6bbcb3964e438,2026-08-06T20:59:11.612901+00:00
Q028,attribute,T1500,KV,"['T1500-2093', 'T1500-2097', 'T1500-2094', 'T1500-2102', 'T1500-2099', 'T1500-2096', 'T1500-2088', 'T1500-2103', 'T1500-2089', 'T1500-2101']","[0.59315336, 0.59086531, 0.57534319, 0.55997908, 0.55845839, 0.55603898, 0.55360484, 0.55328941, 0.54888749, 0.54151368]",8,0,0,0,1,d07d4735ecc3432fbfc4c2573233e98a6c9043bd046c73e17eba253369c4be5a,95c4f1f0b76fbee017d2e71ebc2b96d828b9a10e7be4207d2cc6bbcb3964e438,2026-08-06T20:59:11.613377+00:00
Q029,price,T1500,KV,"['T1500-1346', 'T1500-0070', 'T1500-1350', 'T1500-1239', 'T1500-0060', 'T1500-0946', 'T1500-0947', 'T1500-1367', 'T1500-1265', 'T1500-0153']","[0.43378043, 0.43102866, 0.41373324, 0.40895069, 0.40632451, 0.40429255, 0.40378129, 0.40219045, 0.40186644, 0.40166315]",2,0,1,1,1,faee91e538ef045c568482ad1643dfc84568e9601e5f6ce7f80e94d3f11bf3ed,95c4f1f0b76fbee017d2e71ebc2b96d828b9a10e7be4207d2cc6bbcb3964e438,2026-08-06T20:59:11.613825+00:00
Q030,attribute,T1500,KV,"['T1500-2092', 'T1500-0402', 'T1500-0389', 'T1500-2102', 'T1500-2099', 'T1500-2097', 'T1500-2098', 'T1500-2087', 'T1500-2103', 'T1500-0401']","[0.55754852, 0.53109646, 0.52961993, 0.52427495, 0.52384913, 0.52180517, 0.52067339, 0.52018684, 0.51854861, 0.51741958]",3,0,1,1,1,da30b530434ef5e203a443d0bfe3239bf6469b43df6365b32edd327b9043f02e,95c4f1f0b76fbee017d2e71ebc2b96d828b9a10e7be4207d2cc6bbcb3964e438,2026-08-06T20:59:11.614299+00:00
Q031,attribute,T1500,KV,"['T1500-1983', 'T1500-0956', 'T1500-0959', 'T1500-0954', 'T1500-1982', 'T1500-0947', 'T1500-0958', 'T1500-1186', 'T1500-1986', 'T1500-0955']","[0.58512884, 0.57709569, 0.57709324, 0.57578951, 0.56653118, 0.56157708, 0.55937672, 0.55902952, 0.55807185, 0.55498934]",5,0,0,1,1,df2debf9e71566709d26a751b166490f2c236248091ea5556c5623f7d1813e27,95c4f1f0b76fbee017d2e71ebc2b96d828b9a10e7be4207d2cc6bbcb3964e438,2026-08-06T20:59:11.614800+00:00
Q032,price,T1500,KV,"['T1500-1839', 'T1500-1060', 'T1500-1146', 'T1500-1033', 'T1500-1155', 'T1500-1058', 'T1500-1059', 'T1500-1145', 'T1500-1181', 'T1500-0980']","[0.5657531, 0.56567711, 0.56486422, 0.5640136, 0.5637275, 0.56221002, 0.56172669, 0.55960977, 0.55879319, 0.55870986]",,0,0,0,0,e2c015ee70445ff59a146cec92e2498b780971fa144351ed0f2a63e3ba419293,95c4f1f0b76fbee017d2e71ebc2b96d828b9a10e7be4207d2cc6bbcb3964e438,2026-08-06T20:59:11.615275+00:00
Q033,attribute,T1500,KV,"['T1500-1550', 'T1500-1558', 'T1500-1554', 'T1500-0088', 'T1500-1549', 'T1500-1531', 'T1500-0118', 'T1500-1547', 'T1500-0120', 'T1500-1571']","[0.55580413, 0.53856325, 0.50778544, 0.49732813, 0.49234459, 0.48862845, 0.48584878, 0.48328298, 0.48248571, 0.47920877]",1,1,1,1,1,785d8a4f035c54da8b460fe4cff17cda0f2f588bc3a1d2adb29ecfd8ee9b453f,95c4f1f0b76fbee017d2e71ebc2b96d828b9a10e7be4207d2cc6bbcb3964e438,2026-08-06T20:59:11.615745+00:00
Q034,attribute,T1500,KV,"['T1500-0963', 'T1500-1167', 'T1500-1976', 'T1500-0981', 'T1500-0975', 'T1500-0983', 'T1500-0946', 'T1500-0972', 'T1500-0980', 'T1500-0982']","[0.65915513, 0.65218735, 0.64917576, 0.64743322, 0.64612722, 0.64449108, 0.64448059, 0.6431098, 0.6426394, 0.64222562]",,0,0,0,0,2d10b2fbecfefab06a308d79ab14ee0ed5278559760abb1a402688d98914a590,95c4f1f0b76fbee017d2e71ebc2b96d828b9a10e7be4207d2cc6bbcb3964e438,2026-08-06T20:59:11.616184+00:00
Q035,attribute,T1500,KV,"['T1500-1615', 'T1500-0104', 'T1500-0199', 'T1500-1546', 'T1500-0092', 'T1500-0037', 'T1500-1535', 'T1500-0088', 'T1500-1597', 'T1500-1617']","[0.56802845, 0.56499457, 0.52125227, 0.51602781, 0.51161504, 0.50769633, 0.50717646, 0.50677252, 0.50461918, 0.50446904]",,0,0,0,0,1d9f881d89be94760c950ff65a96f44cf37d6199abf4065274c3893d478d79ab,95c4f1f0b76fbee017d2e71ebc2b96d828b9a10e7be4207d2cc6bbcb3964e438,2026-08-06T20:59:11.616691+00:00
Q036,attribute,T1500,KV,"['T1500-0104', 'T1500-0108', 'T1500-0199', 'T1500-1535', 'T1500-0070', 'T1500-0088', 'T1500-0107', 'T1500-1561', 'T1500-0106', 'T1500-0105']","[0.58919352, 0.53911984, 0.53678364, 0.53600693, 0.53262299, 0.52829564, 0.52473468, 0.52206492, 0.5199759, 0.51920795]",5,0,0,1,1,f8049b4cf2016a6aa570a641371de444215928ca645467a1307210ce014613d6,95c4f1f0b76fbee017d2e71ebc2b96d828b9a10e7be4207d2cc6bbcb3964e438,2026-08-06T20:59:11.617147+00:00
Q037,attribute,T1500,KV,"['T1500-1200', 'T1500-1199', 'T1500-1201', 'T1500-0946', 'T1500-1167', 'T1500-0944', 'T1500-0948', 'T1500-0947', 'T1500-0943', 'T1500-1176']","[0.69359475, 0.69142038, 0.65728486, 0.63466561, 0.62464511, 0.62341094, 0.62027609, 0.61985612, 0.61920339, 0.61911225]",1,1,1,1,1,dd46f2ca6d03301dec3323cb4a87a0737212959ee1d2df56f7b6b35850c2a2b2,95c4f1f0b76fbee017d2e71ebc2b96d828b9a10e7be4207d2cc6bbcb3964e438,2026-08-06T20:59:11.617651+00:00
Q038,attribute,T1500,KV,"['T1500-1649', 'T1500-0060', 'T1500-0203', 'T1500-1422', 'T1500-1651', 'T1500-0892', 'T1500-0893', 'T1500-0114', 'T1500-0129', 'T1500-1652']","[0.59846812, 0.49937856, 0.48937279, 0.48866612, 0.48555908, 0.48384416, 0.47983077, 0.47898307, 0.47876889, 0.47874996]",1,1,1,1,1,4c0079661935c4c0355919a3856cb84e349440087da04292506da535b6cee0c9,95c4f1f0b76fbee017d2e71ebc2b96d828b9a10e7be4207d2cc6bbcb3964e438,2026-08-06T20:59:11.618096+00:00
Q039,price,T1500,KV,"['T1500-1309', 'T1500-1498', 'T1500-0430', 'T1500-0215', 'T1500-0021', 'T1500-0222', 'T1500-1528', 'T1500-0020', 'T1500-0112', 'T1500-1566']","[0.44762599, 0.44600126, 0.44485372, 0.44301304, 0.43857017, 0.43570045, 0.43458799, 0.43348202, 0.43159306, 0.430291]",4,0,0,1,1,a68dc22430bd70b962ac044241cb2ede627f78f54b327972be36635a7dde78a0,95c4f1f0b76fbee017d2e71ebc2b96d828b9a10e7be4207d2cc6bbcb3964e438,2026-08-06T20:59:11.618555+00:00
Q040,attribute,T1500,KV,"['T1500-0299', 'T1500-0300', 'T1500-0298', 'T1500-1747', 'T1500-1749', 'T1500-0305', 'T1500-0301', 'T1500-0304', 'T1500-0307', 'T1500-0297']","[0.63904703, 0.63651758, 0.6213969, 0.58920062, 0.58613157, 0.54004854, 0.53960556, 0.53788519, 0.53050965, 0.52866685]",,0,0,0,0,60dd4723eb92301208520043ff4b454b0669e8cfa856d62c6127e8c8baa26774,95c4f1f0b76fbee017d2e71ebc2b96d828b9a10e7be4207d2cc6bbcb3964e438,2026-08-06T20:59:11.619026+00:00
Q041,attribute,T1500,KV,"['T1500-1706', 'T1500-0894', 'T1500-0900', 'T1500-0906', 'T1500-0908', 'T1500-0902', 'T1500-0896', 'T1500-1699', 'T1500-0905', 'T1500-0899']","[0.5812462, 0.5637238, 0.5632686, 0.5620079, 0.55249071, 0.55050027, 0.55019349, 0.54614353, 0.54342055, 0.54272044]",1,1,1,1,1,9677590218dee84df7d35781a840d58479b82c2818ae72218839906cf7046d15,95c4f1f0b76fbee017d2e71ebc2b96d828b9a10e7be4207d2cc6bbcb3964e438,2026-08-06T20:59:11.619505+00:00
Q042,attribute,T1500,KV,"['T1500-0199', 'T1500-0104', 'T1500-0114', 'T1500-0037', 'T1500-0112', 'T1500-1571', 'T1500-1627', 'T1500-0105', 'T1500-1546', 'T1500-0072']","[0.57568097, 0.55982649, 0.53826123, 0.53623748, 0.53398216, 0.53047508, 0.52837938, 0.52820313, 0.52751178, 0.52701044]",,0,0,0,0,5b4483356d58b9e1336d9ca4eec05777697977337e71b2259a4308167d6a0e88,95c4f1f0b76fbee017d2e71ebc2b96d828b9a10e7be4207d2cc6bbcb3964e438,2026-08-06T20:59:11.619961+00:00
Q043,attribute,T1500,KV,"['T1500-0432', 'T1500-0877', 'T1500-0534', 'T1500-0880', 'T1500-0538', 'T1500-0448', 'T1500-0530', 'T1500-0527', 'T1500-0440', 'T1500-0529']","[0.63554883, 0.61777151, 0.61664337, 0.61045349, 0.60719001, 0.607131, 0.60536706, 0.60523713, 0.6038605, 0.60315633]",1,1,1,1,1,882ab44efeef7d0cb1ed01601b6aeaf4c73b8f387dec9efa5ab788fea1c101ba,95c4f1f0b76fbee017d2e71ebc2b96d828b9a10e7be4207d2cc6bbcb3964e438,2026-08-06T20:59:11.620419+00:00
Q044,attribute,T1500,KV,"['T1500-0225', 'T1500-0224', 'T1500-0226', 'T1500-0223', 'T1500-0227', 'T1500-0911', 'T1500-1262', 'T1500-1046', 'T1500-0495', 'T1500-1223']","[0.65511596, 0.6084432, 0.60401136, 0.59051901, 0.55211532, 0.5422731, 0.53938198, 0.53889292, 0.53885412, 0.53795052]",1,1,1,1,1,12b2ccb66d0f679501540c1665f4ba38028868b21e3077bdfaa443cf926a7f6a,95c4f1f0b76fbee017d2e71ebc2b96d828b9a10e7be4207d2cc6bbcb3964e438,2026-08-06T20:59:11.620854+00:00
Q045,price,T1500,KV,"['T1500-1614', 'T1500-1535', 'T1500-0112', 'T1500-1584', 'T1500-0301', 'T1500-1637', 'T1500-1747', 'T1500-1635', 'T1500-1335', 'T1500-0111']","[0.57019758, 0.51145899, 0.50445575, 0.5043366, 0.49616846, 0.49378794, 0.48964471, 0.48941541, 0.48835847, 0.48730195]",1,1,1,1,1,ed56217445d145c023017f4a42f7f22078b0f2a05e61142ed090bcc46bf9c72e,95c4f1f0b76fbee017d2e71ebc2b96d828b9a10e7be4207d2cc6bbcb3964e438,2026-08-06T20:59:11.621370+00:00
Q046,price,T1500,KV,"['T1500-1592', 'T1500-1631', 'T1500-0072', 'T1500-0188', 'T1500-1623', 'T1500-1646', 'T1500-0081', 'T1500-0070', 'T1500-1615', 'T1500-0104']","[0.6103425, 0.58608842, 0.57589793, 0.57027858, 0.56928515, 0.56686974, 0.56595457, 0.56455171, 0.558954, 0.55641574]",3,0,1,1,1,b3ae3f9c270615662398a303643e69920d1202163d7112b0eff81b39a55214df,95c4f1f0b76fbee017d2e71ebc2b96d828b9a10e7be4207d2cc6bbcb3964e438,2026-08-06T20:59:11.621794+00:00
Q047,attribute,T1500,KV,"['T1500-1949', 'T1500-1024', 'T1500-1033', 'T1500-1025', 'T1500-1027', 'T1500-0975', 'T1500-0979', 'T1500-0974', 'T1500-0980', 'T1500-0976']","[0.68056613, 0.67725807, 0.67555153, 0.67190093, 0.66952467, 0.66839188, 0.66717935, 0.66710508, 0.66611159, 0.66518605]",2,0,1,1,1,031b79b565ab7a7d3f92fe9b9762ac4331438962a66f76ddfad387e21abdb995,95c4f1f0b76fbee017d2e71ebc2b96d828b9a10e7be4207d2cc6bbcb3964e438,2026-08-06T20:59:11.622427+00:00
Q048,price,T1500,KV,"['T1500-1980', 'T1500-1979', 'T1500-0980', 'T1500-1978', 'T1500-0982', 'T1500-0979', 'T1500-0981', 'T1500-0983', 'T1500-1101', 'T1500-0977']","[0.64350575, 0.61361307, 0.60986316, 0.60949713, 0.60898256, 0.60679686, 0.60512185, 0.60508895, 0.60210282, 0.60132027]",1,1,1,1,1,33030868eb141530542a49270613474d36ad3747c568df15ef7680c2687d4665,95c4f1f0b76fbee017d2e71ebc2b96d828b9a10e7be4207d2cc6bbcb3964e438,2026-08-06T20:59:11.622889+00:00
Q049,attribute,T1500,KV,"['T1500-1124', 'T1500-1130', 'T1500-1972', 'T1500-1783', 'T1500-1014', 'T1500-1126', 'T1500-1971', 'T1500-1776', 'T1500-1121', 'T1500-1013']","[0.60819131, 0.60547847, 0.59383911, 0.58444929, 0.5787921, 0.56659538, 0.56632161, 0.56462574, 0.56405687, 0.56335628]",4,0,0,1,1,661c1a740d8efc1c1ad8949d6844bc356882ff19cb0eb12eca423d800d2a8ebe,95c4f1f0b76fbee017d2e71ebc2b96d828b9a10e7be4207d2cc6bbcb3964e438,2026-08-06T20:59:11.623361+00:00
Q050,price,T1500,KV,"['T1500-0953', 'T1500-1976', 'T1500-0958', 'T1500-0956', 'T1500-0959', 'T1500-0954', 'T1500-1233', 'T1500-1234', 'T1500-0940', 'T1500-0942']","[0.57122505, 0.56957638, 0.56117773, 0.55046606, 0.54887259, 0.54292017, 0.54111016, 0.54092473, 0.53852606, 0.53761041]",2,0,1,1,1,d65ddba4bebd758abca9e6387c0a087a8160922e59f052a30a2a93d121d306bb,95c4f1f0b76fbee017d2e71ebc2b96d828b9a10e7be4207d2cc6bbcb3964e438,2026-08-06T20:59:11.623792+00:00
Q051,attribute,T1500,KV,"['T1500-1232', 'T1500-1228', 'T1500-1233', 'T1500-1234', 'T1500-1231', 'T1500-1230', 'T1500-1229', 'T1500-1264', 'T1500-1265', 'T1500-1263']","[0.65200853, 0.64939201, 0.64047086, 0.6387772, 0.63171721, 0.62748373, 0.61641455, 0.61289233, 0.59641671, 0.587246]",2,0,1,1,1,dc9752bdc4dbafe3d716ab933ee28319f1ca874f14c7675d1ba3d3e69021b612,95c4f1f0b76fbee017d2e71ebc2b96d828b9a10e7be4207d2cc6bbcb3964e438,2026-08-06T20:59:11.624286+00:00
Q052,attribute,T1500,KV,"['T1500-0975', 'T1500-0976', 'T1500-0982', 'T1500-0980', 'T1500-0981', 'T1500-0974', 'T1500-0978', 'T1500-0977', 'T1500-0979', 'T1500-1184']","[0.65624118, 0.65236938, 0.65046465, 0.65010363, 0.65005267, 0.64923751, 0.64905787, 0.64753348, 0.6472857, 0.64667499]",10,0,0,0,1,3e0c19e366df16d1eed0f9dc657ffcb558575af3d4b2ed4fbb8a3f6883786c4f,95c4f1f0b76fbee017d2e71ebc2b96d828b9a10e7be4207d2cc6bbcb3964e438,2026-08-06T20:59:11.624746+00:00
Q053,price,T1500,KV,"['T1500-0927', 'T1500-1213', 'T1500-1214', 'T1500-1254', 'T1500-0430', 'T1500-1212', 'T1500-1255', 'T1500-1861', 'T1500-1405', 'T1500-0831']","[0.59448248, 0.48265538, 0.47494185, 0.46581832, 0.46331811, 0.46159583, 0.461106, 0.45579195, 0.45545453, 0.45463526]",1,1,1,1,1,c084fa28cd981b1dc4afd0a791b090ac7a9a69115a1f817225d5218475b9a982,95c4f1f0b76fbee017d2e71ebc2b96d828b9a10e7be4207d2cc6bbcb3964e438,2026-08-06T20:59:11.625180+00:00
Q054,attribute,T1500,KV,"['T1500-1154', 'T1500-1155', 'T1500-1153', 'T1500-1151', 'T1500-1160', 'T1500-1148', 'T1500-1147', 'T1500-0946', 'T1500-0963', 'T1500-1146']","[0.72004414, 0.67335349, 0.66386825, 0.65357566, 0.64800489, 0.64306176, 0.63827986, 0.63785386, 0.63612306, 0.63518387]",,0,0,0,0,fcce046289cf5ea17529a4eb6f4af971164ac8c36f2162c9e803958aa7da1aa7,95c4f1f0b76fbee017d2e71ebc2b96d828b9a10e7be4207d2cc6bbcb3964e438,2026-08-06T20:59:11.625662+00:00
Q055,price,T1500,KV,"['T1500-1060', 'T1500-1061', 'T1500-1059', 'T1500-1062', 'T1500-1180', 'T1500-0947', 'T1500-1188', 'T1500-1189', 'T1500-1187', 'T1500-1190']","[0.64234871, 0.62798351, 0.61962682, 0.61357224, 0.60215652, 0.59927893, 0.59883916, 0.59610814, 0.59345734, 0.59130996]",2,0,1,1,1,9c23361414860d97d655d8647a3e2819f44b0d06174592683773cb3479c89276,95c4f1f0b76fbee017d2e71ebc2b96d828b9a10e7be4207d2cc6bbcb3964e438,2026-08-06T20:59:11.626126+00:00
Q056,price,T1500,KV,"['T1500-0300', 'T1500-0299', 'T1500-0298', 'T1500-1749', 'T1500-1747', 'T1500-0301', 'T1500-0307', 'T1500-0305', 'T1500-0304', 'T1500-0308']","[0.64850765, 0.64081329, 0.60719222, 0.59664702, 0.59016001, 0.57652754, 0.55836517, 0.55337328, 0.54141915, 0.53462183]",1,1,1,1,1,b88e7b5c06d7e9432120b429b9ad11b6fa9e323f55323aa1faeaed303226d9ab,95c4f1f0b76fbee017d2e71ebc2b96d828b9a10e7be4207d2cc6bbcb3964e438,2026-08-06T20:59:11.626602+00:00
Q057,price,T1500,KV,"['T1500-0928', 'T1500-0929', 'T1500-0596', 'T1500-0808', 'T1500-1340', 'T1500-1157', 'T1500-1049', 'T1500-1862', 'T1500-0812', 'T1500-1052']","[0.51567268, 0.50691652, 0.50202662, 0.50185275, 0.50163436, 0.49765015, 0.4964903, 0.4953019, 0.4949519, 0.49439812]",2,0,1,1,1,5a9204327ca943122223305c25821bee0bd45763870943b35719fd9e6584f949,95c4f1f0b76fbee017d2e71ebc2b96d828b9a10e7be4207d2cc6bbcb3964e438,2026-08-06T20:59:11.627038+00:00
Q058,attribute,T1500,KV,"['T1500-0199', 'T1500-0097', 'T1500-0088', 'T1500-0190', 'T1500-0114', 'T1500-0073', 'T1500-0100', 'T1500-0188', 'T1500-1638', 'T1500-0120']","[0.55583656, 0.55491221, 0.55358136, 0.55112398, 0.53912467, 0.53677446, 0.53158826, 0.53109127, 0.53102517, 0.52925599]",3,0,1,1,1,94aaaf6613c41265964d259ad2b5d9190a330f4b3279d97460fa5bda283e694b,95c4f1f0b76fbee017d2e71ebc2b96d828b9a10e7be4207d2cc6bbcb3964e438,2026-08-06T20:59:11.627517+00:00
Q059,price,T1500,KV,"['T1500-1346', 'T1500-1350', 'T1500-1628', 'T1500-1418', 'T1500-1381', 'T1500-1433', 'T1500-1436', 'T1500-1438', 'T1500-1416', 'T1500-1528']","[0.52663147, 0.51505482, 0.51473737, 0.51405108, 0.51397967, 0.51341605, 0.51319242, 0.51287913, 0.51258034, 0.51150286]",,0,0,0,0,fe86a6a9ffd76f2441a0885aae52db72a4c56cf21f427769b1c5f7a4e8fa75f3,95c4f1f0b76fbee017d2e71ebc2b96d828b9a10e7be4207d2cc6bbcb3964e438,2026-08-06T20:59:11.627946+00:00
Q060,price,T1500,KV,"['T1500-0225', 'T1500-0223', 'T1500-0224', 'T1500-0226', 'T1500-0227', 'T1500-0228', 'T1500-0184', 'T1500-0919', 'T1500-0065', 'T1500-0164']","[0.64128941, 0.60513014, 0.58696049, 0.57643938, 0.52369726, 0.50232232, 0.49827775, 0.4870767, 0.48556495, 0.48432329]",1,1,1,1,1,54c604dcdffd88c41eea5be5fb4e31d957f909ac771a1d5942ac4c07d7563b2e,95c4f1f0b76fbee017d2e71ebc2b96d828b9a10e7be4207d2cc6bbcb3964e438,2026-08-06T20:59:11.628389+00:00
Q061,attribute,T1500,KV,"['T1500-1560', 'T1500-1558', 'T1500-1546', 'T1500-1531', 'T1500-1561', 'T1500-0085', 'T1500-1533', 'T1500-1535', 'T1500-0063', 'T1500-1550']","[0.5092994, 0.49398056, 0.48985702, 0.47647417, 0.46794021, 0.46784383, 0.46596438, 0.46220949, 0.46113947, 0.46016669]",6,0,0,0,1,f61c960bf55513f58a4ce5bfa4b66875fd72b79029d33e94765cc9706fb7808f,95c4f1f0b76fbee017d2e71ebc2b96d828b9a10e7be4207d2cc6bbcb3964e438,2026-08-06T20:59:11.628864+00:00
Q062,attribute,T1500,KV,"['T1500-1119', 'T1500-1136', 'T1500-0744', 'T1500-1118', 'T1500-0651', 'T1500-2161', 'T1500-2092', 'T1500-0495', 'T1500-0746', 'T1500-0658']","[0.51867902, 0.51283932, 0.51254666, 0.51190984, 0.50980002, 0.50915378, 0.5071553, 0.50701219, 0.50457513, 0.50075889]",4,0,0,1,1,5c8adef11b7f9f14fdaf3f2b05f4bf2eade2fd127cc06c168c30d5a264f2e19b,95c4f1f0b76fbee017d2e71ebc2b96d828b9a10e7be4207d2cc6bbcb3964e438,2026-08-06T20:59:11.629373+00:00
Q063,attribute,T1500,KV,"['T1500-0121', 'T1500-0112', 'T1500-0190', 'T1500-0109', 'T1500-0188', 'T1500-0108', 'T1500-0118', 'T1500-0060', 'T1500-0191', 'T1500-0074']","[0.55423844, 0.53591347, 0.53531444, 0.53493613, 0.53439605, 0.53161955, 0.52955019, 0.52683222, 0.52537906, 0.52330542]",1,1,1,1,1,2fcb8f74fb288a267371bea041e2ef92fecbf40c3afefeadee4eedb4b37a4b7d,95c4f1f0b76fbee017d2e71ebc2b96d828b9a10e7be4207d2cc6bbcb3964e438,2026-08-06T20:59:11.629859+00:00
Q064,price,T1500,KV,"['T1500-0656', 'T1500-0650', 'T1500-0670', 'T1500-0653', 'T1500-0693', 'T1500-0702', 'T1500-0647', 'T1500-0635', 'T1500-0768', 'T1500-0794']","[0.61398381, 0.60905087, 0.5934602, 0.5930146, 0.59105581, 0.59030056, 0.58989221, 0.58596534, 0.58499986, 0.5808121]",1,1,1,1,1,b62bbb3caaebfa64c64403faf2829200275bb07c63c054534fd50e9d8116f3cf,95c4f1f0b76fbee017d2e71ebc2b96d828b9a10e7be4207d2cc6bbcb3964e438,2026-08-06T20:59:11.630338+00:00
Q065,price,T1500,KV,"['T1500-1036', 'T1500-1800', 'T1500-1155', 'T1500-0979', 'T1500-0966', 'T1500-0980', 'T1500-0981', 'T1500-0961', 'T1500-0982', 'T1500-0983']","[0.61330396, 0.6132558, 0.61034262, 0.57817423, 0.57776272, 0.57565486, 0.57324296, 0.57296622, 0.57188261, 0.57005608]",2,0,1,1,1,0946c2b0edc6e35b71765e99fa35342b581ce1d4ca3cc6f5a90b51f99d8ed5f0,95c4f1f0b76fbee017d2e71ebc2b96d828b9a10e7be4207d2cc6bbcb3964e438,2026-08-06T20:59:11.630773+00:00
Q066,price,T1500,KV,"['T1500-1615', 'T1500-1535', 'T1500-0088', 'T1500-1555', 'T1500-1562', 'T1500-1614', 'T1500-1550', 'T1500-1617', 'T1500-1538', 'T1500-1634']","[0.50164199, 0.4959465, 0.48948964, 0.48743349, 0.48098391, 0.48011661, 0.47720754, 0.47698572, 0.47592929, 0.47459334]",8,0,0,0,1,39cabc2d4618c65602c74069cf838df5aec06eb59c9fee6d33c2d04eba6b55ba,95c4f1f0b76fbee017d2e71ebc2b96d828b9a10e7be4207d2cc6bbcb3964e438,2026-08-06T20:59:11.631197+00:00
Q067,price,T1500,KV,"['T1500-0320', 'T1500-0324', 'T1500-0322', 'T1500-0877', 'T1500-0323', 'T1500-0332', 'T1500-0319', 'T1500-0321', 'T1500-0374', 'T1500-0489']","[0.64853603, 0.60390699, 0.59369111, 0.59097695, 0.58878112, 0.58511502, 0.58329123, 0.57975155, 0.56704444, 0.5664103]",2,0,1,1,1,4fbeb0d3561fca0da8c4845058189be42e655f261b015252a30d2e669b679146,95c4f1f0b76fbee017d2e71ebc2b96d828b9a10e7be4207d2cc6bbcb3964e438,2026-08-06T20:59:11.631661+00:00
Q068,price,T1500,KV,"['T1500-1531', 'T1500-1535', 'T1500-1634', 'T1500-1562', 'T1500-1638', 'T1500-1580', 'T1500-1342', 'T1500-1635', 'T1500-1547', 'T1500-1550']","[0.50022644, 0.49270362, 0.48379195, 0.47754484, 0.47477746, 0.4654597, 0.4633103, 0.4626435, 0.46218887, 0.46029231]",,0,0,0,0,16b6a385479043c13164937fb1b2ecc6a79d8d9a6d4de83b9a3100d45cf1579b,95c4f1f0b76fbee017d2e71ebc2b96d828b9a10e7be4207d2cc6bbcb3964e438,2026-08-06T20:59:11.632088+00:00
Q069,attribute,T1500,KV,"['T1500-0923', 'T1500-1018', 'T1500-0164', 'T1500-0134', 'T1500-0361', 'T1500-1265', 'T1500-0160', 'T1500-1242', 'T1500-1017', 'T1500-1237']","[0.53828108, 0.51909328, 0.51792538, 0.51691884, 0.516716, 0.51311558, 0.51183581, 0.51157343, 0.51122767, 0.5091905]",,0,0,0,0,7c1b1722837dd6c135fa736bb1976d0162527707dca96900bef101bb1d9ffc87,95c4f1f0b76fbee017d2e71ebc2b96d828b9a10e7be4207d2cc6bbcb3964e438,2026-08-06T20:59:11.632587+00:00
Q070,price,T1500,KV,"['T1500-0150', 'T1500-0149', 'T1500-0313', 'T1500-0151', 'T1500-1234', 'T1500-0236', 'T1500-0237', 'T1500-1233', 'T1500-0314', 'T1500-1983']","[0.59510255, 0.52475321, 0.48802602, 0.48322606, 0.45181707, 0.45108074, 0.45054126, 0.45017499, 0.44696301, 0.44530022]",1,1,1,1,1,448f241fd305ade36c04f3c45fa21450017097d9dd853ec5a1a778f3cbaf0c22,95c4f1f0b76fbee017d2e71ebc2b96d828b9a10e7be4207d2cc6bbcb3964e438,2026-08-06T20:59:11.633044+00:00
Q071,attribute,T1500,KV,"['T1500-1535', 'T1500-1546', 'T1500-0100', 'T1500-1611', 'T1500-0108', 'T1500-0097', 'T1500-0085', 'T1500-0112', 'T1500-1449', 'T1500-1634']","[0.61587614, 0.59151632, 0.58385837, 0.57909852, 0.57812726, 0.57575822, 0.57500684, 0.57350409, 0.56945187, 0.56608307]",,0,0,0,0,bfffbe93a1080674ab56c5ed9ee85acb26fda9c08dec35c35a8a507c6195cf92,95c4f1f0b76fbee017d2e71ebc2b96d828b9a10e7be4207d2cc6bbcb3964e438,2026-08-06T20:59:11.633530+00:00
Q072,attribute,T1500,KV,"['T1500-2208', 'T1500-2098', 'T1500-0355', 'T1500-1935', 'T1500-0401', 'T1500-1961', 'T1500-0060', 'T1500-2099', 'T1500-2055', 'T1500-0504']","[0.47732025, 0.45265883, 0.43780762, 0.43756682, 0.43489164, 0.43457437, 0.43016711, 0.42661881, 0.4264155, 0.42574537]",3,0,1,1,1,93bbb53ae5b88ede9b16f0bcc2984adcab6fdfb76083b5eaa374616f4bd938fd,95c4f1f0b76fbee017d2e71ebc2b96d828b9a10e7be4207d2cc6bbcb3964e438,2026-08-06T20:59:11.633933+00:00
Q073,attribute,T1500,KV,"['T1500-2092', 'T1500-2099', 'T1500-2103', 'T1500-2102', 'T1500-2088', 'T1500-2091', 'T1500-0596', 'T1500-0987', 'T1500-0205', 'T1500-2093']","[0.59516966, 0.58846492, 0.58325398, 0.57840902, 0.57014203, 0.56802434, 0.55821401, 0.55534881, 0.55494523, 0.55438781]",8,0,0,0,1,a21798215057da92677e93d19b984f45adb740e2e0c46c68a159bccbaebc2026,95c4f1f0b76fbee017d2e71ebc2b96d828b9a10e7be4207d2cc6bbcb3964e438,2026-08-06T20:59:11.634389+00:00
Q074,attribute,T1500,KV,"['T1500-0020', 'T1500-2088', 'T1500-2091', 'T1500-0251', 'T1500-2090', 'T1500-1349', 'T1500-0281', 'T1500-0284', 'T1500-2195', 'T1500-0270']","[0.60847974, 0.58912086, 0.58389103, 0.57609749, 0.56914908, 0.56841421, 0.56383181, 0.56328547, 0.56233525, 0.56155497]",,0,0,0,0,b87d12fd26d3ba196ab6c5cebef1a236e3aa0034e2467907aa2e5fee1ff4e357,95c4f1f0b76fbee017d2e71ebc2b96d828b9a10e7be4207d2cc6bbcb3964e438,2026-08-06T20:59:11.634792+00:00
Q075,price,T1500,KV,"['T1500-1646', 'T1500-1535', 'T1500-0097', 'T1500-0108', 'T1500-1647', 'T1500-0070', 'T1500-0104', 'T1500-0112', 'T1500-0060', 'T1500-1533']","[0.53302193, 0.51563621, 0.51331538, 0.510194, 0.50672638, 0.50487089, 0.50122625, 0.50048423, 0.49925184, 0.49904418]",,0,0,0,0,9d1d2d484d9036bef4cac724d6492e6d47a1610035542de6885381a988a7f0ba,95c4f1f0b76fbee017d2e71ebc2b96d828b9a10e7be4207d2cc6bbcb3964e438,2026-08-06T20:59:11.635184+00:00
Q076,attribute,T1500,KV,"['T1500-1583', 'T1500-0903', 'T1500-1546', 'T1500-1366', 'T1500-0897', 'T1500-1373', 'T1500-0073', 'T1500-0085', 'T1500-1371', 'T1500-1584']","[0.5565961, 0.49365065, 0.49158034, 0.49122801, 0.49065328, 0.49017671, 0.48986828, 0.48934561, 0.48665673, 0.48573166]",7,0,0,0,1,542dd2c610ac347a3f296c3a0fa38c358f57443ccdc9edae1a2d10fd889dd6c2,95c4f1f0b76fbee017d2e71ebc2b96d828b9a10e7be4207d2cc6bbcb3964e438,2026-08-06T20:59:11.635615+00:00
Q077,price,T1500,KV,"['T1500-1547', 'T1500-0088', 'T1500-0119', 'T1500-1551', 'T1500-1550', 'T1500-0037', 'T1500-1555', 'T1500-0118', 'T1500-1638', 'T1500-1558']","[0.60988057, 0.54632467, 0.54482239, 0.54181361, 0.5391525, 0.52574253, 0.52514541, 0.52477479, 0.52275658, 0.52092028]",,0,0,0,0,ea6cec30bd2063961606711ed52523a21fb3d485dcfcbb18b5d45fd7a954eac8,95c4f1f0b76fbee017d2e71ebc2b96d828b9a10e7be4207d2cc6bbcb3964e438,2026-08-06T20:59:11.636003+00:00
Q078,price,T1500,KV,"['T1500-0964', 'T1500-0982', 'T1500-0963', 'T1500-0962', 'T1500-0981', 'T1500-0980', 'T1500-0975', 'T1500-0979', 'T1500-0976', 'T1500-0965']","[0.68233776, 0.68116057, 0.67899883, 0.67878389, 0.67839324, 0.67828405, 0.67775869, 0.67697734, 0.67460883, 0.67377377]",,0,0,0,0,fc873e1dcc9000570de62d94a2214779d1e9bafbde0aa7e0756b5ac228f60e08,95c4f1f0b76fbee017d2e71ebc2b96d828b9a10e7be4207d2cc6bbcb3964e438,2026-08-06T20:59:11.636398+00:00
Q079,attribute,T1500,KV,"['T1500-1535', 'T1500-1546', 'T1500-1342', 'T1500-1329', 'T1500-1690', 'T1500-1562', 'T1500-1635', 'T1500-1335', 'T1500-1371', 'T1500-1449']","[0.53331298, 0.50365257, 0.49972105, 0.49450251, 0.4857907, 0.48414329, 0.48056978, 0.48047078, 0.48038784, 0.47779539]",,0,0,0,0,ed953d21a16c62da20720634367cf8606681e6b2279069688dd9dcf59c07940d,95c4f1f0b76fbee017d2e71ebc2b96d828b9a10e7be4207d2cc6bbcb3964e438,2026-08-06T20:59:11.636809+00:00
Q080,attribute,T1500,KV,"['T1500-0975', 'T1500-0974', 'T1500-1027', 'T1500-0980', 'T1500-0979', 'T1500-0981', 'T1500-1024', 'T1500-0976', 'T1500-1033', 'T1500-0977']","[0.67754924, 0.67166066, 0.67068267, 0.67062461, 0.66984069, 0.66904986, 0.66844058, 0.66832483, 0.66751373, 0.66722363]",3,0,1,1,1,26f5eca35905436c06e41e3a185b5442ea1980d82bb31c81884675035a79626b,95c4f1f0b76fbee017d2e71ebc2b96d828b9a10e7be4207d2cc6bbcb3964e438,2026-08-06T20:59:11.637301+00:00
Q081,price,T1500,KV,"['T1500-1154', 'T1500-1153', 'T1500-1155', 'T1500-1146', 'T1500-1152', 'T1500-1151', 'T1500-1150', 'T1500-1147', 'T1500-1148', 'T1500-1145']","[0.71748483, 0.66536266, 0.66265523, 0.64985657, 0.64763784, 0.64332718, 0.63183427, 0.62939596, 0.61525726, 0.60670662]",2,0,1,1,1,93e08fb64a3064cb417f5542f325d90c621d6804e71cbcf703d73e0ea58ea43a,95c4f1f0b76fbee017d2e71ebc2b96d828b9a10e7be4207d2cc6bbcb3964e438,2026-08-06T20:59:11.637736+00:00
Q082,attribute,T1500,KV,"['T1500-1659', 'T1500-2103', 'T1500-1570', 'T1500-1658', 'T1500-2102', 'T1500-1652', 'T1500-1655', 'T1500-1371', 'T1500-1653', 'T1500-1568']","[0.54911965, 0.531376, 0.52815342, 0.52669692, 0.52163267, 0.51624328, 0.51167667, 0.50896561, 0.50855792, 0.50826442]",3,0,1,1,1,8ca3b65200fdf1a357365a65a56a9186cc4c373dc757eb64d69dbf2e5200eee1,95c4f1f0b76fbee017d2e71ebc2b96d828b9a10e7be4207d2cc6bbcb3964e438,2026-08-06T20:59:11.638179+00:00
Q083,attribute,T1500,KV,"['T1500-0868', 'T1500-0865', 'T1500-0460', 'T1500-0468', 'T1500-0472', 'T1500-0464', 'T1500-0475', 'T1500-0575', 'T1500-0566', 'T1500-0567']","[0.62375176, 0.60292506, 0.59372234, 0.58568609, 0.58493203, 0.58276963, 0.58114624, 0.57902098, 0.56909734, 0.56519222]",3,0,1,1,1,4b9d9334944a6e85fcb640a35cb2ad35161a1dc531510f9b31b1a65c0eca0c14,95c4f1f0b76fbee017d2e71ebc2b96d828b9a10e7be4207d2cc6bbcb3964e438,2026-08-06T20:59:11.638641+00:00
Q084,attribute,T1500,KV,"['T1500-0112', 'T1500-0108', 'T1500-0074', 'T1500-0021', 'T1500-0097', 'T1500-0062', 'T1500-0085', 'T1500-1647', 'T1500-1533', 'T1500-0110']","[0.6434238, 0.60754383, 0.6015299, 0.59905094, 0.59863722, 0.59625876, 0.59246027, 0.5920527, 0.59128237, 0.58910489]",1,1,1,1,1,0452b3930eb8f92f27287b6634e5044b6eedfc85ffb7527a9b2ab26255ebebb6,95c4f1f0b76fbee017d2e71ebc2b96d828b9a10e7be4207d2cc6bbcb3964e438,2026-08-06T20:59:11.639116+00:00
Q085,attribute,T1500,KV,"['T1500-0120', 'T1500-0121', 'T1500-0066', 'T1500-0060', 'T1500-1531', 'T1500-0188', 'T1500-0067', 'T1500-0065', 'T1500-0061', 'T1500-0190']","[0.59535742, 0.53141189, 0.52838355, 0.52781588, 0.52715504, 0.52664697, 0.52550358, 0.52133155, 0.51940715, 0.51746452]",1,1,1,1,1,72fd26f2620adc949eec1422a9cfc04a1bf87a992cbbf5f3829b18ae6ac25fd1,95c4f1f0b76fbee017d2e71ebc2b96d828b9a10e7be4207d2cc6bbcb3964e438,2026-08-06T20:59:11.639641+00:00
Q086,attribute,T1500,KV,"['T1500-1088', 'T1500-1086', 'T1500-1087', 'T1500-1083', 'T1500-1089', 'T1500-1095', 'T1500-1085', 'T1500-1082', 'T1500-1226', 'T1500-1084']","[0.597875, 0.5968585, 0.5936774, 0.5847944, 0.58229542, 0.57913166, 0.57800233, 0.57568908, 0.57527971, 0.56929159]",,0,0,0,0,1e1ccaa368c1de37643e9441fecdf4c57f48fef4d9c24ac5a88fa6a5a698c84f,95c4f1f0b76fbee017d2e71ebc2b96d828b9a10e7be4207d2cc6bbcb3964e438,2026-08-06T20:59:11.640109+00:00
Q087,price,T1500,KV,"['T1500-1087', 'T1500-1088', 'T1500-1084', 'T1500-1083', 'T1500-1262', 'T1500-1085', 'T1500-1090', 'T1500-1998', 'T1500-0923', 'T1500-1093']","[0.52234542, 0.50629628, 0.49575019, 0.4910368, 0.48510098, 0.48433691, 0.48279202, 0.48194617, 0.47549343, 0.47398114]",2,0,1,1,1,d239a027d017e98a3689ffdc5b526c1c2c4cd57e25617291536bd757dd2e8036,95c4f1f0b76fbee017d2e71ebc2b96d828b9a10e7be4207d2cc6bbcb3964e438,2026-08-06T20:59:11.640566+00:00
Q088,attribute,T1500,KV,"['T1500-1449', 'T1500-1448', 'T1500-0284', 'T1500-1243', 'T1500-1244', 'T1500-1514', 'T1500-1366', 'T1500-1371', 'T1500-0020', 'T1500-0900']","[0.53087771, 0.52638882, 0.52133977, 0.51801765, 0.50761294, 0.50496566, 0.50487852, 0.50474453, 0.50447321, 0.50253791]",3,0,1,1,1,01977f9cbfe28fa1b4feacdebe225291ea0b0cc95017ebaa53f862be749aba96,95c4f1f0b76fbee017d2e71ebc2b96d828b9a10e7be4207d2cc6bbcb3964e438,2026-08-06T20:59:11.641022+00:00
Q089,attribute,T1500,KV,"['T1500-1942', 'T1500-1157', 'T1500-1034', 'T1500-1146', 'T1500-2018', 'T1500-1181', 'T1500-1156', 'T1500-1185', 'T1500-0983', 'T1500-0946']","[0.62965274, 0.62108612, 0.61877859, 0.61566031, 0.60999942, 0.60599494, 0.60585892, 0.60421312, 0.60293531, 0.60231644]",,0,0,0,0,41a4be0fd333336e60fdc0752120f5e1e677857fd06999e33447652e45b42b19,95c4f1f0b76fbee017d2e71ebc2b96d828b9a10e7be4207d2cc6bbcb3964e438,2026-08-06T20:59:11.641500+00:00
Q090,attribute,T1500,KV,"['T1500-1531', 'T1500-0063', 'T1500-0066', 'T1500-0067', 'T1500-0120', 'T1500-2095', 'T1500-1534', 'T1500-0821', 'T1500-0819', 'T1500-1555']","[0.67897677, 0.53466332, 0.52201462, 0.52119195, 0.51476604, 0.51035714, 0.50308776, 0.50134319, 0.49909377, 0.49695167]",1,1,1,1,1,c71be014ca61c475c8778980ea20f8f4631966967e1025d97e402ca8750ebc0b,95c4f1f0b76fbee017d2e71ebc2b96d828b9a10e7be4207d2cc6bbcb3964e438,2026-08-06T20:59:11.641948+00:00
Q091,attribute,T1500,KV,"['T1500-0448', 'T1500-0877', 'T1500-0534', 'T1500-0432', 'T1500-0538', 'T1500-0530', 'T1500-0529', 'T1500-0440', 'T1500-0444', 'T1500-0436']","[0.649248, 0.64583838, 0.64306802, 0.64142168, 0.63508964, 0.63475621, 0.6307317, 0.62764168, 0.62710297, 0.62659317]",4,0,0,1,1,81cd09d3ba23fac5560b9f45d0abe84bf9bbae4c3c84f95c4725e2cd2965c591,95c4f1f0b76fbee017d2e71ebc2b96d828b9a10e7be4207d2cc6bbcb3964e438,2026-08-06T20:59:11.642405+00:00
Q092,price,T1500,KV,"['T1500-1261', 'T1500-0554', 'T1500-1018', 'T1500-0295', 'T1500-1053', 'T1500-1054', 'T1500-0387', 'T1500-0390', 'T1500-1381', 'T1500-1017']","[0.5122695, 0.49849972, 0.49233156, 0.48719385, 0.48580158, 0.48507333, 0.48368469, 0.47801015, 0.47550815, 0.47440466]",,0,0,0,0,40f44dea97edd6da4b1cdad8eb61c02224d4e5d5b6bfdeb4fd8208425455b1a6,95c4f1f0b76fbee017d2e71ebc2b96d828b9a10e7be4207d2cc6bbcb3964e438,2026-08-06T20:59:11.642850+00:00
Q093,price,T1500,KV,"['T1500-1124', 'T1500-1769', 'T1500-1127', 'T1500-1972', 'T1500-1125', 'T1500-1776', 'T1500-1130', 'T1500-1772', 'T1500-1773', 'T1500-1129']","[0.551525, 0.5436573, 0.54030734, 0.53899491, 0.53870046, 0.53853673, 0.53841972, 0.52757108, 0.52574241, 0.52551556]",5,0,0,1,1,e6ea363016cdbf5d3dcda05ee04db4e86a0015345cf7e71ecb8636fd92c1f626,95c4f1f0b76fbee017d2e71ebc2b96d828b9a10e7be4207d2cc6bbcb3964e438,2026-08-06T20:59:11.643304+00:00
Q094,attribute,T1500,KV,"['T1500-1631', 'T1500-1615', 'T1500-1535', 'T1500-1449', 'T1500-1577', 'T1500-1623', 'T1500-1524', 'T1500-0081', 'T1500-1592', 'T1500-0070']","[0.61922014, 0.58266187, 0.57897967, 0.57628596, 0.56437993, 0.55944836, 0.55438888, 0.5538556, 0.55376339, 0.54965997]",,0,0,0,0,b145825622bd1f7f13de9f56ac001f4bb3aa46a4b42840b7680056ed484bca8e,95c4f1f0b76fbee017d2e71ebc2b96d828b9a10e7be4207d2cc6bbcb3964e438,2026-08-06T20:59:11.643760+00:00
Q095,attribute,T1500,KV,"['T1500-0205', 'T1500-0911', 'T1500-0240', 'T1500-2103', 'T1500-2099', 'T1500-0020', 'T1500-1246', 'T1500-2102', 'T1500-0904', 'T1500-0903']","[0.60264146, 0.59722447, 0.59671044, 0.59588748, 0.59559762, 0.59061038, 0.59000635, 0.5887205, 0.58834648, 0.58824778]",,0,0,0,0,9eb280340efed1b584663218b7efcf8fd5cc82a53bb4af42fc8fa5f011a4de02,95c4f1f0b76fbee017d2e71ebc2b96d828b9a10e7be4207d2cc6bbcb3964e438,2026-08-06T20:59:11.644199+00:00
Q096,attribute,T1500,KV,"['T1500-2096', 'T1500-2088', 'T1500-1187', 'T1500-1188', 'T1500-1189', 'T1500-1186', 'T1500-1190', 'T1500-0947', 'T1500-1185', 'T1500-1170']","[0.54457462, 0.5304848, 0.52019095, 0.51594383, 0.51531959, 0.51223457, 0.50808173, 0.5014509, 0.50046891, 0.49867219]",,0,0,0,0,c194ae1720d9977b7d02353887f607b5723032f71a7e6f028c257be3a3712ffe,95c4f1f0b76fbee017d2e71ebc2b96d828b9a10e7be4207d2cc6bbcb3964e438,2026-08-06T20:59:11.644679+00:00
Q097,attribute,T1500,KV,"['T1500-0112', 'T1500-1534', 'T1500-1529', 'T1500-1582', 'T1500-1546', 'T1500-1622', 'T1500-1614', 'T1500-0020', 'T1500-0096', 'T1500-0067']","[0.54307747, 0.53152388, 0.53138292, 0.52922606, 0.52877003, 0.52360171, 0.52104211, 0.51796329, 0.51698256, 0.51660097]",7,0,0,0,1,57643ed3091e09daa86267441d43825b0764e7294dd55f1cf189f9beb4aca7b4,95c4f1f0b76fbee017d2e71ebc2b96d828b9a10e7be4207d2cc6bbcb3964e438,2026-08-06T20:59:11.645133+00:00
Q098,price,T1500,KV,"['T1500-0877', 'T1500-0533', 'T1500-0448', 'T1500-0534', 'T1500-0438', 'T1500-0432', 'T1500-0530', 'T1500-0436', 'T1500-0880', 'T1500-0874']","[0.59174454, 0.58751553, 0.58438748, 0.58329445, 0.58121836, 0.58051771, 0.58017576, 0.57760704, 0.57456821, 0.57414907]",2,0,1,1,1,83802b2e2b5f5c8c762ab7da7fa50553e6f83c7e51e620854e7c974cdd3025d6,95c4f1f0b76fbee017d2e71ebc2b96d828b9a10e7be4207d2cc6bbcb3964e438,2026-08-06T20:59:11.645584+00:00
Q099,price,T1500,KV,"['T1500-1014', 'T1500-1094', 'T1500-1017', 'T1500-1018', 'T1500-1091', 'T1500-1227', 'T1500-1090', 'T1500-1089', 'T1500-1972', 'T1500-1012']","[0.62893593, 0.60025376, 0.59665936, 0.58519185, 0.57980162, 0.57820535, 0.57404804, 0.57398945, 0.57395625, 0.56417519]",5,0,0,1,1,feef7e50071355503e33bead40b3a873a63303d80e610532b70b715224b07919,95c4f1f0b76fbee017d2e71ebc2b96d828b9a10e7be4207d2cc6bbcb3964e438,2026-08-06T20:59:11.646007+00:00
Q100,price,T1500,KV,"['T1500-1242', 'T1500-1196', 'T1500-1241', 'T1500-0904', 'T1500-1349', 'T1500-0364', 'T1500-1243', 'T1500-0917', 'T1500-0905', 'T1500-0898']","[0.6276626, 0.55965793, 0.5571143, 0.53375137, 0.53365058, 0.53287965, 0.53029311, 0.53023505, 0.52885401, 0.52876198]",1,1,1,1,1,1bc2f80c0114736bf878d65f14abb8d9b606b9be13715263bbc1f9f5b9e538fe,95c4f1f0b76fbee017d2e71ebc2b96d828b9a10e7be4207d2cc6bbcb3964e438,2026-08-06T20:59:11.646455+00:00
Q101,price,T1500,KV,"['T1500-1264', 'T1500-1233', 'T1500-1232', 'T1500-1229', 'T1500-1228', 'T1500-1234', 'T1500-1230', 'T1500-1231', 'T1500-1235', 'T1500-1168']","[0.62703431, 0.6251024, 0.62509739, 0.62414539, 0.6223985, 0.61433733, 0.61295712, 0.60033053, 0.59394038, 0.59254551]",4,0,0,1,1,3dfa73ce270bce1c609cd3a1b659d7658ec7bbfc5790a4cb1e0c1e67af5e465b,95c4f1f0b76fbee017d2e71ebc2b96d828b9a10e7be4207d2cc6bbcb3964e438,2026-08-06T20:59:11.646896+00:00
Q102,attribute,T1500,KV,"['T1500-2096', 'T1500-2088', 'T1500-0112', 'T1500-0199', 'T1500-0099', 'T1500-0190', 'T1500-0110', 'T1500-1639', 'T1500-0108', 'T1500-0114']","[0.60621345, 0.57594776, 0.56383097, 0.56043261, 0.55711526, 0.55465329, 0.55442977, 0.55429906, 0.5538373, 0.55372053]",3,0,1,1,1,2fc2187a8808915ece4b89d74d6f186293be5c2db9356c9c69d281dee2016e34,95c4f1f0b76fbee017d2e71ebc2b96d828b9a10e7be4207d2cc6bbcb3964e438,2026-08-06T20:59:11.647390+00:00
Q103,price,T1500,KV,"['T1500-1815', 'T1500-1811', 'T1500-1243', 'T1500-1939', 'T1500-1145', 'T1500-1938', 'T1500-0988', 'T1500-1941', 'T1500-1810', 'T1500-1814']","[0.62530661, 0.58909297, 0.57549363, 0.56754208, 0.5644213, 0.56309742, 0.56042635, 0.55848694, 0.55756807, 0.55468297]",6,0,0,0,1,775535b727f374237ca640ce830a5739473aa99381245763c78a3fb326546d0f,95c4f1f0b76fbee017d2e71ebc2b96d828b9a10e7be4207d2cc6bbcb3964e438,2026-08-06T20:59:11.647848+00:00
Q104,attribute,T1500,KV,"['T1500-2096', 'T1500-1577', 'T1500-1580', 'T1500-2088', 'T1500-2100', 'T1500-2099', 'T1500-2094', 'T1500-1635', 'T1500-2103', 'T1500-1079']","[0.5253498, 0.51735151, 0.51131177, 0.50904155, 0.50761896, 0.49899811, 0.4947381, 0.49446404, 0.49141705, 0.4890694]",8,0,0,0,1,073b5ccbbb5d12df864a1203cc6edbf8f8229328e151851fa3e26b64b4fbe5c4,95c4f1f0b76fbee017d2e71ebc2b96d828b9a10e7be4207d2cc6bbcb3964e438,2026-08-06T20:59:11.648319+00:00
Q105,attribute,T1500,KV,"['T1500-0020', 'T1500-2091', 'T1500-0295', 'T1500-0134', 'T1500-2090', 'T1500-0252', 'T1500-0251', 'T1500-0051', 'T1500-0240', 'T1500-0281']","[0.64511859, 0.62474662, 0.60096258, 0.59880614, 0.59833187, 0.59719539, 0.59586543, 0.59345239, 0.59132034, 0.59127116]",2,0,1,1,1,30fccae8d08079515190429ec1ce426195208b39625cae98ae70b7075f7c9ae6,95c4f1f0b76fbee017d2e71ebc2b96d828b9a10e7be4207d2cc6bbcb3964e438,2026-08-06T20:59:11.648760+00:00
Q106,attribute,T1500,KV,"['T1500-1264', 'T1500-0954', 'T1500-0946', 'T1500-0980', 'T1500-1185', 'T1500-0975', 'T1500-0979', 'T1500-0983', 'T1500-0959', 'T1500-0955']","[0.65563434, 0.64546901, 0.64398706, 0.63833857, 0.63786983, 0.63630712, 0.63594633, 0.63582885, 0.63544571, 0.63530338]",,0,0,0,0,9b2cb844fe1d46d1c6b2585188ad5cd9e861f3d8a3597c47a16848f14aa9d1c0,95c4f1f0b76fbee017d2e71ebc2b96d828b9a10e7be4207d2cc6bbcb3964e438,2026-08-06T20:59:11.649239+00:00
Q107,price,T1500,KV,"['T1500-0868', 'T1500-0865', 'T1500-0570', 'T1500-0472', 'T1500-0575', 'T1500-0475', 'T1500-0571', 'T1500-1262', 'T1500-0460', 'T1500-1261']","[0.59441757, 0.59139478, 0.56947875, 0.55466104, 0.54918432, 0.547939, 0.54588437, 0.54442811, 0.54348516, 0.5425536]",,0,0,0,0,ecfe8a4b08ccdbf10d87b0674ca3a6ee004d6cfcefbd40a7f2fde68e2cf6f484,95c4f1f0b76fbee017d2e71ebc2b96d828b9a10e7be4207d2cc6bbcb3964e438,2026-08-06T20:59:11.649668+00:00
Q108,attribute,T1500,KV,"['T1500-1980', 'T1500-0983', 'T1500-0980', 'T1500-0953', 'T1500-0979', 'T1500-0981', 'T1500-0982', 'T1500-1979', 'T1500-0946', 'T1500-0947']","[0.65000194, 0.64112461, 0.63819551, 0.63812315, 0.63745087, 0.63693166, 0.63654488, 0.63277459, 0.63258481, 0.63221717]",,0,0,0,0,96f67eb8e648187bf4d081f291f6615fc8eff182e554114e400a82bc1863e6df,95c4f1f0b76fbee017d2e71ebc2b96d828b9a10e7be4207d2cc6bbcb3964e438,2026-08-06T20:59:11.650100+00:00
Q109,price,T1500,KV,"['T1500-1155', 'T1500-1156', 'T1500-1154', 'T1500-1036', 'T1500-1150', 'T1500-1152', 'T1500-1153', 'T1500-1151', 'T1500-1147', 'T1500-1034']","[0.73020041, 0.68873864, 0.66591585, 0.6580658, 0.65334469, 0.63834423, 0.63665009, 0.628447, 0.62395543, 0.622558]",1,1,1,1,1,a87513a21da239ee80707417e2d5e28bb0e2d0c25bcc707dabfd2551b9833ce6,95c4f1f0b76fbee017d2e71ebc2b96d828b9a10e7be4207d2cc6bbcb3964e438,2026-08-06T20:59:11.650546+00:00
Q110,price,T1500,KV,"['T1500-0303', 'T1500-0302', 'T1500-1750', 'T1500-1752', 'T1500-0304', 'T1500-1261', 'T1500-0332', 'T1500-1079', 'T1500-0877', 'T1500-0905']","[0.67286164, 0.64162523, 0.63726544, 0.59784901, 0.57307464, 0.5633949, 0.55563402, 0.5553441, 0.54949039, 0.54703349]",1,1,1,1,1,4f47ce968956ec1b9dcfa6fb89d16e695a7903720db30a29461dc3242eafa943,95c4f1f0b76fbee017d2e71ebc2b96d828b9a10e7be4207d2cc6bbcb3964e438,2026-08-06T20:59:11.650975+00:00
Q111,attribute,T1500,KV,"['T1500-1796', 'T1500-1264', 'T1500-1180', 'T1500-1185', 'T1500-0947', 'T1500-1170', 'T1500-1176', 'T1500-0949', 'T1500-0946', 'T1500-1173']","[0.65198493, 0.63805234, 0.63544679, 0.62919652, 0.62903363, 0.62875116, 0.62802202, 0.62788928, 0.62652433, 0.62516665]",1,1,1,1,1,00e1a44afcc90d43d2582e730e2ece89e06e7b8caaa68d9122bcde5dd443c4fe,95c4f1f0b76fbee017d2e71ebc2b96d828b9a10e7be4207d2cc6bbcb3964e438,2026-08-06T20:59:11.651458+00:00
Q112,price,T1500,KV,"['T1500-0868', 'T1500-0865', 'T1500-0464', 'T1500-0472', 'T1500-0468', 'T1500-0460', 'T1500-0475', 'T1500-0463', 'T1500-0564', 'T1500-0864']","[0.6165086, 0.59155333, 0.56027079, 0.55227804, 0.55003667, 0.53883278, 0.53482568, 0.53330398, 0.53292394, 0.53210664]",3,0,1,1,1,d4a200f7c79abfadaabdfc1911cd4429b157c6abde39b1305f85d1ec0811767d,95c4f1f0b76fbee017d2e71ebc2b96d828b9a10e7be4207d2cc6bbcb3964e438,2026-08-06T20:59:11.651881+00:00
Q113,price,T1500,KV,"['T1500-1157', 'T1500-1915', 'T1500-1797', 'T1500-1986', 'T1500-1156', 'T1500-1917', 'T1500-1942', 'T1500-0946', 'T1500-1914', 'T1500-1975']","[0.63907588, 0.62817669, 0.61706734, 0.59670317, 0.5908519, 0.58810747, 0.58684921, 0.58430147, 0.58283865, 0.58281595]",3,0,1,1,1,6bb4a27e2d029f166f1958687a4afd70c10587e5b99a71471173da86451e17ab,95c4f1f0b76fbee017d2e71ebc2b96d828b9a10e7be4207d2cc6bbcb3964e438,2026-08-06T20:59:11.652330+00:00
Q114,price,T1500,KV,"['T1500-0216', 'T1500-0217', 'T1500-0039', 'T1500-0215', 'T1500-0301', 'T1500-1076', 'T1500-0026', 'T1500-1577', 'T1500-0020', 'T1500-0025']","[0.57363153, 0.45922151, 0.45341539, 0.45296344, 0.44408149, 0.44337478, 0.44298154, 0.43937236, 0.43806583, 0.43726709]",4,0,0,1,1,9691c026bc4bea91f64a899878df11e7db1e4bce6b4a7f60afe37ecca89f6f64,95c4f1f0b76fbee017d2e71ebc2b96d828b9a10e7be4207d2cc6bbcb3964e438,2026-08-06T20:59:11.652761+00:00
Q115,price,T1500,KV,"['T1500-1983', 'T1500-1985', 'T1500-1982', 'T1500-1986', 'T1500-1988', 'T1500-1233', 'T1500-1234', 'T1500-1976', 'T1500-1970', 'T1500-0958']","[0.61340821, 0.59407663, 0.53434592, 0.50547135, 0.48800108, 0.48755285, 0.47904226, 0.47713444, 0.47673535, 0.47518125]",2,0,1,1,1,2e1b099df3e03cb9b343938d4b186ae61af215efa56e01e984ce04ab8aba526b,95c4f1f0b76fbee017d2e71ebc2b96d828b9a10e7be4207d2cc6bbcb3964e438,2026-08-06T20:59:11.653227+00:00
Q116,price,T1500,KV,"['T1500-0927', 'T1500-1723', 'T1500-1347', 'T1500-1241', 'T1500-1214', 'T1500-1400', 'T1500-1366', 'T1500-1730', 'T1500-1357', 'T1500-1652']","[0.56547141, 0.48393887, 0.47803777, 0.47741425, 0.47318605, 0.47157797, 0.47102296, 0.46875182, 0.4655301, 0.464683]",1,1,1,1,1,973d56c38a9c431edd989310f37b3e7e33c4aa20e78d648d92632c62bc319e55,95c4f1f0b76fbee017d2e71ebc2b96d828b9a10e7be4207d2cc6bbcb3964e438,2026-08-06T20:59:11.653667+00:00
Q117,price,T1500,KV,"['T1500-1085', 'T1500-1083', 'T1500-1089', 'T1500-1088', 'T1500-1087', 'T1500-1086', 'T1500-1227', 'T1500-1084', 'T1500-1082', 'T1500-1405']","[0.50491822, 0.49458146, 0.49041039, 0.48958665, 0.48818076, 0.48529387, 0.47207823, 0.46509486, 0.46440801, 0.46063524]",3,0,1,1,1,5609e748e6565211c6854d9da53b6a2f0d89f74cfe73a4b44430f44dcce6d882,95c4f1f0b76fbee017d2e71ebc2b96d828b9a10e7be4207d2cc6bbcb3964e438,2026-08-06T20:59:11.654099+00:00
Q118,attribute,T1500,KV,"['T1500-1130', 'T1500-1124', 'T1500-1127', 'T1500-1776', 'T1500-1972', 'T1500-1125', 'T1500-1128', 'T1500-1791', 'T1500-1126', 'T1500-1971']","[0.62450987, 0.61151743, 0.59107202, 0.58329487, 0.58046508, 0.57643092, 0.57102573, 0.57094538, 0.56626558, 0.56449896]",2,0,1,1,1,9a6d95e707906a22be115e683f0f8195e5c4d47bae1b7a6c8eee99479e63fd5e,95c4f1f0b76fbee017d2e71ebc2b96d828b9a10e7be4207d2cc6bbcb3964e438,2026-08-06T20:59:11.654569+00:00
Q119,price,T1500,KV,"['T1500-0104', 'T1500-0112', 'T1500-1535', 'T1500-0108', 'T1500-0097', 'T1500-0071', 'T1500-0037', 'T1500-0199', 'T1500-0079', 'T1500-0069']","[0.56466043, 0.56170249, 0.56142175, 0.55493158, 0.55043042, 0.54820853, 0.5434047, 0.53719807, 0.5369395, 0.53595018]",,0,0,0,0,dae9e176af9e63f7ca77e382bc0ff6010e0f46e3f648a0f351bddad5d9e15c11,95c4f1f0b76fbee017d2e71ebc2b96d828b9a10e7be4207d2cc6bbcb3964e438,2026-08-06T20:59:11.654994+00:00
Q120,price,T1500,KV,"['T1500-1009', 'T1500-1008', 'T1500-1011', 'T1500-1010', 'T1500-1006', 'T1500-1007', 'T1500-1005', 'T1500-0990', 'T1500-1986', 'T1500-0998']","[0.66615796, 0.66415215, 0.66270518, 0.65918922, 0.6565752, 0.65575391, 0.64687395, 0.56399035, 0.56364822, 0.5618813]",1,1,1,1,1,f5d51c683fab70ca719bbc64cc698ad47437a0b33c7e40b373408d369e2d66a5,95c4f1f0b76fbee017d2e71ebc2b96d828b9a10e7be4207d2cc6bbcb3964e438,2026-08-06T20:59:11.655456+00:00
Q121,price,T1500,KV,"['T1500-1435', 'T1500-1437', 'T1500-1741', 'T1500-1434', 'T1500-0185', 'T1500-0156', 'T1500-1221', 'T1500-0184', 'T1500-1239', 'T1500-1737']","[0.53605223, 0.50461888, 0.48413578, 0.47299737, 0.45867902, 0.45106548, 0.44751942, 0.44740647, 0.44689935, 0.44563383]",4,0,0,1,1,552191e84c5c679c754387e93cc1776085f91b9f84a6f57cc9e77dd292c9d8e6,95c4f1f0b76fbee017d2e71ebc2b96d828b9a10e7be4207d2cc6bbcb3964e438,2026-08-06T20:59:11.655932+00:00
Q122,price,T1500,KV,"['T1500-0203', 'T1500-0052', 'T1500-1422', 'T1500-1377', 'T1500-1688', 'T1500-0282', 'T1500-1357', 'T1500-1382', 'T1500-0202', 'T1500-0294']","[0.54230297, 0.5222618, 0.51482838, 0.51041269, 0.5051477, 0.50359917, 0.50359207, 0.50162268, 0.50025302, 0.50025189]",4,0,0,1,1,3bd0c461db5f4eb09e428b5cb253afbf4fcedf9e6aa2d8afe02e3f7634bacb57,95c4f1f0b76fbee017d2e71ebc2b96d828b9a10e7be4207d2cc6bbcb3964e438,2026-08-06T20:59:11.656425+00:00
Q123,attribute,T1500,KV,"['T1500-0037', 'T1500-0104', 'T1500-0199', 'T1500-0041', 'T1500-0114', 'T1500-0112', 'T1500-0108', 'T1500-0110', 'T1500-2035', 'T1500-0036']","[0.68647385, 0.60558695, 0.57671559, 0.56989121, 0.56770682, 0.56264532, 0.56249666, 0.56194258, 0.56163871, 0.5549438]",1,1,1,1,1,56fcd27e00ef9aef2b112a433f47dc209c9b4eeca75b8367b88929642ad0afe2,95c4f1f0b76fbee017d2e71ebc2b96d828b9a10e7be4207d2cc6bbcb3964e438,2026-08-06T20:59:11.656899+00:00
Q124,attribute,T1500,KV,"['T1500-2096', 'T1500-2035', 'T1500-0104', 'T1500-2088', 'T1500-0110', 'T1500-0108', 'T1500-0114', 'T1500-0072', 'T1500-0112', 'T1500-0109']","[0.54273999, 0.53864938, 0.53316021, 0.51668489, 0.51242441, 0.51114273, 0.50379491, 0.4984726, 0.49787876, 0.49697378]",1,1,1,1,1,e2663a8a7b1c0af68f47c8237b45e970eaf0b49915bf06892b7498f8bf20d8ae,95c4f1f0b76fbee017d2e71ebc2b96d828b9a10e7be4207d2cc6bbcb3964e438,2026-08-06T20:59:11.657366+00:00
Q125,attribute,T1500,KV,"['T1500-0874', 'T1500-0534', 'T1500-0877', 'T1500-0542', 'T1500-0448', 'T1500-0440', 'T1500-0447', 'T1500-0541', 'T1500-0446', 'T1500-0444']","[0.6243794, 0.61137235, 0.60677296, 0.6048215, 0.6047039, 0.60387516, 0.601107, 0.60110283, 0.59477973, 0.59436834]",1,1,1,1,1,0e701a71d0e6771b3da40836f2b239dad9c55d76e85ad8802dc2bde3df036fa5,95c4f1f0b76fbee017d2e71ebc2b96d828b9a10e7be4207d2cc6bbcb3964e438,2026-08-06T20:59:11.657793+00:00
Q126,price,T1500,KV,"['T1500-1342', 'T1500-1339', 'T1500-1546', 'T1500-1534', 'T1500-1537', 'T1500-0127', 'T1500-1601', 'T1500-0126', 'T1500-0128', 'T1500-1535']","[0.41877127, 0.41334999, 0.41274872, 0.41044146, 0.40740246, 0.4059594, 0.4046759, 0.404284, 0.40352413, 0.40106815]",8,0,0,0,1,1f5c5a873218d0a08387e1ced4f689cd006ff0b18d8e9ead4eea0dc27a2d6eda,95c4f1f0b76fbee017d2e71ebc2b96d828b9a10e7be4207d2cc6bbcb3964e438,2026-08-06T20:59:11.658249+00:00
Q127,price,T1500,KV,"['T1500-1970', 'T1500-0953', 'T1500-1968', 'T1500-0958', 'T1500-1976', 'T1500-1189', 'T1500-0957', 'T1500-1190', 'T1500-1894', 'T1500-1188']","[0.63769555, 0.62252194, 0.61152554, 0.61113262, 0.60343784, 0.60229731, 0.60202616, 0.6015445, 0.59861469, 0.59677124]",1,1,1,1,1,7a859cdd59887ef1fa0bb873d69171929c221848125094a1714b587ebb9de06e,95c4f1f0b76fbee017d2e71ebc2b96d828b9a10e7be4207d2cc6bbcb3964e438,2026-08-06T20:59:11.658687+00:00
Q128,price,T1500,KV,"['T1500-0235', 'T1500-0020', 'T1500-0019', 'T1500-0184', 'T1500-0015', 'T1500-0430', 'T1500-1468', 'T1500-0141', 'T1500-0112', 'T1500-0295']","[0.53906065, 0.48144341, 0.46945658, 0.46698898, 0.46269405, 0.46239698, 0.4610019, 0.459553, 0.45917401, 0.45837194]",1,1,1,1,1,c3c474d4183f4eda9620d59c995838738351dde95d662cef616da1e537db7d59,95c4f1f0b76fbee017d2e71ebc2b96d828b9a10e7be4207d2cc6bbcb3964e438,2026-08-06T20:59:11.659116+00:00
Q129,price,T1500,KV,"['T1500-0240', 'T1500-0241', 'T1500-0020', 'T1500-1262', 'T1500-1261', 'T1500-1663', 'T1500-0546', 'T1500-1252', 'T1500-1253', 'T1500-0451']","[0.5114671, 0.51140726, 0.51033485, 0.50694561, 0.50166845, 0.49645716, 0.49437708, 0.49376968, 0.48960596, 0.4895764]",9,0,0,0,1,67a84a8fc181bcbaf09d3a142372a5aa193aecd6c497215c7c128c4621dee0d6,95c4f1f0b76fbee017d2e71ebc2b96d828b9a10e7be4207d2cc6bbcb3964e438,2026-08-06T20:59:11.659567+00:00
Q130,attribute,T1500,KV,"['T1500-0213', 'T1500-0211', 'T1500-0205', 'T1500-1722', 'T1500-0208', 'T1500-0212', 'T1500-1721', 'T1500-0911', 'T1500-0240', 'T1500-0209']","[0.59790826, 0.58755654, 0.57514346, 0.55706489, 0.55605388, 0.55034697, 0.54727054, 0.54686284, 0.54648733, 0.54560488]",3,0,1,1,1,2e1b18bd4a4882a5f2522c226cd89bce81719a76b7ac82e5067e62eb735c77fe,95c4f1f0b76fbee017d2e71ebc2b96d828b9a10e7be4207d2cc6bbcb3964e438,2026-08-06T20:59:11.660026+00:00
Q131,attribute,T1500,KV,"['T1500-1983', 'T1500-1985', 'T1500-1986', 'T1500-1982', 'T1500-0958', 'T1500-1190', 'T1500-1189', 'T1500-1188', 'T1500-0963', 'T1500-1187']","[0.6178869, 0.59481162, 0.55875313, 0.55274099, 0.52359533, 0.52314526, 0.52259564, 0.52087498, 0.52071232, 0.51980859]",1,1,1,1,1,bb572e1146128a322b087235cd3c1fbc13b0f97c04e315748e680b07d45b57cb,95c4f1f0b76fbee017d2e71ebc2b96d828b9a10e7be4207d2cc6bbcb3964e438,2026-08-06T20:59:11.660512+00:00
Q132,price,T1500,KV,"['T1500-0452', 'T1500-0546', 'T1500-0451', 'T1500-0450', 'T1500-1261', 'T1500-0545', 'T1500-0325', 'T1500-0519', 'T1500-0547', 'T1500-1777']","[0.52711606, 0.52167732, 0.515441, 0.5099138, 0.50932765, 0.50070536, 0.48824409, 0.48795313, 0.48738298, 0.48343471]",1,1,1,1,1,580de183adfc2d31b3ccb2472e70096c18ecd17ffcbca8b8ce471e99fde0d534,95c4f1f0b76fbee017d2e71ebc2b96d828b9a10e7be4207d2cc6bbcb3964e438,2026-08-06T20:59:11.660941+00:00
Q133,attribute,T1500,KV,"['T1500-0401', 'T1500-0394', 'T1500-1265', 'T1500-0387', 'T1500-0388', 'T1500-0397', 'T1500-1046', 'T1500-0400', 'T1500-1308', 'T1500-1266']","[0.503564, 0.49697313, 0.49688971, 0.4968338, 0.4929167, 0.49062473, 0.49016863, 0.48963249, 0.48761836, 0.48724726]",,0,0,0,0,a128862140f64219e9d9451410eb723a9f97823d3cbab486be378117636e3e05,95c4f1f0b76fbee017d2e71ebc2b96d828b9a10e7be4207d2cc6bbcb3964e438,2026-08-06T20:59:11.661435+00:00
Q134,attribute,T1500,KV,"['T1500-0983', 'T1500-1155', 'T1500-1800', 'T1500-1036', 'T1500-0966', 'T1500-0979', 'T1500-0980', 'T1500-0961', 'T1500-0981', 'T1500-0970']","[0.64634621, 0.64583588, 0.64514303, 0.64096302, 0.63951683, 0.63809121, 0.63727093, 0.63649404, 0.63594484, 0.63434148]",,0,0,0,0,bf138cceeef05d87e7675c3a9284facbeddd15679df9238e7e8fe860651d29f8,95c4f1f0b76fbee017d2e71ebc2b96d828b9a10e7be4207d2cc6bbcb3964e438,2026-08-06T20:59:11.661927+00:00
Q135,attribute,T1500,KV,"['T1500-1976', 'T1500-0953', 'T1500-0978', 'T1500-0976', 'T1500-0965', 'T1500-0975', 'T1500-0982', 'T1500-0981', 'T1500-0973', 'T1500-0979']","[0.68394935, 0.68178278, 0.67028016, 0.66999459, 0.6675421, 0.66615504, 0.66465086, 0.66380417, 0.66368234, 0.66340601]",1,1,1,1,1,858d1b8e5ab94eec7d1fa940c84e3a451e68b4f997069493c95064b64318eb4d,95c4f1f0b76fbee017d2e71ebc2b96d828b9a10e7be4207d2cc6bbcb3964e438,2026-08-06T20:59:11.662550+00:00
Q136,attribute,T1500,KV,"['T1500-0946', 'T1500-0947', 'T1500-1167', 'T1500-1185', 'T1500-1177', 'T1500-1179', 'T1500-0953', 'T1500-0983', 'T1500-0955', 'T1500-1178']","[0.64669609, 0.64405227, 0.64272654, 0.64061743, 0.64024979, 0.64019185, 0.63983166, 0.63970065, 0.63796312, 0.63729763]",,0,0,0,0,bd6b7874a4bfe44a0ff8e9f997c645733522a53760259eb0d86603cc7707f110,95c4f1f0b76fbee017d2e71ebc2b96d828b9a10e7be4207d2cc6bbcb3964e438,2026-08-06T20:59:11.663469+00:00
Q137,price,T1500,KV,"['T1500-0868', 'T1500-0865', 'T1500-0570', 'T1500-0472', 'T1500-0575', 'T1500-0475', 'T1500-1262', 'T1500-0571', 'T1500-0460', 'T1500-0565']","[0.60323292, 0.60135293, 0.57269478, 0.56125426, 0.55456758, 0.55446327, 0.55278552, 0.55231386, 0.55139214, 0.54457605]",,0,0,0,0,c8611d6569b38fcadefabce87af243085047e4a12884607241704344c2ada889,95c4f1f0b76fbee017d2e71ebc2b96d828b9a10e7be4207d2cc6bbcb3964e438,2026-08-06T20:59:11.664129+00:00
Q138,price,T1500,KV,"['T1500-1531', 'T1500-1617', 'T1500-1634', 'T1500-1535', 'T1500-1614', 'T1500-1638', 'T1500-1635', 'T1500-1546', 'T1500-1539', 'T1500-1555']","[0.50422359, 0.50214422, 0.48772311, 0.48258176, 0.48089829, 0.47675103, 0.47516608, 0.4740901, 0.47291273, 0.46875477]",2,0,1,1,1,cc888b125a1c9f6987e91c1c5fac3f08c3c7b54eca3161a0701487fef0f7fd1f,95c4f1f0b76fbee017d2e71ebc2b96d828b9a10e7be4207d2cc6bbcb3964e438,2026-08-06T20:59:11.664766+00:00
Q139,price,T1500,KV,"['T1500-0141', 'T1500-0142', 'T1500-0147', 'T1500-0140', 'T1500-1405', 'T1500-1862', 'T1500-0145', 'T1500-1137', 'T1500-0085', 'T1500-1159']","[0.54613209, 0.46154356, 0.4594211, 0.45765227, 0.45756608, 0.44982582, 0.43402648, 0.43275374, 0.4308818, 0.43003386]",1,1,1,1,1,0fb640fdb62e3f50507524b42edc18402f980791cbde7ed538d223391a25b54c,95c4f1f0b76fbee017d2e71ebc2b96d828b9a10e7be4207d2cc6bbcb3964e438,2026-08-06T20:59:11.665304+00:00
Q140,price,T1500,KV,"['T1500-0448', 'T1500-0534', 'T1500-0877', 'T1500-0440', 'T1500-0432', 'T1500-0436', 'T1500-0880', 'T1500-0530', 'T1500-0533', 'T1500-0542']","[0.61304665, 0.6024375, 0.60125118, 0.59736544, 0.59468365, 0.59199405, 0.58911401, 0.58825463, 0.5876863, 0.58653331]",9,0,0,0,1,cff6357be7e261a834dcc91c99e801a69badf28ebf6eb2709c19dd776b6f8d73,95c4f1f0b76fbee017d2e71ebc2b96d828b9a10e7be4207d2cc6bbcb3964e438,2026-08-06T20:59:11.665816+00:00
Q141,price,T1500,KV,"['T1500-1949', 'T1500-0975', 'T1500-1033', 'T1500-0981', 'T1500-0979', 'T1500-1995', 'T1500-0980', 'T1500-1024', 'T1500-0972', 'T1500-0963']","[0.66872346, 0.66151118, 0.65566069, 0.6553129, 0.65482289, 0.6547302, 0.65417552, 0.65247679, 0.65213609, 0.65190148]",,0,0,0,0,088cf0826aa589b40ad1370eb7e7fb5126236983f32d53ab13890912d49304c9,95c4f1f0b76fbee017d2e71ebc2b96d828b9a10e7be4207d2cc6bbcb3964e438,2026-08-06T20:59:11.666398+00:00
Q142,price,T1500,KV,"['T1500-0335', 'T1500-0877', 'T1500-0874', 'T1500-0332', 'T1500-1252', 'T1500-0880', 'T1500-0374', 'T1500-0881', 'T1500-0376', 'T1500-0328']","[0.55911064, 0.55738807, 0.55232269, 0.54637325, 0.54545307, 0.54498994, 0.54194707, 0.53815037, 0.53787732, 0.53281355]",,0,0,0,0,859f4c3f7abb4b1a58bd44af303f213d32118322651715979c9352ffe122e8c4,95c4f1f0b76fbee017d2e71ebc2b96d828b9a10e7be4207d2cc6bbcb3964e438,2026-08-06T20:59:11.666911+00:00
Q143,attribute,T1500,KV,"['T1500-1815', 'T1500-1811', 'T1500-1814', 'T1500-1810', 'T1500-1813', 'T1500-1186', 'T1500-1168', 'T1500-1169', 'T1500-1939', 'T1500-1938']","[0.6314621, 0.62518144, 0.59196901, 0.58720821, 0.57036471, 0.56087357, 0.55621076, 0.55612135, 0.55590308, 0.55485952]",4,0,0,1,1,f4dee4305190b093ee11875ef6813cf5ce3e1f97d7e2eeffdf459f1e32d8d1ee,95c4f1f0b76fbee017d2e71ebc2b96d828b9a10e7be4207d2cc6bbcb3964e438,2026-08-06T20:59:11.667416+00:00
Q144,price,T1500,KV,"['T1500-0877', 'T1500-0880', 'T1500-0874', 'T1500-0448', 'T1500-0534', 'T1500-0875', 'T1500-0432', 'T1500-0879', 'T1500-0436', 'T1500-0440']","[0.63188136, 0.6163367, 0.59371328, 0.58718109, 0.58661437, 0.58432692, 0.58033204, 0.57951492, 0.57764125, 0.57426351]",6,0,0,0,1,aeba23ebee74275402ae92bc0ce998ae9ec0b0a09ea8d5b5c604b6ac39b7c941,95c4f1f0b76fbee017d2e71ebc2b96d828b9a10e7be4207d2cc6bbcb3964e438,2026-08-06T20:59:11.667852+00:00
Q145,attribute,T1500,KV,"['T1500-0303', 'T1500-0302', 'T1500-1750', 'T1500-1752', 'T1500-0304', 'T1500-1079', 'T1500-0900', 'T1500-0905', 'T1500-0877', 'T1500-0911']","[0.65908056, 0.62278122, 0.61704075, 0.57150149, 0.56932998, 0.53932834, 0.53449786, 0.53225338, 0.53059971, 0.53050566]",,0,0,0,0,6f03cbacb4eaa978ffb3d648a5ddb3014f246d61ca171872ee7584194ff28f5c,95c4f1f0b76fbee017d2e71ebc2b96d828b9a10e7be4207d2cc6bbcb3964e438,2026-08-06T20:59:11.668325+00:00
Q146,price,T1500,KV,"['T1500-1567', 'T1500-0066', 'T1500-1535', 'T1500-0097', 'T1500-0065', 'T1500-0054', 'T1500-0037', 'T1500-1561', 'T1500-0036', 'T1500-0072']","[0.53554749, 0.53430748, 0.53242731, 0.52445227, 0.52263999, 0.52205205, 0.51655018, 0.50922853, 0.50811082, 0.50421178]",1,1,1,1,1,c15f28e5838eb5540b54e2dd7c7e4e9a1b06fdaa6a121d046f1a436c299248d5,95c4f1f0b76fbee017d2e71ebc2b96d828b9a10e7be4207d2cc6bbcb3964e438,2026-08-06T20:59:11.668756+00:00
Q147,price,T1500,KV,"['T1500-1699', 'T1500-2072', 'T1500-1703', 'T1500-1705', 'T1500-1706', 'T1500-1709', 'T1500-1688', 'T1500-1339', 'T1500-0905', 'T1500-2069']","[0.55751276, 0.55038255, 0.54236448, 0.5409584, 0.5401994, 0.5369063, 0.53595322, 0.53344464, 0.52832884, 0.52830148]",2,0,1,1,1,f42bf362a9bae1680e3a777eb05b3a2d932f677cdac92a69c987cf802102410c,95c4f1f0b76fbee017d2e71ebc2b96d828b9a10e7be4207d2cc6bbcb3964e438,2026-08-06T20:59:11.669228+00:00
Q148,price,T1500,KV,"['T1500-0020', 'T1500-0295', 'T1500-1347', 'T1500-1353', 'T1500-0294', 'T1500-0134', 'T1500-1357', 'T1500-0252', 'T1500-1349', 'T1500-1348']","[0.57570672, 0.56686687, 0.55243707, 0.54921293, 0.54634076, 0.54545105, 0.541628, 0.54059732, 0.53991991, 0.53928638]",4,0,0,1,1,5888de19506654fc70581631b57245fa02d092deaffa1656a3370e2d7ea61305,95c4f1f0b76fbee017d2e71ebc2b96d828b9a10e7be4207d2cc6bbcb3964e438,2026-08-06T20:59:11.669670+00:00
Q149,attribute,T1500,KV,"['T1500-0104', 'T1500-0199', 'T1500-1561', 'T1500-1611', 'T1500-1535', 'T1500-0070', 'T1500-1546', 'T1500-0072', 'T1500-0108', 'T1500-0112']","[0.60622013, 0.58741963, 0.55423212, 0.55200624, 0.54968953, 0.54889905, 0.54844213, 0.54701084, 0.54447222, 0.54416871]",4,0,0,1,1,79475664a4455679bb720f433b5ba06e7c2d3970663bfb507d7351c736a6b8bc,95c4f1f0b76fbee017d2e71ebc2b96d828b9a10e7be4207d2cc6bbcb3964e438,2026-08-06T20:59:11.670194+00:00
Q150,attribute,T1500,KV,"['T1500-0137', 'T1500-0138', 'T1500-0139', 'T1500-0090', 'T1500-0292', 'T1500-0291', 'T1500-0136', 'T1500-0293', 'T1500-0048', 'T1500-0134']","[0.63938153, 0.63017035, 0.61552554, 0.60057402, 0.59653258, 0.5768851, 0.57002121, 0.56813133, 0.5653497, 0.56386435]",1,1,1,1,1,b8f085dada031f1ea66c9d944462b56aee8572c5af9a7e7984c8ae7495558b69,95c4f1f0b76fbee017d2e71ebc2b96d828b9a10e7be4207d2cc6bbcb3964e438,2026-08-06T20:59:11.670666+00:00
Q151,price,T1500,KV,"['T1500-0228', 'T1500-0249', 'T1500-1262', 'T1500-0704', 'T1500-0043', 'T1500-0686', 'T1500-0246', 'T1500-0905', 'T1500-0899', 'T1500-0170']","[0.60607684, 0.51097375, 0.50100231, 0.50049138, 0.50040889, 0.49840167, 0.49675614, 0.49658015, 0.49598649, 0.49543279]",,0,0,0,0,1208b1974eadda76d85e26db629c6220d4d1bb38780cf86a332fe08c84665024,95c4f1f0b76fbee017d2e71ebc2b96d828b9a10e7be4207d2cc6bbcb3964e438,2026-08-06T20:59:11.671080+00:00
Q152,price,T1500,KV,"['T1500-1945', 'T1500-1944', 'T1500-1034', 'T1500-1894', 'T1500-1967', 'T1500-1906', 'T1500-1036', 'T1500-1976', 'T1500-1923', 'T1500-0983']","[0.62949514, 0.5859133, 0.5563485, 0.5503068, 0.54788715, 0.54782444, 0.54502517, 0.54360116, 0.54341698, 0.54272699]",1,1,1,1,1,d9e6297f3fecf4c1c603a640c391f92d24f351446e6705767c34a5ab413ba92b,95c4f1f0b76fbee017d2e71ebc2b96d828b9a10e7be4207d2cc6bbcb3964e438,2026-08-06T20:59:11.671507+00:00
Q153,attribute,T1500,KV,"['T1500-1014', 'T1500-1094', 'T1500-1092', 'T1500-1130', 'T1500-1278', 'T1500-1284', 'T1500-1090', 'T1500-1093', 'T1500-1121', 'T1500-1091']","[0.6098485, 0.58952332, 0.58195853, 0.58136207, 0.57875848, 0.5751704, 0.57378161, 0.57187092, 0.57178974, 0.5679009]",,0,0,0,0,82576ad3f6bd4cf70fcfbacbbf31f827037615ada32da1b939038002e6a02f54,95c4f1f0b76fbee017d2e71ebc2b96d828b9a10e7be4207d2cc6bbcb3964e438,2026-08-06T20:59:11.671943+00:00
Q154,attribute,T1500,KV,"['T1500-0835', 'T1500-0825', 'T1500-0834', 'T1500-0824', 'T1500-0833', 'T1500-0822', 'T1500-0827', 'T1500-0826', 'T1500-0813', 'T1500-0830']","[0.6622315, 0.60603333, 0.60199809, 0.59797114, 0.59775966, 0.59630114, 0.59351492, 0.59191167, 0.59014428, 0.58394533]",1,1,1,1,1,8139bc1e47a7a976c43c0a25a49f5db646947f321276d02658c39c3197b2db6c,95c4f1f0b76fbee017d2e71ebc2b96d828b9a10e7be4207d2cc6bbcb3964e438,2026-08-06T20:59:11.672384+00:00
Q155,price,T1500,KV,"['T1500-1237', 'T1500-1856', 'T1500-1998', 'T1500-0923', 'T1500-0987', 'T1500-1236', 'T1500-1235', 'T1500-0921', 'T1500-1972', 'T1500-1862']","[0.54903287, 0.51651919, 0.5152117, 0.51496518, 0.51135701, 0.5085876, 0.50477314, 0.50409913, 0.503564, 0.50048476]",6,0,0,0,1,145344b903cb304a974134d4fd4bdc8df403ca8749d1c64c78e70f5c2229b2f4,95c4f1f0b76fbee017d2e71ebc2b96d828b9a10e7be4207d2cc6bbcb3964e438,2026-08-06T20:59:11.672794+00:00
Q156,price,T1500,KV,"['T1500-1969', 'T1500-1735', 'T1500-1468', 'T1500-1548', 'T1500-1397', 'T1500-1405', 'T1500-1581', 'T1500-1389', 'T1500-1483', 'T1500-1953']","[0.50417644, 0.48980969, 0.48638964, 0.48630637, 0.48597288, 0.48506516, 0.48249239, 0.47974518, 0.4755103, 0.4751136]",,0,0,0,0,34ba5c07e9f2b615884e32fef110095e7cdb1ba763f23b0e96c40a08d5515f68,95c4f1f0b76fbee017d2e71ebc2b96d828b9a10e7be4207d2cc6bbcb3964e438,2026-08-06T20:59:11.673222+00:00
Q157,attribute,T1500,KV,"['T1500-1237', 'T1500-1236', 'T1500-1235', 'T1500-0988', 'T1500-1156', 'T1500-1862', 'T1500-1064', 'T1500-1020', 'T1500-1887', 'T1500-1243']","[0.6417141, 0.61250687, 0.58164799, 0.54973131, 0.54014027, 0.53980935, 0.53759634, 0.53391004, 0.5277105, 0.5256952]",,0,0,0,0,d86aab20083ae85a6169e6a5b95906bdb44fd9f3fb19036130c1e550bc3daf65,95c4f1f0b76fbee017d2e71ebc2b96d828b9a10e7be4207d2cc6bbcb3964e438,2026-08-06T20:59:11.673698+00:00
Q158,attribute,T1500,KV,"['T1500-0240', 'T1500-1242', 'T1500-0205', 'T1500-1196', 'T1500-0204', 'T1500-0644', 'T1500-0213', 'T1500-0596', 'T1500-0495', 'T1500-0020']","[0.61238062, 0.61209393, 0.60385942, 0.5953033, 0.5908649, 0.58170438, 0.58145344, 0.57957089, 0.57873857, 0.57866746]",4,0,0,1,1,ed6cd526ef46ff81b16bf0824ff67afc2d05c3d4c4ed61d1b79a74e2ac3e469b,95c4f1f0b76fbee017d2e71ebc2b96d828b9a10e7be4207d2cc6bbcb3964e438,2026-08-06T20:59:11.674171+00:00
Q159,attribute,T1500,KV,"['T1500-0297', 'T1500-0298', 'T1500-2096', 'T1500-0110', 'T1500-0089', 'T1500-0299', 'T1500-0019', 'T1500-0038', 'T1500-0218', 'T1500-2089']","[0.66312748, 0.65448201, 0.54081964, 0.52997601, 0.52520657, 0.52480972, 0.52129805, 0.51460421, 0.51442945, 0.51296782]",1,1,1,1,1,6c35f07c8628b7e554ba8e6dd393fdac18e782f66f5bff80baadc8a0e51cfa9d,95c4f1f0b76fbee017d2e71ebc2b96d828b9a10e7be4207d2cc6bbcb3964e438,2026-08-06T20:59:11.674652+00:00
Q160,price,T1500,KV,"['T1500-1261', 'T1500-0905', 'T1500-1262', 'T1500-0899', 'T1500-0900', 'T1500-0902', 'T1500-0896', 'T1500-1243', 'T1500-0894', 'T1500-1449']","[0.52440464, 0.50516605, 0.50399971, 0.50154257, 0.50057042, 0.49924684, 0.49868238, 0.49690717, 0.49501014, 0.48874676]",,0,0,0,0,47c7d154b536197644096c43b63dac86d420c45e98eed7898afd275936793696,95c4f1f0b76fbee017d2e71ebc2b96d828b9a10e7be4207d2cc6bbcb3964e438,2026-08-06T20:59:11.675136+00:00
Q161,attribute,T1500,KV,"['T1500-1741', 'T1500-1422', 'T1500-1430', 'T1500-1743', 'T1500-1740', 'T1500-0107', 'T1500-1320', 'T1500-0015', 'T1500-0199', 'T1500-2033']","[0.51768291, 0.51512724, 0.50124359, 0.49468136, 0.48679036, 0.48372754, 0.48335218, 0.48258051, 0.48248297, 0.48104393]",,0,0,0,0,4d81036ecab29f102a952871a035c25c4bf999fe1dafc3fde449adb0ce3a1fe7,95c4f1f0b76fbee017d2e71ebc2b96d828b9a10e7be4207d2cc6bbcb3964e438,2026-08-06T20:59:11.675695+00:00
Q162,price,T1500,KV,"['T1500-0996', 'T1500-0997', 'T1500-0990', 'T1500-0995', 'T1500-0994', 'T1500-0991', 'T1500-1011', 'T1500-1008', 'T1500-1002', 'T1500-0989']","[0.69413221, 0.69040346, 0.67036617, 0.66533375, 0.66320926, 0.64321941, 0.6365304, 0.62810254, 0.6269455, 0.62664402]",2,0,1,1,1,c88ac06881715d43d6838c742b9d6c65af0375301d6d7466b575bd0c7dd076c8,95c4f1f0b76fbee017d2e71ebc2b96d828b9a10e7be4207d2cc6bbcb3964e438,2026-08-06T20:59:11.676141+00:00
Q163,attribute,T1500,KV,"['T1500-0310', 'T1500-0658', 'T1500-0655', 'T1500-0657', 'T1500-0756', 'T1500-0793', 'T1500-0723', 'T1500-0652', 'T1500-0767', 'T1500-0659']","[0.59718704, 0.59253871, 0.58983374, 0.58978808, 0.58600914, 0.58461165, 0.58360386, 0.58345479, 0.58286452, 0.58207011]",1,1,1,1,1,9f54acb68ee3f31899db786d9a4077865283380827d4ae03ae3308f9e0ecc9f1,95c4f1f0b76fbee017d2e71ebc2b96d828b9a10e7be4207d2cc6bbcb3964e438,2026-08-06T20:59:11.676612+00:00
Q164,price,T1500,KV,"['T1500-1839', 'T1500-1146', 'T1500-1145', 'T1500-1155', 'T1500-0988', 'T1500-1156', 'T1500-1243', 'T1500-1248', 'T1500-1181', 'T1500-1250']","[0.59902406, 0.57874751, 0.5727731, 0.55864799, 0.55832624, 0.55823755, 0.55543888, 0.55343807, 0.54875845, 0.5486567]",1,1,1,1,1,08cfca2e76e6e7bb076b1339eeabbcc4fbaadaf24b2c07ebd9749305a97620c6,95c4f1f0b76fbee017d2e71ebc2b96d828b9a10e7be4207d2cc6bbcb3964e438,2026-08-06T20:59:11.677047+00:00
Q165,price,T1500,KV,"['T1500-0841', 'T1500-0837', 'T1500-0835', 'T1500-0842', 'T1500-0840', 'T1500-0839', 'T1500-0833', 'T1500-0826', 'T1500-0836', 'T1500-0831']","[0.71233195, 0.67659932, 0.62312001, 0.61151493, 0.60807586, 0.59937757, 0.59758222, 0.59476227, 0.58709168, 0.58455092]",4,0,0,1,1,8274cb4311a5c9d11ce7665b7f42d11f9acb66a6648f0902d9c92e3ba583da7e,95c4f1f0b76fbee017d2e71ebc2b96d828b9a10e7be4207d2cc6bbcb3964e438,2026-08-06T20:59:11.677497+00:00
Q166,price,T1500,KV,"['T1500-1649', 'T1500-1659', 'T1500-1652', 'T1500-0892', 'T1500-1651', 'T1500-0282', 'T1500-0058', 'T1500-0029', 'T1500-1388', 'T1500-1653']","[0.61634976, 0.53540355, 0.53314584, 0.51502949, 0.51434076, 0.50899196, 0.50802481, 0.5037564, 0.50031543, 0.5001992]",5,0,0,1,1,b604181784cb0b75852fc717cd2057753abbdc44029f50653d4984425297f6b9,95c4f1f0b76fbee017d2e71ebc2b96d828b9a10e7be4207d2cc6bbcb3964e438,2026-08-06T20:59:11.677929+00:00
Q167,price,T1500,KV,"['T1500-0868', 'T1500-0390', 'T1500-0865', 'T1500-0561', 'T1500-0560', 'T1500-0460', 'T1500-0472', 'T1500-0461', 'T1500-0468', 'T1500-0877']","[0.6329205, 0.6150471, 0.60726327, 0.59817886, 0.58954763, 0.57306099, 0.57277954, 0.5722397, 0.57153344, 0.56849635]",8,0,0,0,1,d7f7fcc2f0354f903893ab08d1ce1f8a8ca30c9d6bfec443c7eaa167a433a3c9,95c4f1f0b76fbee017d2e71ebc2b96d828b9a10e7be4207d2cc6bbcb3964e438,2026-08-06T20:59:11.678375+00:00
Q168,price,T1500,KV,"['T1500-0332', 'T1500-0328', 'T1500-0877', 'T1500-0320', 'T1500-0326', 'T1500-0325', 'T1500-0874', 'T1500-0374', 'T1500-0327', 'T1500-0880']","[0.59922731, 0.59149146, 0.57926285, 0.56103623, 0.56036532, 0.55803406, 0.55603123, 0.55315995, 0.55199134, 0.55065286]",2,0,1,1,1,b5657d9b11f81754ed5eee5acb7b8ec5a41b4e8453ee76c732ec404e472b6305,95c4f1f0b76fbee017d2e71ebc2b96d828b9a10e7be4207d2cc6bbcb3964e438,2026-08-06T20:59:11.678802+00:00
Q169,attribute,T1500,KV,"['T1500-0104', 'T1500-1605', 'T1500-0112', 'T1500-0199', 'T1500-0114', 'T1500-0127', 'T1500-0068', 'T1500-0092', 'T1500-0126', 'T1500-0123']","[0.57301658, 0.56522036, 0.56269854, 0.56259722, 0.55279708, 0.54084158, 0.53895569, 0.53833342, 0.53776675, 0.53489649]",,0,0,0,0,0c560f050d3d82d81b766004f347a5e71ca4ea110260e5583597c52a5381549a,95c4f1f0b76fbee017d2e71ebc2b96d828b9a10e7be4207d2cc6bbcb3964e438,2026-08-06T20:59:11.679281+00:00
Q170,price,T1500,KV,"['T1500-0227', 'T1500-0229', 'T1500-0224', 'T1500-0226', 'T1500-0232', 'T1500-1659', 'T1500-0225', 'T1500-1357', 'T1500-1678', 'T1500-1599']","[0.51592124, 0.50326163, 0.49932319, 0.49568135, 0.4942404, 0.46465391, 0.46074295, 0.45795232, 0.45677885, 0.45628333]",2,0,1,1,1,5a07536463b4d54efe28d0e6c0f32e9c94809a24cdd5251ea1543f512c0df37b,95c4f1f0b76fbee017d2e71ebc2b96d828b9a10e7be4207d2cc6bbcb3964e438,2026-08-06T20:59:11.679727+00:00
Q171,price,T1500,KV,"['T1500-0395', 'T1500-0396', 'T1500-1414', 'T1500-0419', 'T1500-1510', 'T1500-0880', 'T1500-1745', 'T1500-0412', 'T1500-1433', 'T1500-0391']","[0.49828374, 0.49138856, 0.48304379, 0.48043582, 0.47928709, 0.47894812, 0.4778527, 0.4778105, 0.46818605, 0.46725544]",1,1,1,1,1,1fd2863e165e49da72af6f725925cbfce5b231b08afd325c3bc968951e0f65ec,95c4f1f0b76fbee017d2e71ebc2b96d828b9a10e7be4207d2cc6bbcb3964e438,2026-08-06T20:59:11.680157+00:00
Q172,attribute,T1500,KV,"['T1500-1014', 'T1500-1284', 'T1500-1130', 'T1500-1094', 'T1500-1278', 'T1500-1089', 'T1500-1121', 'T1500-1091', 'T1500-1017', 'T1500-1124']","[0.62118095, 0.58880019, 0.58453691, 0.58361459, 0.58185875, 0.57344723, 0.57081836, 0.57079852, 0.56949782, 0.56917059]",,0,0,0,0,18e8e967ff54f9941f6b4d6e8eada3c224f728834692f8ac7888c80b6b926045,95c4f1f0b76fbee017d2e71ebc2b96d828b9a10e7be4207d2cc6bbcb3964e438,2026-08-06T20:59:11.680634+00:00
Q173,attribute,T1500,KV,"['T1500-0073', 'T1500-0190', 'T1500-2096', 'T1500-0114', 'T1500-0120', 'T1500-0108', 'T1500-0112', 'T1500-0118', 'T1500-0196', 'T1500-0121']","[0.55365252, 0.53127599, 0.53045821, 0.52425766, 0.52024877, 0.51914585, 0.51622069, 0.51329517, 0.50949013, 0.50668693]",1,1,1,1,1,f720b80185ea88f4589b0ec29b30eee21c5c1f5b041aed448386586ac399167e,95c4f1f0b76fbee017d2e71ebc2b96d828b9a10e7be4207d2cc6bbcb3964e438,2026-08-06T20:59:11.681103+00:00
Q174,price,T1500,KV,"['T1500-1200', 'T1500-1201', 'T1500-1199', 'T1500-0946', 'T1500-0943', 'T1500-1995', 'T1500-0941', 'T1500-0975', 'T1500-0953', 'T1500-0947']","[0.66101253, 0.65680802, 0.62744999, 0.5936414, 0.5920946, 0.59145987, 0.59073734, 0.58991724, 0.58967328, 0.58860517]",2,0,1,1,1,bb6c71a041434ac31f023f5b03934264177c1695dec56b4445ea81f8bd9cc8fd,95c4f1f0b76fbee017d2e71ebc2b96d828b9a10e7be4207d2cc6bbcb3964e438,2026-08-06T20:59:11.681560+00:00
Q175,attribute,T1500,KV,"['T1500-1535', 'T1500-1635', 'T1500-1449', 'T1500-1546', 'T1500-1615', 'T1500-1611', 'T1500-0088', 'T1500-0199', 'T1500-1448', 'T1500-0104']","[0.59870338, 0.58544081, 0.57687902, 0.57564157, 0.55573213, 0.55309713, 0.5515523, 0.55031896, 0.54906899, 0.54702556]",,0,0,0,0,485fcaa7cd1c30c0cea992dd715523efb1683ba26cfe1e304d2e381257e647dc,95c4f1f0b76fbee017d2e71ebc2b96d828b9a10e7be4207d2cc6bbcb3964e438,2026-08-06T20:59:11.682020+00:00
Q176,attribute,T1500,KV,"['T1500-0953', 'T1500-0976', 'T1500-0975', 'T1500-0980', 'T1500-0978', 'T1500-0979', 'T1500-0981', 'T1500-0965', 'T1500-0977', 'T1500-0982']","[0.68713546, 0.66803217, 0.66688204, 0.66548669, 0.66476125, 0.66415751, 0.66369748, 0.66342139, 0.66155761, 0.66135991]",1,1,1,1,1,9bc5fb1b493a312da75f9bf55d34c8577054eaf7e53da5c535dec95e426fbb1e,95c4f1f0b76fbee017d2e71ebc2b96d828b9a10e7be4207d2cc6bbcb3964e438,2026-08-06T20:59:11.682474+00:00
Q177,price,T1500,KV,"['T1500-0877', 'T1500-0448', 'T1500-0432', 'T1500-0529', 'T1500-0530', 'T1500-0434', 'T1500-0534', 'T1500-0436', 'T1500-0440', 'T1500-0433']","[0.6441313, 0.60636139, 0.60211223, 0.60113823, 0.59845757, 0.59813142, 0.59691715, 0.59226489, 0.59120488, 0.5898093]",4,0,0,1,1,38ae8f755770f5e95f7b32b98ee6ed1e765c677b95c409c89c9e263617e93491,95c4f1f0b76fbee017d2e71ebc2b96d828b9a10e7be4207d2cc6bbcb3964e438,2026-08-06T20:59:11.682917+00:00
Q178,attribute,T1500,KV,"['T1500-0299', 'T1500-0298', 'T1500-0300', 'T1500-1747', 'T1500-1749', 'T1500-0017', 'T1500-0297', 'T1500-0301', 'T1500-0305', 'T1500-0304']","[0.6277858, 0.61956382, 0.61771774, 0.58367252, 0.56744647, 0.52879626, 0.52397978, 0.52382207, 0.52280742, 0.51386815]",,0,0,0,0,540656bb0228de7f959eb5e1dc4040f4b8c6417f8a18dcef98275f0e708b1ccf,95c4f1f0b76fbee017d2e71ebc2b96d828b9a10e7be4207d2cc6bbcb3964e438,2026-08-06T20:59:11.683398+00:00
Q179,attribute,T1500,KV,"['T1500-0809', 'T1500-0735', 'T1500-0897', 'T1500-0903', 'T1500-0678', 'T1500-0774', 'T1500-0765', 'T1500-0754', 'T1500-0926', 'T1500-0632']","[0.5959785, 0.58741271, 0.58426851, 0.58423519, 0.58222187, 0.58128583, 0.58000785, 0.57458532, 0.57412434, 0.5733608]",3,0,1,1,1,7a28fa828b4dc6ebce6bc589484bcc8529ee1a8d772c1c1515be867b487a98b2,95c4f1f0b76fbee017d2e71ebc2b96d828b9a10e7be4207d2cc6bbcb3964e438,2026-08-06T20:59:11.683952+00:00
Q180,price,T1500,KV,"['T1500-1335', 'T1500-1327', 'T1500-1342', 'T1500-1331', 'T1500-1339', 'T1500-1535', 'T1500-1638', 'T1500-1332', 'T1500-1333', 'T1500-1329']","[0.47339106, 0.47147909, 0.46773762, 0.46670175, 0.45631295, 0.45462081, 0.45185095, 0.4509933, 0.45049691, 0.44920608]",7,0,0,0,1,00acbe99e5c9680d4477e5a714fb0614b6f6977126a994b796e0620009ed31cf,95c4f1f0b76fbee017d2e71ebc2b96d828b9a10e7be4207d2cc6bbcb3964e438,2026-08-06T20:59:11.684423+00:00
Q181,price,T1500,KV,"['T1500-0108', 'T1500-0104', 'T1500-0188', 'T1500-0088', 'T1500-0071', 'T1500-0199', 'T1500-1580', 'T1500-1577', 'T1500-0107', 'T1500-0189']","[0.55044568, 0.52736133, 0.50975156, 0.50922084, 0.5091815, 0.50856274, 0.50069261, 0.50053275, 0.500489, 0.49862498]",,0,0,0,0,37be64013a7a3f7fd42e8bf659ae20751ae69cc47ef7409134872421a09770e3,95c4f1f0b76fbee017d2e71ebc2b96d828b9a10e7be4207d2cc6bbcb3964e438,2026-08-06T20:59:11.684865+00:00
Q182,attribute,T1500,KV,"['T1500-1130', 'T1500-1124', 'T1500-1127', 'T1500-1972', 'T1500-1776', 'T1500-1125', 'T1500-1128', 'T1500-1791', 'T1500-1971', 'T1500-1126']","[0.60975718, 0.60407865, 0.58405375, 0.57963067, 0.57449234, 0.57314289, 0.56870627, 0.56378543, 0.5609386, 0.55891484]",2,0,1,1,1,a3aa9aac8bf600816c7f35761c1a15bbebb4c6cd67584a37774a52a3840d91b1,95c4f1f0b76fbee017d2e71ebc2b96d828b9a10e7be4207d2cc6bbcb3964e438,2026-08-06T20:59:11.685381+00:00
Q183,price,T1500,KV,"['T1500-1014', 'T1500-1972', 'T1500-1017', 'T1500-1013', 'T1500-1769', 'T1500-1012', 'T1500-1015', 'T1500-1130', 'T1500-1124', 'T1500-1783']","[0.64929163, 0.62279856, 0.62148452, 0.61691916, 0.61562216, 0.61231339, 0.61004043, 0.60145271, 0.59761578, 0.59553915]",,0,0,0,0,66e4183d888044f3ee77a6c1dae63bd73d86a02f4aa57d5dfcca0fd9ec8fc246,95c4f1f0b76fbee017d2e71ebc2b96d828b9a10e7be4207d2cc6bbcb3964e438,2026-08-06T20:59:11.685842+00:00
Q184,price,T1500,KV,"['T1500-0332', 'T1500-0328', 'T1500-0330', 'T1500-0877', 'T1500-0331', 'T1500-0880', 'T1500-0329', 'T1500-0326', 'T1500-0327', 'T1500-0874']","[0.61148858, 0.58875632, 0.57980919, 0.57870519, 0.57498097, 0.57339513, 0.56985271, 0.56957138, 0.56529319, 0.55578077]",3,0,1,1,1,05ef6497d4a47b77eda854d91601c598f4c145169d1f38abee00897b47aea875,95c4f1f0b76fbee017d2e71ebc2b96d828b9a10e7be4207d2cc6bbcb3964e438,2026-08-06T20:59:11.686322+00:00
Q185,price,T1500,KV,"['T1500-0315', 'T1500-0314', 'T1500-0313', 'T1500-0148', 'T1500-0149', 'T1500-0316', 'T1500-0312', 'T1500-0150', 'T1500-0151', 'T1500-0143']","[0.65446216, 0.63087732, 0.54577416, 0.5436362, 0.5293225, 0.52405441, 0.51270604, 0.49239618, 0.49175048, 0.48715198]",1,1,1,1,1,484bd02904eebaaca6a24ac76c548933864654162222f8f5c1410326de30b223,95c4f1f0b76fbee017d2e71ebc2b96d828b9a10e7be4207d2cc6bbcb3964e438,2026-08-06T20:59:11.686760+00:00
Q186,price,T1500,KV,"['T1500-0332', 'T1500-0347', 'T1500-0877', 'T1500-0320', 'T1500-0376', 'T1500-0328', 'T1500-0874', 'T1500-0880', 'T1500-0374', 'T1500-0738']","[0.60507923, 0.57458109, 0.56892252, 0.55213058, 0.55124736, 0.54987681, 0.54861385, 0.54498386, 0.54377729, 0.5379746]",2,0,1,1,1,d9e0686023eb4751de6897089db1bbc5ce4fb0c169f2abe576870fd0556ae332,95c4f1f0b76fbee017d2e71ebc2b96d828b9a10e7be4207d2cc6bbcb3964e438,2026-08-06T20:59:11.687188+00:00
Q187,attribute,T1500,KV,"['T1500-1706', 'T1500-0900', 'T1500-0906', 'T1500-0894', 'T1500-1699', 'T1500-0911', 'T1500-0905', 'T1500-1685', 'T1500-0899', 'T1500-0908']","[0.59706104, 0.56019837, 0.55922842, 0.55241871, 0.54902184, 0.54701114, 0.54530919, 0.54461932, 0.54128301, 0.53978431]",,0,0,0,0,7b67e2f0295e978b5492fb14023ee3eb7960b0bdfb53bfa3a1f0bb2dbdab8bd0,95c4f1f0b76fbee017d2e71ebc2b96d828b9a10e7be4207d2cc6bbcb3964e438,2026-08-06T20:59:11.687717+00:00
Q188,price,T1500,KV,"['T1500-1968', 'T1500-0953', 'T1500-0956', 'T1500-0954', 'T1500-0959', 'T1500-0955', 'T1500-1894', 'T1500-1964', 'T1500-1186', 'T1500-1976']","[0.65318799, 0.6300109, 0.61980814, 0.60963917, 0.6086359, 0.6039052, 0.60282362, 0.60272121, 0.60241377, 0.59977221]",1,1,1,1,1,9f262b156d7549e6f9d28c84d37621d9c6ec10ad988576b6e0b63b44cf82076f,95c4f1f0b76fbee017d2e71ebc2b96d828b9a10e7be4207d2cc6bbcb3964e438,2026-08-06T20:59:11.688172+00:00
Q189,attribute,T1500,KV,"['T1500-2088', 'T1500-2089', 'T1500-0017', 'T1500-2096', 'T1500-2090', 'T1500-2103', 'T1500-2094', 'T1500-1262', 'T1500-2087', 'T1500-2102']","[0.54748309, 0.52937901, 0.52094257, 0.51666254, 0.50819033, 0.50588793, 0.50573206, 0.50304461, 0.50273287, 0.49247587]",,0,0,0,0,e20effc3456128d462be0c0ac7e56b1b92261be5914b673819e9409e6115ed3c,95c4f1f0b76fbee017d2e71ebc2b96d828b9a10e7be4207d2cc6bbcb3964e438,2026-08-06T20:59:11.688643+00:00
Q190,price,T1500,KV,"['T1500-1777', 'T1500-1769', 'T1500-1783', 'T1500-1776', 'T1500-1780', 'T1500-1781', 'T1500-1013', 'T1500-1972', 'T1500-1767', 'T1500-1775']","[0.5825361, 0.57724059, 0.57552785, 0.57543337, 0.57151932, 0.56564093, 0.56344831, 0.56269717, 0.55574155, 0.55373544]",1,1,1,1,1,99ec604dc9b63d285e7362ab8949dfa0b1cb3def88256b6ac54dff678d360a0f,95c4f1f0b76fbee017d2e71ebc2b96d828b9a10e7be4207d2cc6bbcb3964e438,2026-08-06T20:59:11.689085+00:00
Q191,price,T1500,KV,"['T1500-1894', 'T1500-0966', 'T1500-0967', 'T1500-0962', 'T1500-0970', 'T1500-0980', 'T1500-0975', 'T1500-0976', 'T1500-0982', 'T1500-0981']","[0.62665868, 0.62549603, 0.62526047, 0.62368739, 0.62311268, 0.62276155, 0.62079751, 0.6205492, 0.61996764, 0.61965477]",,0,0,0,0,153412c3651d27b33bf87760cac0ae1afe053b93d731acd024e987b52f579365,95c4f1f0b76fbee017d2e71ebc2b96d828b9a10e7be4207d2cc6bbcb3964e438,2026-08-06T20:59:11.689530+00:00
Q192,attribute,T1500,KV,"['T1500-1226', 'T1500-1224', 'T1500-1014', 'T1500-1130', 'T1500-1124', 'T1500-1227', 'T1500-1290', 'T1500-1121', 'T1500-1225', 'T1500-1114']","[0.68293482, 0.6473701, 0.64703834, 0.63781095, 0.6315558, 0.62659872, 0.62472337, 0.61741567, 0.61289424, 0.61056805]",,0,0,0,0,ccfbbe3e80a2bc50e98dfee9aaaac05ba2cd13ad69f062bbda722f71cdedf4e9,95c4f1f0b76fbee017d2e71ebc2b96d828b9a10e7be4207d2cc6bbcb3964e438,2026-08-06T20:59:11.689999+00:00
Q193,attribute,T1500,KV,"['T1500-0104', 'T1500-1599', 'T1500-0062', 'T1500-1602', 'T1500-0199', 'T1500-1597', 'T1500-0112', 'T1500-1604', 'T1500-1561', 'T1500-1546']","[0.56217372, 0.53310657, 0.53001094, 0.52905071, 0.52862644, 0.52231294, 0.52200401, 0.52063966, 0.51782465, 0.51575822]",2,0,1,1,1,f92ae9e9028a81b594e445a6cddca57dedd30484ba53f3504f52631b96f5d198,95c4f1f0b76fbee017d2e71ebc2b96d828b9a10e7be4207d2cc6bbcb3964e438,2026-08-06T20:59:11.690487+00:00
Q194,price,T1500,KV,"['T1500-1342', 'T1500-1535', 'T1500-1345', 'T1500-1688', 'T1500-1671', 'T1500-1449', 'T1500-1335', 'T1500-1339', 'T1500-1344', 'T1500-1706']","[0.49890098, 0.49415785, 0.49081308, 0.48473254, 0.4795047, 0.47575679, 0.47452033, 0.47134769, 0.46994147, 0.46985245]",,0,0,0,0,361032195462dbb55a9f1f674cea5e3304ae46f54e59752c751f214ec5bc0730,95c4f1f0b76fbee017d2e71ebc2b96d828b9a10e7be4207d2cc6bbcb3964e438,2026-08-06T20:59:11.690930+00:00
Q195,attribute,T1500,KV,"['T1500-2035', 'T1500-0104', 'T1500-0112', 'T1500-2088', 'T1500-0110', 'T1500-2096', 'T1500-0129', 'T1500-2099', 'T1500-0108', 'T1500-0079']","[0.51722831, 0.51594365, 0.50357854, 0.50315094, 0.49848658, 0.4982512, 0.49680883, 0.496369, 0.4923622, 0.49109274]",2,0,1,1,1,a4dede8f167a5bf5832d2f1c66f466899c46e4a2712cd309e4d5af11d0c2b244,95c4f1f0b76fbee017d2e71ebc2b96d828b9a10e7be4207d2cc6bbcb3964e438,2026-08-06T20:59:11.691673+00:00
Q196,attribute,T1500,KV,"['T1500-0112', 'T1500-0085', 'T1500-0082', 'T1500-0108', 'T1500-0127', 'T1500-0100', 'T1500-0036', 'T1500-0114', 'T1500-0111', 'T1500-0079']","[0.64015901, 0.59121537, 0.58594227, 0.5787397, 0.57699251, 0.57372981, 0.57171535, 0.57133162, 0.57127857, 0.56967443]",,0,0,0,0,12cd0f4e89658a83f2c33333c7c18647c9a79aad04d2122f5536c06d9fc25435,95c4f1f0b76fbee017d2e71ebc2b96d828b9a10e7be4207d2cc6bbcb3964e438,2026-08-06T20:59:11.692127+00:00
Q197,price,T1500,KV,"['T1500-1087', 'T1500-1088', 'T1500-1083', 'T1500-1084', 'T1500-1085', 'T1500-1224', 'T1500-1998', 'T1500-1227', 'T1500-1089', 'T1500-1086']","[0.52997667, 0.51239234, 0.50273544, 0.5016036, 0.49212962, 0.49165425, 0.48454368, 0.47848815, 0.47811911, 0.4753117]",2,0,1,1,1,d7b836d5783c7ad5561e8b4e9ecab4c20e50eeadd8cca5d00dfd37d78be18e1a,95c4f1f0b76fbee017d2e71ebc2b96d828b9a10e7be4207d2cc6bbcb3964e438,2026-08-06T20:59:11.692589+00:00
Q198,attribute,T1500,KV,"['T1500-0193', 'T1500-0194', 'T1500-0051', 'T1500-0048', 'T1500-0265', 'T1500-0192', 'T1500-2087', 'T1500-0252', 'T1500-0293', 'T1500-0184']","[0.54218006, 0.53767252, 0.5317564, 0.511217, 0.50207418, 0.50164068, 0.49681976, 0.49618322, 0.49591449, 0.49575374]",1,1,1,1,1,6b3e39b9f1f68bed68a37f11abf5ebf249cc4b407c019ba3898d7b9af6962884,95c4f1f0b76fbee017d2e71ebc2b96d828b9a10e7be4207d2cc6bbcb3964e438,2026-08-06T20:59:11.693054+00:00
Q199,attribute,T1500,KV,"['T1500-1237', 'T1500-1236', 'T1500-1235', 'T1500-1246', 'T1500-0923', 'T1500-1238', 'T1500-1247', 'T1500-1527', 'T1500-1245', 'T1500-1239']","[0.60919213, 0.55713344, 0.53669697, 0.51955414, 0.51903313, 0.51803994, 0.5145278, 0.51357627, 0.51119775, 0.51078063]",1,1,1,1,1,d25bf94ad957903283aa048c32e3a69fe540905b32397ede56a24313fafe2e77,95c4f1f0b76fbee017d2e71ebc2b96d828b9a10e7be4207d2cc6bbcb3964e438,2026-08-06T20:59:11.693590+00:00
Q200,attribute,T1500,KV,"['T1500-1119', 'T1500-1118', 'T1500-1120', 'T1500-0744', 'T1500-2161', 'T1500-1136', 'T1500-1107', 'T1500-1108', 'T1500-2074', 'T1500-1117']","[0.52572906, 0.50512075, 0.49860641, 0.49157503, 0.48850858, 0.48849541, 0.48236015, 0.48123503, 0.47851604, 0.47588873]",1,1,1,1,1,9dd53381e2e1fc9a00eb5e84fe72da5f73f6a61e6a7ebb7c884fdd981394a7fb,95c4f1f0b76fbee017d2e71ebc2b96d828b9a10e7be4207d2cc6bbcb3964e438,2026-08-06T20:59:11.694064+00:00
Q201,attribute,T1500,KV,"['T1500-0320', 'T1500-0324', 'T1500-0322', 'T1500-0323', 'T1500-0321', 'T1500-0343', 'T1500-0877', 'T1500-0332', 'T1500-0339', 'T1500-0355']","[0.64324903, 0.62555814, 0.60979122, 0.59050989, 0.58871561, 0.58518147, 0.5783931, 0.57775629, 0.57534504, 0.57338756]",,0,0,0,0,50ab218a07aa3375ce6f3a6ae16cccc925fb441194edda7e4d93ac81c4b446c1,95c4f1f0b76fbee017d2e71ebc2b96d828b9a10e7be4207d2cc6bbcb3964e438,2026-08-06T20:59:11.694554+00:00
Q202,price,T1500,KV,"['T1500-1912', 'T1500-1796', 'T1500-1806', 'T1500-1976', 'T1500-1264', 'T1500-0958', 'T1500-1190', 'T1500-1821', 'T1500-1147', 'T1500-0957']","[0.61322623, 0.60579002, 0.60285926, 0.60150552, 0.60022181, 0.59979582, 0.59682143, 0.59548932, 0.59499156, 0.59416544]",3,0,1,1,1,be9602af7227908068974d7fcfe13275b0e5ec649f44c39aa96797da7739c363,95c4f1f0b76fbee017d2e71ebc2b96d828b9a10e7be4207d2cc6bbcb3964e438,2026-08-06T20:59:11.694997+00:00
Q203,price,T1500,KV,"['T1500-0877', 'T1500-0324', 'T1500-0343', 'T1500-0354', 'T1500-0344', 'T1500-0332', 'T1500-0323', 'T1500-0355', 'T1500-0341', 'T1500-0353']","[0.58118218, 0.5552147, 0.54932553, 0.54747939, 0.54278529, 0.53835207, 0.536834, 0.53662086, 0.53310132, 0.53261954]",8,0,0,0,1,c28d0482b945d5405048a8dc7d050df1a759b481dca8b720ecd59a97a88a457b,95c4f1f0b76fbee017d2e71ebc2b96d828b9a10e7be4207d2cc6bbcb3964e438,2026-08-06T20:59:11.695456+00:00
Q204,attribute,T1500,KV,"['T1500-1949', 'T1500-1033', 'T1500-1024', 'T1500-1027', 'T1500-1022', 'T1500-1167', 'T1500-0975', 'T1500-0983', 'T1500-0977', 'T1500-0981']","[0.68868154, 0.68040371, 0.68005937, 0.67546958, 0.67233849, 0.67191172, 0.67095077, 0.66795468, 0.66697222, 0.66563594]",2,0,1,1,1,b68200a59ce021c14b382a48279823d131664ab1e3941ed8e80ac9cb0f1f8431,95c4f1f0b76fbee017d2e71ebc2b96d828b9a10e7be4207d2cc6bbcb3964e438,2026-08-06T20:59:11.695951+00:00
Q205,attribute,T1500,KV,"['T1500-0983', 'T1500-1167', 'T1500-1169', 'T1500-1185', 'T1500-1168', 'T1500-1172', 'T1500-1176', 'T1500-0947', 'T1500-1170', 'T1500-1179']","[0.65171695, 0.65082395, 0.65054995, 0.64900351, 0.6479882, 0.64795887, 0.64715034, 0.64703852, 0.64683026, 0.6455549]",,0,0,0,0,d432d406d385d2fe86c4181b87c235fbacbc83e91b679770d0f3afbfda61283a,95c4f1f0b76fbee017d2e71ebc2b96d828b9a10e7be4207d2cc6bbcb3964e438,2026-08-06T20:59:11.696445+00:00
Q206,attribute,T1500,KV,"['T1500-1014', 'T1500-1017', 'T1500-1130', 'T1500-1013', 'T1500-1972', 'T1500-1124', 'T1500-1012', 'T1500-1769', 'T1500-1780', 'T1500-1018']","[0.7087276, 0.64797401, 0.64740461, 0.64625251, 0.62502849, 0.62178445, 0.6188336, 0.61753613, 0.61691642, 0.6136781]",1,1,1,1,1,15fff97d06cb4d5a4cc72f368b86edfac969ed33b425746d04309371844ab48d,95c4f1f0b76fbee017d2e71ebc2b96d828b9a10e7be4207d2cc6bbcb3964e438,2026-08-06T20:59:11.696881+00:00
Q207,price,T1500,KV,"['T1500-0051', 'T1500-0203', 'T1500-0295', 'T1500-0294', 'T1500-0047', 'T1500-0202', 'T1500-0048', 'T1500-1357', 'T1500-0134', 'T1500-0282']","[0.53011435, 0.52601123, 0.52594483, 0.52351284, 0.52267241, 0.51985633, 0.51654238, 0.51370299, 0.51361543, 0.51335454]",,0,0,0,0,b5ed553180767810d3ad0325dc7aff5af11dcda04f5e7fe220e01f000fa3d1fb,95c4f1f0b76fbee017d2e71ebc2b96d828b9a10e7be4207d2cc6bbcb3964e438,2026-08-06T20:59:11.697374+00:00
Q208,attribute,T1500,KV,"['T1500-0303', 'T1500-0302', 'T1500-1750', 'T1500-0304', 'T1500-1752', 'T1500-0905', 'T1500-0332', 'T1500-0899', 'T1500-1079', 'T1500-1261']","[0.66296393, 0.63512897, 0.62802446, 0.5807097, 0.56916404, 0.55712229, 0.55256355, 0.55242431, 0.54455644, 0.54192644]",,0,0,0,0,24582c24a9d70709cfd7a3c64b28d92102d91d059cecd27c6a9625f9a1292bf2,95c4f1f0b76fbee017d2e71ebc2b96d828b9a10e7be4207d2cc6bbcb3964e438,2026-08-06T20:59:11.697856+00:00
Q209,attribute,T1500,KV,"['T1500-1130', 'T1500-1128', 'T1500-1129', 'T1500-1124', 'T1500-1125', 'T1500-1126', 'T1500-1131', 'T1500-1127', 'T1500-1972', 'T1500-1776']","[0.60610461, 0.59908998, 0.58890164, 0.58602726, 0.57833987, 0.57249725, 0.57004815, 0.56416452, 0.54924011, 0.54222935]",2,0,1,1,1,1ea981605dbe131ddb475bb1d35d18d06eb792a36f20052e265d34897d16724b,95c4f1f0b76fbee017d2e71ebc2b96d828b9a10e7be4207d2cc6bbcb3964e438,2026-08-06T20:59:11.698327+00:00
Q210,attribute,T1500,KV,"['T1500-0112', 'T1500-0100', 'T1500-0199', 'T1500-0108', 'T1500-0188', 'T1500-0113', 'T1500-0101', 'T1500-0114', 'T1500-0070', 'T1500-0190']","[0.62186134, 0.59841549, 0.58954215, 0.58656788, 0.58264923, 0.58028626, 0.57758969, 0.5761379, 0.57565272, 0.57331789]",1,1,1,1,1,7ad7de06b8f0741f8f1a3bf5cb527091b49e3d5698a077d3c4bef311075e409c,95c4f1f0b76fbee017d2e71ebc2b96d828b9a10e7be4207d2cc6bbcb3964e438,2026-08-06T20:59:11.698780+00:00
Q211,attribute,T1500,KV,"['T1500-0085', 'T1500-1535', 'T1500-0060', 'T1500-0456', 'T1500-0298', 'T1500-0082', 'T1500-0081', 'T1500-0596', 'T1500-1262', 'T1500-1583']","[0.5110268, 0.51028156, 0.50969744, 0.50856495, 0.50553906, 0.50472939, 0.49388334, 0.49298912, 0.49233907, 0.49079069]",1,1,1,1,1,08e62148b1f1234c9c950a3917178da4f5fab591ffc9dff554f600a0d17822ce,95c4f1f0b76fbee017d2e71ebc2b96d828b9a10e7be4207d2cc6bbcb3964e438,2026-08-06T20:59:11.699259+00:00
Q212,attribute,T1500,KV,"['T1500-1746', 'T1500-0145', 'T1500-1747', 'T1500-0147', 'T1500-1546', 'T1500-0141', 'T1500-1366', 'T1500-1371', 'T1500-1722', 'T1500-0311']","[0.50252998, 0.48817569, 0.48134473, 0.46724412, 0.46719638, 0.46566871, 0.46418697, 0.46321949, 0.4625614, 0.46059728]",2,0,1,1,1,389162e823cc23d864b07d6d657b0a6a13e48c14e4dc97360bf2f4447e2b6a62,95c4f1f0b76fbee017d2e71ebc2b96d828b9a10e7be4207d2cc6bbcb3964e438,2026-08-06T20:59:11.699726+00:00
Q213,attribute,T1500,KV,"['T1500-1232', 'T1500-1228', 'T1500-1174', 'T1500-1182', 'T1500-1233', 'T1500-1177', 'T1500-1189', 'T1500-1185', 'T1500-1187', 'T1500-1190']","[0.66827476, 0.64870137, 0.64407891, 0.64253241, 0.6420123, 0.64084202, 0.63990927, 0.63967043, 0.63951337, 0.6393373]",1,1,1,1,1,15fa11fd69abb1cb341c7d4c7a4bfd626614c66ee6aa905d7d3e186e1a782a30,95c4f1f0b76fbee017d2e71ebc2b96d828b9a10e7be4207d2cc6bbcb3964e438,2026-08-06T20:59:11.700182+00:00
Q214,attribute,T1500,KV,"['T1500-1599', 'T1500-0104', 'T1500-0037', 'T1500-0199', 'T1500-1535', 'T1500-1597', 'T1500-0062', 'T1500-1602', 'T1500-1598', 'T1500-1546']","[0.60473412, 0.55404902, 0.55255461, 0.54590285, 0.53577518, 0.53295338, 0.53241223, 0.51265764, 0.51182967, 0.5103972]",6,0,0,0,1,a90b0a8e2ca186eb28ec5b43d52b946cd541d486067a2b81eb7265873475aa94,95c4f1f0b76fbee017d2e71ebc2b96d828b9a10e7be4207d2cc6bbcb3964e438,2026-08-06T20:59:11.700676+00:00
Q215,attribute,T1500,KV,"['T1500-0240', 'T1500-0241', 'T1500-2099', 'T1500-0239', 'T1500-2092', 'T1500-2091', 'T1500-2090', 'T1500-2088', 'T1500-2102', 'T1500-0205']","[0.57548183, 0.56414896, 0.53880566, 0.53771621, 0.5335874, 0.5235253, 0.52267593, 0.52193868, 0.51853335, 0.51215827]",2,0,1,1,1,ab7b7855d54983f4522bd5a1dd95f6eaaccb5202aa58f3bb9237869930956b74,95c4f1f0b76fbee017d2e71ebc2b96d828b9a10e7be4207d2cc6bbcb3964e438,2026-08-06T20:59:11.701121+00:00
Q216,attribute,T1500,KV,"['T1500-0112', 'T1500-1533', 'T1500-0108', 'T1500-1546', 'T1500-1535', 'T1500-1611', 'T1500-1623', 'T1500-0100', 'T1500-0199', 'T1500-1635']","[0.57368779, 0.56388223, 0.56067407, 0.55879211, 0.55521828, 0.55368727, 0.55265379, 0.54992211, 0.54948515, 0.54913938]",6,0,0,0,1,21b656ddc5873369d6ac3c30fbdda9307f698a0dda063bb872bc3b634fd0e9f6,95c4f1f0b76fbee017d2e71ebc2b96d828b9a10e7be4207d2cc6bbcb3964e438,2026-08-06T20:59:11.701599+00:00
Q217,attribute,T1500,KV,"['T1500-0104', 'T1500-0199', 'T1500-0037', 'T1500-2035', 'T1500-0114', 'T1500-0070', 'T1500-0102', 'T1500-0105', 'T1500-0112', 'T1500-0103']","[0.64218378, 0.60328722, 0.58989716, 0.58154678, 0.56928575, 0.56081396, 0.55968368, 0.55946195, 0.55755985, 0.55742061]",,0,0,0,0,5505062d463e2de630503bcca13a60cf6d50fb1497625fa168e0cccd971d7d3a,95c4f1f0b76fbee017d2e71ebc2b96d828b9a10e7be4207d2cc6bbcb3964e438,2026-08-06T20:59:11.702053+00:00
Q218,price,T1500,KV,"['T1500-1852', 'T1500-1048', 'T1500-1365', 'T1500-1046', 'T1500-1047', 'T1500-1045', 'T1500-1998', 'T1500-1851', 'T1500-1265', 'T1500-0213']","[0.5231756, 0.50823373, 0.5037204, 0.48850289, 0.48465419, 0.4831751, 0.4775815, 0.47595042, 0.47482479, 0.47360098]",2,0,1,1,1,530df9bc1aa2d6d4936ad161d162ee62abafd9607bcbb19afb7a90c2080c9686,95c4f1f0b76fbee017d2e71ebc2b96d828b9a10e7be4207d2cc6bbcb3964e438,2026-08-06T20:59:11.702556+00:00
Q219,price,T1500,KV,"['T1500-0341', 'T1500-0343', 'T1500-0324', 'T1500-0344', 'T1500-0332', 'T1500-0877', 'T1500-0354', 'T1500-0323', 'T1500-0339', 'T1500-0345']","[0.59871346, 0.59473348, 0.58322358, 0.57627898, 0.57150626, 0.56592226, 0.56467521, 0.56372529, 0.55433357, 0.55079913]",4,0,0,1,1,15a198265f28c047fecdef71f8372569ea1b7f26f710a416e10fa0b5cdf114a5,95c4f1f0b76fbee017d2e71ebc2b96d828b9a10e7be4207d2cc6bbcb3964e438,2026-08-06T20:59:11.703028+00:00
Q220,price,T1500,KV,"['T1500-0991', 'T1500-0992', 'T1500-0994', 'T1500-0993', 'T1500-1006', 'T1500-1000', 'T1500-1008', 'T1500-1007', 'T1500-0999', 'T1500-0996']","[0.69968498, 0.69878435, 0.68818295, 0.68361962, 0.65476978, 0.6457938, 0.64334261, 0.64246577, 0.6417926, 0.6408273]",1,1,1,1,1,220b9e1e4b8e15e1c5cd5867b4f233bdf4f022c2ec5797135c3e6e0a0b033975,95c4f1f0b76fbee017d2e71ebc2b96d828b9a10e7be4207d2cc6bbcb3964e438,2026-08-06T20:59:11.703479+00:00
Q221,price,T1500,KV,"['T1500-0835', 'T1500-0834', 'T1500-0824', 'T1500-0826', 'T1500-0831', 'T1500-0823', 'T1500-0825', 'T1500-0822', 'T1500-0681', 'T1500-0830']","[0.67129755, 0.59416747, 0.58408171, 0.58336478, 0.57766289, 0.57544649, 0.56724906, 0.56432641, 0.56341386, 0.56307757]",1,1,1,1,1,54ee2ca749781fd048ac993a487e6e1600fc258eedb0afc2bec15a0155db8d73,95c4f1f0b76fbee017d2e71ebc2b96d828b9a10e7be4207d2cc6bbcb3964e438,2026-08-06T20:59:11.703911+00:00
Q222,attribute,T1500,KV,"['T1500-1980', 'T1500-0983', 'T1500-0979', 'T1500-0980', 'T1500-0981', 'T1500-0982', 'T1500-1979', 'T1500-0946', 'T1500-0947', 'T1500-0953']","[0.65659165, 0.6519624, 0.64889109, 0.64868581, 0.64806068, 0.64794183, 0.6447711, 0.64436424, 0.64107037, 0.63951296]",,0,0,0,0,11c63dc600ae6a4726004bea9fc05fcf2fe829ddca3b41921fc5edb476f672b8,95c4f1f0b76fbee017d2e71ebc2b96d828b9a10e7be4207d2cc6bbcb3964e438,2026-08-06T20:59:11.704377+00:00
Q223,price,T1500,KV,"['T1500-1342', 'T1500-1381', 'T1500-1535', 'T1500-1339', 'T1500-1344', 'T1500-1688', 'T1500-1331', 'T1500-1405', 'T1500-1378', 'T1500-1318']","[0.43645728, 0.42592436, 0.42073092, 0.41169479, 0.40959811, 0.4086116, 0.40677932, 0.40590033, 0.40125102, 0.4005599]",,0,0,0,0,6195f45e4149882e9c793b2bc91e36bf5f0ce6859a9b4f3da6d1ec133b87476f,95c4f1f0b76fbee017d2e71ebc2b96d828b9a10e7be4207d2cc6bbcb3964e438,2026-08-06T20:59:11.704823+00:00
Q224,attribute,T1500,KV,"['T1500-1983', 'T1500-1982', 'T1500-1985', 'T1500-1986', 'T1500-1988', 'T1500-1234', 'T1500-1233', 'T1500-1970', 'T1500-1186', 'T1500-1228']","[0.62155366, 0.56266904, 0.55602741, 0.54022264, 0.5352751, 0.53261244, 0.5308972, 0.51767671, 0.51568508, 0.51339447]",2,0,1,1,1,befa012ccacd7fab43b55d1121fcb96aed38aad7099aa7a0834d40dee3e4b550,95c4f1f0b76fbee017d2e71ebc2b96d828b9a10e7be4207d2cc6bbcb3964e438,2026-08-06T20:59:11.705284+00:00
Q225,attribute,T1500,KV,"['T1500-1318', 'T1500-1449', 'T1500-1689', 'T1500-1678', 'T1500-1320', 'T1500-1317', 'T1500-2032', 'T1500-0495', 'T1500-1688', 'T1500-1448']","[0.49221474, 0.47773349, 0.47495165, 0.47420087, 0.46320182, 0.46305662, 0.45689172, 0.45678464, 0.45583546, 0.45411137]",1,1,1,1,1,b2b50826a13063e4169c90e5b83940226d655999a1e3e20b0c9605c2f4b32966,95c4f1f0b76fbee017d2e71ebc2b96d828b9a10e7be4207d2cc6bbcb3964e438,2026-08-06T20:59:11.705747+00:00
Q226,price,T1500,KV,"['T1500-1006', 'T1500-1008', 'T1500-1005', 'T1500-1007', 'T1500-1009', 'T1500-1011', 'T1500-1010', 'T1500-0990', 'T1500-0994', 'T1500-0998']","[0.68056935, 0.67547125, 0.67100298, 0.66858637, 0.66848636, 0.66611111, 0.66351736, 0.57123184, 0.55995256, 0.55882466]",1,1,1,1,1,1d410d42d7f306ddef1dda63128b4ed410ad02a1056b84aa4178074c6e831607,95c4f1f0b76fbee017d2e71ebc2b96d828b9a10e7be4207d2cc6bbcb3964e438,2026-08-06T20:59:11.706189+00:00
Q227,attribute,T1500,KV,"['T1500-0975', 'T1500-0974', 'T1500-0980', 'T1500-0981', 'T1500-1033', 'T1500-0979', 'T1500-0976', 'T1500-0982', 'T1500-1027', 'T1500-0977']","[0.68618143, 0.68607855, 0.68169069, 0.68053031, 0.68041742, 0.68031645, 0.67784393, 0.67529029, 0.67369723, 0.67295206]",5,0,0,1,1,b320ec926bbe8e754974d57dfb820db6411c3ba0c70d2225acbf8a9389270259,95c4f1f0b76fbee017d2e71ebc2b96d828b9a10e7be4207d2cc6bbcb3964e438,2026-08-06T20:59:11.706671+00:00
Q228,attribute,T1500,KV,"['T1500-0240', 'T1500-0205', 'T1500-0213', 'T1500-1721', 'T1500-0204', 'T1500-0239', 'T1500-1722', 'T1500-0906', 'T1500-0908', 'T1500-0020']","[0.57823777, 0.57773572, 0.55353564, 0.54356962, 0.54022729, 0.53339529, 0.53264171, 0.53088057, 0.53019041, 0.52868116]",2,0,1,1,1,835c2730b131ab9b9a8c5be654ebf5d18f5f90f944a60708bf11ec9d729076d5,95c4f1f0b76fbee017d2e71ebc2b96d828b9a10e7be4207d2cc6bbcb3964e438,2026-08-06T20:59:11.707123+00:00
Q229,attribute,T1500,KV,"['T1500-0134', 'T1500-0090', 'T1500-0281', 'T1500-0284', 'T1500-0282', 'T1500-0270', 'T1500-0293', 'T1500-0268', 'T1500-0290', 'T1500-0283']","[0.60838985, 0.60581625, 0.60470217, 0.60092241, 0.59820688, 0.59696543, 0.59578943, 0.59394515, 0.59329784, 0.59271634]",,0,0,0,0,4060509329a5a762a92ef76590163b48a91a99281576432ddaf3418db20d23fd,95c4f1f0b76fbee017d2e71ebc2b96d828b9a10e7be4207d2cc6bbcb3964e438,2026-08-06T20:59:11.707892+00:00
Q230,attribute,T1500,KV,"['T1500-0979', 'T1500-0974', 'T1500-0980', 'T1500-0975', 'T1500-0981', 'T1500-0976', 'T1500-0982', 'T1500-0978', 'T1500-0961', 'T1500-0977']","[0.68536228, 0.68394703, 0.68281579, 0.68251872, 0.68175888, 0.67792749, 0.67782027, 0.67234516, 0.67184377, 0.67149985]",,0,0,0,0,c6032ece2b5437dcf9ab19ab7cf2f5410e8ba5197b914aad2f37e659515af830,95c4f1f0b76fbee017d2e71ebc2b96d828b9a10e7be4207d2cc6bbcb3964e438,2026-08-06T20:59:11.708398+00:00
Q231,price,T1500,KV,"['T1500-1599', 'T1500-1601', 'T1500-1598', 'T1500-1602', 'T1500-1597', 'T1500-1535', 'T1500-0104', 'T1500-1605', 'T1500-0021', 'T1500-1604']","[0.63593429, 0.56851554, 0.56595504, 0.54312098, 0.53875601, 0.52918196, 0.5272736, 0.51977289, 0.51694298, 0.51439917]",3,0,1,1,1,ef6b3d301d90687b741991e0d8f3de1d57d12cf7049203fa6efb23654ba3f776,95c4f1f0b76fbee017d2e71ebc2b96d828b9a10e7be4207d2cc6bbcb3964e438,2026-08-06T20:59:11.708838+00:00
Q232,attribute,T1500,KV,"['T1500-1631', 'T1500-1623', 'T1500-1449', 'T1500-1615', 'T1500-0079', 'T1500-0072', 'T1500-1577', 'T1500-1388', 'T1500-1633', 'T1500-0112']","[0.59707177, 0.55879378, 0.55820686, 0.55145001, 0.55082142, 0.54508603, 0.54466236, 0.5422833, 0.54203004, 0.54173374]",5,0,0,1,1,3e4ae7cdd538a47183303b7e8262eafb7968af064bad4fdc162bd84d426fd3ca,95c4f1f0b76fbee017d2e71ebc2b96d828b9a10e7be4207d2cc6bbcb3964e438,2026-08-06T20:59:11.709315+00:00
Q233,attribute,T1500,KV,"['T1500-1167', 'T1500-0983', 'T1500-1170', 'T1500-0947', 'T1500-1179', 'T1500-1176', 'T1500-0946', 'T1500-1177', 'T1500-0981', 'T1500-0982']","[0.6526317, 0.6518116, 0.65077126, 0.64993042, 0.6493178, 0.64871067, 0.64848274, 0.64787364, 0.6477195, 0.64713091]",,0,0,0,0,783221339a7f8eee64df5acd42c066ae78261a3a6a70cb8dffc1fc051339d134,95c4f1f0b76fbee017d2e71ebc2b96d828b9a10e7be4207d2cc6bbcb3964e438,2026-08-06T20:59:11.709784+00:00
Q234,price,T1500,KV,"['T1500-1260', 'T1500-1259', 'T1500-1852', 'T1500-1258', 'T1500-1257', 'T1500-1777', 'T1500-1056', 'T1500-1769', 'T1500-1012', 'T1500-1013']","[0.65614474, 0.59538567, 0.56671882, 0.54930437, 0.53301859, 0.52978665, 0.52240694, 0.52073431, 0.51181507, 0.50851476]",1,1,1,1,1,32cc73887048e0b83ad1738c5a02a34a9603d0b7f58bb1e281779db6c6c95364,95c4f1f0b76fbee017d2e71ebc2b96d828b9a10e7be4207d2cc6bbcb3964e438,2026-08-06T20:59:11.710249+00:00
Q235,attribute,T1500,KV,"['T1500-0090', 'T1500-0293', 'T1500-0137', 'T1500-0138', 'T1500-1364', 'T1500-0139', 'T1500-0292', 'T1500-0048', 'T1500-0270', 'T1500-0281']","[0.60257703, 0.59394771, 0.59259629, 0.59026539, 0.58870161, 0.58829916, 0.58673126, 0.58626789, 0.58619839, 0.58034647]",,0,0,0,0,73e9af368820ef454c452186c1eb3c9fefa29296665dd28bd6f36f4c2dbf701c,95c4f1f0b76fbee017d2e71ebc2b96d828b9a10e7be4207d2cc6bbcb3964e438,2026-08-06T20:59:11.710731+00:00
Q236,price,T1500,KV,"['T1500-0320', 'T1500-0877', 'T1500-0323', 'T1500-0324', 'T1500-0322', 'T1500-0319', 'T1500-0332', 'T1500-0321', 'T1500-0489', 'T1500-0374']","[0.64602685, 0.61271632, 0.59356308, 0.58594525, 0.58572912, 0.58108497, 0.57438958, 0.57183766, 0.56729412, 0.55726081]",3,0,1,1,1,6de5e3809ba19d8f37e028b94c76b2d973caa0f0d0f1723f0e656e237e1a4a9c,95c4f1f0b76fbee017d2e71ebc2b96d828b9a10e7be4207d2cc6bbcb3964e438,2026-08-06T20:59:11.711154+00:00
Q237,attribute,T1500,KV,"['T1500-1167', 'T1500-1184', 'T1500-1182', 'T1500-1170', 'T1500-1185', 'T1500-1181', 'T1500-1179', 'T1500-1183', 'T1500-1176', 'T1500-1177']","[0.64568985, 0.64439881, 0.64158094, 0.64136231, 0.64082575, 0.64078504, 0.64041942, 0.64021456, 0.6400131, 0.63880289]",,0,0,0,0,dfae0030807738bb563baf2bb15caffbab84f036aedcbe14c92d1efdf9e0951c,95c4f1f0b76fbee017d2e71ebc2b96d828b9a10e7be4207d2cc6bbcb3964e438,2026-08-06T20:59:11.711626+00:00
Q238,attribute,T1500,KV,"['T1500-0015', 'T1500-0017', 'T1500-0016', 'T1500-2096', 'T1500-2088', 'T1500-0014', 'T1500-2103', 'T1500-2097', 'T1500-2099', 'T1500-0019']","[0.58452225, 0.55166763, 0.54382229, 0.54025894, 0.5258761, 0.51960093, 0.5057835, 0.50291854, 0.50247526, 0.4992424]",1,1,1,1,1,7655a3dd139237ea65e91f5fc818e370480b3b355a844a9024f0afe32747108f,95c4f1f0b76fbee017d2e71ebc2b96d828b9a10e7be4207d2cc6bbcb3964e438,2026-08-06T20:59:11.712117+00:00
Q239,attribute,T1500,KV,"['T1500-1449', 'T1500-0167', 'T1500-0161', 'T1500-0163', 'T1500-0168', 'T1500-0245', 'T1500-0178', 'T1500-0250', 'T1500-0179', 'T1500-1405']","[0.46763301, 0.45670807, 0.4511106, 0.45064849, 0.45055008, 0.44930306, 0.4465909, 0.44640911, 0.44543439, 0.44461244]",,0,0,0,0,7c9e5713d6240edca97215fa14eb820cf542931a37dd028fecb4c7aef0ab8b13,95c4f1f0b76fbee017d2e71ebc2b96d828b9a10e7be4207d2cc6bbcb3964e438,2026-08-06T20:59:11.712669+00:00
Q240,price,T1500,KV,"['T1500-0228', 'T1500-0227', 'T1500-0231', 'T1500-1405', 'T1500-0225', 'T1500-0223', 'T1500-0226', 'T1500-0043', 'T1500-0235', 'T1500-0056']","[0.51773185, 0.49910691, 0.48432019, 0.47892484, 0.46933556, 0.46468478, 0.46078491, 0.46028942, 0.45675904, 0.4541938]",3,0,1,1,1,45bc33147b0ec5f67ef7325568f441bba1fdd3060a452b4b72188102a66a9387,95c4f1f0b76fbee017d2e71ebc2b96d828b9a10e7be4207d2cc6bbcb3964e438,2026-08-06T20:59:11.713157+00:00
Q241,attribute,T1500,KV,"['T1500-0117', 'T1500-0116', 'T1500-2092', 'T1500-1405', 'T1500-0182', 'T1500-1391', 'T1500-0166', 'T1500-2093', 'T1500-2095', 'T1500-0596']","[0.65527511, 0.62029594, 0.6152916, 0.59903431, 0.54186982, 0.53271103, 0.53037566, 0.53026575, 0.5242936, 0.52169651]",1,1,1,1,1,c0483b5bf948bfddb77d9f329862d3164eac412eb9c0d2fade3e44f315066be0,95c4f1f0b76fbee017d2e71ebc2b96d828b9a10e7be4207d2cc6bbcb3964e438,2026-08-06T20:59:11.713643+00:00
Q242,price,T1500,KV,"['T1500-1800', 'T1500-1036', 'T1500-1155', 'T1500-0983', 'T1500-1034', 'T1500-0970', 'T1500-0981', 'T1500-0963', 'T1500-0982', 'T1500-0966']","[0.62213469, 0.60863113, 0.60747164, 0.57595778, 0.5742557, 0.57322538, 0.5721302, 0.57143831, 0.57143509, 0.57088375]",1,1,1,1,1,27d7a0db131d979925f31c76b343684155434241b53a98d77993bd64911e8169,95c4f1f0b76fbee017d2e71ebc2b96d828b9a10e7be4207d2cc6bbcb3964e438,2026-08-06T20:59:11.714077+00:00
Q243,attribute,T1500,KV,"['T1500-0333', 'T1500-0332', 'T1500-0343', 'T1500-0324', 'T1500-0339', 'T1500-0341', 'T1500-0344', 'T1500-0877', 'T1500-0354', 'T1500-0355']","[0.61396962, 0.58453709, 0.56893867, 0.56551856, 0.55395901, 0.55144638, 0.54388499, 0.54268712, 0.5419445, 0.54006368]",,0,0,0,0,06efcda30d556a9c918af2125bfe517801eab6c543335f5afc26000f90d9d11b,95c4f1f0b76fbee017d2e71ebc2b96d828b9a10e7be4207d2cc6bbcb3964e438,2026-08-06T20:59:11.714556+00:00
Q244,price,T1500,KV,"['T1500-0281', 'T1500-1348', 'T1500-0284', 'T1500-0279', 'T1500-0270', 'T1500-1449', 'T1500-0280', 'T1500-0282', 'T1500-0020', 'T1500-1347']","[0.49975148, 0.48636514, 0.48335838, 0.47965854, 0.4791618, 0.47892523, 0.47704381, 0.47543216, 0.47539109, 0.47380626]",,0,0,0,0,292e21f05c44497033cb671fda44b1bb4157a7929e102b0e7ccaa064d0ba5e48,95c4f1f0b76fbee017d2e71ebc2b96d828b9a10e7be4207d2cc6bbcb3964e438,2026-08-06T20:59:11.714990+00:00
Q245,attribute,T1500,KV,"['T1500-0090', 'T1500-1364', 'T1500-0293', 'T1500-2091', 'T1500-0137', 'T1500-0292', 'T1500-0020', 'T1500-0138', 'T1500-0139', 'T1500-0295']","[0.60212296, 0.59076738, 0.58483499, 0.58465683, 0.58449304, 0.57977909, 0.57972807, 0.57761681, 0.57760245, 0.56922692]",2,0,1,1,1,a10f3b475e74f635b5bf544e5466b072b64a10254227eb0fdc5d808333b584ae,95c4f1f0b76fbee017d2e71ebc2b96d828b9a10e7be4207d2cc6bbcb3964e438,2026-08-06T20:59:11.715456+00:00
Q246,price,T1500,KV,"['T1500-1565', 'T1500-0040', 'T1500-0307', 'T1500-0074', 'T1500-0062', 'T1500-0118', 'T1500-0308', 'T1500-0110', 'T1500-1567', 'T1500-0041']","[0.57089317, 0.55825824, 0.55415392, 0.52929854, 0.52252847, 0.52097738, 0.51791173, 0.51405066, 0.5138849, 0.508775]",1,1,1,1,1,48ed2270a5d5a6f7f46acf712a779b9987ac3fcf9bfae82cec079551599b56ea,95c4f1f0b76fbee017d2e71ebc2b96d828b9a10e7be4207d2cc6bbcb3964e438,2026-08-06T20:59:11.715890+00:00
Q247,attribute,T1500,KV,"['T1500-0299', 'T1500-0300', 'T1500-0298', 'T1500-1747', 'T1500-1749', 'T1500-0301', 'T1500-0305', 'T1500-0297', 'T1500-1678', 'T1500-0304']","[0.62621552, 0.62586963, 0.61597323, 0.59278667, 0.57871509, 0.5282855, 0.52799118, 0.52376688, 0.52217686, 0.52133536]",,0,0,0,0,e2b4eeaf2970cee9012f59eb6acb50bacaab5d789ba70ba5989c3f80bf71d9ae,95c4f1f0b76fbee017d2e71ebc2b96d828b9a10e7be4207d2cc6bbcb3964e438,2026-08-06T20:59:11.716362+00:00
Q248,price,T1500,KV,"['T1500-0448', 'T1500-0877', 'T1500-0534', 'T1500-0432', 'T1500-0436', 'T1500-0440', 'T1500-0530', 'T1500-0538', 'T1500-0544', 'T1500-0532']","[0.61304486, 0.60938251, 0.60784864, 0.60172576, 0.59656966, 0.59635627, 0.59592688, 0.59328085, 0.59231162, 0.59141397]",9,0,0,0,1,a0c5b5b30899ec865c04588e4683cfe1c5cb85aacbc3aecab3d953c18d719289,95c4f1f0b76fbee017d2e71ebc2b96d828b9a10e7be4207d2cc6bbcb3964e438,2026-08-06T20:59:11.716792+00:00
Q249,price,T1500,KV,"['T1500-1807', 'T1500-1845', 'T1500-1844', 'T1500-1900', 'T1500-0963', 'T1500-0981', 'T1500-0973', 'T1500-0983', 'T1500-0980', 'T1500-1945']","[0.56563777, 0.55039495, 0.53859913, 0.53734457, 0.53671288, 0.53370261, 0.53246778, 0.53119206, 0.53109723, 0.52924985]",2,0,1,1,1,16f1cd1a97cb8fcd804f3983ffcc4431c940296b0e9aa8548ca1c3325cc0a85d,95c4f1f0b76fbee017d2e71ebc2b96d828b9a10e7be4207d2cc6bbcb3964e438,2026-08-06T20:59:11.717244+00:00
Q250,price,T1500,KV,"['T1500-0992', 'T1500-0991', 'T1500-0993', 'T1500-0994', 'T1500-1002', 'T1500-1000', 'T1500-1001', 'T1500-0997', 'T1500-0996', 'T1500-1003']","[0.69327188, 0.6929462, 0.68708408, 0.6838783, 0.64096665, 0.63630944, 0.63629788, 0.63508594, 0.63432407, 0.63286453]",2,0,1,1,1,c4603fd5979ca02d5a5c7c95024d46fe51bca39c8f992f00c479798480b1abf1,95c4f1f0b76fbee017d2e71ebc2b96d828b9a10e7be4207d2cc6bbcb3964e438,2026-08-06T20:59:11.717761+00:00
Q251,price,T1500,KV,"['T1500-1350', 'T1500-1337', 'T1500-1359', 'T1500-1418', 'T1500-1429', 'T1500-1416', 'T1500-1402', 'T1500-1459', 'T1500-1624', 'T1500-1556']","[0.50903577, 0.50396615, 0.50253302, 0.49990004, 0.49909887, 0.49789637, 0.49762046, 0.49721169, 0.49712148, 0.4954536]",,0,0,0,0,43afbb3375ee95e510d52b270df85b3c886ba4152836f7a4c39ff841daeb4cef,95c4f1f0b76fbee017d2e71ebc2b96d828b9a10e7be4207d2cc6bbcb3964e438,2026-08-06T20:59:11.718340+00:00
Q252,price,T1500,KV,"['T1500-1548', 'T1500-0019', 'T1500-1528', 'T1500-0020', 'T1500-1581', 'T1500-1513', 'T1500-1262', 'T1500-1468', 'T1500-1678', 'T1500-1397']","[0.49019307, 0.48582244, 0.48243988, 0.47326899, 0.47221988, 0.47095054, 0.47054219, 0.47007838, 0.46868885, 0.46655142]",2,0,1,1,1,c5e071a2d597fc3c343a794c2e9ffb626855f5c5b8d58509680d19cd9dbb9b43,95c4f1f0b76fbee017d2e71ebc2b96d828b9a10e7be4207d2cc6bbcb3964e438,2026-08-06T20:59:11.718817+00:00
Q253,attribute,T1500,KV,"['T1500-0104', 'T1500-0199', 'T1500-0108', 'T1500-1533', 'T1500-0107', 'T1500-0100', 'T1500-0062', 'T1500-0070', 'T1500-1597', 'T1500-0105']","[0.57353878, 0.56619865, 0.56592214, 0.55326897, 0.5501523, 0.5497719, 0.54977173, 0.54855251, 0.54832995, 0.54724973]",,0,0,0,0,8bd32eccd62f03f44dd03b40c2e531aec3f7c0d1c4e905e40b7196a16b9247bb,95c4f1f0b76fbee017d2e71ebc2b96d828b9a10e7be4207d2cc6bbcb3964e438,2026-08-06T20:59:11.719345+00:00
Q254,attribute,T1500,KV,"['T1500-0877', 'T1500-0376', 'T1500-0434', 'T1500-0320', 'T1500-0332', 'T1500-0433', 'T1500-0880', 'T1500-0528', 'T1500-0325', 'T1500-0529']","[0.65054071, 0.61127198, 0.59594977, 0.59125549, 0.58949852, 0.58911693, 0.58850944, 0.58817917, 0.58766401, 0.58713073]",4,0,0,1,1,94d8ffd52b45b4e2f2d2bad9a2268ffa3bcf3733fdecebfdf9f6360ce680f0a3,95c4f1f0b76fbee017d2e71ebc2b96d828b9a10e7be4207d2cc6bbcb3964e438,2026-08-06T20:59:11.719971+00:00
Q255,attribute,T1500,KV,"['T1500-0343', 'T1500-0341', 'T1500-0880', 'T1500-0877', 'T1500-0324', 'T1500-0355', 'T1500-0376', 'T1500-0432', 'T1500-0332', 'T1500-0534']","[0.62101263, 0.61317825, 0.60725582, 0.60505033, 0.60208189, 0.59801257, 0.59352487, 0.58710378, 0.58537138, 0.57863617]",1,1,1,1,1,403eaa50d364df8c83c7d0b22cc6db5197e7106819068022b6adf7a2a9fdbc1c,95c4f1f0b76fbee017d2e71ebc2b96d828b9a10e7be4207d2cc6bbcb3964e438,2026-08-06T20:59:11.720600+00:00
Q256,price,T1500,KV,"['T1500-0987', 'T1500-1222', 'T1500-0911', 'T1500-0908', 'T1500-0205', 'T1500-0020', 'T1500-0909', 'T1500-0906', 'T1500-0902', 'T1500-0896']","[0.60234213, 0.59561485, 0.59191227, 0.5880127, 0.58511829, 0.58039522, 0.57714707, 0.57708746, 0.57702035, 0.57692802]",,0,0,0,0,5e381f29e44adb7ea0049161a9c4811910131abb00c7c54af78267879c4c54b6,95c4f1f0b76fbee017d2e71ebc2b96d828b9a10e7be4207d2cc6bbcb3964e438,2026-08-06T20:59:11.721072+00:00
Q257,attribute,T1500,KV,"['T1500-0846', 'T1500-0843', 'T1500-0844', 'T1500-0851', 'T1500-0847', 'T1500-0845', 'T1500-0856', 'T1500-0849', 'T1500-0848', 'T1500-0852']","[0.69839656, 0.67353714, 0.66749042, 0.65854603, 0.65513843, 0.65461648, 0.65374768, 0.65044141, 0.64964056, 0.64843559]",1,1,1,1,1,74101f53328f8f529b77d4f556daa2602dc83ffd73ab9ab97d85c08100a5782d,95c4f1f0b76fbee017d2e71ebc2b96d828b9a10e7be4207d2cc6bbcb3964e438,2026-08-06T20:59:11.721865+00:00
Q258,price,T1500,KV,"['T1500-0987', 'T1500-1222', 'T1500-0205', 'T1500-0911', 'T1500-0908', 'T1500-0986', 'T1500-0020', 'T1500-0902', 'T1500-1246', 'T1500-1243']","[0.60742152, 0.60537064, 0.59319156, 0.58229619, 0.58151245, 0.57772052, 0.57761037, 0.57261592, 0.57214993, 0.57196397]",,0,0,0,0,fb91a240461776300aa444b8fe491db8a314b273a1446ebdeb430ef94f54262c,95c4f1f0b76fbee017d2e71ebc2b96d828b9a10e7be4207d2cc6bbcb3964e438,2026-08-06T20:59:11.722416+00:00
Q259,attribute,T1500,KV,"['T1500-0301', 'T1500-0307', 'T1500-0304', 'T1500-0306', 'T1500-0308', 'T1500-0305', 'T1500-0039', 'T1500-0040', 'T1500-0041', 'T1500-0184']","[0.65118825, 0.60882914, 0.57989407, 0.56133926, 0.55593884, 0.54882455, 0.54567063, 0.52528882, 0.52248847, 0.51911592]",1,1,1,1,1,0baaa0cd0483eb59c7af60edb37d4bfca25556661b647316838e04f7fa274549,95c4f1f0b76fbee017d2e71ebc2b96d828b9a10e7be4207d2cc6bbcb3964e438,2026-08-06T20:59:11.722858+00:00
Q260,attribute,T1500,KV,"['T1500-0123', 'T1500-0104', 'T1500-0037', 'T1500-1631', 'T1500-0105', 'T1500-0096', 'T1500-0079', 'T1500-0282', 'T1500-0112', 'T1500-0122']","[0.52503365, 0.52414346, 0.52039474, 0.51847732, 0.5165956, 0.51570517, 0.5155654, 0.51380998, 0.5136888, 0.51211739]",1,1,1,1,1,80442b5f11d82e2ada7df3ecb6c758876d0398ea64914a850e71250c9b83a50b,95c4f1f0b76fbee017d2e71ebc2b96d828b9a10e7be4207d2cc6bbcb3964e438,2026-08-06T20:59:11.723300+00:00
Q261,price,T1500,KV,"['T1500-0711', 'T1500-0710', 'T1500-0718', 'T1500-0715', 'T1500-0709', 'T1500-0717', 'T1500-0716', 'T1500-0713', 'T1500-0712', 'T1500-0719']","[0.62450206, 0.61983138, 0.61219692, 0.61042231, 0.61029667, 0.61018533, 0.61015397, 0.61007667, 0.60904688, 0.60720241]",1,1,1,1,1,c9a0770598f1ccc9a71d386043b62ab4329b650761a0304df151dc5be5d336f4,95c4f1f0b76fbee017d2e71ebc2b96d828b9a10e7be4207d2cc6bbcb3964e438,2026-08-06T20:59:11.723703+00:00
Q262,price,T1500,KV,"['T1500-1839', 'T1500-1223', 'T1500-0899', 'T1500-0897', 'T1500-0905', 'T1500-0896', 'T1500-0903', 'T1500-0898', 'T1500-0902', 'T1500-0904']","[0.49238589, 0.49183029, 0.48826766, 0.48787081, 0.48783737, 0.48690665, 0.48682773, 0.48229766, 0.48222804, 0.48180905]",1,1,1,1,1,ace406b5f12b72f13f33ba20784bd4d4060df3a071a460406b7fc391ddde99f8,95c4f1f0b76fbee017d2e71ebc2b96d828b9a10e7be4207d2cc6bbcb3964e438,2026-08-06T20:59:11.724110+00:00
Q263,price,T1500,KV,"['T1500-1911', 'T1500-1912', 'T1500-1917', 'T1500-0976', 'T1500-0975', 'T1500-1986', 'T1500-0979', 'T1500-0980', 'T1500-1964', 'T1500-1034']","[0.62891322, 0.58221197, 0.57889903, 0.57570374, 0.57441401, 0.57283527, 0.57199568, 0.5715189, 0.57073891, 0.57063079]",1,1,1,1,1,d5b007f625155a246d0fb81a2026e4095b220ebd4b169150915383b3fd7669bf,95c4f1f0b76fbee017d2e71ebc2b96d828b9a10e7be4207d2cc6bbcb3964e438,2026-08-06T20:59:11.724533+00:00
Q264,price,T1500,KV,"['T1500-0067', 'T1500-1648', 'T1500-1635', 'T1500-0069', 'T1500-0112', 'T1500-1690', 'T1500-1529', 'T1500-0199', 'T1500-1577', 'T1500-0079']","[0.54723847, 0.53154588, 0.51350927, 0.51092756, 0.51041305, 0.51026368, 0.50879657, 0.50725412, 0.50293809, 0.50256491]",1,1,1,1,1,740408ef8e195cda29a094fa491e9e25d70a2252dfb28919bab209dd146428e6,95c4f1f0b76fbee017d2e71ebc2b96d828b9a10e7be4207d2cc6bbcb3964e438,2026-08-06T20:59:11.724946+00:00
Q265,price,T1500,KV,"['T1500-1690', 'T1500-1711', 'T1500-0518', 'T1500-1835', 'T1500-1703', 'T1500-1838', 'T1500-0519', 'T1500-2023', 'T1500-1318', 'T1500-1261']","[0.52105629, 0.51473492, 0.49387747, 0.48600602, 0.48467326, 0.47416323, 0.47304046, 0.47135857, 0.47024953, 0.46830773]",5,0,0,1,1,0a3b5d9135124f741191c48fdd8135f0066b8a9c2d05a9425580c32b2e161050,95c4f1f0b76fbee017d2e71ebc2b96d828b9a10e7be4207d2cc6bbcb3964e438,2026-08-06T20:59:11.725359+00:00
Q266,attribute,T1500,KV,"['T1500-1560', 'T1500-1558', 'T1500-0063', 'T1500-1531', 'T1500-0085', 'T1500-1550', 'T1500-1584', 'T1500-1555', 'T1500-1567', 'T1500-0308']","[0.52876979, 0.51368523, 0.4936595, 0.4928261, 0.48729023, 0.48710379, 0.47921044, 0.47761735, 0.47494137, 0.47330055]",1,1,1,1,1,fdcf5428a45bbc17df1c9909172cb26bcdc350fccd3aaf54adee67ca6724b60f,95c4f1f0b76fbee017d2e71ebc2b96d828b9a10e7be4207d2cc6bbcb3964e438,2026-08-06T20:59:11.725801+00:00
Q267,price,T1500,KV,"['T1500-0518', 'T1500-1836', 'T1500-1835', 'T1500-0515', 'T1500-0519', 'T1500-1838', 'T1500-1405', 'T1500-0619', 'T1500-0620', 'T1500-0616']","[0.53270447, 0.52909029, 0.51522577, 0.51382267, 0.50786412, 0.49669749, 0.49563318, 0.48755598, 0.48489311, 0.48386294]",3,0,1,1,1,819fb627b2f0b07aa44c0e26a5cf99a153afdbd0803495faacc115700d363a15,95c4f1f0b76fbee017d2e71ebc2b96d828b9a10e7be4207d2cc6bbcb3964e438,2026-08-06T20:59:11.726213+00:00
Q268,attribute,T1500,KV,"['T1500-0292', 'T1500-0131', 'T1500-0090', 'T1500-0293', 'T1500-0137', 'T1500-0291', 'T1500-0138', 'T1500-0139', 'T1500-0136', 'T1500-0203']","[0.63916433, 0.62889463, 0.6236462, 0.62338805, 0.61750883, 0.61326897, 0.61147368, 0.60993356, 0.5961346, 0.59423989]",1,1,1,1,1,0f43aa41d9c33eb9a9477a90482d6089aa6b4c2c44f25f98a08f73f536fe1cb4,95c4f1f0b76fbee017d2e71ebc2b96d828b9a10e7be4207d2cc6bbcb3964e438,2026-08-06T20:59:11.726625+00:00
Q269,attribute,T1500,KV,"['T1500-1073', 'T1500-1079', 'T1500-1076', 'T1500-1075', 'T1500-1072', 'T1500-2099', 'T1500-2102', 'T1500-2100', 'T1500-0390', 'T1500-1074']","[0.59765267, 0.58782947, 0.58654487, 0.5702585, 0.56389654, 0.56285965, 0.5583846, 0.54732597, 0.54355866, 0.53800565]",3,0,1,1,1,a91f77176181a23ebf42194b9f5a7a5f90f70d7d4176086834e75fa51423dab7,95c4f1f0b76fbee017d2e71ebc2b96d828b9a10e7be4207d2cc6bbcb3964e438,2026-08-06T20:59:11.727039+00:00
Q270,price,T1500,KV,"['T1500-1976', 'T1500-0959', 'T1500-0956', 'T1500-0953', 'T1500-0954', 'T1500-0976', 'T1500-0979', 'T1500-0961', 'T1500-0975', 'T1500-0980']","[0.64010894, 0.63885891, 0.63419616, 0.62831986, 0.62643903, 0.62534857, 0.62528372, 0.62478971, 0.62442327, 0.62347287]",,0,0,0,0,8fa54c6a7716ada95893a4ea51e0aeb2dccc980c5fe7a0e07421c185a808572c,95c4f1f0b76fbee017d2e71ebc2b96d828b9a10e7be4207d2cc6bbcb3964e438,2026-08-06T20:59:11.727452+00:00
Q271,price,T1500,KV,"['T1500-1915', 'T1500-1914', 'T1500-1917', 'T1500-1911', 'T1500-1908', 'T1500-1909', 'T1500-1912', 'T1500-1965', 'T1500-1918', 'T1500-1975']","[0.69126564, 0.65571594, 0.64909744, 0.62182343, 0.61070859, 0.6049279, 0.60217029, 0.58421147, 0.58302397, 0.58056271]",2,0,1,1,1,7a00fa0b6d6de4c344a7692c51b3751bf8224f9b1afd7a7ffb8a3ca53e5ea8bc,95c4f1f0b76fbee017d2e71ebc2b96d828b9a10e7be4207d2cc6bbcb3964e438,2026-08-06T20:59:11.727857+00:00
Q272,attribute,T1500,KV,"['T1500-0213', 'T1500-0212', 'T1500-0208', 'T1500-0211', 'T1500-0209', 'T1500-0207', 'T1500-2092', 'T1500-0206', 'T1500-0205', 'T1500-2103']","[0.62686968, 0.5904665, 0.58983696, 0.58251745, 0.58136141, 0.57280827, 0.56380147, 0.56330901, 0.55612946, 0.55327725]",3,0,1,1,1,37a267cb181928f198fdc6010ac3ae0e2eb35ccb110546382eb21187727b142f,95c4f1f0b76fbee017d2e71ebc2b96d828b9a10e7be4207d2cc6bbcb3964e438,2026-08-06T20:59:11.728339+00:00
Q273,attribute,T1500,KV,"['T1500-0308', 'T1500-0307', 'T1500-2101', 'T1500-2100', 'T1500-0039', 'T1500-0301', 'T1500-2102', 'T1500-0304', 'T1500-2099', 'T1500-0306']","[0.61066914, 0.53414828, 0.5175544, 0.51678967, 0.50737572, 0.50569111, 0.50411862, 0.50288934, 0.50273216, 0.50184333]",1,1,1,1,1,a0fdac8e6b66fd11c504a249b6333654b5de684320e0883d497afc35b253a00b,95c4f1f0b76fbee017d2e71ebc2b96d828b9a10e7be4207d2cc6bbcb3964e438,2026-08-06T20:59:11.728777+00:00
Q274,attribute,T1500,KV,"['T1500-0112', 'T1500-1643', 'T1500-1646', 'T1500-0021', 'T1500-1647', 'T1500-0062', 'T1500-1642', 'T1500-0074', 'T1500-0128', 'T1500-1623']","[0.62342477, 0.61693138, 0.6146214, 0.611862, 0.6065141, 0.59603983, 0.59343266, 0.59059036, 0.5904941, 0.58851916]",1,1,1,1,1,f9156061b97e32df72e2c68595f2a7ac72902b91b5c5b3f5b3d11934dbf61c3e,95c4f1f0b76fbee017d2e71ebc2b96d828b9a10e7be4207d2cc6bbcb3964e438,2026-08-06T20:59:11.729195+00:00
Q275,price,T1500,KV,"['T1500-1128', 'T1500-1773', 'T1500-1226', 'T1500-1972', 'T1500-1130', 'T1500-1224', 'T1500-1776', 'T1500-1124', 'T1500-1131', 'T1500-1125']","[0.55866212, 0.5488342, 0.54700184, 0.54666519, 0.54212505, 0.54048675, 0.53918642, 0.53909087, 0.53795063, 0.53772748]",10,0,0,0,1,9737acf704628a2f7910cb2953288465e15ae2c1a40d597c506dc2414bae66e9,95c4f1f0b76fbee017d2e71ebc2b96d828b9a10e7be4207d2cc6bbcb3964e438,2026-08-06T20:59:11.729620+00:00
Q276,attribute,T1500,KV,"['T1500-0983', 'T1500-0955', 'T1500-0946', 'T1500-1185', 'T1500-0980', 'T1500-0981', 'T1500-0947', 'T1500-1024', 'T1500-0953', 'T1500-0979']","[0.65025389, 0.6394465, 0.63916886, 0.63804412, 0.63660789, 0.63527811, 0.63522738, 0.63406491, 0.63402581, 0.63333297]",,0,0,0,0,132f92928a4be4ad7b0006f21a58ab338e79fead18762c74f164ff152693cae0,95c4f1f0b76fbee017d2e71ebc2b96d828b9a10e7be4207d2cc6bbcb3964e438,2026-08-06T20:59:11.730069+00:00
Q277,attribute,T1500,KV,"['T1500-1547', 'T1500-1558', 'T1500-1550', 'T1500-1571', 'T1500-1551', 'T1500-1557', 'T1500-1553', 'T1500-0063', 'T1500-0085', 'T1500-1531']","[0.53444821, 0.51859367, 0.50960284, 0.49663138, 0.49091429, 0.48952371, 0.48689908, 0.48656484, 0.48355305, 0.47964162]",1,1,1,1,1,336f42ef78790de6c0651bc7439b5ebe47d8499bf3be8c36c209323ba3e9f681,95c4f1f0b76fbee017d2e71ebc2b96d828b9a10e7be4207d2cc6bbcb3964e438,2026-08-06T20:59:11.730615+00:00
Q278,price,T1500,KV,"['T1500-1405', 'T1500-1391', 'T1500-1524', 'T1500-1929', 'T1500-1449', 'T1500-1388', 'T1500-1390', 'T1500-0295', 'T1500-1930', 'T1500-1406']","[0.50249159, 0.48046222, 0.47122687, 0.46977502, 0.46613446, 0.46603501, 0.4586429, 0.44649923, 0.4421252, 0.44098443]",4,0,0,1,1,caec35fb36541551fbe63bfd3887a5d06e09f7e2c5ced31a4e29e31ed6bfff05,95c4f1f0b76fbee017d2e71ebc2b96d828b9a10e7be4207d2cc6bbcb3964e438,2026-08-06T20:59:11.731080+00:00
Q279,price,T1500,KV,"['T1500-1216', 'T1500-1215', 'T1500-0955', 'T1500-0957', 'T1500-0953', 'T1500-0975', 'T1500-0976', 'T1500-0947', 'T1500-1995', 'T1500-0946']","[0.62281501, 0.62235403, 0.60520411, 0.60270882, 0.59798419, 0.59482276, 0.59349561, 0.59342915, 0.59175265, 0.5906409]",1,1,1,1,1,63250b987b9de8ee1b4f551ec01098016e83ccda1bbe03cc89ed96bdbfe4013b,95c4f1f0b76fbee017d2e71ebc2b96d828b9a10e7be4207d2cc6bbcb3964e438,2026-08-06T20:59:11.731548+00:00
Q280,price,T1500,KV,"['T1500-0026', 'T1500-0027', 'T1500-0039', 'T1500-0025', 'T1500-0028', 'T1500-0029', 'T1500-0040', 'T1500-0301', 'T1500-0030', 'T1500-1619']","[0.56830871, 0.5446828, 0.53379732, 0.51316512, 0.51088953, 0.50931489, 0.50732899, 0.47970873, 0.47894716, 0.47339329]",1,1,1,1,1,bb072e1755fa0687729aba0cad1d6595a44466c5018f98c527c8b90c8fd85d4e,95c4f1f0b76fbee017d2e71ebc2b96d828b9a10e7be4207d2cc6bbcb3964e438,2026-08-06T20:59:11.732003+00:00
Q281,price,T1500,KV,"['T1500-1131', 'T1500-1129', 'T1500-1130', 'T1500-1128', 'T1500-1014', 'T1500-1124', 'T1500-1013', 'T1500-1125', 'T1500-1127', 'T1500-1126']","[0.5985617, 0.59810662, 0.59263432, 0.5742467, 0.56129265, 0.55936027, 0.55575293, 0.55475229, 0.55394197, 0.5513128]",1,1,1,1,1,7a590a367bd7ed4ea4a85cd46c1d514d05bd622554a9c7261489e330f5164334,95c4f1f0b76fbee017d2e71ebc2b96d828b9a10e7be4207d2cc6bbcb3964e438,2026-08-06T20:59:11.732446+00:00
Q282,attribute,T1500,KV,"['T1500-0229', 'T1500-0227', 'T1500-0232', 'T1500-0226', 'T1500-0224', 'T1500-1076', 'T1500-0225', 'T1500-1546', 'T1500-0230', 'T1500-0184']","[0.56141514, 0.55600178, 0.54506218, 0.54083163, 0.5269258, 0.51732063, 0.51684833, 0.51489693, 0.51138777, 0.50839227]",1,1,1,1,1,eab64e4a55fd9b7f9031841abf5ea74547f0bc2462f3bb8c239c50eee07b0ef0,95c4f1f0b76fbee017d2e71ebc2b96d828b9a10e7be4207d2cc6bbcb3964e438,2026-08-06T20:59:11.732956+00:00
Q283,price,T1500,KV,"['T1500-1048', 'T1500-1055', 'T1500-1969', 'T1500-1049', 'T1500-1094', 'T1500-1862', 'T1500-1265', 'T1500-1257', 'T1500-1973', 'T1500-1096']","[0.55081487, 0.48198012, 0.46941924, 0.46755612, 0.46145788, 0.46056744, 0.46026233, 0.45958897, 0.45920748, 0.45688763]",1,1,1,1,1,9052bef2c0ffe1476a0a0008b121b868b254e3665e79bedb8bd208769cd99155,95c4f1f0b76fbee017d2e71ebc2b96d828b9a10e7be4207d2cc6bbcb3964e438,2026-08-06T20:59:11.733432+00:00
Q284,attribute,T1500,KV,"['T1500-1237', 'T1500-1236', 'T1500-1235', 'T1500-0988', 'T1500-1247', 'T1500-1246', 'T1500-1239', 'T1500-0290', 'T1500-1245', 'T1500-1064']","[0.6774357, 0.61034381, 0.58611161, 0.53723776, 0.53444636, 0.53124809, 0.53086412, 0.53013575, 0.5290522, 0.52874696]",,0,0,0,0,89410a439a63026dbbf8cb77a29d3f17213763ca5087c731bd38a3e9681a6291,95c4f1f0b76fbee017d2e71ebc2b96d828b9a10e7be4207d2cc6bbcb3964e438,2026-08-06T20:59:11.733884+00:00
Q285,price,T1500,KV,"['T1500-1014', 'T1500-1769', 'T1500-1017', 'T1500-1972', 'T1500-1012', 'T1500-1130', 'T1500-1013', 'T1500-1015', 'T1500-1124', 'T1500-1094']","[0.6228084, 0.60557419, 0.58627731, 0.58198196, 0.57597911, 0.56818092, 0.56682348, 0.55934173, 0.55662632, 0.55187964]",8,0,0,0,1,34a82774337e36c9c98a01de5e77f640740dcd6d1e5f1434b120ffe013a273b2,95c4f1f0b76fbee017d2e71ebc2b96d828b9a10e7be4207d2cc6bbcb3964e438,2026-08-06T20:59:11.734803+00:00
Q286,attribute,T1500,KV,"['T1500-2096', 'T1500-0199', 'T1500-0037', 'T1500-0104', 'T1500-0108', 'T1500-2088', 'T1500-0114', 'T1500-2095', 'T1500-2100', 'T1500-0120']","[0.55622673, 0.55553168, 0.5539487, 0.55085456, 0.52526248, 0.52003831, 0.51807225, 0.51772642, 0.5145101, 0.50941664]",,0,0,0,0,beb6144faaaca18075a5c2d3c53c63cd7bec0bd1d3e980fd6e478bb41ebba916,95c4f1f0b76fbee017d2e71ebc2b96d828b9a10e7be4207d2cc6bbcb3964e438,2026-08-06T20:59:11.735288+00:00
Q287,price,T1500,KV,"['T1500-0941', 'T1500-1983', 'T1500-1636', 'T1500-1498', 'T1500-0943', 'T1500-1805', 'T1500-0946', 'T1500-1867', 'T1500-1232', 'T1500-1676']","[0.46909791, 0.46695876, 0.46606344, 0.46282491, 0.46042049, 0.45561165, 0.45436475, 0.45428091, 0.45266765, 0.45005149]",,0,0,0,0,bc0e8a15739220c027609087799c8367b9ca72320652b9186c6ebc35ef719cda,95c4f1f0b76fbee017d2e71ebc2b96d828b9a10e7be4207d2cc6bbcb3964e438,2026-08-06T20:59:11.735726+00:00
Q288,price,T1500,KV,"['T1500-0958', 'T1500-0953', 'T1500-0983', 'T1500-1036', 'T1500-1986', 'T1500-1043', 'T1500-1976', 'T1500-0955', 'T1500-1190', 'T1500-0959']","[0.63419366, 0.62967527, 0.62502182, 0.62397635, 0.61857736, 0.61751974, 0.61693311, 0.61661637, 0.61521143, 0.61363399]",6,0,0,0,1,10092b1bc6528066a01541de3f9ebc262d93f7455ddad63d72523adeebb3b4a1,95c4f1f0b76fbee017d2e71ebc2b96d828b9a10e7be4207d2cc6bbcb3964e438,2026-08-06T20:59:11.736158+00:00
Q289,price,T1500,KV,"['T1500-0354', 'T1500-0355', 'T1500-0353', 'T1500-0592', 'T1500-0324', 'T1500-0352', 'T1500-0343', 'T1500-0492', 'T1500-0332', 'T1500-0493']","[0.63365889, 0.60274684, 0.60190493, 0.59814459, 0.59601873, 0.59507, 0.57811272, 0.57791048, 0.57616448, 0.57509279]",1,1,1,1,1,00f1b94cbfc23a7b13064bbb776dea8d514b7cb9f249ac7a1870c4d1e18b5894,95c4f1f0b76fbee017d2e71ebc2b96d828b9a10e7be4207d2cc6bbcb3964e438,2026-08-06T20:59:11.736608+00:00
Q290,attribute,T1500,KV,"['T1500-1599', 'T1500-1598', 'T1500-0104', 'T1500-1597', 'T1500-0062', 'T1500-0112', 'T1500-0184', 'T1500-0164', 'T1500-0110', 'T1500-1601']","[0.60627073, 0.56955385, 0.51435041, 0.51204705, 0.50832057, 0.50607276, 0.49496549, 0.494315, 0.4930144, 0.49103668]",1,1,1,1,1,b52c90f4066d3585bee5b59e229f02eca4e7b3e6494e552d76556a033c59f268,95c4f1f0b76fbee017d2e71ebc2b96d828b9a10e7be4207d2cc6bbcb3964e438,2026-08-06T20:59:11.737045+00:00
Q291,price,T1500,KV,"['T1500-0085', 'T1500-1535', 'T1500-0036', 'T1500-1635', 'T1500-0054', 'T1500-1571', 'T1500-0112', 'T1500-0053', 'T1500-0052', 'T1500-1634']","[0.62643754, 0.58348858, 0.56529868, 0.5643692, 0.56086016, 0.55690241, 0.55521321, 0.55353391, 0.55315995, 0.55245078]",,0,0,0,0,cfad673ba521cb9687239182c38ddedd2e87561a3bea651cff011ae441b08582,95c4f1f0b76fbee017d2e71ebc2b96d828b9a10e7be4207d2cc6bbcb3964e438,2026-08-06T20:59:11.737490+00:00
Q292,price,T1500,KV,"['T1500-1906', 'T1500-0975', 'T1500-1964', 'T1500-0976', 'T1500-1891', 'T1500-1995', 'T1500-0980', 'T1500-0979', 'T1500-0983', 'T1500-0974']","[0.59241587, 0.59066498, 0.58842802, 0.58793461, 0.58748376, 0.58726668, 0.58601886, 0.5857721, 0.58424616, 0.58378434]",,0,0,0,0,4cb9630f7df18d529ef45091646eeac1770621a19e98fae447f2322ec3e3fdcd,95c4f1f0b76fbee017d2e71ebc2b96d828b9a10e7be4207d2cc6bbcb3964e438,2026-08-06T20:59:11.737914+00:00
Q293,price,T1500,KV,"['T1500-1014', 'T1500-1094', 'T1500-1972', 'T1500-1017', 'T1500-1018', 'T1500-1090', 'T1500-1091', 'T1500-1089', 'T1500-1092', 'T1500-1130']","[0.63580376, 0.59109008, 0.58582163, 0.58198935, 0.57781929, 0.57330287, 0.5682947, 0.56782091, 0.56348771, 0.56339508]",6,0,0,0,1,a044b376b4ba34dc99b3ef524a16930e67a495e7078cce422ed916bd354cdf12,95c4f1f0b76fbee017d2e71ebc2b96d828b9a10e7be4207d2cc6bbcb3964e438,2026-08-06T20:59:11.738371+00:00
Q294,attribute,T1500,KV,"['T1500-0091', 'T1500-0092', 'T1500-0096', 'T1500-0093', 'T1500-0094', 'T1500-0095', 'T1500-1631', 'T1500-1597', 'T1500-0035', 'T1500-0122']","[0.60732883, 0.56722224, 0.55990398, 0.55912352, 0.52295661, 0.50247562, 0.46536019, 0.46442196, 0.46225998, 0.45961517]",1,1,1,1,1,ab8cba48bd7ab433f9b9f795df6227abb8d98e7743281943769a0a4ae1dd6d3f,95c4f1f0b76fbee017d2e71ebc2b96d828b9a10e7be4207d2cc6bbcb3964e438,2026-08-06T20:59:11.738850+00:00
Q295,attribute,T1500,KV,"['T1500-1130', 'T1500-1014', 'T1500-1226', 'T1500-1124', 'T1500-1972', 'T1500-1769', 'T1500-1121', 'T1500-1224', 'T1500-1793', 'T1500-1227']","[0.6474359, 0.64623564, 0.64454716, 0.63597453, 0.62528229, 0.62503248, 0.61767983, 0.61312366, 0.6092487, 0.60877013]",1,1,1,1,1,62437b0827404e711f5ff48a3449b1e63b2e2f5d191ac65742dc1de43f6cf538,95c4f1f0b76fbee017d2e71ebc2b96d828b9a10e7be4207d2cc6bbcb3964e438,2026-08-06T20:59:11.739452+00:00
Q296,price,T1500,KV,"['T1500-1943', 'T1500-1769', 'T1500-1777', 'T1500-1913', 'T1500-1884', 'T1500-2007', 'T1500-1973', 'T1500-1996', 'T1500-1876', 'T1500-1969']","[0.49520999, 0.49363995, 0.49295518, 0.48079559, 0.4800365, 0.48001492, 0.47985154, 0.47950363, 0.47750428, 0.47446492]",,0,0,0,0,fa2d1c8aa56c8fa5bbd10c1f9db9af1ed6da864e9d46cada3212f48db1fb9118,95c4f1f0b76fbee017d2e71ebc2b96d828b9a10e7be4207d2cc6bbcb3964e438,2026-08-06T20:59:11.739919+00:00
Q297,attribute,T1500,KV,"['T1500-1584', 'T1500-1586', 'T1500-1583', 'T1500-0085', 'T1500-1449', 'T1500-0286', 'T1500-0456', 'T1500-0082', 'T1500-0250', 'T1500-1371']","[0.57454556, 0.51240069, 0.51112628, 0.4934805, 0.48201248, 0.47426862, 0.46889094, 0.46832576, 0.46810788, 0.46734372]",4,0,0,1,1,7a560e17e0bafcc6c3a5c9da384cbd162f4c4477102ad252abd092c80148af67,95c4f1f0b76fbee017d2e71ebc2b96d828b9a10e7be4207d2cc6bbcb3964e438,2026-08-06T20:59:11.740450+00:00
Q298,price,T1500,KV,"['T1500-1062', 'T1500-1061', 'T1500-1059', 'T1500-1060', 'T1500-0958', 'T1500-1033', 'T1500-1995', 'T1500-0947', 'T1500-1190', 'T1500-0944']","[0.74362648, 0.73077583, 0.66388148, 0.66028172, 0.63865888, 0.63599259, 0.63475353, 0.63160574, 0.62969792, 0.62907541]",1,1,1,1,1,0d407309c6981d7e3af28760f5ef1910dbb69a64848985a93d8209f01a84da1a,95c4f1f0b76fbee017d2e71ebc2b96d828b9a10e7be4207d2cc6bbcb3964e438,2026-08-06T20:59:11.740878+00:00
Q299,attribute,T1500,KV,"['T1500-0120', 'T1500-0067', 'T1500-0066', 'T1500-0060', 'T1500-0096', 'T1500-1531', 'T1500-0061', 'T1500-0065', 'T1500-0191', 'T1500-0112']","[0.59647501, 0.57714432, 0.56975639, 0.56496567, 0.56002736, 0.55875736, 0.55763197, 0.557262, 0.55608332, 0.5524506]",1,1,1,1,1,83c75edc61b4da92bcc2228aee4f739eac5a1039c5d860ccba1c2a0846b1a79c,95c4f1f0b76fbee017d2e71ebc2b96d828b9a10e7be4207d2cc6bbcb3964e438,2026-08-06T20:59:11.741336+00:00
Q300,attribute,T1500,KV,"['T1500-0896', 'T1500-0902', 'T1500-0905', 'T1500-0908', 'T1500-0903', 'T1500-1383', 'T1500-0899', 'T1500-0904', 'T1500-1320', 'T1500-1366']","[0.54873627, 0.54772043, 0.53565484, 0.5320909, 0.53181624, 0.53179717, 0.53136683, 0.53073663, 0.52923167, 0.52894497]",,0,0,0,0,05bfeac807835d1bab09976561c36b14b2271171a6e1656a304bd3456a260e84,95c4f1f0b76fbee017d2e71ebc2b96d828b9a10e7be4207d2cc6bbcb3964e438,2026-08-06T20:59:11.741771+00:00
Q301,attribute,T1500,KV,"['T1500-1983', 'T1500-1985', 'T1500-1982', 'T1500-1986', 'T1500-0969', 'T1500-1010', 'T1500-1189', 'T1500-0964', 'T1500-0966', 'T1500-1190']","[0.62527466, 0.60438955, 0.56112838, 0.56038654, 0.54063249, 0.53657067, 0.53562027, 0.53488678, 0.53100467, 0.53079307]",1,1,1,1,1,9adc9d73e8d3e67c5d64ed666b719c8d6255e7c38514c006cb946f92e1cbb19b,95c4f1f0b76fbee017d2e71ebc2b96d828b9a10e7be4207d2cc6bbcb3964e438,2026-08-06T20:59:11.742218+00:00
Q302,price,T1500,KV,"['T1500-1157', 'T1500-1941', 'T1500-1942', 'T1500-1156', 'T1500-1815', 'T1500-1064', 'T1500-0955', 'T1500-1190', 'T1500-0988', 'T1500-1034']","[0.60168427, 0.59320897, 0.57896447, 0.57367837, 0.560179, 0.55699432, 0.5567078, 0.55547512, 0.55280972, 0.55206144]",2,0,1,1,1,27129bc48922808a25522f9c2c051ca47ad0c4fa265cd68fe9b87051c071b7cd,95c4f1f0b76fbee017d2e71ebc2b96d828b9a10e7be4207d2cc6bbcb3964e438,2026-08-06T20:59:11.742621+00:00
Q303,price,T1500,KV,"['T1500-0953', 'T1500-0940', 'T1500-0949', 'T1500-0942', 'T1500-0958', 'T1500-0945', 'T1500-0948', 'T1500-0947', 'T1500-0944', 'T1500-0956']","[0.7190811, 0.69172651, 0.69085515, 0.69042474, 0.68425786, 0.67676419, 0.6729455, 0.67247069, 0.66793704, 0.66733992]",,0,0,0,0,b28399772c1cd2b98767a69d8e2f193a4dbd1b060f92ac59a6e6ddc3eb0d735a,95c4f1f0b76fbee017d2e71ebc2b96d828b9a10e7be4207d2cc6bbcb3964e438,2026-08-06T20:59:11.743010+00:00
Q304,attribute,T1500,KV,"['T1500-1089', 'T1500-1087', 'T1500-1085', 'T1500-1083', 'T1500-1086', 'T1500-1226', 'T1500-1284', 'T1500-1088', 'T1500-1094', 'T1500-1091']","[0.56328249, 0.55078417, 0.54555392, 0.54464966, 0.54234535, 0.54200089, 0.54021883, 0.53686434, 0.53402972, 0.53350884]",,0,0,0,0,fa025cffbdb14ff7f7a7900382eeba9ce4f5ced11f2091590e7fd3845f4e18d7,95c4f1f0b76fbee017d2e71ebc2b96d828b9a10e7be4207d2cc6bbcb3964e438,2026-08-06T20:59:11.743453+00:00
Q305,price,T1500,KV,"['T1500-2069', 'T1500-1339', 'T1500-2073', 'T1500-2072', 'T1500-1690', 'T1500-1329', 'T1500-0010', 'T1500-1671', 'T1500-1678', 'T1500-1333']","[0.6137526, 0.56094766, 0.55071676, 0.54879725, 0.5460422, 0.54013699, 0.53577077, 0.52786028, 0.52720416, 0.52695864]",3,0,1,1,1,a1a31e76f97a7166331b43035215009c80146da2f64e577bb888954e4db5a770,95c4f1f0b76fbee017d2e71ebc2b96d828b9a10e7be4207d2cc6bbcb3964e438,2026-08-06T20:59:11.743855+00:00
Q306,price,T1500,KV,"['T1500-1592', 'T1500-0081', 'T1500-0088', 'T1500-1631', 'T1500-0085', 'T1500-1642', 'T1500-1574', 'T1500-0072', 'T1500-1638', 'T1500-0070']","[0.55709535, 0.52669156, 0.50451481, 0.50432074, 0.49174654, 0.48772264, 0.48372585, 0.48325413, 0.48130673, 0.47807351]",2,0,1,1,1,f4e4689838bd128860c85df76280d33ff2b31b72c141d4fb6cb19baa72684948,95c4f1f0b76fbee017d2e71ebc2b96d828b9a10e7be4207d2cc6bbcb3964e438,2026-08-06T20:59:11.744263+00:00
Q307,attribute,T1500,KV,"['T1500-1014', 'T1500-1094', 'T1500-1284', 'T1500-1121', 'T1500-1092', 'T1500-1089', 'T1500-1972', 'T1500-1091', 'T1500-1278', 'T1500-1130']","[0.60576612, 0.59151125, 0.5813576, 0.57423759, 0.57233429, 0.57223058, 0.56948078, 0.56844807, 0.56646425, 0.56637514]",,0,0,0,0,be1c9bdf7de3cd53c6050971d0de81f26069ea1ad4817d5b756e4a2a57fb28f7,95c4f1f0b76fbee017d2e71ebc2b96d828b9a10e7be4207d2cc6bbcb3964e438,2026-08-06T20:59:11.744679+00:00
Q308,attribute,T1500,KV,"['T1500-1027', 'T1500-0975', 'T1500-0981', 'T1500-0974', 'T1500-0980', 'T1500-0979', 'T1500-0976', 'T1500-1024', 'T1500-0972', 'T1500-0982']","[0.68654692, 0.68130875, 0.6762237, 0.6761809, 0.67428881, 0.67400783, 0.67372704, 0.6731261, 0.67266881, 0.67182267]",1,1,1,1,1,0872355f642db69b0c876f9034820dcf8067dc91d8f14332347d0754372f26f8,95c4f1f0b76fbee017d2e71ebc2b96d828b9a10e7be4207d2cc6bbcb3964e438,2026-08-06T20:59:11.745103+00:00
Q309,price,T1500,KV,"['T1500-1842', 'T1500-1841', 'T1500-1814', 'T1500-1813', 'T1500-1815', 'T1500-1678', 'T1500-1685', 'T1500-1339', 'T1500-1811', 'T1500-1347']","[0.57487607, 0.52941746, 0.47524917, 0.47273266, 0.46252146, 0.45623142, 0.45374775, 0.44751233, 0.44743299, 0.44724083]",1,1,1,1,1,58dd5c49d6c70e674e8c60006885bf01211c998a0fb11e1ef6f1906330a1b5f2,95c4f1f0b76fbee017d2e71ebc2b96d828b9a10e7be4207d2cc6bbcb3964e438,2026-08-06T20:59:11.745526+00:00
Q310,price,T1500,KV,"['T1500-1535', 'T1500-1638', 'T1500-1562', 'T1500-1531', 'T1500-1547', 'T1500-1550', 'T1500-1333', 'T1500-1555', 'T1500-1557', 'T1500-1468']","[0.45948637, 0.4488616, 0.44408736, 0.44141608, 0.43678755, 0.43508971, 0.4323262, 0.4303267, 0.43005788, 0.42881721]",,0,0,0,0,2822552af09f2546d4435c96492cfac279367209cb213eaf3a5a6cc440c330d9,95c4f1f0b76fbee017d2e71ebc2b96d828b9a10e7be4207d2cc6bbcb3964e438,2026-08-06T20:59:11.745931+00:00
Q311,price,T1500,KV,"['T1500-1607', 'T1500-1535', 'T1500-0112', 'T1500-1635', 'T1500-1623', 'T1500-0037', 'T1500-0071', 'T1500-0097', 'T1500-0127', 'T1500-0079']","[0.60993403, 0.60754436, 0.58409607, 0.57913554, 0.57901287, 0.57560718, 0.57383418, 0.5709728, 0.56683868, 0.561005]",1,1,1,1,1,2d0091b72360793485e397b3b7470b6b496c91dbc89ab536559f27b4074e4927,95c4f1f0b76fbee017d2e71ebc2b96d828b9a10e7be4207d2cc6bbcb3964e438,2026-08-06T20:59:11.746359+00:00
Q312,price,T1500,KV,"['T1500-0919', 'T1500-0921', 'T1500-1270', 'T1500-0911', 'T1500-0923', 'T1500-0922', 'T1500-1339', 'T1500-0929', 'T1500-0918', 'T1500-0295']","[0.52033299, 0.50617373, 0.50446182, 0.48778397, 0.4834035, 0.48160428, 0.47999984, 0.47696188, 0.47629958, 0.47608581]",3,0,1,1,1,1f209d8c4d9c038cc58a39be08b732353ed7bafe4bfea75203ff9b9b9370143e,95c4f1f0b76fbee017d2e71ebc2b96d828b9a10e7be4207d2cc6bbcb3964e438,2026-08-06T20:59:11.746767+00:00
Q313,price,T1500,KV,"['T1500-1098', 'T1500-0975', 'T1500-0961', 'T1500-1191', 'T1500-0963', 'T1500-0962', 'T1500-0974', 'T1500-0980', 'T1500-0979', 'T1500-1995']","[0.62778544, 0.61519653, 0.61456144, 0.61414206, 0.61412823, 0.61332929, 0.61216044, 0.61136359, 0.61125463, 0.6111446]",1,1,1,1,1,67b3032f376209fda1467839d5d4563f485c2786d13120755c199040dc5643e8,95c4f1f0b76fbee017d2e71ebc2b96d828b9a10e7be4207d2cc6bbcb3964e438,2026-08-06T20:59:11.747173+00:00
Q314,price,T1500,KV,"['T1500-1347', 'T1500-1349', 'T1500-1351', 'T1500-1355', 'T1500-0020', 'T1500-0295', 'T1500-1353', 'T1500-0134', 'T1500-1356', 'T1500-1357']","[0.578336, 0.56804395, 0.5654422, 0.56359452, 0.55976224, 0.55647969, 0.55011249, 0.54899883, 0.54841936, 0.54828513]",3,0,1,1,1,c65744e82be39c5270f003b83f97300b64ec9f4810326731b9b638898a3d6c0d,95c4f1f0b76fbee017d2e71ebc2b96d828b9a10e7be4207d2cc6bbcb3964e438,2026-08-06T20:59:11.747635+00:00
Q315,attribute,T1500,KV,"['T1500-0975', 'T1500-0974', 'T1500-1949', 'T1500-1027', 'T1500-0979', 'T1500-0980', 'T1500-1024', 'T1500-0981', 'T1500-0982', 'T1500-0976']","[0.67286301, 0.67285687, 0.67266512, 0.67139351, 0.6712122, 0.67107224, 0.67091328, 0.67020679, 0.66803324, 0.66800112]",4,0,0,1,1,0d19f2db957377765c62cfc963229fd5c7388605c2e245dc34fc4e6420d47e6b,95c4f1f0b76fbee017d2e71ebc2b96d828b9a10e7be4207d2cc6bbcb3964e438,2026-08-06T20:59:11.748077+00:00
Q316,price,T1500,KV,"['T1500-0953', 'T1500-0958', 'T1500-0955', 'T1500-0954', 'T1500-0940', 'T1500-0957', 'T1500-0942', 'T1500-0956', 'T1500-0959', 'T1500-1894']","[0.76068175, 0.70862406, 0.70363903, 0.69781214, 0.68917978, 0.68835902, 0.68820947, 0.68658769, 0.68441433, 0.66902357]",1,1,1,1,1,1ed82cf0b277e7cddfc707361f1095864a60ea31ce992815a9e6f3a67bce6eb5,95c4f1f0b76fbee017d2e71ebc2b96d828b9a10e7be4207d2cc6bbcb3964e438,2026-08-06T20:59:11.748579+00:00
Q317,attribute,T1500,KV,"['T1500-0178', 'T1500-0180', 'T1500-0172', 'T1500-0166', 'T1500-0168', 'T1500-0167', 'T1500-0170', 'T1500-0162', 'T1500-0169', 'T1500-0161']","[0.66228473, 0.65174198, 0.63693023, 0.63526928, 0.61970633, 0.61897963, 0.61825693, 0.61803627, 0.61792785, 0.61725789]",1,1,1,1,1,ba6fab909a13e43c3dc7d2a817fd734689fef91454a869cdbcb42e4442e2e29d,95c4f1f0b76fbee017d2e71ebc2b96d828b9a10e7be4207d2cc6bbcb3964e438,2026-08-06T20:59:11.749199+00:00
Q318,price,T1500,KV,"['T1500-0097', 'T1500-0071', 'T1500-1635', 'T1500-0199', 'T1500-0037', 'T1500-0112', 'T1500-0191', 'T1500-0190', 'T1500-0088', 'T1500-0108']","[0.56877661, 0.55441576, 0.55404228, 0.55242586, 0.54838598, 0.54758018, 0.54400885, 0.54245365, 0.5416261, 0.54067993]",,0,0,0,0,92f8ec3f3435248a219b9d6736a7f4a1cb9deeac6cb6aeed69824897bee310aa,95c4f1f0b76fbee017d2e71ebc2b96d828b9a10e7be4207d2cc6bbcb3964e438,2026-08-06T20:59:11.749719+00:00
Q319,price,T1500,KV,"['T1500-0303', 'T1500-0302', 'T1500-1750', 'T1500-1752', 'T1500-0304', 'T1500-1261', 'T1500-1079', 'T1500-0877', 'T1500-0332', 'T1500-0880']","[0.65947431, 0.63884026, 0.63185459, 0.62604779, 0.58760512, 0.57844549, 0.56833136, 0.55979329, 0.54330528, 0.54142189]",4,0,0,1,1,ccbc31df63fe0a20061ab173367cc2f8722d9d800dce313685334c90568c7a9a,95c4f1f0b76fbee017d2e71ebc2b96d828b9a10e7be4207d2cc6bbcb3964e438,2026-08-06T20:59:11.750188+00:00
Q320,attribute,T1500,KV,"['T1500-1551', 'T1500-0813', 'T1500-0820', 'T1500-0819', 'T1500-2095', 'T1500-0821', 'T1500-0817', 'T1500-2096', 'T1500-0816', 'T1500-0810']","[0.58807254, 0.5332371, 0.53143251, 0.53089488, 0.53054976, 0.52921724, 0.52739829, 0.52224833, 0.52068412, 0.52006543]",1,1,1,1,1,c27701da65ba58e03d85402f60fd2fe18eca8e15b9d1b0fc54e85bba1115b71f,95c4f1f0b76fbee017d2e71ebc2b96d828b9a10e7be4207d2cc6bbcb3964e438,2026-08-06T20:59:11.750708+00:00
Q321,price,T1500,KV,"['T1500-0877', 'T1500-0534', 'T1500-0432', 'T1500-0448', 'T1500-0529', 'T1500-0880', 'T1500-0434', 'T1500-0530', 'T1500-0436', 'T1500-0528']","[0.62901974, 0.60158086, 0.60138524, 0.59965777, 0.59702456, 0.59288168, 0.59178287, 0.5894646, 0.58861136, 0.58832145]",5,0,0,1,1,f1b63e98252d9dcd35e3d30d29cc67608f101d47cfb9ed148ad239f5839a4824,95c4f1f0b76fbee017d2e71ebc2b96d828b9a10e7be4207d2cc6bbcb3964e438,2026-08-06T20:59:11.751137+00:00
Q322,attribute,T1500,KV,"['T1500-1214', 'T1500-1213', 'T1500-0317', 'T1500-1729', 'T1500-1212', 'T1500-2099', 'T1500-0020', 'T1500-2090', 'T1500-0141', 'T1500-2103']","[0.58747262, 0.55963826, 0.55297345, 0.55041045, 0.54188371, 0.53494501, 0.53053004, 0.52941436, 0.52619433, 0.52132863]",1,1,1,1,1,3d5e36b6048732ac450c2ff0856b49d8d9c79e8164977c74b95bb2c7a7415900,95c4f1f0b76fbee017d2e71ebc2b96d828b9a10e7be4207d2cc6bbcb3964e438,2026-08-06T20:59:11.751632+00:00
Q323,price,T1500,KV,"['T1500-0112', 'T1500-0020', 'T1500-0076', 'T1500-0301', 'T1500-1535', 'T1500-0075', 'T1500-0241', 'T1500-0060', 'T1500-0430', 'T1500-0082']","[0.48849028, 0.47561684, 0.4692018, 0.46187264, 0.45974612, 0.45937029, 0.45934838, 0.45420665, 0.4529027, 0.45124462]",3,0,1,1,1,4d0bb0a73f0a0d34558175f33b3f3cab7bdd923ccf8cf6102c3a0a23a1012e83,95c4f1f0b76fbee017d2e71ebc2b96d828b9a10e7be4207d2cc6bbcb3964e438,2026-08-06T20:59:11.752062+00:00
Q324,attribute,T1500,KV,"['T1500-0996', 'T1500-0997', 'T1500-0990', 'T1500-0995', 'T1500-0994', 'T1500-0989', 'T1500-0991', 'T1500-1011', 'T1500-1008', 'T1500-1005']","[0.7112385, 0.69995934, 0.68661243, 0.6856997, 0.67568767, 0.67073733, 0.66888428, 0.6685006, 0.66643268, 0.66483861]",6,0,0,0,1,b2e523f499cdaf1579f95302a59781eb8b1407aad26b46f7741b4380d5f8a663,95c4f1f0b76fbee017d2e71ebc2b96d828b9a10e7be4207d2cc6bbcb3964e438,2026-08-06T20:59:11.752569+00:00
Q325,price,T1500,KV,"['T1500-1815', 'T1500-1811', 'T1500-1814', 'T1500-1809', 'T1500-1145', 'T1500-0988', 'T1500-1810', 'T1500-1941', 'T1500-1265', 'T1500-1938']","[0.63291442, 0.55801642, 0.54027176, 0.53304225, 0.53008401, 0.53003085, 0.5255872, 0.52314937, 0.52124918, 0.51910067]",1,1,1,1,1,10010cb369645ed3049e85cbaf2f75f49f6d8cdf078ecc2c87ffd924807e3ddd,95c4f1f0b76fbee017d2e71ebc2b96d828b9a10e7be4207d2cc6bbcb3964e438,2026-08-06T20:59:11.753009+00:00
Q326,attribute,T1500,KV,"['T1500-0090', 'T1500-0138', 'T1500-0137', 'T1500-0292', 'T1500-0131', 'T1500-0139', 'T1500-0134', 'T1500-0293', 'T1500-2091', 'T1500-0291']","[0.60776138, 0.60592544, 0.59876406, 0.59075272, 0.58831215, 0.57862663, 0.57406735, 0.57233769, 0.57173753, 0.57168633]",2,0,1,1,1,8c86d8535ab4aeea0f263db9eccb8493d84f00b48fcb513672849ff467689851,95c4f1f0b76fbee017d2e71ebc2b96d828b9a10e7be4207d2cc6bbcb3964e438,2026-08-06T20:59:11.753476+00:00
Q327,attribute,T1500,KV,"['T1500-2092', 'T1500-0402', 'T1500-0401', 'T1500-0760', 'T1500-0388', 'T1500-0871', 'T1500-0394', 'T1500-0389', 'T1500-0398', 'T1500-0750']","[0.54948997, 0.54859495, 0.53306568, 0.52970827, 0.5296402, 0.52918208, 0.528216, 0.52819937, 0.52620137, 0.52274239]",5,0,0,1,1,bdaff64d53de2fb82eab86e212d77c57ee3b80e9be7f0379e1b687b215b3cb5f,95c4f1f0b76fbee017d2e71ebc2b96d828b9a10e7be4207d2cc6bbcb3964e438,2026-08-06T20:59:11.753930+00:00
Q328,attribute,T1500,KV,"['T1500-1554', 'T1500-1550', 'T1500-1546', 'T1500-1549', 'T1500-1558', 'T1500-1607', 'T1500-1534', 'T1500-1535', 'T1500-1635', 'T1500-1561']","[0.58452404, 0.53948444, 0.52978265, 0.519705, 0.5130313, 0.49849343, 0.49580476, 0.49252325, 0.49008584, 0.48818594]",6,0,0,0,1,f602f76ac7b7051f5f90e86abb47b97a2004259d349a67e849e4becf972b7597,95c4f1f0b76fbee017d2e71ebc2b96d828b9a10e7be4207d2cc6bbcb3964e438,2026-08-06T20:59:11.754425+00:00
Q329,attribute,T1500,KV,"['T1500-1101', 'T1500-0953', 'T1500-0959', 'T1500-0954', 'T1500-0958', 'T1500-1186', 'T1500-1100', 'T1500-0956', 'T1500-1190', 'T1500-0983']","[0.6713804, 0.65213323, 0.63890767, 0.63880163, 0.63829529, 0.63819838, 0.63612676, 0.63495052, 0.63285691, 0.63273704]",,0,0,0,0,1e7616508b32f2d818c0d9dc9fc6287471702286e642c6482b50983e1904112d,95c4f1f0b76fbee017d2e71ebc2b96d828b9a10e7be4207d2cc6bbcb3964e438,2026-08-06T20:59:11.754880+00:00
Q330,price,T1500,KV,"['T1500-0104', 'T1500-0199', 'T1500-1535', 'T1500-0070', 'T1500-1561', 'T1500-1580', 'T1500-1613', 'T1500-1543', 'T1500-1623', 'T1500-1611']","[0.60622013, 0.57375991, 0.56055975, 0.54985446, 0.54516178, 0.54435372, 0.53676349, 0.53650087, 0.53639024, 0.53473288]",7,0,0,0,1,ae8cf346d2a1316693d34e15959eae354fccdd0362a40d9c532dcf2cbca9aad6,95c4f1f0b76fbee017d2e71ebc2b96d828b9a10e7be4207d2cc6bbcb3964e438,2026-08-06T20:59:11.755339+00:00
Q331,price,T1500,KV,"['T1500-0877', 'T1500-0874', 'T1500-0880', 'T1500-0432', 'T1500-0448', 'T1500-0542', 'T1500-0534', 'T1500-0876', 'T1500-0447', 'T1500-0376']","[0.61340672, 0.59734797, 0.59343368, 0.573475, 0.56996834, 0.5651902, 0.56435025, 0.56415254, 0.56219339, 0.56183934]",6,0,0,0,1,064ba5a4ffc5eb3e1d39fca584f4d6821134e7ddb30853aa488b39b839d7f0db,95c4f1f0b76fbee017d2e71ebc2b96d828b9a10e7be4207d2cc6bbcb3964e438,2026-08-06T20:59:11.755772+00:00
Q332,attribute,T1500,KV,"['T1500-0085', 'T1500-1539', 'T1500-0054', 'T1500-0112', 'T1500-0097', 'T1500-1635', 'T1500-0062', 'T1500-0060', 'T1500-0118', 'T1500-0088']","[0.61202383, 0.59411538, 0.5766809, 0.57264656, 0.57043338, 0.56810093, 0.56477547, 0.56337869, 0.56309688, 0.56290841]",,0,0,0,0,b141b73621c5dc5c3f41ebc83ae431143c3f43769f378d87896282c69a0ab41f,95c4f1f0b76fbee017d2e71ebc2b96d828b9a10e7be4207d2cc6bbcb3964e438,2026-08-06T20:59:11.756228+00:00
Q333,attribute,T1500,KV,"['T1500-1535', 'T1500-2035', 'T1500-0195', 'T1500-0088', 'T1500-0188', 'T1500-1635', 'T1500-1638', 'T1500-0104', 'T1500-0108', 'T1500-1623']","[0.57272792, 0.54699886, 0.54519117, 0.54410577, 0.54235363, 0.54140806, 0.53880697, 0.53619015, 0.53592807, 0.53392482]",,0,0,0,0,c30c6896315e8906bed6039d7b60d2ecd2901861d1e5c5c5d942a67ed26287c0,95c4f1f0b76fbee017d2e71ebc2b96d828b9a10e7be4207d2cc6bbcb3964e438,2026-08-06T20:59:11.756714+00:00
Q334,price,T1500,KV,"['T1500-0147', 'T1500-0146', 'T1500-0145', 'T1500-0311', 'T1500-0148', 'T1500-0151', 'T1500-0140', 'T1500-0141', 'T1500-0149', 'T1500-1366']","[0.5679096, 0.56616986, 0.55822152, 0.51953995, 0.51095486, 0.50837934, 0.50538218, 0.50046992, 0.50000978, 0.49378416]",1,1,1,1,1,a3a6a3682125315db8eb859a6d011c3855fae10fc5196f6a30a32b8b8ed07371,95c4f1f0b76fbee017d2e71ebc2b96d828b9a10e7be4207d2cc6bbcb3964e438,2026-08-06T20:59:11.757147+00:00
Q335,price,T1500,KV,"['T1500-1998', 'T1500-1339', 'T1500-1673', 'T1500-1678', 'T1500-1688', 'T1500-1671', 'T1500-1405', 'T1500-1344', 'T1500-1689', 'T1500-1685']","[0.44087428, 0.43090242, 0.42578584, 0.42084968, 0.41937536, 0.41935807, 0.41637543, 0.41386738, 0.4124037, 0.41125447]",,0,0,0,0,f5843abd97c45706725337ecc3c8d53d63c19e38f5d1611183c22debc8574002,95c4f1f0b76fbee017d2e71ebc2b96d828b9a10e7be4207d2cc6bbcb3964e438,2026-08-06T20:59:11.757605+00:00
Q336,attribute,T1500,KV,"['T1500-0270', 'T1500-0295', 'T1500-0278', 'T1500-0281', 'T1500-0290', 'T1500-0271', 'T1500-0265', 'T1500-0261', 'T1500-0268', 'T1500-0134']","[0.64442873, 0.63295138, 0.63006771, 0.62613153, 0.62366414, 0.62237751, 0.62129623, 0.62075788, 0.61887729, 0.61705065]",,0,0,0,0,a69e1b5cfdae06ac247198c0166e7b97f9d18f13fe172c209e6acdcca196f898,95c4f1f0b76fbee017d2e71ebc2b96d828b9a10e7be4207d2cc6bbcb3964e438,2026-08-06T20:59:11.758106+00:00
Q337,price,T1500,KV,"['T1500-1796', 'T1500-1264', 'T1500-1149', 'T1500-1147', 'T1500-1037', 'T1500-1912', 'T1500-1148', 'T1500-1040', 'T1500-1805', 'T1500-0946']","[0.6566149, 0.61726677, 0.61619222, 0.60770893, 0.60619164, 0.60502684, 0.59945381, 0.59557199, 0.59460247, 0.59132147]",1,1,1,1,1,e5bd21345b6ba19e7c972dfb0898121288746c0e31027334f99a291b2927aaeb,95c4f1f0b76fbee017d2e71ebc2b96d828b9a10e7be4207d2cc6bbcb3964e438,2026-08-06T20:59:11.758578+00:00
Q338,attribute,T1500,KV,"['T1500-0303', 'T1500-0302', 'T1500-1750', 'T1500-1752', 'T1500-0304', 'T1500-1079', 'T1500-0877', 'T1500-2096', 'T1500-2099', 'T1500-2102']","[0.65973663, 0.64187229, 0.63449872, 0.58077902, 0.57129973, 0.56308651, 0.55571401, 0.55494714, 0.55063421, 0.54838955]",3,0,1,1,1,1b07423bb3ab53a586d15422cba5524c7cd700394f04a3521937ec67c22cf222,95c4f1f0b76fbee017d2e71ebc2b96d828b9a10e7be4207d2cc6bbcb3964e438,2026-08-06T20:59:11.759035+00:00
Q339,attribute,T1500,KV,"['T1500-1212', 'T1500-1730', 'T1500-1449', 'T1500-1373', 'T1500-0284', 'T1500-0282', 'T1500-1371', 'T1500-0919', 'T1500-0281', 'T1500-1448']","[0.55250829, 0.54832923, 0.54327476, 0.53661501, 0.53220981, 0.52765757, 0.52624047, 0.52340895, 0.52210271, 0.51951563]",,0,0,0,0,7c7d59e058953de1096feabd99dd1bcceb1096932e7e67b7f0c81666e522e4d8,95c4f1f0b76fbee017d2e71ebc2b96d828b9a10e7be4207d2cc6bbcb3964e438,2026-08-06T20:59:11.759515+00:00
Q340,price,T1500,KV,"['T1500-0686', 'T1500-0695', 'T1500-0693', 'T1500-0691', 'T1500-0690', 'T1500-0685', 'T1500-0689', 'T1500-0692', 'T1500-0687', 'T1500-0700']","[0.68270594, 0.66718185, 0.65262711, 0.65234995, 0.64586711, 0.64488024, 0.64254904, 0.64231277, 0.63993537, 0.63902259]",1,1,1,1,1,14eba615c0737030ff97c793fe91652569f57bc6704f93f2dd2131d3c2670c14,95c4f1f0b76fbee017d2e71ebc2b96d828b9a10e7be4207d2cc6bbcb3964e438,2026-08-06T20:59:11.759940+00:00
Q341,attribute,T1500,KV,"['T1500-1638', 'T1500-0199', 'T1500-1614', 'T1500-0038', 'T1500-0040', 'T1500-1619', 'T1500-1641', 'T1500-0039', 'T1500-1531', 'T1500-0041']","[0.52050948, 0.48706758, 0.48029473, 0.4721629, 0.47041386, 0.4700703, 0.46862832, 0.46704096, 0.46602032, 0.46310267]",3,0,1,1,1,c65445c8b6b7e9b1879c1d5183b56d44e2bcda9935011efbf1d60a43cacb608a,95c4f1f0b76fbee017d2e71ebc2b96d828b9a10e7be4207d2cc6bbcb3964e438,2026-08-06T20:59:11.760417+00:00
Q342,price,T1500,KV,"['T1500-0614', 'T1500-0511', 'T1500-0611', 'T1500-0509', 'T1500-0514', 'T1500-0512', 'T1500-0513', 'T1500-0615', 'T1500-0510', 'T1500-0357']","[0.6140337, 0.61241877, 0.60350126, 0.59410727, 0.58930862, 0.58906788, 0.5868479, 0.58373249, 0.58309662, 0.5820359]",4,0,0,1,1,5073ffe8dacb32fc11f42cb31a21168dc488137cb591cf5314c91a145b17214b,95c4f1f0b76fbee017d2e71ebc2b96d828b9a10e7be4207d2cc6bbcb3964e438,2026-08-06T20:59:11.760843+00:00
Q343,attribute,T1500,KV,"['T1500-1942', 'T1500-1157', 'T1500-1146', 'T1500-1034', 'T1500-1156', 'T1500-2018', 'T1500-0983', 'T1500-1181', 'T1500-0946', 'T1500-1190']","[0.63884544, 0.63815224, 0.62812972, 0.62240928, 0.6189214, 0.61804426, 0.60879505, 0.60822171, 0.60713017, 0.60567117]",,0,0,0,0,805ebad3b905a7ca7e218a3f8fed2a5d3575abce918736bc7aa5c50d45ab2b79,95c4f1f0b76fbee017d2e71ebc2b96d828b9a10e7be4207d2cc6bbcb3964e438,2026-08-06T20:59:11.761328+00:00
Q344,attribute,T1500,KV,"['T1500-0153', 'T1500-1449', 'T1500-1448', 'T1500-0203', 'T1500-0282', 'T1500-0281', 'T1500-0270', 'T1500-0160', 'T1500-0284', 'T1500-1535']","[0.57676136, 0.57519716, 0.56060392, 0.55065531, 0.54769909, 0.54671997, 0.54596466, 0.54454714, 0.54391974, 0.54181385]",,0,0,0,0,493739218c413b7ea79c5e6879fe3354d8c69dac607436ec965d35285bddba15,95c4f1f0b76fbee017d2e71ebc2b96d828b9a10e7be4207d2cc6bbcb3964e438,2026-08-06T20:59:11.761815+00:00
Q345,attribute,T1500,KV,"['T1500-0104', 'T1500-0108', 'T1500-0037', 'T1500-2096', 'T1500-0199', 'T1500-0110', 'T1500-0088', 'T1500-0112', 'T1500-0072', 'T1500-0188']","[0.54950404, 0.54026109, 0.52945483, 0.52765548, 0.52495623, 0.52391136, 0.52210021, 0.52025557, 0.51608288, 0.51347071]",4,0,0,1,1,43adda0ff8ce5038cf2c2fa334b0356e39e2d7cde0f2524039565db817752413,95c4f1f0b76fbee017d2e71ebc2b96d828b9a10e7be4207d2cc6bbcb3964e438,2026-08-06T20:59:11.762285+00:00
Q346,price,T1500,KV,"['T1500-0328', 'T1500-1405', 'T1500-0332', 'T1500-0327', 'T1500-0329', 'T1500-0330', 'T1500-0326', 'T1500-0331', 'T1500-0325', 'T1500-0841']","[0.54411197, 0.52959532, 0.52933449, 0.52625525, 0.51935464, 0.51707125, 0.51256526, 0.50312811, 0.49984953, 0.4963527]",1,1,1,1,1,c0ac538fa569d1480d1775e748ef864689c35df8834fcb35cb0704e1c558f907,95c4f1f0b76fbee017d2e71ebc2b96d828b9a10e7be4207d2cc6bbcb3964e438,2026-08-06T20:59:11.762713+00:00
Q347,attribute,T1500,KV,"['T1500-1599', 'T1500-0104', 'T1500-1598', 'T1500-0112', 'T1500-1597', 'T1500-0021', 'T1500-0079', 'T1500-0127', 'T1500-0037', 'T1500-0199']","[0.62497717, 0.58036041, 0.5747937, 0.5579685, 0.5519979, 0.53992397, 0.53644347, 0.5354017, 0.53369105, 0.53367442]",1,1,1,1,1,8c2892c728e2cff288754576f03f94f956e5e37dd47e2ae68672e54cb3f81f1a,95c4f1f0b76fbee017d2e71ebc2b96d828b9a10e7be4207d2cc6bbcb3964e438,2026-08-06T20:59:11.763150+00:00
Q348,attribute,T1500,KV,"['T1500-0145', 'T1500-2095', 'T1500-2102', 'T1500-0495', 'T1500-0089', 'T1500-0355', 'T1500-0204', 'T1500-0489', 'T1500-0143', 'T1500-1568']","[0.51119947, 0.5087254, 0.48675931, 0.48441935, 0.47567439, 0.47399467, 0.47393045, 0.4735139, 0.47341684, 0.47146705]",1,1,1,1,1,0c48093325940ecca8317504060443ea1d0ecfa7e80486c9d98c5b0940d9e738,95c4f1f0b76fbee017d2e71ebc2b96d828b9a10e7be4207d2cc6bbcb3964e438,2026-08-06T20:59:11.763613+00:00
Q349,price,T1500,KV,"['T1500-1815', 'T1500-0988', 'T1500-1263', 'T1500-1941', 'T1500-1146', 'T1500-1939', 'T1500-1938', 'T1500-1190', 'T1500-1145', 'T1500-1189']","[0.5823313, 0.5807898, 0.58024591, 0.57888889, 0.57880038, 0.57515872, 0.56985986, 0.5692333, 0.56912208, 0.56830013]",7,0,0,0,1,596b9c57e65eef19225361de3f4707ac99f662f4273057473e05c782d3a1af65,95c4f1f0b76fbee017d2e71ebc2b96d828b9a10e7be4207d2cc6bbcb3964e438,2026-08-06T20:59:11.764061+00:00
Q350,attribute,T1500,KV,"['T1500-1619', 'T1500-1641', 'T1500-0025', 'T1500-0026', 'T1500-1637', 'T1500-1546', 'T1500-0099', 'T1500-0111', 'T1500-1678', 'T1500-0127']","[0.56706172, 0.54860508, 0.54838026, 0.54474735, 0.54299527, 0.54242861, 0.54007453, 0.53959745, 0.5392499, 0.53737408]",,0,0,0,0,e803b6c0ae62d49711f5717aae17bef72d044bf77414e23b5ae8de1f0e162960,95c4f1f0b76fbee017d2e71ebc2b96d828b9a10e7be4207d2cc6bbcb3964e438,2026-08-06T20:59:11.764575+00:00
Q351,price,T1500,KV,"['T1500-1535', 'T1500-1601', 'T1500-1537', 'T1500-1538', 'T1500-1342', 'T1500-0297', 'T1500-1599', 'T1500-1605', 'T1500-1679', 'T1500-1604']","[0.47687387, 0.47298205, 0.4650265, 0.46463299, 0.45908141, 0.45408654, 0.44341269, 0.43932024, 0.43889886, 0.43821526]",3,0,1,1,1,fb76b6ce6a99ac43c0e4dff11c6fa0e4bbeb3041b4eddf709ae3cf1d466bbae5,95c4f1f0b76fbee017d2e71ebc2b96d828b9a10e7be4207d2cc6bbcb3964e438,2026-08-06T20:59:11.765012+00:00
Q352,attribute,T1500,KV,"['T1500-2012', 'T1500-0976', 'T1500-0975', 'T1500-0978', 'T1500-0974', 'T1500-0965', 'T1500-0973', 'T1500-0963', 'T1500-0961', 'T1500-0964']","[0.63019317, 0.60247982, 0.60231698, 0.59980989, 0.5996834, 0.59936404, 0.59849775, 0.59846938, 0.59680003, 0.59635544]",1,1,1,1,1,140d1703c4240edc7070153af6b42e01513c36e6cc39a898ef1954580508b61a,95c4f1f0b76fbee017d2e71ebc2b96d828b9a10e7be4207d2cc6bbcb3964e438,2026-08-06T20:59:11.765530+00:00
Q353,price,T1500,KV,"['T1500-0662', 'T1500-0656', 'T1500-0661', 'T1500-0654', 'T1500-0660', 'T1500-0659', 'T1500-0655', 'T1500-0652', 'T1500-0657', 'T1500-0658']","[0.66429472, 0.64069349, 0.63559699, 0.63469303, 0.63261288, 0.63186181, 0.63168359, 0.62820774, 0.62726533, 0.62386942]",1,1,1,1,1,9353f36aebb338463c468548cfed16ea6d5fd6c0b63f4eca95a752bd76617379,95c4f1f0b76fbee017d2e71ebc2b96d828b9a10e7be4207d2cc6bbcb3964e438,2026-08-06T20:59:11.765955+00:00
Q354,attribute,T1500,KV,"['T1500-1614', 'T1500-1535', 'T1500-1747', 'T1500-1534', 'T1500-1546', 'T1500-1638', 'T1500-1531', 'T1500-0298', 'T1500-1342', 'T1500-1584']","[0.61699712, 0.56314933, 0.55173165, 0.54607475, 0.54227996, 0.54116976, 0.53940219, 0.533301, 0.52619755, 0.52556771]",1,1,1,1,1,526a835f40986a130603147c647b1b75f7dbf35d16326e26a9ac0f654c43e397,95c4f1f0b76fbee017d2e71ebc2b96d828b9a10e7be4207d2cc6bbcb3964e438,2026-08-06T20:59:11.766435+00:00
Q355,price,T1500,KV,"['T1500-1014', 'T1500-1784', 'T1500-1793', 'T1500-1789', 'T1500-1769', 'T1500-1972', 'T1500-1013', 'T1500-1130', 'T1500-1787', 'T1500-1124']","[0.63428116, 0.60343486, 0.60264403, 0.60260117, 0.60226524, 0.60187531, 0.59888434, 0.59462428, 0.59021342, 0.58856988]",,0,0,0,0,4e11b8406d2bda16df74c03341bbeaca2d420d3665247bc637fa6bc2241a9be4,95c4f1f0b76fbee017d2e71ebc2b96d828b9a10e7be4207d2cc6bbcb3964e438,2026-08-06T20:59:11.766907+00:00
Q356,price,T1500,KV,"['T1500-0112', 'T1500-0301', 'T1500-0123', 'T1500-0127', 'T1500-0020', 'T1500-0307', 'T1500-0074', 'T1500-0078', 'T1500-0062', 'T1500-0122']","[0.5369947, 0.51688933, 0.51144654, 0.50631112, 0.50572199, 0.49727321, 0.49377573, 0.49056447, 0.49048173, 0.48962897]",3,0,1,1,1,bf2c173e3a29cc93d92ab397d5d00dff78bc32ea2dfac28607bbf0a99fbf925a,95c4f1f0b76fbee017d2e71ebc2b96d828b9a10e7be4207d2cc6bbcb3964e438,2026-08-06T20:59:11.767388+00:00
Q357,price,T1500,KV,"['T1500-1642', 'T1500-1644', 'T1500-1643', 'T1500-0112', 'T1500-1647', 'T1500-1535', 'T1500-1623', 'T1500-0097', 'T1500-1646', 'T1500-1635']","[0.66089523, 0.65028584, 0.63083953, 0.61065823, 0.60267639, 0.59958285, 0.59901381, 0.58698851, 0.58354664, 0.581563]",1,1,1,1,1,1a3c1789c2e4c2a743ad96e9a0d7ee460c179ff6e34bb86a0eb8ae25ecae3d63,95c4f1f0b76fbee017d2e71ebc2b96d828b9a10e7be4207d2cc6bbcb3964e438,2026-08-06T20:59:11.767818+00:00
Q358,price,T1500,KV,"['T1500-2012', 'T1500-0205', 'T1500-0919', 'T1500-0240', 'T1500-1243', 'T1500-2014', 'T1500-0213', 'T1500-0211', 'T1500-1196', 'T1500-0206']","[0.65602118, 0.62301981, 0.6096167, 0.60687488, 0.6058681, 0.60189599, 0.60106033, 0.59757763, 0.59232426, 0.59087408]",6,0,0,0,1,09841874d8aad7596937581d66a6492edc07e41a3b921c9831704de123bc167a,95c4f1f0b76fbee017d2e71ebc2b96d828b9a10e7be4207d2cc6bbcb3964e438,2026-08-06T20:59:11.768270+00:00
Q359,attribute,T1500,KV,"['T1500-0988', 'T1500-2018', 'T1500-1167', 'T1500-1176', 'T1500-1198', 'T1500-0983', 'T1500-1020', 'T1500-1170', 'T1500-1033', 'T1500-1185']","[0.64343643, 0.6090771, 0.6058625, 0.60232949, 0.60176432, 0.60098779, 0.60092449, 0.59975374, 0.59951448, 0.59877467]",1,1,1,1,1,55a001a0cc227373a215992d94780bd6f1133cd9f493c9b70890a89cfc918ae4,95c4f1f0b76fbee017d2e71ebc2b96d828b9a10e7be4207d2cc6bbcb3964e438,2026-08-06T20:59:11.768751+00:00
Q360,attribute,T1500,KV,"['T1500-0178', 'T1500-0180', 'T1500-0170', 'T1500-0172', 'T1500-0168', 'T1500-0176', 'T1500-0166', 'T1500-0173', 'T1500-0179', 'T1500-0174']","[0.66388863, 0.65942389, 0.65643746, 0.65261173, 0.64714092, 0.64627033, 0.63586569, 0.63442165, 0.62990463, 0.62961507]",1,1,1,1,1,3a029404d90bc1ffbbdd354a5ed2528bdc48bf690c720be0c152fdb39cc78a50,95c4f1f0b76fbee017d2e71ebc2b96d828b9a10e7be4207d2cc6bbcb3964e438,2026-08-06T20:59:11.769233+00:00
Q361,attribute,T1500,KV,"['T1500-1076', 'T1500-1073', 'T1500-1079', 'T1500-2099', 'T1500-1075', 'T1500-1072', 'T1500-2102', 'T1500-2100', 'T1500-1074', 'T1500-2103']","[0.59811807, 0.58851957, 0.57822412, 0.57229042, 0.567523, 0.56117487, 0.55967164, 0.55533183, 0.54083008, 0.53666788]",1,1,1,1,1,c9385a83105777d120d375e5d1e0e498051255328865865c24238e0703a27be9,95c4f1f0b76fbee017d2e71ebc2b96d828b9a10e7be4207d2cc6bbcb3964e438,2026-08-06T20:59:11.769697+00:00
Q362,price,T1500,KV,"['T1500-1555', 'T1500-1550', 'T1500-1560', 'T1500-1557', 'T1500-1562', 'T1500-1535', 'T1500-1547', 'T1500-1558', 'T1500-1531', 'T1500-1551']","[0.55454147, 0.53848135, 0.52788383, 0.52110171, 0.49775982, 0.49588132, 0.49341416, 0.48983082, 0.48728022, 0.4855333]",2,0,1,1,1,1438d3c38b64e080c8cfa9e763d70624d0d704c512916e878fe6cae143e459b6,95c4f1f0b76fbee017d2e71ebc2b96d828b9a10e7be4207d2cc6bbcb3964e438,2026-08-06T20:59:11.770128+00:00
Q363,attribute,T1500,KV,"['T1500-1558', 'T1500-0085', 'T1500-0118', 'T1500-0120', 'T1500-0308', 'T1500-1571', 'T1500-0110', 'T1500-0037', 'T1500-0041', 'T1500-1531']","[0.55691797, 0.54749739, 0.53638846, 0.52050006, 0.51542544, 0.51498944, 0.51239753, 0.51190442, 0.51077676, 0.50096035]",1,1,1,1,1,24f7b84e2c31bf82918115899b203dd5dcfcb172f658b7f81ac464086879e46f,95c4f1f0b76fbee017d2e71ebc2b96d828b9a10e7be4207d2cc6bbcb3964e438,2026-08-06T20:59:11.770617+00:00
Q364,attribute,T1500,KV,"['T1500-0530', 'T1500-0874', 'T1500-0877', 'T1500-0432', 'T1500-0542', 'T1500-0534', 'T1500-0435', 'T1500-0448', 'T1500-0447', 'T1500-0436']","[0.62212861, 0.61974114, 0.60902399, 0.59555018, 0.59350836, 0.59123701, 0.58819294, 0.58780807, 0.58073545, 0.58073092]",1,1,1,1,1,4a6073eb2dc32c4534635768acafcfe58a8d92ee96940ee6605b21e8437d79ca,95c4f1f0b76fbee017d2e71ebc2b96d828b9a10e7be4207d2cc6bbcb3964e438,2026-08-06T20:59:11.771138+00:00
Q365,attribute,T1500,KV,"['T1500-0301', 'T1500-0307', 'T1500-2096', 'T1500-0020', 'T1500-0110', 'T1500-0112', 'T1500-0025', 'T1500-0039', 'T1500-0026', 'T1500-0304']","[0.60230893, 0.58459234, 0.57969975, 0.57707512, 0.57192528, 0.57125676, 0.56596601, 0.56465805, 0.56394446, 0.56262589]",,0,0,0,0,866b702992b2b72d3cdad0586ec15547f0cac87bb66c30d7beb5139554b41c84,95c4f1f0b76fbee017d2e71ebc2b96d828b9a10e7be4207d2cc6bbcb3964e438,2026-08-06T20:59:11.771621+00:00
Q366,price,T1500,KV,"['T1500-0937', 'T1500-1690', 'T1500-1711', 'T1500-1584', 'T1500-0764', 'T1500-1333', 'T1500-0753', 'T1500-0933', 'T1500-0658', 'T1500-0646']","[0.56128031, 0.48712122, 0.48244661, 0.46979576, 0.46428105, 0.46109292, 0.45881122, 0.45856947, 0.45762172, 0.4574188]",1,1,1,1,1,15bfd5a7dec4f6a43b24b3e3509fc6d0561130f1d1aae4c9e35d61593bd634a2,95c4f1f0b76fbee017d2e71ebc2b96d828b9a10e7be4207d2cc6bbcb3964e438,2026-08-06T20:59:11.772061+00:00
Q367,price,T1500,KV,"['T1500-1535', 'T1500-0097', 'T1500-0112', 'T1500-0104', 'T1500-0199', 'T1500-0037', 'T1500-0071', 'T1500-0070', 'T1500-1635', 'T1500-1623']","[0.5939585, 0.57719874, 0.57577336, 0.5723387, 0.5668124, 0.56514728, 0.56407917, 0.56114656, 0.56084579, 0.55903995]",,0,0,0,0,da2b584e7c1dab2e94e99bb6364850cdc26af9019ffb1f61a2b9bb7438547847,95c4f1f0b76fbee017d2e71ebc2b96d828b9a10e7be4207d2cc6bbcb3964e438,2026-08-06T20:59:11.772517+00:00
Q368,price,T1500,KV,"['T1500-1264', 'T1500-1235', 'T1500-1233', 'T1500-1228', 'T1500-1230', 'T1500-1232', 'T1500-1265', 'T1500-1231', 'T1500-1229', 'T1500-1234']","[0.60002029, 0.58215278, 0.58081168, 0.57998669, 0.57934123, 0.57688129, 0.57556427, 0.57398283, 0.57395303, 0.56756729]",9,0,0,0,1,e284e429e37cb68eb5ea032aca23124dfaf8849df2f60dcb13b5d33592dd479c,95c4f1f0b76fbee017d2e71ebc2b96d828b9a10e7be4207d2cc6bbcb3964e438,2026-08-06T20:59:11.772953+00:00
Q369,attribute,T1500,KV,"['T1500-2096', 'T1500-2088', 'T1500-2097', 'T1500-0199', 'T1500-2098', 'T1500-2091', 'T1500-2103', 'T1500-0100', 'T1500-0088', 'T1500-0114']","[0.60309792, 0.56389457, 0.56172127, 0.54755604, 0.54572433, 0.53555429, 0.53050017, 0.52523184, 0.52295566, 0.5220651]",4,0,0,1,1,e8147fc66a16a42feace2540dd05a626eceaac60ec9a730386a6ad4fd215cbcf,95c4f1f0b76fbee017d2e71ebc2b96d828b9a10e7be4207d2cc6bbcb3964e438,2026-08-06T20:59:11.773426+00:00
Q370,attribute,T1500,KV,"['T1500-0168', 'T1500-0164', 'T1500-0160', 'T1500-0431', 'T1500-0281', 'T1500-0173', 'T1500-0167', 'T1500-0165', 'T1500-0176', 'T1500-0171']","[0.54345369, 0.53837401, 0.53605986, 0.53339273, 0.53324503, 0.53208756, 0.53136289, 0.52927101, 0.52817845, 0.52805555]",,0,0,0,0,aeb3fe328715042f4a239ca8fda9366ed5456861f2250ba8accfcf077b739383,95c4f1f0b76fbee017d2e71ebc2b96d828b9a10e7be4207d2cc6bbcb3964e438,2026-08-06T20:59:11.773883+00:00
Q371,attribute,T1500,KV,"['T1500-0062', 'T1500-0110', 'T1500-0109', 'T1500-0307', 'T1500-0074', 'T1500-1619', 'T1500-0199', 'T1500-1533', 'T1500-0061', 'T1500-1546']","[0.58954215, 0.58848709, 0.54708451, 0.5412814, 0.53908193, 0.53201729, 0.52981102, 0.5254848, 0.52482557, 0.52456427]",,0,0,0,0,0c79872e74278b132bf4fc98db800eaf44f37fb1ba0cd3f996f3afd07cdd5702,95c4f1f0b76fbee017d2e71ebc2b96d828b9a10e7be4207d2cc6bbcb3964e438,2026-08-06T20:59:11.774363+00:00
Q372,attribute,T1500,KV,"['T1500-0944', 'T1500-0946', 'T1500-1154', 'T1500-0948', 'T1500-0947', 'T1500-1199', 'T1500-0943', 'T1500-0941', 'T1500-1200', 'T1500-1198']","[0.61705148, 0.61685014, 0.61323249, 0.60439134, 0.60348874, 0.60250568, 0.5991317, 0.59879303, 0.59724975, 0.59693366]",,0,0,0,0,638ca51bd46c56c4c3c6c8a6e309ca3d00ceb545c505162d9e43955da0d96aab,95c4f1f0b76fbee017d2e71ebc2b96d828b9a10e7be4207d2cc6bbcb3964e438,2026-08-06T20:59:11.774833+00:00
Q373,price,T1500,KV,"['T1500-0020', 'T1500-1535', 'T1500-0112', 'T1500-1584', 'T1500-0082', 'T1500-0021', 'T1500-0062', 'T1500-1381', 'T1500-0430', 'T1500-1586']","[0.48960805, 0.48795825, 0.47160113, 0.47072089, 0.47047231, 0.46893135, 0.46829844, 0.46519256, 0.45905983, 0.45862544]",10,0,0,0,1,607e0ef31d50c2cb5573a634cc21dc4557959de012578c9843e63a166c03690f,95c4f1f0b76fbee017d2e71ebc2b96d828b9a10e7be4207d2cc6bbcb3964e438,2026-08-06T20:59:11.775349+00:00
Q374,attribute,T1500,KV,"['T1500-0178', 'T1500-1435', 'T1500-0163', 'T1500-0180', 'T1500-0176', 'T1500-0161', 'T1500-0169', 'T1500-0166', 'T1500-0173', 'T1500-0168']","[0.63895023, 0.62497061, 0.62253702, 0.62189066, 0.62062293, 0.61455309, 0.61303794, 0.61242747, 0.61142534, 0.6097337]",1,1,1,1,1,d5420d115565cf30691a47c88b3396ec2fe237c712ebd79ddc9c047955cc39e8,95c4f1f0b76fbee017d2e71ebc2b96d828b9a10e7be4207d2cc6bbcb3964e438,2026-08-06T20:59:11.775821+00:00
Q375,price,T1500,KV,"['T1500-1976', 'T1500-0983', 'T1500-0981', 'T1500-0980', 'T1500-0963', 'T1500-0979', 'T1500-0953', 'T1500-0982', 'T1500-0940', 'T1500-0942']","[0.6601491, 0.63181478, 0.62761748, 0.62724715, 0.62598008, 0.62588966, 0.62570751, 0.62528872, 0.62494254, 0.62386894]",1,1,1,1,1,6c17b86ac0524ddfbaf1dadabe8a64d44092c54cb0c38859779307ccb302eb83,95c4f1f0b76fbee017d2e71ebc2b96d828b9a10e7be4207d2cc6bbcb3964e438,2026-08-06T20:59:11.776315+00:00
Q376,price,T1500,KV,"['T1500-1405', 'T1500-0295', 'T1500-0182', 'T1500-0169', 'T1500-0020', 'T1500-0456', 'T1500-1741', 'T1500-1524', 'T1500-0177', 'T1500-0163']","[0.49474913, 0.47081238, 0.46276015, 0.45648706, 0.45575809, 0.45534524, 0.45478636, 0.45456672, 0.45119733, 0.45063582]",,0,0,0,0,f4dff29942c232661e7e2bc7fca6d07997bd26ed36f234064f5e24b03ec53253,95c4f1f0b76fbee017d2e71ebc2b96d828b9a10e7be4207d2cc6bbcb3964e438,2026-08-06T20:59:11.776776+00:00
Q377,price,T1500,KV,"['T1500-1535', 'T1500-1342', 'T1500-1862', 'T1500-0085', 'T1500-1688', 'T1500-1346', 'T1500-1345', 'T1500-1998', 'T1500-1371', 'T1500-1339']","[0.45664793, 0.45113599, 0.44551167, 0.44106042, 0.44021687, 0.43990025, 0.437913, 0.43751419, 0.4368369, 0.43587279]",3,0,1,1,1,dd3048ae7ac6c5f4fe46afdf7a4d37977015df620533b4d43d69400461c34569,95c4f1f0b76fbee017d2e71ebc2b96d828b9a10e7be4207d2cc6bbcb3964e438,2026-08-06T20:59:11.777233+00:00
Q378,price,T1500,KV,"['T1500-1915', 'T1500-1917', 'T1500-1914', 'T1500-1909', 'T1500-1908', 'T1500-1912', 'T1500-1911', 'T1500-1918', 'T1500-1146', 'T1500-1797']","[0.71215522, 0.67120659, 0.66446948, 0.64758033, 0.64435321, 0.63801879, 0.63355207, 0.63350296, 0.60810685, 0.60797048]",3,0,1,1,1,c8ac46f7229036a8ff05c8001b94c7f02908a88502f2c3afbfcc658e1ea10887,95c4f1f0b76fbee017d2e71ebc2b96d828b9a10e7be4207d2cc6bbcb3964e438,2026-08-06T20:59:11.777660+00:00
Q379,price,T1500,KV,"['T1500-1535', 'T1500-0112', 'T1500-1635', 'T1500-0199', 'T1500-0071', 'T1500-0037', 'T1500-0097', 'T1500-1623', 'T1500-0127', 'T1500-0069']","[0.60649925, 0.59748483, 0.59259534, 0.5917024, 0.59134066, 0.59025896, 0.58870953, 0.58244514, 0.57440972, 0.57389593]",,0,0,0,0,51ee09965318aa7c1448b48edd53b310712ecb70f907f539dbf4f2b9d1e6da2b,95c4f1f0b76fbee017d2e71ebc2b96d828b9a10e7be4207d2cc6bbcb3964e438,2026-08-06T20:59:11.778083+00:00
Q380,price,T1500,KV,"['T1500-1852', 'T1500-1260', 'T1500-1851', 'T1500-1788', 'T1500-1047', 'T1500-1769', 'T1500-1783', 'T1500-1780', 'T1500-1259', 'T1500-1784']","[0.60840058, 0.54194474, 0.54035842, 0.5189411, 0.51712888, 0.51464123, 0.51410067, 0.51392502, 0.5120576, 0.51071882]",3,0,1,1,1,cf3bb4c63b5d060b65f6425769b8af1a5f18f4832bba644abe14849260b23dc7,95c4f1f0b76fbee017d2e71ebc2b96d828b9a10e7be4207d2cc6bbcb3964e438,2026-08-06T20:59:11.778536+00:00
Q381,attribute,T1500,KV,"['T1500-1599', 'T1500-0112', 'T1500-1605', 'T1500-0079', 'T1500-1604', 'T1500-0199', 'T1500-0085', 'T1500-0108', 'T1500-1602', 'T1500-1590']","[0.54938787, 0.54479188, 0.53163099, 0.5209499, 0.5196166, 0.51706374, 0.51631355, 0.51602328, 0.51592517, 0.51517802]",1,1,1,1,1,a9b79be1b764ecd0a50a43bcc3bd2cd0b9537d436156f4fdb1d7ec58426fff73,95c4f1f0b76fbee017d2e71ebc2b96d828b9a10e7be4207d2cc6bbcb3964e438,2026-08-06T20:59:11.778990+00:00
Q382,price,T1500,KV,"['T1500-0833', 'T1500-0822', 'T1500-0824', 'T1500-0841', 'T1500-0837', 'T1500-0835', 'T1500-0823', 'T1500-0825', 'T1500-0826', 'T1500-0827']","[0.58571476, 0.58356988, 0.5775733, 0.56852567, 0.56505752, 0.56400657, 0.56394386, 0.56056607, 0.55147547, 0.54968011]",2,0,1,1,1,149f87082fb2f6fad5fe839875c29db5d2fa3a0b8f1b1560de806ea2afe88092,95c4f1f0b76fbee017d2e71ebc2b96d828b9a10e7be4207d2cc6bbcb3964e438,2026-08-06T20:59:11.779471+00:00
Q383,attribute,T1500,KV,"['T1500-0932', 'T1500-0895', 'T1500-0901', 'T1500-0907', 'T1500-0899', 'T1500-0905', 'T1500-0894', 'T1500-0900', 'T1500-0896', 'T1500-0898']","[0.57399821, 0.51312768, 0.51273173, 0.49174896, 0.48987994, 0.48897254, 0.48843771, 0.48674172, 0.48422921, 0.48190883]",1,1,1,1,1,41b6ce6c89fe142cd8304fca0c6921bffc2740cd851e6a8cbbd8ff80ab2bcf91,95c4f1f0b76fbee017d2e71ebc2b96d828b9a10e7be4207d2cc6bbcb3964e438,2026-08-06T20:59:11.779925+00:00
Q384,attribute,T1500,KV,"['T1500-0964', 'T1500-0963', 'T1500-0961', 'T1500-0975', 'T1500-0962', 'T1500-0976', 'T1500-0979', 'T1500-0982', 'T1500-0980', 'T1500-0965']","[0.69373083, 0.69293398, 0.69268423, 0.69090813, 0.69087303, 0.68725419, 0.68722367, 0.68695748, 0.68669069, 0.68621922]",,0,0,0,0,daa9dd97919d372e33cc53449242ccc7e56a454ce443532a0a27d9c38573cff4,95c4f1f0b76fbee017d2e71ebc2b96d828b9a10e7be4207d2cc6bbcb3964e438,2026-08-06T20:59:11.780412+00:00
Q385,attribute,T1500,KV,"['T1500-0213', 'T1500-0212', 'T1500-0211', 'T1500-0206', 'T1500-0207', 'T1500-0208', 'T1500-0209', 'T1500-0205', 'T1500-0778', 'T1500-0758']","[0.5947966, 0.59333086, 0.58602619, 0.5817517, 0.57533741, 0.56753868, 0.56531924, 0.5513016, 0.54998958, 0.54703367]",4,0,0,1,1,8f0dc3c19258aed162b866d6cf9a9578aafd3703caa3042117e6cd06ae9e61a4,95c4f1f0b76fbee017d2e71ebc2b96d828b9a10e7be4207d2cc6bbcb3964e438,2026-08-06T20:59:11.780852+00:00
Q386,price,T1500,KV,"['T1500-1346', 'T1500-1350', 'T1500-1676', 'T1500-1702', 'T1500-1528', 'T1500-1516', 'T1500-1698', 'T1500-1739', 'T1500-1552', 'T1500-1519']","[0.52042508, 0.51829696, 0.51755834, 0.51694036, 0.51401693, 0.51282805, 0.51174235, 0.51148403, 0.51087105, 0.51022846]",,0,0,0,0,b0de07344fd77b186a700963ddf5bb7fab9bf6eaa8311dcda642b691d107396a,95c4f1f0b76fbee017d2e71ebc2b96d828b9a10e7be4207d2cc6bbcb3964e438,2026-08-06T20:59:11.781307+00:00
Q387,price,T1500,KV,"['T1500-1339', 'T1500-0112', 'T1500-0301', 'T1500-0020', 'T1500-1309', 'T1500-0021', 'T1500-0125', 'T1500-1335', 'T1500-1688', 'T1500-1366']","[0.41647834, 0.41531667, 0.40775827, 0.40460736, 0.40093815, 0.39771929, 0.39759859, 0.3939622, 0.39373994, 0.39353642]",,0,0,0,0,8f4ec93fb32faf51fc92435c12b740765e91d8abe4071d3dcf50460736128b99,95c4f1f0b76fbee017d2e71ebc2b96d828b9a10e7be4207d2cc6bbcb3964e438,2026-08-06T20:59:11.781748+00:00
Q388,price,T1500,KV,"['T1500-1920', 'T1500-1964', 'T1500-0964', 'T1500-1958', 'T1500-0975', 'T1500-0950', 'T1500-1995', 'T1500-0980', 'T1500-0982', 'T1500-0974']","[0.68406969, 0.65059406, 0.64391482, 0.64154333, 0.64067316, 0.63972908, 0.63949144, 0.63854367, 0.63839662, 0.63790846]",1,1,1,1,1,95208b45a00c95041f5ed5434eb6d97188394c91697cd9a5cec6dc713790c528,95c4f1f0b76fbee017d2e71ebc2b96d828b9a10e7be4207d2cc6bbcb3964e438,2026-08-06T20:59:11.782173+00:00
Q389,attribute,T1500,KV,"['T1500-1124', 'T1500-1130', 'T1500-1127', 'T1500-1776', 'T1500-1125', 'T1500-1791', 'T1500-1128', 'T1500-1972', 'T1500-1126', 'T1500-1971']","[0.60896635, 0.60733688, 0.58762705, 0.57565379, 0.5710746, 0.56683111, 0.56672454, 0.56587505, 0.56504196, 0.56272078]",1,1,1,1,1,6c970798e29e09ab03c43844c37dbb8a58238a92465ab60b42b3089d4f27a423,95c4f1f0b76fbee017d2e71ebc2b96d828b9a10e7be4207d2cc6bbcb3964e438,2026-08-06T20:59:11.782639+00:00
Q390,attribute,T1500,KV,"['T1500-0868', 'T1500-0865', 'T1500-0390', 'T1500-0460', 'T1500-0468', 'T1500-0461', 'T1500-0472', 'T1500-1079', 'T1500-0560', 'T1500-0464']","[0.62423986, 0.60246521, 0.59282899, 0.58676386, 0.58137548, 0.58035749, 0.57807744, 0.57655787, 0.57579637, 0.57291788]",4,0,0,1,1,5a7571d2fb7c176cba783e7bf2706e5697f4141b8f2435938ebc41ba8741ae0b,95c4f1f0b76fbee017d2e71ebc2b96d828b9a10e7be4207d2cc6bbcb3964e438,2026-08-06T20:59:11.783078+00:00
Q391,attribute,T1500,KV,"['T1500-0112', 'T1500-0082', 'T1500-0021', 'T1500-0062', 'T1500-0108', 'T1500-0037', 'T1500-0074', 'T1500-0079', 'T1500-0088', 'T1500-0085']","[0.61511534, 0.57864732, 0.57553238, 0.57079458, 0.56794882, 0.56642306, 0.56499583, 0.56454194, 0.56340718, 0.56221795]",1,1,1,1,1,d80b80599ac0c6e06505136801d7696fe215986793bad0e4a72e7a4cdafb060c,95c4f1f0b76fbee017d2e71ebc2b96d828b9a10e7be4207d2cc6bbcb3964e438,2026-08-06T20:59:11.783540+00:00
Q392,price,T1500,KV,"['T1500-1815', 'T1500-1811', 'T1500-1939', 'T1500-1145', 'T1500-1941', 'T1500-1938', 'T1500-1146', 'T1500-0988', 'T1500-1809', 'T1500-1263']","[0.63050538, 0.59907103, 0.58664846, 0.5837763, 0.58159006, 0.58007514, 0.57306498, 0.57302052, 0.57221085, 0.56701452]",6,0,0,0,1,f9669c5ecc1ec8fd529a5b2a570edfb44b48f3640f6a0f75bc2702760be401d8,95c4f1f0b76fbee017d2e71ebc2b96d828b9a10e7be4207d2cc6bbcb3964e438,2026-08-06T20:59:11.783959+00:00
Q393,attribute,T1500,KV,"['T1500-0226', 'T1500-0225', 'T1500-0227', 'T1500-0224', 'T1500-0208', 'T1500-0228', 'T1500-0207', 'T1500-0223', 'T1500-0206', 'T1500-1856']","[0.53713071, 0.51302338, 0.50610375, 0.50523251, 0.49509823, 0.4939529, 0.49375546, 0.48881358, 0.48638225, 0.48592702]",1,1,1,1,1,aa564320f323b166c8633d3921e26003685557ebc2a31fcecfd73ee3dae94b63,95c4f1f0b76fbee017d2e71ebc2b96d828b9a10e7be4207d2cc6bbcb3964e438,2026-08-06T20:59:11.784415+00:00
Q394,price,T1500,KV,"['T1500-1165', 'T1500-1166', 'T1500-1894', 'T1500-0953', 'T1500-0975', 'T1500-0980', 'T1500-0976', 'T1500-0979', 'T1500-1900', 'T1500-1965']","[0.66112316, 0.64866579, 0.64176154, 0.63870692, 0.63749266, 0.63514137, 0.63506961, 0.63476431, 0.63412374, 0.63397288]",2,0,1,1,1,6a61635b28a1b17d635e55e2bb852d295f55aafea0d2cae948fc73ba66f59e38,95c4f1f0b76fbee017d2e71ebc2b96d828b9a10e7be4207d2cc6bbcb3964e438,2026-08-06T20:59:11.784895+00:00
Q395,price,T1500,KV,"['T1500-1234', 'T1500-1233', 'T1500-1228', 'T1500-1232', 'T1500-1231', 'T1500-1230', 'T1500-1263', 'T1500-1970', 'T1500-1264', 'T1500-1229']","[0.63542336, 0.63013661, 0.59473491, 0.58466858, 0.57864511, 0.57694387, 0.57046425, 0.56870341, 0.5656848, 0.55760604]",1,1,1,1,1,4cf9a81d607f5632d14f77e8da069841b632caeedb4d78db1ca2b46e4f0e43d7,95c4f1f0b76fbee017d2e71ebc2b96d828b9a10e7be4207d2cc6bbcb3964e438,2026-08-06T20:59:11.785383+00:00
Q396,attribute,T1500,KV,"['T1500-1535', 'T1500-1546', 'T1500-0104', 'T1500-1599', 'T1500-0037', 'T1500-1611', 'T1500-0052', 'T1500-0088', 'T1500-0112', 'T1500-1595']","[0.61013526, 0.60836673, 0.60762268, 0.59484053, 0.59143275, 0.58946216, 0.58889103, 0.58830237, 0.5869357, 0.58683753]",,0,0,0,0,281c3ec011136716a969d601bbba48f778a1a08ecabe5ff07fa83d7df3c60bae,95c4f1f0b76fbee017d2e71ebc2b96d828b9a10e7be4207d2cc6bbcb3964e438,2026-08-06T20:59:11.785881+00:00
Q397,attribute,T1500,KV,"['T1500-2091', 'T1500-0020', 'T1500-1349', 'T1500-0251', 'T1500-2195', 'T1500-2088', 'T1500-2223', 'T1500-2090', 'T1500-0252', 'T1500-0240']","[0.6155749, 0.60978103, 0.58251143, 0.5789516, 0.57666665, 0.56748581, 0.56709373, 0.55931956, 0.55687875, 0.55670178]",,0,0,0,0,610a41e2738b151e948a93fba49f5b434759481be17f0d0c2e4f8d2e6939e9c1,95c4f1f0b76fbee017d2e71ebc2b96d828b9a10e7be4207d2cc6bbcb3964e438,2026-08-06T20:59:11.786397+00:00
Q398,attribute,T1500,KV,"['T1500-1546', 'T1500-2032', 'T1500-0160', 'T1500-0275', 'T1500-0276', 'T1500-1342', 'T1500-0274', 'T1500-0277', 'T1500-0182', 'T1500-2037']","[0.45196268, 0.44712886, 0.44602615, 0.44118971, 0.44104916, 0.43679249, 0.43644685, 0.43437904, 0.43185955, 0.43046364]",,0,0,0,0,45f3b74d76f85f4b4d84730fbbeb987a3259ed96d6e3eea93272ac3ed5a256cb,95c4f1f0b76fbee017d2e71ebc2b96d828b9a10e7be4207d2cc6bbcb3964e438,2026-08-06T20:59:11.786848+00:00
Q399,price,T1500,KV,"['T1500-0118', 'T1500-0121', 'T1500-1634', 'T1500-0108', 'T1500-1535', 'T1500-0074', 'T1500-0085', 'T1500-1533', 'T1500-0060', 'T1500-0097']","[0.55135232, 0.54592234, 0.53567243, 0.53120458, 0.53040791, 0.53018916, 0.52653861, 0.52268273, 0.51949465, 0.51793551]",3,0,1,1,1,154c8ecf125355b8f3f557d9f7e786b8512f89923e39db2efd8a480fa26a0fd3,95c4f1f0b76fbee017d2e71ebc2b96d828b9a10e7be4207d2cc6bbcb3964e438,2026-08-06T20:59:11.787300+00:00
Q400,attribute,T1500,KV,"['T1500-1082', 'T1500-1086', 'T1500-1087', 'T1500-1088', 'T1500-2099', 'T1500-1083', 'T1500-1089', 'T1500-1085', 'T1500-0020', 'T1500-2094']","[0.50281191, 0.50163376, 0.50087488, 0.49671063, 0.49283284, 0.49032274, 0.48742488, 0.48223045, 0.4716956, 0.47054231]",1,1,1,1,1,419e54e52dec16379d81e9f2cbb81b178e7ae2c07fea6662a9dfa02d3b62a464,95c4f1f0b76fbee017d2e71ebc2b96d828b9a10e7be4207d2cc6bbcb3964e438,2026-08-06T20:59:11.787731+00:00
Q401,attribute,T1500,KV,"['T1500-0452', 'T1500-0770', 'T1500-0815', 'T1500-0761', 'T1500-0813', 'T1500-0450', 'T1500-0451', 'T1500-0777', 'T1500-0545', 'T1500-0546']","[0.55917603, 0.5578416, 0.55124158, 0.5506078, 0.54852986, 0.54767644, 0.54761994, 0.53784513, 0.53780389, 0.53594619]",1,1,1,1,1,11a40116050b1c5811e47d39555a430279abbc679e4219232d876464778bf607,95c4f1f0b76fbee017d2e71ebc2b96d828b9a10e7be4207d2cc6bbcb3964e438,2026-08-06T20:59:11.788156+00:00
Q402,attribute,T1500,KV,"['T1500-1130', 'T1500-1124', 'T1500-1129', 'T1500-1125', 'T1500-1128', 'T1500-1131', 'T1500-1126', 'T1500-1127', 'T1500-1776', 'T1500-1972']","[0.63691431, 0.61801606, 0.61774534, 0.60778111, 0.6013326, 0.59124416, 0.58435261, 0.57583278, 0.56928253, 0.55809194]",2,0,1,1,1,ab8320586a39bae1a8a9c391e96f9d5ce632827d5e5e999affa8dbb716c34ab2,95c4f1f0b76fbee017d2e71ebc2b96d828b9a10e7be4207d2cc6bbcb3964e438,2026-08-06T20:59:11.788636+00:00
Q403,attribute,T1500,KV,"['T1500-0085', 'T1500-0118', 'T1500-2093', 'T1500-2089', 'T1500-0054', 'T1500-2096', 'T1500-0053', 'T1500-2094', 'T1500-2088', 'T1500-1588']","[0.54922462, 0.52074528, 0.49025857, 0.48946792, 0.48931906, 0.4865239, 0.48559156, 0.47748449, 0.4759537, 0.4758853]",5,0,0,1,1,2eb302cab2bf7cc5bd4e374de7c0b282b76f63a519925808b7fba93d14f8c648,95c4f1f0b76fbee017d2e71ebc2b96d828b9a10e7be4207d2cc6bbcb3964e438,2026-08-06T20:59:11.789093+00:00
Q404,price,T1500,KV,"['T1500-1602', 'T1500-0071', 'T1500-0112', 'T1500-1599', 'T1500-0021', 'T1500-1535', 'T1500-0097', 'T1500-0062', 'T1500-0061', 'T1500-0104']","[0.56146526, 0.5514729, 0.5463475, 0.53994519, 0.53545517, 0.53480095, 0.53468204, 0.53265345, 0.52529454, 0.52512383]",1,1,1,1,1,b1b488641c16bec9a04fff656e7e54427eb864476ef1364eb0a9c19d55c3062e,95c4f1f0b76fbee017d2e71ebc2b96d828b9a10e7be4207d2cc6bbcb3964e438,2026-08-06T20:59:11.789587+00:00
Q405,price,T1500,KV,"['T1500-1405', 'T1500-1930', 'T1500-1524', 'T1500-1391', 'T1500-1390', 'T1500-1929', 'T1500-1449', 'T1500-1395', 'T1500-1741', 'T1500-0045']","[0.54253483, 0.50728458, 0.50676066, 0.5043242, 0.49909967, 0.48972601, 0.48963404, 0.48670503, 0.48365313, 0.48364836]",,0,0,0,0,16735b8426f43d10b68fd7c4476851e387cf2bb85bdc9e9bda035c3cb47ebde2,95c4f1f0b76fbee017d2e71ebc2b96d828b9a10e7be4207d2cc6bbcb3964e438,2026-08-06T20:59:11.790054+00:00
Q406,price,T1500,KV,"['T1500-0987', 'T1500-1222', 'T1500-0911', 'T1500-0908', 'T1500-1223', 'T1500-0919', 'T1500-0909', 'T1500-0907', 'T1500-0906', 'T1500-0902']","[0.54905552, 0.54273939, 0.53998864, 0.53390038, 0.5310663, 0.52965581, 0.52815807, 0.52752185, 0.524369, 0.52321267]",,0,0,0,0,fb848346f60bc0cb889c69d8caadddae8545e1a86bba39cd8dd535daa7ef8d58,95c4f1f0b76fbee017d2e71ebc2b96d828b9a10e7be4207d2cc6bbcb3964e438,2026-08-06T20:59:11.790517+00:00
Q407,price,T1500,KV,"['T1500-0197', 'T1500-1888', 'T1500-1405', 'T1500-1430', 'T1500-1580', 'T1500-1353', 'T1500-1597', 'T1500-1856', 'T1500-1357', 'T1500-1367']","[0.46312198, 0.44504163, 0.44401017, 0.43425637, 0.43084341, 0.42945802, 0.42876649, 0.42818135, 0.42696685, 0.42608607]",1,1,1,1,1,6b3a0483550703b78f0fef8956bf6559d47bb6c6ec3bfa71c682ff3918ab797d,95c4f1f0b76fbee017d2e71ebc2b96d828b9a10e7be4207d2cc6bbcb3964e438,2026-08-06T20:59:11.790976+00:00
Q408,price,T1500,KV,"['T1500-0704', 'T1500-0759', 'T1500-0707', 'T1500-0693', 'T1500-0700', 'T1500-0706', 'T1500-0702', 'T1500-0699', 'T1500-0777', 'T1500-0691']","[0.57869518, 0.57857519, 0.57269299, 0.57144856, 0.57108724, 0.56962836, 0.56941664, 0.5685671, 0.56844652, 0.56599307]",2,0,1,1,1,17be55ec266eb3fcf20fd7e218e6a0f51f8c013574dcebfa15db6eca5f1f5483,95c4f1f0b76fbee017d2e71ebc2b96d828b9a10e7be4207d2cc6bbcb3964e438,2026-08-06T20:59:11.791806+00:00
Q409,price,T1500,KV,"['T1500-1911', 'T1500-1912', 'T1500-0982', 'T1500-0981', 'T1500-0980', 'T1500-0975', 'T1500-0979', 'T1500-0976', 'T1500-0962', 'T1500-0972']","[0.65902877, 0.64116603, 0.63917601, 0.63904762, 0.63830054, 0.6379841, 0.63650823, 0.63644648, 0.63091922, 0.63081861]",1,1,1,1,1,d3e37d4cb8dedcd11fdc1cde31bdc9230aa4d1582acf74111a13b4d3cf239ce8,95c4f1f0b76fbee017d2e71ebc2b96d828b9a10e7be4207d2cc6bbcb3964e438,2026-08-06T20:59:11.792233+00:00
Q410,attribute,T1500,KV,"['T1500-0134', 'T1500-2103', 'T1500-1246', 'T1500-0290', 'T1500-0295', 'T1500-0020', 'T1500-0911', 'T1500-0047', 'T1500-0896', 'T1500-0919']","[0.5849005, 0.58159852, 0.58128369, 0.57391465, 0.57101691, 0.57094276, 0.57010359, 0.56805706, 0.56797075, 0.56736219]",,0,0,0,0,69ca23fc763dd0d1e764216b9670f8aef4baba85b11ba69f3b2b8b54476d4467,95c4f1f0b76fbee017d2e71ebc2b96d828b9a10e7be4207d2cc6bbcb3964e438,2026-08-06T20:59:11.792654+00:00
Q411,price,T1500,KV,"['T1500-1535', 'T1500-0088', 'T1500-1562', 'T1500-1635', 'T1500-0127', 'T1500-0036', 'T1500-1555', 'T1500-0085', 'T1500-1550', 'T1500-0097']","[0.5649929, 0.53866071, 0.5364747, 0.5339402, 0.53102553, 0.53014833, 0.5284887, 0.52822709, 0.52380031, 0.52233708]",9,0,0,0,1,990a478cfbb944827cbb01cea2517078acb6c1b57c325b443b15c1494c6afa4e,95c4f1f0b76fbee017d2e71ebc2b96d828b9a10e7be4207d2cc6bbcb3964e438,2026-08-06T20:59:11.793038+00:00
Q412,price,T1500,KV,"['T1500-1175', 'T1500-1174', 'T1500-0980', 'T1500-0978', 'T1500-0977', 'T1500-0976', 'T1500-0962', 'T1500-0981', 'T1500-0982', 'T1500-0975']","[0.63959694, 0.63109946, 0.6097914, 0.60948169, 0.60771775, 0.60718119, 0.60689569, 0.60683811, 0.60650927, 0.60603553]",,0,0,0,0,4403f931f94a4be40f4f3b2fe8465137f37d0063138f717e092f5c93cb25a38b,95c4f1f0b76fbee017d2e71ebc2b96d828b9a10e7be4207d2cc6bbcb3964e438,2026-08-06T20:59:11.793430+00:00
Q413,attribute,T1500,KV,"['T1500-1558', 'T1500-0085', 'T1500-1571', 'T1500-1546', 'T1500-0120', 'T1500-0118', 'T1500-0073', 'T1500-1641', 'T1500-1635', 'T1500-1535']","[0.55536783, 0.55392087, 0.54327643, 0.52986479, 0.52685362, 0.52336514, 0.52225822, 0.5201636, 0.51531249, 0.51271719]",2,0,1,1,1,ed4544f9a83c9e75cb293ea92c8b8340f429cb10e44cf789fb6e69c61ef77522,95c4f1f0b76fbee017d2e71ebc2b96d828b9a10e7be4207d2cc6bbcb3964e438,2026-08-06T20:59:11.793888+00:00
Q414,price,T1500,KV,"['T1500-1535', 'T1500-0016', 'T1500-0021', 'T1500-0015', 'T1500-0125', 'T1500-0112', 'T1500-1635', 'T1500-0301', 'T1500-1366', 'T1500-1529']","[0.48071024, 0.47063443, 0.46830872, 0.46827018, 0.46422547, 0.46216726, 0.46027258, 0.45476061, 0.4530583, 0.451415]",,0,0,0,0,358f874b3d0ffbfa7c191852b41a429a6495a6383421176a3d252344b00f6598,95c4f1f0b76fbee017d2e71ebc2b96d828b9a10e7be4207d2cc6bbcb3964e438,2026-08-06T20:59:11.794295+00:00
Q415,price,T1500,KV,"['T1500-0197', 'T1500-1592', 'T1500-1631', 'T1500-1577', 'T1500-0196', 'T1500-1574', 'T1500-1388', 'T1500-0081', 'T1500-0156', 'T1500-1391']","[0.55053633, 0.55015194, 0.5188033, 0.5021373, 0.50077063, 0.49734837, 0.49148613, 0.49117926, 0.48442042, 0.4820841]",1,1,1,1,1,987d5cd49b26432baedff5e28ff8a6be7b4063f8fbac8d9411311cfa3ad57992,95c4f1f0b76fbee017d2e71ebc2b96d828b9a10e7be4207d2cc6bbcb3964e438,2026-08-06T20:59:11.794706+00:00
Q416,price,T1500,KV,"['T1500-1405', 'T1500-0117', 'T1500-0182', 'T1500-0043', 'T1500-0116', 'T1500-0177', 'T1500-1388', 'T1500-0183', 'T1500-0169', 'T1500-1391']","[0.49091482, 0.48593557, 0.46457905, 0.45413953, 0.45384419, 0.45173615, 0.44726408, 0.44713613, 0.44509846, 0.4432168]",,0,0,0,0,7014b5e4858eb21b4207f8dd451dc91fa9a245e2732e254f53113012ae634822,95c4f1f0b76fbee017d2e71ebc2b96d828b9a10e7be4207d2cc6bbcb3964e438,2026-08-06T20:59:11.795111+00:00
Q417,attribute,T1500,KV,"['T1500-0272', 'T1500-0252', 'T1500-0273', 'T1500-0271', 'T1500-0270', 'T1500-0277', 'T1500-0280', 'T1500-0269', 'T1500-0278', 'T1500-0279']","[0.64818758, 0.62873018, 0.62798786, 0.62311518, 0.62227929, 0.60296124, 0.59961039, 0.59790421, 0.59480172, 0.59216988]",1,1,1,1,1,ec3b48a1b81501b2543416f6a8479b01e940c0b9171d439d3b38c6bed7b0d254,95c4f1f0b76fbee017d2e71ebc2b96d828b9a10e7be4207d2cc6bbcb3964e438,2026-08-06T20:59:11.795544+00:00
Q418,attribute,T1500,KV,"['T1500-0877', 'T1500-0534', 'T1500-0448', 'T1500-0432', 'T1500-0538', 'T1500-0444', 'T1500-0880', 'T1500-0440', 'T1500-0540', 'T1500-0536']","[0.61379522, 0.6045168, 0.59963346, 0.59895343, 0.59799898, 0.59725106, 0.59607959, 0.59556067, 0.59083831, 0.59045929]",1,1,1,1,1,ea7b0a073f6efc5e0798eddf29b6ac49df66bc92f7f361e86e30da7e1c11232b,95c4f1f0b76fbee017d2e71ebc2b96d828b9a10e7be4207d2cc6bbcb3964e438,2026-08-06T20:59:11.795927+00:00
Q419,attribute,T1500,KV,"['T1500-1558', 'T1500-0085', 'T1500-0118', 'T1500-0120', 'T1500-0037', 'T1500-1571', 'T1500-0308', 'T1500-0110', 'T1500-0041', 'T1500-1584']","[0.56658423, 0.56496871, 0.54483497, 0.52815306, 0.52786505, 0.5254966, 0.52352011, 0.52241236, 0.52094436, 0.51342189]",1,1,1,1,1,8ceaba495c0b470309710904416cd9dc8fc97a0fd31752ab8590ee0c0a5d501d,95c4f1f0b76fbee017d2e71ebc2b96d828b9a10e7be4207d2cc6bbcb3964e438,2026-08-06T20:59:11.796363+00:00
Q420,price,T1500,KV,"['T1500-0877', 'T1500-0880', 'T1500-0874', 'T1500-0448', 'T1500-0538', 'T1500-0876', 'T1500-0432', 'T1500-0875', 'T1500-0537', 'T1500-0534']","[0.62377059, 0.60558188, 0.59534687, 0.58835453, 0.58653027, 0.58606851, 0.58400464, 0.58392048, 0.58288747, 0.58184135]",6,0,0,0,1,f082549a8161dd32d7337e072269938f4c5bbba6d1c1026dc04db054a94575cd,95c4f1f0b76fbee017d2e71ebc2b96d828b9a10e7be4207d2cc6bbcb3964e438,2026-08-06T20:59:11.796748+00:00
Q421,attribute,T1500,KV,"['T1500-1228', 'T1500-1230', 'T1500-1234', 'T1500-1233', 'T1500-1232', 'T1500-1231', 'T1500-1229', 'T1500-1264', 'T1500-1265', 'T1500-1263']","[0.66786832, 0.63958478, 0.63537002, 0.63201225, 0.62916839, 0.62208587, 0.60796034, 0.60394019, 0.59066927, 0.57769877]",1,1,1,1,1,434d1af4392291b14fb05cde3ebac86810b4ac8ddf3389bf1a8e0ea4eabe7545,95c4f1f0b76fbee017d2e71ebc2b96d828b9a10e7be4207d2cc6bbcb3964e438,2026-08-06T20:59:11.797165+00:00
Q422,price,T1500,KV,"['T1500-1318', 'T1500-1678', 'T1500-0018', 'T1500-1339', 'T1500-1319', 'T1500-0019', 'T1500-0184', 'T1500-0108', 'T1500-1324', 'T1500-0015']","[0.46411282, 0.45960647, 0.44850686, 0.44501439, 0.44318339, 0.44040033, 0.44027245, 0.43981323, 0.43923953, 0.43848938]",3,0,1,1,1,9488f58a4a578a54ed1c30bfdc440ad95ee9d04b1cfcb82a91e4de4d007b952d,95c4f1f0b76fbee017d2e71ebc2b96d828b9a10e7be4207d2cc6bbcb3964e438,2026-08-06T20:59:11.797562+00:00
Q423,attribute,T1500,KV,"['T1500-0189', 'T1500-0188', 'T1500-0120', 'T1500-0190', 'T1500-0108', 'T1500-0121', 'T1500-0196', 'T1500-0191', 'T1500-0199', 'T1500-0104']","[0.57134831, 0.55446625, 0.51194143, 0.50817347, 0.50045723, 0.49380514, 0.49177185, 0.4851734, 0.48505989, 0.48459169]",1,1,1,1,1,f0b7f9a1ec581ab6c5a1e9b93e8c113812203ecff0bc970d2edc5450f3380643,95c4f1f0b76fbee017d2e71ebc2b96d828b9a10e7be4207d2cc6bbcb3964e438,2026-08-06T20:59:11.797976+00:00
Q424,attribute,T1500,KV,"['T1500-0962', 'T1500-0975', 'T1500-0963', 'T1500-0964', 'T1500-0961', 'T1500-0980', 'T1500-0976', 'T1500-0974', 'T1500-0979', 'T1500-0981']","[0.69649917, 0.69501936, 0.69287264, 0.69283831, 0.69100511, 0.69078338, 0.69018197, 0.68915343, 0.68893415, 0.68851024]",1,1,1,1,1,e5ca3b6cba42fd565dcecf35a3eea08b0fd90d8c3a4ee55a59095dca55386507,95c4f1f0b76fbee017d2e71ebc2b96d828b9a10e7be4207d2cc6bbcb3964e438,2026-08-06T20:59:11.798382+00:00
Q425,attribute,T1500,KV,"['T1500-0017', 'T1500-0015', 'T1500-0014', 'T1500-0016', 'T1500-1324', 'T1500-0018', 'T1500-1323', 'T1500-0019', 'T1500-1325', 'T1500-1678']","[0.59219491, 0.58271813, 0.5777384, 0.56159592, 0.55332416, 0.55324763, 0.54921103, 0.543917, 0.53361452, 0.50912184]",7,0,0,0,1,968713910b30d6285ac3d288c6efa4e72de3bf7343e8ed9737b4693adcf6857b,95c4f1f0b76fbee017d2e71ebc2b96d828b9a10e7be4207d2cc6bbcb3964e438,2026-08-06T20:59:11.798796+00:00
Q426,attribute,T1500,KV,"['T1500-0979', 'T1500-0975', 'T1500-0980', 'T1500-0981', 'T1500-0974', 'T1500-0976', 'T1500-0982', 'T1500-0978', 'T1500-0977', 'T1500-1027']","[0.68499005, 0.68430448, 0.68427807, 0.68415362, 0.68365264, 0.68034315, 0.680071, 0.67810023, 0.67739612, 0.67479599]",10,0,0,0,1,cd88cf326289913faae3db527cf6609e38fcc2bbf77ac30602b4226eda266d86,95c4f1f0b76fbee017d2e71ebc2b96d828b9a10e7be4207d2cc6bbcb3964e438,2026-08-06T20:59:11.799230+00:00
Q427,price,T1500,KV,"['T1500-1558', 'T1500-0085', 'T1500-1571', 'T1500-0037', 'T1500-0073', 'T1500-1547', 'T1500-1635', 'T1500-1634', 'T1500-0118', 'T1500-0088']","[0.56100869, 0.55915278, 0.54670167, 0.53581077, 0.53545296, 0.52842325, 0.52789998, 0.52385587, 0.52352381, 0.52313566]",1,1,1,1,1,b5e2e4f03eb164cae46197e32142bd1aa2baf62b84df4445364296c7b0ceb646,95c4f1f0b76fbee017d2e71ebc2b96d828b9a10e7be4207d2cc6bbcb3964e438,2026-08-06T20:59:11.799621+00:00
Q428,price,T1500,KV,"['T1500-1989', 'T1500-1994', 'T1500-0947', 'T1500-1200', 'T1500-1233', 'T1500-1988', 'T1500-1220', 'T1500-1201', 'T1500-0949', 'T1500-0969']","[0.63634729, 0.55377948, 0.53494644, 0.53232789, 0.5319767, 0.53188187, 0.53140718, 0.52663434, 0.52573061, 0.52479482]",1,1,1,1,1,8ac858ebd6439fa9fda0a9912ae1912f629a7eccc1b22908aea95673a1c168d3,95c4f1f0b76fbee017d2e71ebc2b96d828b9a10e7be4207d2cc6bbcb3964e438,2026-08-06T20:59:11.800010+00:00
Q429,attribute,T1500,KV,"['T1500-2088', 'T1500-2096', 'T1500-1430', 'T1500-2087', 'T1500-1169', 'T1500-1185', 'T1500-1186', 'T1500-1177', 'T1500-1181', 'T1500-1178']","[0.55020225, 0.54510814, 0.50276554, 0.50168824, 0.49946237, 0.49849251, 0.49816203, 0.49658304, 0.4964135, 0.49634066]",,0,0,0,0,ce6aec4df5d81b8e1ed28773ffec0a105e368ca35b61a132b930701236f5a3a1,95c4f1f0b76fbee017d2e71ebc2b96d828b9a10e7be4207d2cc6bbcb3964e438,2026-08-06T20:59:11.800438+00:00
Q430,price,T1500,KV,"['T1500-0112', 'T1500-0076', 'T1500-0069', 'T1500-0078', 'T1500-1529', 'T1500-0075', 'T1500-1534', 'T1500-1648', 'T1500-0054', 'T1500-0020']","[0.55149174, 0.51245522, 0.50621212, 0.50248945, 0.49904981, 0.49664605, 0.49101812, 0.49075007, 0.48711407, 0.48565143]",3,0,1,1,1,4edd3668af8bc867b0f41e331661eda7cf8329c3d9928f9275e402a71f5c515e,95c4f1f0b76fbee017d2e71ebc2b96d828b9a10e7be4207d2cc6bbcb3964e438,2026-08-06T20:59:11.800881+00:00
Q431,price,T1500,KV,"['T1500-1796', 'T1500-1912', 'T1500-1264', 'T1500-1805', 'T1500-1148', 'T1500-1967', 'T1500-1965', 'T1500-1921', 'T1500-1964', 'T1500-1037']","[0.65796292, 0.6294359, 0.62249804, 0.61460149, 0.60710096, 0.60495383, 0.60450661, 0.60429251, 0.60360819, 0.59993553]",1,1,1,1,1,8bc3ba553d16b47a22ee55939f80f71c39dc5cfa66d8901ecfb39678c01e3206,95c4f1f0b76fbee017d2e71ebc2b96d828b9a10e7be4207d2cc6bbcb3964e438,2026-08-06T20:59:11.801452+00:00
Q432,attribute,T1500,KV,"['T1500-1299', 'T1500-1095', 'T1500-1122', 'T1500-1301', 'T1500-1300', 'T1500-1302', 'T1500-1278', 'T1500-1121', 'T1500-1123', 'T1500-1014']","[0.61092573, 0.61027038, 0.59511173, 0.59402919, 0.58234549, 0.57363045, 0.5665282, 0.56543815, 0.56201935, 0.55558598]",,0,0,0,0,795e91ba16384747a4305a51d34a9c075b5e42719af1947cf1bc438442dd580e,95c4f1f0b76fbee017d2e71ebc2b96d828b9a10e7be4207d2cc6bbcb3964e438,2026-08-06T20:59:11.802134+00:00
Q433,price,T1500,KV,"['T1500-1562', 'T1500-1568', 'T1500-1535', 'T1500-1648', 'T1500-1623', 'T1500-1570', 'T1500-0112', 'T1500-1635', 'T1500-1622', 'T1500-1364']","[0.55894059, 0.54615015, 0.53524214, 0.53085387, 0.52464718, 0.52442163, 0.52428472, 0.52042735, 0.51262349, 0.51049113]",6,0,0,0,1,67b5e35baa7cd288b27f60272d1cb96cf230186f4223b8a0d161aef6385a6739,95c4f1f0b76fbee017d2e71ebc2b96d828b9a10e7be4207d2cc6bbcb3964e438,2026-08-06T20:59:11.802950+00:00
Q434,attribute,T1500,KV,"['T1500-0332', 'T1500-0328', 'T1500-0880', 'T1500-0877', 'T1500-0320', 'T1500-0432', 'T1500-0376', 'T1500-0329', 'T1500-0330', 'T1500-0874']","[0.63816875, 0.62533993, 0.62493587, 0.62072217, 0.60814512, 0.6073097, 0.6065951, 0.60421371, 0.60317582, 0.59951138]",,0,0,0,0,e46075d0690616b6edf1aea8691a4145110abd99e3304cc57f2b1c9739bb88bc,95c4f1f0b76fbee017d2e71ebc2b96d828b9a10e7be4207d2cc6bbcb3964e438,2026-08-06T20:59:11.803678+00:00
Q435,price,T1500,KV,"['T1500-1371', 'T1500-1688', 'T1500-1388', 'T1500-1535', 'T1500-1318', 'T1500-1367', 'T1500-0282', 'T1500-1458', 'T1500-1454', 'T1500-1370']","[0.50892329, 0.50641263, 0.50587976, 0.49750859, 0.48726523, 0.48724326, 0.48456705, 0.48093539, 0.4804585, 0.48022476]",1,1,1,1,1,8eb6309626904d0e284d6a1ecbda6b0df5b2883efd1d760f0e2c5b08c1e8f3b7,95c4f1f0b76fbee017d2e71ebc2b96d828b9a10e7be4207d2cc6bbcb3964e438,2026-08-06T20:59:11.804157+00:00
Q436,attribute,T1500,KV,"['T1500-0112', 'T1500-1646', 'T1500-0085', 'T1500-1647', 'T1500-0114', 'T1500-0074', 'T1500-0127', 'T1500-0108', 'T1500-0109', 'T1500-0100']","[0.63966507, 0.60534883, 0.60467058, 0.59551489, 0.59189284, 0.5917927, 0.59157729, 0.59141827, 0.5881182, 0.5867427]",1,1,1,1,1,05f9fbd34259e212e10f19ae2a22357d288f02fc960aeb858c830f5e55ecb597,95c4f1f0b76fbee017d2e71ebc2b96d828b9a10e7be4207d2cc6bbcb3964e438,2026-08-06T20:59:11.804639+00:00
Q437,attribute,T1500,KV,"['T1500-0841', 'T1500-0837', 'T1500-0835', 'T1500-0826', 'T1500-0842', 'T1500-0831', 'T1500-0825', 'T1500-0839', 'T1500-0833', 'T1500-0840']","[0.7176559, 0.6845659, 0.63375872, 0.62288237, 0.62229455, 0.62125516, 0.62069738, 0.62031472, 0.62006027, 0.61715627]",1,1,1,1,1,c84248c448d27bb580aab7b2660b177572150455ee0c50bdccf645a01c2e2008,95c4f1f0b76fbee017d2e71ebc2b96d828b9a10e7be4207d2cc6bbcb3964e438,2026-08-06T20:59:11.805101+00:00
Q438,price,T1500,KV,"['T1500-0020', 'T1500-1262', 'T1500-0295', 'T1500-0240', 'T1500-0019', 'T1500-0241', 'T1500-0265', 'T1500-0285', 'T1500-0251', 'T1500-1261']","[0.5630402, 0.53386104, 0.49085197, 0.49035102, 0.48923227, 0.48541605, 0.48413119, 0.48352456, 0.48336849, 0.48238355]",,0,0,0,0,f755fe8a4e523d3794f10ba51fd20c738dc7129acaf300a464b169770dc5a37d,95c4f1f0b76fbee017d2e71ebc2b96d828b9a10e7be4207d2cc6bbcb3964e438,2026-08-06T20:59:11.805560+00:00
Q439,price,T1500,KV,"['T1500-0310', 'T1500-0311', 'T1500-0143', 'T1500-0723', 'T1500-0655', 'T1500-0782', 'T1500-0313', 'T1500-0658', 'T1500-0776', 'T1500-0933']","[0.53388137, 0.47160807, 0.47003597, 0.46658051, 0.46175337, 0.46075833, 0.4596222, 0.45801204, 0.45672882, 0.4558914]",1,1,1,1,1,cd2036e4aa6a794c602a205e665719b223b8fcc72f34d98f8c1cd0b964ed083f,95c4f1f0b76fbee017d2e71ebc2b96d828b9a10e7be4207d2cc6bbcb3964e438,2026-08-06T20:59:11.805992+00:00
Q440,attribute,T1500,KV,"['T1500-2102', 'T1500-2088', 'T1500-2099', 'T1500-2096', 'T1500-0082', 'T1500-2181', 'T1500-0916', 'T1500-0821', 'T1500-0960', 'T1500-0914']","[0.56291711, 0.54623818, 0.53993392, 0.5393374, 0.53687209, 0.53271276, 0.53154755, 0.53093821, 0.52866209, 0.52855963]",9,0,0,0,1,009452d41a4b8f9d482d52ae17c672eeb5d3052c39ae93bdce286b6d2db8b388,95c4f1f0b76fbee017d2e71ebc2b96d828b9a10e7be4207d2cc6bbcb3964e438,2026-08-06T20:59:11.806486+00:00
Q441,price,T1500,KV,"['T1500-0849', 'T1500-0853', 'T1500-0850', 'T1500-0846', 'T1500-0844', 'T1500-0848', 'T1500-0854', 'T1500-0851', 'T1500-0852', 'T1500-0855']","[0.67637962, 0.66166759, 0.65659106, 0.65371573, 0.65276599, 0.6470716, 0.64675748, 0.64189225, 0.64087093, 0.63891202]",1,1,1,1,1,bda9abdd1429194a79186388d18619b478567c220196940d2ebc93448f7a6b63,95c4f1f0b76fbee017d2e71ebc2b96d828b9a10e7be4207d2cc6bbcb3964e438,2026-08-06T20:59:11.806942+00:00
Q442,price,T1500,KV,"['T1500-0944', 'T1500-0945', 'T1500-0953', 'T1500-0943', 'T1500-0958', 'T1500-0940', 'T1500-0947', 'T1500-0942', 'T1500-0946', 'T1500-0949']","[0.68702388, 0.68348348, 0.67446178, 0.670452, 0.66817153, 0.66699493, 0.6669032, 0.66688216, 0.66130322, 0.65840214]",9,0,0,0,1,f596a0ecbc8089f2fd271b9142d4a5da56d676b5924807aaed48a5f94d34f052,95c4f1f0b76fbee017d2e71ebc2b96d828b9a10e7be4207d2cc6bbcb3964e438,2026-08-06T20:59:11.807428+00:00
Q443,price,T1500,KV,"['T1500-1342', 'T1500-1339', 'T1500-0199', 'T1500-0104', 'T1500-1535', 'T1500-1690', 'T1500-1688', 'T1500-1546', 'T1500-1345', 'T1500-1537']","[0.44688141, 0.42747682, 0.42428792, 0.42346716, 0.42042974, 0.41693318, 0.41214833, 0.41158438, 0.41146058, 0.41142914]",,0,0,0,0,79148fdf1e0ed93c08b15b52d9721db1320256bcef241824e26be5dd53640a0a,95c4f1f0b76fbee017d2e71ebc2b96d828b9a10e7be4207d2cc6bbcb3964e438,2026-08-06T20:59:11.807865+00:00
Q444,attribute,T1500,KV,"['T1500-0020', 'T1500-2088', 'T1500-2091', 'T1500-2089', 'T1500-2090', 'T1500-2102', 'T1500-0240', 'T1500-2099', 'T1500-2195', 'T1500-2096']","[0.6263423, 0.61278808, 0.59674662, 0.5904184, 0.58214331, 0.57587153, 0.57392013, 0.57267147, 0.56861389, 0.55908799]",1,1,1,1,1,38f56472aac36a508acfd4e88fe6d6cd09beb28b82e9e25fe558abef3b91589d,95c4f1f0b76fbee017d2e71ebc2b96d828b9a10e7be4207d2cc6bbcb3964e438,2026-08-06T20:59:11.808352+00:00
Q445,price,T1500,KV,"['T1500-1815', 'T1500-1842', 'T1500-1814', 'T1500-1813', 'T1500-1811', 'T1500-1841', 'T1500-1873', 'T1500-1891', 'T1500-1995', 'T1500-1147']","[0.59993607, 0.59770375, 0.57940328, 0.57307839, 0.57075799, 0.55767924, 0.54952937, 0.54906094, 0.54294962, 0.5426805]",4,0,0,1,1,a4085663e396e0874ecc9b8015f7f6e6df15203b467a982aa16fddb78eee4ad5,95c4f1f0b76fbee017d2e71ebc2b96d828b9a10e7be4207d2cc6bbcb3964e438,2026-08-06T20:59:11.808804+00:00
Q446,price,T1500,KV,"['T1500-0320', 'T1500-0322', 'T1500-0323', 'T1500-0877', 'T1500-0324', 'T1500-0321', 'T1500-0319', 'T1500-0489', 'T1500-0332', 'T1500-0343']","[0.63183641, 0.60079938, 0.59456861, 0.59317929, 0.58985054, 0.58808792, 0.58597934, 0.57080698, 0.56918812, 0.56209445]",2,0,1,1,1,414efc0bf76d001428cfeed4f737ab220d252f6e9425173ec435c2d6f428dbb9,95c4f1f0b76fbee017d2e71ebc2b96d828b9a10e7be4207d2cc6bbcb3964e438,2026-08-06T20:59:11.809251+00:00
Q447,price,T1500,KV,"['T1500-0990', 'T1500-0994', 'T1500-0991', 'T1500-0996', 'T1500-0997', 'T1500-1011', 'T1500-0989', 'T1500-1006', 'T1500-1008', 'T1500-1010']","[0.688308, 0.66549587, 0.66360152, 0.65672624, 0.65500045, 0.64771026, 0.64483178, 0.64179122, 0.64079487, 0.63944924]",3,0,1,1,1,6bd0dabbab360bb94b4124a0fb29abd22c24d71944c395e38edda3a93f4a6239,95c4f1f0b76fbee017d2e71ebc2b96d828b9a10e7be4207d2cc6bbcb3964e438,2026-08-06T20:59:11.809694+00:00
Q448,attribute,T1500,KV,"['T1500-0332', 'T1500-0328', 'T1500-0877', 'T1500-0880', 'T1500-0432', 'T1500-0376', 'T1500-0874', 'T1500-0320', 'T1500-0326', 'T1500-0331']","[0.64458603, 0.61951739, 0.61558312, 0.60459995, 0.60333526, 0.59873474, 0.59831834, 0.59801579, 0.59758317, 0.59567732]",,0,0,0,0,a8831be737b4aa8fb83fc62c3fc200334d03a0609f21cd9923f0232cc69096e8,95c4f1f0b76fbee017d2e71ebc2b96d828b9a10e7be4207d2cc6bbcb3964e438,2026-08-06T20:59:11.810166+00:00
Q449,price,T1500,KV,"['T1500-1839', 'T1500-1145', 'T1500-1146', 'T1500-1243', 'T1500-1155', 'T1500-1247', 'T1500-1156', 'T1500-1181', 'T1500-1171', 'T1500-1175']","[0.59368527, 0.57585895, 0.56940794, 0.56405747, 0.5604862, 0.55832934, 0.5581376, 0.55680943, 0.556449, 0.55637699]",1,1,1,1,1,934a3bb090077e3d346e1978d9bf73bbb227b5b19c964040d2d8a3bc01b8a636,95c4f1f0b76fbee017d2e71ebc2b96d828b9a10e7be4207d2cc6bbcb3964e438,2026-08-06T20:59:11.810623+00:00
Q450,price,T1500,KV,"['T1500-0298', 'T1500-0297', 'T1500-0019', 'T1500-1678', 'T1500-0017', 'T1500-0112', 'T1500-0015', 'T1500-0299', 'T1500-1329', 'T1500-2049']","[0.64134979, 0.64057577, 0.50060159, 0.49040949, 0.47708508, 0.47247022, 0.46992004, 0.46968374, 0.46954367, 0.46947277]",2,0,1,1,1,2485525f80168789b5017c89a3f461a57b6a3c956edf0ed0252938261c72e1a5,95c4f1f0b76fbee017d2e71ebc2b96d828b9a10e7be4207d2cc6bbcb3964e438,2026-08-06T20:59:11.811060+00:00
Q451,price,T1500,KV,"['T1500-1998', 'T1500-1259', 'T1500-1862', 'T1500-1969', 'T1500-1265', 'T1500-1342', 'T1500-1937', 'T1500-1318', 'T1500-1430', 'T1500-1966']","[0.47236556, 0.4535166, 0.4532727, 0.44201356, 0.44030836, 0.43874553, 0.43441752, 0.43441078, 0.43170571, 0.43045306]",3,0,1,1,1,76507186f5505e0c95fd07ebbfce1ee0b128bb5ad3d40a8901842d43ecd22242,95c4f1f0b76fbee017d2e71ebc2b96d828b9a10e7be4207d2cc6bbcb3964e438,2026-08-06T20:59:11.811523+00:00
Q452,price,T1500,KV,"['T1500-1535', 'T1500-1635', 'T1500-1342', 'T1500-1592', 'T1500-1642', 'T1500-1534', 'T1500-1546', 'T1500-1599', 'T1500-1634', 'T1500-1562']","[0.53026986, 0.49163267, 0.48265257, 0.47994703, 0.47800779, 0.4770045, 0.47511166, 0.46806583, 0.46788555, 0.46697426]",,0,0,0,0,67447b9c626841446745bd19c626b172e2ff7455a1e7c74afa73da51ab6df1d9,95c4f1f0b76fbee017d2e71ebc2b96d828b9a10e7be4207d2cc6bbcb3964e438,2026-08-06T20:59:11.811970+00:00
Q453,attribute,T1500,KV,"['T1500-0324', 'T1500-0355', 'T1500-0354', 'T1500-0877', 'T1500-0353', 'T1500-0874', 'T1500-0530', 'T1500-0320', 'T1500-0880', 'T1500-0592']","[0.61558354, 0.61004817, 0.60336363, 0.59219927, 0.59181523, 0.58318788, 0.57708567, 0.57395136, 0.5724687, 0.57076359]",1,1,1,1,1,1a46b2e5642485ac4a1639a98da20b7873db627340de573007e9021c0ee7333a,95c4f1f0b76fbee017d2e71ebc2b96d828b9a10e7be4207d2cc6bbcb3964e438,2026-08-06T20:59:11.812462+00:00
Q454,price,T1500,KV,"['T1500-1995', 'T1500-1167', 'T1500-1192', 'T1500-1200', 'T1500-0963', 'T1500-0975', 'T1500-1183', 'T1500-0981', 'T1500-1184', 'T1500-0979']","[0.63599759, 0.61323577, 0.6095258, 0.60951483, 0.60746449, 0.60556799, 0.60001802, 0.59524989, 0.59365082, 0.59139502]",,0,0,0,0,117df845693912844f7af1b5f3f2f04b17b13f60b13530d02a2cfbd755a51902,95c4f1f0b76fbee017d2e71ebc2b96d828b9a10e7be4207d2cc6bbcb3964e438,2026-08-06T20:59:11.812922+00:00
Q455,price,T1500,KV,"['T1500-0104', 'T1500-0112', 'T1500-0108', 'T1500-0188', 'T1500-0199', 'T1500-0100', 'T1500-0191', 'T1500-0071', 'T1500-0070', 'T1500-1623']","[0.57376271, 0.57015657, 0.56375325, 0.55939317, 0.55887222, 0.53347605, 0.53083146, 0.52997953, 0.52995872, 0.52899718]",,0,0,0,0,4e8be7ea737941825646c5b2a2a18a68db5225c97acad297c224d67ce76978fd,95c4f1f0b76fbee017d2e71ebc2b96d828b9a10e7be4207d2cc6bbcb3964e438,2026-08-06T20:59:11.813397+00:00
Q456,price,T1500,KV,"['T1500-0108', 'T1500-0112', 'T1500-0104', 'T1500-0075', 'T1500-0199', 'T1500-0071', 'T1500-0097', 'T1500-0188', 'T1500-1535', 'T1500-0191']","[0.53038239, 0.52682137, 0.50607651, 0.49686655, 0.49653882, 0.4959299, 0.49368852, 0.48925161, 0.4882029, 0.48785561]",,0,0,0,0,b5a39ee521768525a274ace392b45b3f575e72ef951b605038742fa1f3a18ab4,95c4f1f0b76fbee017d2e71ebc2b96d828b9a10e7be4207d2cc6bbcb3964e438,2026-08-06T20:59:11.813828+00:00
Q457,price,T1500,KV,"['T1500-0877', 'T1500-0432', 'T1500-0880', 'T1500-0448', 'T1500-0534', 'T1500-0436', 'T1500-0532', 'T1500-0440', 'T1500-0530', 'T1500-0437']","[0.61917657, 0.61785287, 0.61436117, 0.60627419, 0.60323179, 0.60260957, 0.60087502, 0.59941584, 0.59931755, 0.5960089]",7,0,0,0,1,b51c4b65ea8ebaada5b99c76c243be6e0b8aa4c9f554e6f796cd873f3d710802,95c4f1f0b76fbee017d2e71ebc2b96d828b9a10e7be4207d2cc6bbcb3964e438,2026-08-06T20:59:11.814327+00:00
Q458,price,T1500,KV,"['T1500-0037', 'T1500-1623', 'T1500-0104', 'T1500-0088', 'T1500-1535', 'T1500-0112', 'T1500-1594', 'T1500-1635', 'T1500-1642', 'T1500-1590']","[0.61043334, 0.60963911, 0.59887242, 0.59722102, 0.59436154, 0.58627224, 0.58613443, 0.58424675, 0.58404124, 0.58319449]",7,0,0,0,1,c2555be49962fadca0853e9ba72c50e0a341d829a2a82574a9bad5467eef8283,95c4f1f0b76fbee017d2e71ebc2b96d828b9a10e7be4207d2cc6bbcb3964e438,2026-08-06T20:59:11.814770+00:00
Q459,attribute,T1500,KV,"['T1500-1046', 'T1500-1045', 'T1500-1047', 'T1500-1776', 'T1500-1852', 'T1500-1851', 'T1500-1791', 'T1500-1769', 'T1500-1792', 'T1500-1779']","[0.6118018, 0.59739453, 0.58047092, 0.55561066, 0.55424571, 0.54856658, 0.54661286, 0.54541188, 0.54455405, 0.54434216]",2,0,1,1,1,2da454e5cd82f19da5235ee71a8f791e666cdf75fca0006dc9370908a079f101,95c4f1f0b76fbee017d2e71ebc2b96d828b9a10e7be4207d2cc6bbcb3964e438,2026-08-06T20:59:11.815345+00:00
Q460,attribute,T1500,KV,"['T1500-0297', 'T1500-0298', 'T1500-0019', 'T1500-0017', 'T1500-0089', 'T1500-0218', 'T1500-2089', 'T1500-0299', 'T1500-0495', 'T1500-0020']","[0.66615629, 0.66285127, 0.5169282, 0.50898874, 0.50356328, 0.50353867, 0.49896938, 0.49669641, 0.49459833, 0.49414295]",1,1,1,1,1,fb689a4bf6a97d5b7593f621c30153543cf10a401dd612b5869e9c195d52bac2,95c4f1f0b76fbee017d2e71ebc2b96d828b9a10e7be4207d2cc6bbcb3964e438,2026-08-06T20:59:11.815816+00:00
Q461,price,T1500,KV,"['T1500-1667', 'T1500-1342', 'T1500-1339', 'T1500-1688', 'T1500-1535', 'T1500-1670', 'T1500-1678', 'T1500-1371', 'T1500-1468', 'T1500-1998']","[0.50850356, 0.48335558, 0.4642278, 0.46298444, 0.45915806, 0.45709461, 0.45668036, 0.45574766, 0.45292953, 0.45252818]",1,1,1,1,1,8fe72ba4e2536fbd25c7f90aa8945cb138ab92b0a76578caa7eb36647fedb346,95c4f1f0b76fbee017d2e71ebc2b96d828b9a10e7be4207d2cc6bbcb3964e438,2026-08-06T20:59:11.816290+00:00
Q462,attribute,T1500,KV,"['T1500-0020', 'T1500-2091', 'T1500-2088', 'T1500-0295', 'T1500-1348', 'T1500-2103', 'T1500-0290', 'T1500-0284', 'T1500-0281', 'T1500-0240']","[0.60365915, 0.59736615, 0.59101701, 0.57689893, 0.56754816, 0.56593871, 0.56579995, 0.56535017, 0.56418151, 0.5591538]",5,0,0,1,1,da43d821099af390d8571be4c0a5287e57a108609d53a0ad93c8ab553d054d01,95c4f1f0b76fbee017d2e71ebc2b96d828b9a10e7be4207d2cc6bbcb3964e438,2026-08-06T20:59:11.816746+00:00
Q463,attribute,T1500,KV,"['T1500-0148', 'T1500-0149', 'T1500-0313', 'T1500-0145', 'T1500-0143', 'T1500-0813', 'T1500-0810', 'T1500-0812', 'T1500-0776', 'T1500-0933']","[0.55775559, 0.54083592, 0.53053522, 0.53015924, 0.52587742, 0.52089596, 0.52040505, 0.51670504, 0.51660091, 0.51494253]",1,1,1,1,1,45ed8992fbe03e5791c019556309deabd763d4844fcde94a87709ef8b53500dd,95c4f1f0b76fbee017d2e71ebc2b96d828b9a10e7be4207d2cc6bbcb3964e438,2026-08-06T20:59:11.817262+00:00
Q464,attribute,T1500,KV,"['T1500-1555', 'T1500-1550', 'T1500-1560', 'T1500-1557', 'T1500-1558', 'T1500-1568', 'T1500-2088', 'T1500-1551', 'T1500-1607', 'T1500-1531']","[0.53398728, 0.52072972, 0.50687665, 0.49740338, 0.48308587, 0.4789249, 0.47868711, 0.47856125, 0.47586012, 0.47509116]",3,0,1,1,1,d3083ba2de4ad1495206a4237349c1a49261187e0a7381e81c6aba7a8593e375,95c4f1f0b76fbee017d2e71ebc2b96d828b9a10e7be4207d2cc6bbcb3964e438,2026-08-06T20:59:11.817775+00:00
Q465,price,T1500,KV,"['T1500-0332', 'T1500-0538', 'T1500-0877', 'T1500-0341', 'T1500-0337', 'T1500-0443', 'T1500-0320', 'T1500-0347', 'T1500-0874', 'T1500-0881']","[0.57877517, 0.56823683, 0.56779861, 0.56641054, 0.56398004, 0.55763727, 0.55273092, 0.55098283, 0.55083442, 0.55073893]",4,0,0,1,1,f8eeb51be50c0b67a0789630924d94f7db36b1bd7ec540fb99777ae3e1c894d8,95c4f1f0b76fbee017d2e71ebc2b96d828b9a10e7be4207d2cc6bbcb3964e438,2026-08-06T20:59:11.818228+00:00
Q466,price,T1500,KV,"['T1500-1560', 'T1500-1558', 'T1500-0085', 'T1500-1535', 'T1500-0088', 'T1500-1562', 'T1500-1531', 'T1500-1550', 'T1500-1555', 'T1500-1635']","[0.53920245, 0.5356155, 0.52916694, 0.52819633, 0.52596164, 0.52060658, 0.51982093, 0.51188219, 0.51026535, 0.50924373]",1,1,1,1,1,8d25ee4aa5d5ad97e8d87696b362111127be2e763acd95e08f6e930f645f10bf,95c4f1f0b76fbee017d2e71ebc2b96d828b9a10e7be4207d2cc6bbcb3964e438,2026-08-06T20:59:11.818670+00:00
Q467,price,T1500,KV,"['T1500-0451', 'T1500-0545', 'T1500-0450', 'T1500-0452', 'T1500-0546', 'T1500-1777', 'T1500-1261', 'T1500-0547', 'T1500-2023', 'T1500-1850']","[0.55425763, 0.55071187, 0.54631221, 0.53802216, 0.53676939, 0.53636473, 0.53316569, 0.53299367, 0.52063113, 0.50548077]",1,1,1,1,1,63cbfbfd181c99e6cc4a6b540057475197db63fc6736175df7356cb8a4e4207e,95c4f1f0b76fbee017d2e71ebc2b96d828b9a10e7be4207d2cc6bbcb3964e438,2026-08-06T20:59:11.819108+00:00
Q468,price,T1500,KV,"['T1500-1233', 'T1500-1234', 'T1500-1228', 'T1500-1232', 'T1500-1230', 'T1500-1231', 'T1500-1229', 'T1500-1264', 'T1500-1265', 'T1500-1263']","[0.65543151, 0.65057206, 0.63616282, 0.62674111, 0.6143899, 0.60888231, 0.60036182, 0.60031295, 0.59531963, 0.59401155]",2,0,1,1,1,ddc13b7bab6312922b03a9fb33286a94779e060abffa6acf2a4aec3ffd743f43,95c4f1f0b76fbee017d2e71ebc2b96d828b9a10e7be4207d2cc6bbcb3964e438,2026-08-06T20:59:11.819561+00:00
Q469,attribute,T1500,KV,"['T1500-1102', 'T1500-1101', 'T1500-0970', 'T1500-0982', 'T1500-0980', 'T1500-0981', 'T1500-0966', 'T1500-0975', 'T1500-0979', 'T1500-0968']","[0.65539736, 0.64585143, 0.60977662, 0.60643768, 0.60560465, 0.60516793, 0.6046924, 0.604487, 0.60403037, 0.60387611]",2,0,1,1,1,44a0a0bc854059517f1f3bb87fe8432ac95656e455d5912ea8a55cdde9220902,95c4f1f0b76fbee017d2e71ebc2b96d828b9a10e7be4207d2cc6bbcb3964e438,2026-08-06T20:59:11.820038+00:00
Q470,attribute,T1500,KV,"['T1500-1073', 'T1500-1076', 'T1500-1079', 'T1500-1075', 'T1500-1072', 'T1500-1074', 'T1500-1077', 'T1500-1078', 'T1500-1054', 'T1500-0390']","[0.63610834, 0.62038112, 0.61721683, 0.58388388, 0.56050348, 0.55994713, 0.55139434, 0.54729313, 0.52427155, 0.51967466]",,0,0,0,0,cb52571e6080b78de6b60cdf0d5cd887878be6a5db6cf8d65ccb6d6e3afa868b,95c4f1f0b76fbee017d2e71ebc2b96d828b9a10e7be4207d2cc6bbcb3964e438,2026-08-06T20:59:11.820523+00:00
Q471,price,T1500,KV,"['T1500-1985', 'T1500-1983', 'T1500-1982', 'T1500-1986', 'T1500-1233', 'T1500-0958', 'T1500-0951', 'T1500-0950', 'T1500-1008', 'T1500-1234']","[0.5959723, 0.57493311, 0.55418086, 0.52907288, 0.52831006, 0.51697761, 0.51692235, 0.51578069, 0.51495045, 0.51415133]",1,1,1,1,1,f93dcb56839345a079e94eed586a3edd568989cdce66a9e73c0d3b6a72f97721,95c4f1f0b76fbee017d2e71ebc2b96d828b9a10e7be4207d2cc6bbcb3964e438,2026-08-06T20:59:11.820953+00:00
Q472,price,T1500,KV,"['T1500-1842', 'T1500-1841', 'T1500-1815', 'T1500-1813', 'T1500-1814', 'T1500-1351', 'T1500-1685', 'T1500-1847', 'T1500-1339', 'T1500-0020']","[0.55776507, 0.50067604, 0.45734158, 0.45588833, 0.45508912, 0.44393072, 0.4405283, 0.4389787, 0.43811491, 0.43740708]",1,1,1,1,1,7113ad1693c4cbc79226a8b043ef52739dc2e4824359d3d234739ce47bbf09de,95c4f1f0b76fbee017d2e71ebc2b96d828b9a10e7be4207d2cc6bbcb3964e438,2026-08-06T20:59:11.821421+00:00
Q473,price,T1500,KV,"['T1500-1261', 'T1500-1777', 'T1500-1054', 'T1500-1053', 'T1500-0877', 'T1500-2023', 'T1500-0390', 'T1500-1223', 'T1500-0545', 'T1500-1833']","[0.54903126, 0.53743315, 0.53406572, 0.52055299, 0.50973135, 0.50972617, 0.50854731, 0.50708181, 0.50311553, 0.50279284]",,0,0,0,0,f57a758364ade54addea71fd13da5ba22619fbed0dc462672351516fa9f8f583,95c4f1f0b76fbee017d2e71ebc2b96d828b9a10e7be4207d2cc6bbcb3964e438,2026-08-06T20:59:11.821860+00:00
Q474,price,T1500,KV,"['T1500-0966', 'T1500-1036', 'T1500-0967', 'T1500-0970', 'T1500-0968', 'T1500-0969', 'T1500-1805', 'T1500-0980', 'T1500-0946', 'T1500-1815']","[0.59638804, 0.5955019, 0.59500545, 0.59315884, 0.59034097, 0.59008062, 0.58982003, 0.58712381, 0.58701515, 0.58672667]",7,0,0,0,1,13e24e0b27bacdc6ebf44d3793bb1fd76fe337419234dbc46e713c3cb353c507,95c4f1f0b76fbee017d2e71ebc2b96d828b9a10e7be4207d2cc6bbcb3964e438,2026-08-06T20:59:11.822314+00:00
Q475,attribute,T1500,KV,"['T1500-1130', 'T1500-1128', 'T1500-1129', 'T1500-1124', 'T1500-1125', 'T1500-1776', 'T1500-1126', 'T1500-1131', 'T1500-1127', 'T1500-1773']","[0.61208487, 0.60359311, 0.5884648, 0.5876649, 0.58030486, 0.57957399, 0.57844836, 0.57740301, 0.57701033, 0.55402422]",1,1,1,1,1,acc284581545fad01fc2ff9810522a7bd8a5fbf25488b939cc20a7e9a8e0edb6,95c4f1f0b76fbee017d2e71ebc2b96d828b9a10e7be4207d2cc6bbcb3964e438,2026-08-06T20:59:11.822743+00:00
Q476,price,T1500,KV,"['T1500-1614', 'T1500-0112', 'T1500-1635', 'T1500-0015', 'T1500-0060', 'T1500-0111', 'T1500-0016', 'T1500-0199', 'T1500-0301', 'T1500-1535']","[0.55810207, 0.51979661, 0.49010277, 0.48702329, 0.48396209, 0.48295736, 0.48243541, 0.48236731, 0.48079044, 0.48058483]",1,1,1,1,1,f0f320f9f4809684541052561f403866459eac81a1de141431d22a5897ccbd5a,95c4f1f0b76fbee017d2e71ebc2b96d828b9a10e7be4207d2cc6bbcb3964e438,2026-08-06T20:59:11.823193+00:00
Q477,price,T1500,KV,"['T1500-0066', 'T1500-1531', 'T1500-0037', 'T1500-0097', 'T1500-0071', 'T1500-0112', 'T1500-0085', 'T1500-1535', 'T1500-0062', 'T1500-0074']","[0.59465587, 0.59120595, 0.58819425, 0.58796811, 0.58189756, 0.58086413, 0.57695001, 0.57520407, 0.57372785, 0.56223655]",,0,0,0,0,376dc4f63296a07b32291634b0bcbef90cf11608649c251590b12d503883a326,95c4f1f0b76fbee017d2e71ebc2b96d828b9a10e7be4207d2cc6bbcb3964e438,2026-08-06T20:59:11.823638+00:00
Q478,attribute,T1500,KV,"['T1500-1607', 'T1500-0120', 'T1500-1571', 'T1500-1623', 'T1500-1561', 'T1500-1580', 'T1500-1533', 'T1500-1608', 'T1500-1590', 'T1500-1611']","[0.58231628, 0.56784379, 0.54233032, 0.53512293, 0.53279084, 0.53183889, 0.52986425, 0.52944005, 0.52819908, 0.52698851]",1,1,1,1,1,4c83ccf81bf260962a8c0864ca854a0400bc0c40a9aef6cec741bd155373adb3,95c4f1f0b76fbee017d2e71ebc2b96d828b9a10e7be4207d2cc6bbcb3964e438,2026-08-06T20:59:11.824120+00:00
Q479,attribute,T1500,KV,"['T1500-0026', 'T1500-0025', 'T1500-0027', 'T1500-0029', 'T1500-0030', 'T1500-0028', 'T1500-2094', 'T1500-2098', 'T1500-2099', 'T1500-0301']","[0.59662056, 0.54165459, 0.51613617, 0.51605749, 0.50386935, 0.50356925, 0.49752665, 0.49523485, 0.48828742, 0.48750347]",1,1,1,1,1,40bf022ef9f39b5f03ee405f3e431387e503632b012c3d07943587fa4bcb5ca0,95c4f1f0b76fbee017d2e71ebc2b96d828b9a10e7be4207d2cc6bbcb3964e438,2026-08-06T20:59:11.824595+00:00
Q480,price,T1500,KV,"['T1500-0538', 'T1500-0332', 'T1500-0443', 'T1500-0881', 'T1500-0337', 'T1500-0335', 'T1500-0877', 'T1500-0341', 'T1500-0873', 'T1500-0347']","[0.51443923, 0.50869274, 0.50401771, 0.50176311, 0.50143194, 0.49688676, 0.49589849, 0.49304014, 0.49178505, 0.49133033]",8,0,0,0,1,65cb7fd047031f6e1f366b31e62a1cead7da013280b8e8d6fcd9f123632b279f,95c4f1f0b76fbee017d2e71ebc2b96d828b9a10e7be4207d2cc6bbcb3964e438,2026-08-06T20:59:11.825030+00:00
Q481,attribute,T1500,KV,"['T1500-1226', 'T1500-1224', 'T1500-1014', 'T1500-1130', 'T1500-1124', 'T1500-1290', 'T1500-1227', 'T1500-1121', 'T1500-1225', 'T1500-1114']","[0.68500507, 0.65014458, 0.64653099, 0.63871419, 0.63318169, 0.62941086, 0.62730217, 0.61767262, 0.61668617, 0.6133458]",,0,0,0,0,80acd1633ba494e4f9bdd0ab96137eded1dd3592aadfc21c40f94f1e6129e52f,95c4f1f0b76fbee017d2e71ebc2b96d828b9a10e7be4207d2cc6bbcb3964e438,2026-08-06T20:59:11.825521+00:00
Q482,attribute,T1500,KV,"['T1500-0110', 'T1500-0062', 'T1500-0109', 'T1500-2096', 'T1500-0307', 'T1500-0037', 'T1500-0074', 'T1500-0308', 'T1500-1565', 'T1500-2088']","[0.61089361, 0.59492505, 0.57406038, 0.5671007, 0.55958855, 0.55004835, 0.54641777, 0.54387391, 0.5418843, 0.5346427]",7,0,0,0,1,3d4529f4def529f94dbd165e7434569d60e515c06be4b19e22d819281f1bd546,95c4f1f0b76fbee017d2e71ebc2b96d828b9a10e7be4207d2cc6bbcb3964e438,2026-08-06T20:59:11.825971+00:00
Q483,attribute,T1500,KV,"['T1500-1836', 'T1500-0518', 'T1500-0619', 'T1500-0519', 'T1500-1449', 'T1500-0858', 'T1500-1838', 'T1500-0515', 'T1500-0746', 'T1500-1835']","[0.55120438, 0.54434454, 0.52954829, 0.52594966, 0.50838155, 0.50663829, 0.50189239, 0.50022238, 0.49187446, 0.49028742]",,0,0,0,0,27f3f591f45e00481bcb238536ef9d120fe74985a41bf4d3b890cbf8abdf4345,95c4f1f0b76fbee017d2e71ebc2b96d828b9a10e7be4207d2cc6bbcb3964e438,2026-08-06T20:59:11.826446+00:00
Q484,attribute,T1500,KV,"['T1500-0301', 'T1500-2088', 'T1500-1614', 'T1500-1749', 'T1500-0304', 'T1500-1747', 'T1500-0020', 'T1500-2096', 'T1500-0089', 'T1500-0111']","[0.53233731, 0.52734047, 0.52719486, 0.51273763, 0.50901341, 0.50771016, 0.50706768, 0.50520569, 0.50391436, 0.5022949]",3,0,1,1,1,9cdcd9f9220984a598fa688e551b0f03c234ec261e108e47f95faf3b0c6d1100,95c4f1f0b76fbee017d2e71ebc2b96d828b9a10e7be4207d2cc6bbcb3964e438,2026-08-06T20:59:11.826934+00:00
Q485,price,T1500,KV,"['T1500-1965', 'T1500-1964', 'T1500-1967', 'T1500-0965', 'T1500-1995', 'T1500-1870', 'T1500-0975', 'T1500-0963', 'T1500-0953', 'T1500-0964']","[0.641312, 0.63639438, 0.63222909, 0.62346143, 0.6227029, 0.62208867, 0.62113589, 0.62035847, 0.62015122, 0.61984026]",3,0,1,1,1,ea3f1e1a24092c53ba61dc84d1a0a7ab0bf064b8b904868091786af516739ac5,95c4f1f0b76fbee017d2e71ebc2b96d828b9a10e7be4207d2cc6bbcb3964e438,2026-08-06T20:59:11.827391+00:00
Q486,attribute,T1500,KV,"['T1500-1027', 'T1500-0974', 'T1500-0975', 'T1500-0979', 'T1500-0980', 'T1500-0981', 'T1500-0982', 'T1500-0976', 'T1500-0978', 'T1500-1024']","[0.69392049, 0.68605471, 0.68376213, 0.68316501, 0.68179739, 0.68040812, 0.680197, 0.67918223, 0.67745119, 0.67724347]",1,1,1,1,1,26a59ff30d4b7a4e24968fac1809ce13ebacff53de51e8650787d2e978dd555c,95c4f1f0b76fbee017d2e71ebc2b96d828b9a10e7be4207d2cc6bbcb3964e438,2026-08-06T20:59:11.827849+00:00
Q487,attribute,T1500,KV,"['T1500-2161', 'T1500-2123', 'T1500-2208', 'T1500-0158', 'T1500-1256', 'T1500-1961', 'T1500-2144', 'T1500-1136', 'T1500-1254', 'T1500-2167']","[0.45683768, 0.45678008, 0.45351946, 0.45056483, 0.44292784, 0.43420357, 0.42968008, 0.42896661, 0.4266057, 0.42402679]",,0,0,0,0,330b9cdbe6ac70d25a6e65697f4313c966363dbdcdd9e54d2b9837f5b1c55b77,95c4f1f0b76fbee017d2e71ebc2b96d828b9a10e7be4207d2cc6bbcb3964e438,2026-08-06T20:59:11.828309+00:00
Q488,price,T1500,KV,"['T1500-1599', 'T1500-0104', 'T1500-1601', 'T1500-0199', 'T1500-1598', 'T1500-1602', 'T1500-1597', 'T1500-0021', 'T1500-0108', 'T1500-0114']","[0.62415951, 0.57643044, 0.56622517, 0.55455577, 0.54909706, 0.54283381, 0.54031187, 0.53616655, 0.53378439, 0.5310412]",3,0,1,1,1,bc5f310c408ed0e10de74fab5834c1f222f92d719494a9c7583948c39549fd28,95c4f1f0b76fbee017d2e71ebc2b96d828b9a10e7be4207d2cc6bbcb3964e438,2026-08-06T20:59:11.828804+00:00
Q489,price,T1500,KV,"['T1500-1729', 'T1500-0911', 'T1500-1730', 'T1500-1214', 'T1500-0020', 'T1500-0316', 'T1500-0908', 'T1500-0927', 'T1500-0909', 'T1500-1405']","[0.61164105, 0.56059206, 0.55279374, 0.54838228, 0.54539132, 0.54352713, 0.54303336, 0.53907824, 0.53847241, 0.53796375]",1,1,1,1,1,341febbc65c444616d0c103df1d0499acbd632a4215352808ede0354d660b6f3,95c4f1f0b76fbee017d2e71ebc2b96d828b9a10e7be4207d2cc6bbcb3964e438,2026-08-06T20:59:11.829289+00:00
Q490,price,T1500,KV,"['T1500-1535', 'T1500-0060', 'T1500-1342', 'T1500-1635', 'T1500-0021', 'T1500-0112', 'T1500-1601', 'T1500-1599', 'T1500-0301', 'T1500-1533']","[0.46806324, 0.44366807, 0.44016421, 0.43830889, 0.43746749, 0.43567613, 0.43564403, 0.43332255, 0.43176123, 0.43110543]",,0,0,0,0,8c9bf01316a86091ae26871e139618fe7544354db82a523dc652da0a9d3ae047,95c4f1f0b76fbee017d2e71ebc2b96d828b9a10e7be4207d2cc6bbcb3964e438,2026-08-06T20:59:11.829758+00:00
Q491,price,T1500,KV,"['T1500-1535', 'T1500-1534', 'T1500-0112', 'T1500-1602', 'T1500-0097', 'T1500-1642', 'T1500-0021', 'T1500-0071', 'T1500-0060', 'T1500-1635']","[0.51961291, 0.49939367, 0.49600255, 0.48997658, 0.48942617, 0.48537749, 0.48242706, 0.48228198, 0.47951907, 0.47823852]",,0,0,0,0,afb5e844578a08b5b506fc48c38b8cfd8e0d14ce605392ed80997aed39315c6d,95c4f1f0b76fbee017d2e71ebc2b96d828b9a10e7be4207d2cc6bbcb3964e438,2026-08-06T20:59:11.830226+00:00
Q492,attribute,T1500,KV,"['T1500-0877', 'T1500-0534', 'T1500-0440', 'T1500-0448', 'T1500-0436', 'T1500-0538', 'T1500-0437', 'T1500-0532', 'T1500-0880', 'T1500-0535']","[0.61063045, 0.60637146, 0.60207927, 0.60185289, 0.59864968, 0.59606528, 0.59401453, 0.59170669, 0.59167182, 0.59109163]",1,1,1,1,1,27fd7761356e16b95d4cc4113a81fbf412939f6b5e19957e198f07d59c0d6364,95c4f1f0b76fbee017d2e71ebc2b96d828b9a10e7be4207d2cc6bbcb3964e438,2026-08-06T20:59:11.830678+00:00
Q493,price,T1500,KV,"['T1500-0104', 'T1500-0112', 'T1500-0199', 'T1500-0119', 'T1500-1623', 'T1500-0069', 'T1500-0070', 'T1500-0037', 'T1500-0021', 'T1500-0108']","[0.53605258, 0.53200823, 0.52489376, 0.52027035, 0.51856953, 0.51194954, 0.51172912, 0.50414169, 0.50009644, 0.49956837]",4,0,0,1,1,00ed3334cbf8f4912755532812a66a54d06e8282c18a5a2c6d2ae82d5e880f06,95c4f1f0b76fbee017d2e71ebc2b96d828b9a10e7be4207d2cc6bbcb3964e438,2026-08-06T20:59:11.831110+00:00
Q494,price,T1500,KV,"['T1500-0697', 'T1500-0688', 'T1500-0685', 'T1500-0700', 'T1500-0704', 'T1500-0686', 'T1500-0695', 'T1500-0701', 'T1500-0692', 'T1500-0698']","[0.63731194, 0.63510722, 0.62215751, 0.6206007, 0.61899817, 0.61859381, 0.61820698, 0.61627197, 0.61547637, 0.61546218]",2,0,1,1,1,5bb163288ec7bfbb65e8f1e52b42e18579cd7410d05b2aa4c2ab996bafdec165,95c4f1f0b76fbee017d2e71ebc2b96d828b9a10e7be4207d2cc6bbcb3964e438,2026-08-06T20:59:11.831556+00:00
Q495,price,T1500,KV,"['T1500-1995', 'T1500-1949', 'T1500-0964', 'T1500-1024', 'T1500-0975', 'T1500-1976', 'T1500-0982', 'T1500-1198', 'T1500-0963', 'T1500-1964']","[0.61389732, 0.59834605, 0.59811193, 0.5978899, 0.59620237, 0.59619713, 0.59455198, 0.59452337, 0.59437835, 0.59356439]",,0,0,0,0,a41d30c44906e7b426ea7a4b01ae411cdd210ebb2b595d8e7790846c199ac8ed,95c4f1f0b76fbee017d2e71ebc2b96d828b9a10e7be4207d2cc6bbcb3964e438,2026-08-06T20:59:11.831982+00:00
Q496,attribute,T1500,KV,"['T1500-0963', 'T1500-1995', 'T1500-0975', 'T1500-0961', 'T1500-0962', 'T1500-0964', 'T1500-0965', 'T1500-0981', 'T1500-0974', 'T1500-0979']","[0.66294003, 0.65883499, 0.65791523, 0.65550303, 0.6546514, 0.65389985, 0.6526885, 0.65228343, 0.65150464, 0.65119034]",,0,0,0,0,df8afd89b9549f0d733105004283ea271032f152ac93ab35994ed6ccba2b1d32,95c4f1f0b76fbee017d2e71ebc2b96d828b9a10e7be4207d2cc6bbcb3964e438,2026-08-06T20:59:11.832452+00:00
Q497,attribute,T1500,KV,"['T1500-0975', 'T1500-0976', 'T1500-0978', 'T1500-0974', 'T1500-1995', 'T1500-0965', 'T1500-0979', 'T1500-0980', 'T1500-0961', 'T1500-0963']","[0.6704427, 0.67020285, 0.66708702, 0.66570187, 0.66466689, 0.66370392, 0.66237962, 0.66157079, 0.66123152, 0.66115153]",,0,0,0,0,d624437601eb743254f92b6ffa4311b9d2f9d431af08d47a576686184927aed8,95c4f1f0b76fbee017d2e71ebc2b96d828b9a10e7be4207d2cc6bbcb3964e438,2026-08-06T20:59:11.832907+00:00
Q498,attribute,T1500,KV,"['T1500-0020', 'T1500-0251', 'T1500-0281', 'T1500-0252', 'T1500-1349', 'T1500-2091', 'T1500-0284', 'T1500-2195', 'T1500-0290', 'T1500-0240']","[0.62628698, 0.60486847, 0.59730744, 0.59440374, 0.59370619, 0.59021467, 0.58899838, 0.58357513, 0.58332068, 0.58272845]",6,0,0,0,1,14adace0c7af92ce76a0812b61f8b88a57711487c5700386f8741a980778e785,95c4f1f0b76fbee017d2e71ebc2b96d828b9a10e7be4207d2cc6bbcb3964e438,2026-08-06T20:59:11.833374+00:00
Q499,price,T1500,KV,"['T1500-0990', 'T1500-0996', 'T1500-0989', 'T1500-1008', 'T1500-0997', 'T1500-0991', 'T1500-0995', 'T1500-1006', 'T1500-1007', 'T1500-0994']","[0.68609995, 0.66036707, 0.64999819, 0.64929855, 0.64893103, 0.64695245, 0.64667046, 0.64574569, 0.64559132, 0.64414471]",3,0,1,1,1,f735bfc655124d0e69aa156b978220f0585e8ca4e08938b0a2290645dccc2f17,95c4f1f0b76fbee017d2e71ebc2b96d828b9a10e7be4207d2cc6bbcb3964e438,2026-08-06T20:59:11.833803+00:00
Q500,price,T1500,KV,"['T1500-0065', 'T1500-0024', 'T1500-0112', 'T1500-0108', 'T1500-0037', 'T1500-0199', 'T1500-0088', 'T1500-0114', 'T1500-0190', 'T1500-0097']","[0.56283355, 0.55078447, 0.5454182, 0.54261065, 0.54182982, 0.54168409, 0.53565884, 0.53443885, 0.53248924, 0.53172833]",,0,0,0,0,7aa93253ff9d9759d103cd2c7582072a4b46776346d96f2aa44a2ae32d11c2a9,95c4f1f0b76fbee017d2e71ebc2b96d828b9a10e7be4207d2cc6bbcb3964e438,2026-08-06T20:59:11.834248+00:00
Q001,price,T1500,VERB,"['T1500-1894', 'T1500-1918', 'T1500-1881', 'T1500-0967', 'T1500-1191', 'T1500-0966', 'T1500-0983', 'T1500-1891', 'T1500-1995', 'T1500-0970']","[0.58764267, 0.58348072, 0.58082139, 0.57995498, 0.57949996, 0.57910943, 0.57894474, 0.57880336, 0.57851577, 0.57614553]",2,0,1,1,1,48c9980aff888ec99ed03914aac8b562d47217d267f9095a5f7a0e512803d1b8,4e77e1974f23402a1e836e45097a493edab801331489c0a46983af625844c4de,2026-08-06T20:59:12.799089+00:00
Q002,price,T1500,VERB,"['T1500-0104', 'T1500-0108', 'T1500-1631', 'T1500-1580', 'T1500-0110', 'T1500-1571', 'T1500-1615', 'T1500-0112', 'T1500-0120', 'T1500-0199']","[0.56308985, 0.55187255, 0.5386551, 0.51689601, 0.51581788, 0.51515365, 0.51191509, 0.51020718, 0.50817412, 0.50773841]",,0,0,0,0,3be65393ec725ae6bb36e4428f29fc1a95c0fcf13b5d9668829d0e4329e9948f,4e77e1974f23402a1e836e45097a493edab801331489c0a46983af625844c4de,2026-08-06T20:59:12.799582+00:00
Q003,attribute,T1500,VERB,"['T1500-0735', 'T1500-0738', 'T1500-0678', 'T1500-0754', 'T1500-0742', 'T1500-0765', 'T1500-0780', 'T1500-0632', 'T1500-0743', 'T1500-0774']","[0.68817914, 0.64045334, 0.6361289, 0.63411736, 0.63387728, 0.63367677, 0.63212919, 0.63189554, 0.63025194, 0.63018286]",1,1,1,1,1,b28db1aada14e327e7ab73fa1f02c7de0c86dc6b589a0d245c16299671ea7533,4e77e1974f23402a1e836e45097a493edab801331489c0a46983af625844c4de,2026-08-06T20:59:12.800041+00:00
Q004,attribute,T1500,VERB,"['T1500-2096', 'T1500-0085', 'T1500-0112', 'T1500-2088', 'T1500-2099', 'T1500-0108', 'T1500-0104', 'T1500-0099', 'T1500-2100', 'T1500-2094']","[0.56768906, 0.55564934, 0.54751366, 0.54690564, 0.54648858, 0.54601604, 0.54351008, 0.54027092, 0.53705984, 0.53147185]",7,0,0,0,1,81eb045c663f0afa7e3fa42b9b1c61168e8ef0933a04883c7d097729f9beca57,4e77e1974f23402a1e836e45097a493edab801331489c0a46983af625844c4de,2026-08-06T20:59:12.800534+00:00
Q005,attribute,T1500,VERB,"['T1500-1531', 'T1500-1562', 'T1500-1574', 'T1500-0063', 'T1500-1580', 'T1500-0088', 'T1500-2098', 'T1500-1555', 'T1500-1599', 'T1500-0809']","[0.49149173, 0.4862127, 0.48096985, 0.47686353, 0.46585944, 0.4653784, 0.46025932, 0.46015489, 0.45941916, 0.45559475]",2,0,1,1,1,92ceefe6b7735b49e461723bd2e9c52dd37a292609400267774536457843a2e6,4e77e1974f23402a1e836e45097a493edab801331489c0a46983af625844c4de,2026-08-06T20:59:12.801118+00:00
Q006,price,T1500,VERB,"['T1500-0298', 'T1500-0017', 'T1500-0297', 'T1500-0176', 'T1500-0168', 'T1500-0170', 'T1500-0180', 'T1500-0911', 'T1500-0110', 'T1500-0295']","[0.55947673, 0.52872217, 0.52129531, 0.50736654, 0.50561285, 0.50235665, 0.49954504, 0.49888259, 0.49815643, 0.49703914]",3,0,1,1,1,758c8cdd2e473ba80e1e094c8a062e55b0a1813d79493841a5b0dc41af4d7f51,4e77e1974f23402a1e836e45097a493edab801331489c0a46983af625844c4de,2026-08-06T20:59:12.801559+00:00
Q007,attribute,T1500,VERB,"['T1500-1584', 'T1500-0085', 'T1500-1642', 'T1500-1571', 'T1500-1570', 'T1500-0308', 'T1500-1531', 'T1500-0041', 'T1500-1546', 'T1500-1635']","[0.52918619, 0.52859557, 0.51235276, 0.5086118, 0.50793254, 0.50714892, 0.50712568, 0.50496334, 0.49495748, 0.49340445]",2,0,1,1,1,4b7c7532a94594844061c797ba4cb1657ae84c54e804faa49e6c99350b41f834,4e77e1974f23402a1e836e45097a493edab801331489c0a46983af625844c4de,2026-08-06T20:59:12.801988+00:00
Q008,attribute,T1500,VERB,"['T1500-0108', 'T1500-0085', 'T1500-0104', 'T1500-0199', 'T1500-0112', 'T1500-1599', 'T1500-0184', 'T1500-0114', 'T1500-0073', 'T1500-0109']","[0.59508991, 0.57432383, 0.57209837, 0.5703209, 0.56905603, 0.56444287, 0.55531687, 0.55498874, 0.55308115, 0.55251098]",2,0,1,1,1,c221246c809e91c9f7959fd6099aa8489b464b26fb136419e1b3b64926ed2d90,4e77e1974f23402a1e836e45097a493edab801331489c0a46983af625844c4de,2026-08-06T20:59:12.802409+00:00
Q009,price,T1500,VERB,"['T1500-1571', 'T1500-1567', 'T1500-0308', 'T1500-0040', 'T1500-0195', 'T1500-1565', 'T1500-1580', 'T1500-0307', 'T1500-0039', 'T1500-1642']","[0.50422114, 0.49680912, 0.48700488, 0.48011029, 0.47484404, 0.47003353, 0.46822235, 0.46281123, 0.45750391, 0.4528487]",2,0,1,1,1,1e041530cbdd16f4c649a79b9be701cac9342d113a97477922a048088a0b6f46,4e77e1974f23402a1e836e45097a493edab801331489c0a46983af625844c4de,2026-08-06T20:59:12.802805+00:00
Q010,attribute,T1500,VERB,"['T1500-0432', 'T1500-0877', 'T1500-0448', 'T1500-0764', 'T1500-0614', 'T1500-0760', 'T1500-0763', 'T1500-0542', 'T1500-0752', 'T1500-0772']","[0.6043545, 0.57759088, 0.56958437, 0.56581247, 0.56400406, 0.56343448, 0.56336063, 0.56225288, 0.56206506, 0.56010818]",1,1,1,1,1,8464b0207cdff8f9cacdaa62103085147699817cb78f292c57b610d70ea5695d,4e77e1974f23402a1e836e45097a493edab801331489c0a46983af625844c4de,2026-08-06T20:59:12.803215+00:00
Q011,price,T1500,VERB,"['T1500-0051', 'T1500-0048', 'T1500-1358', 'T1500-1384', 'T1500-0294', 'T1500-0293', 'T1500-0050', 'T1500-0049', 'T1500-0267', 'T1500-0283']","[0.56944466, 0.54545689, 0.53824568, 0.52854681, 0.51757193, 0.51633877, 0.51479149, 0.51455343, 0.51305014, 0.50969911]",,0,0,0,0,98e8263dea4c229e5ab838825bf5597870c2864f07ba19a8d82c75f825e1489b,4e77e1974f23402a1e836e45097a493edab801331489c0a46983af625844c4de,2026-08-06T20:59:12.803645+00:00
Q012,attribute,T1500,VERB,"['T1500-0812', 'T1500-1308', 'T1500-0810', 'T1500-0394', 'T1500-1266', 'T1500-0400', 'T1500-0906', 'T1500-2012', 'T1500-0809', 'T1500-1300']","[0.53630769, 0.51778525, 0.50685161, 0.50543439, 0.50288051, 0.502572, 0.50037956, 0.49961406, 0.499603, 0.4995873]",,0,0,0,0,bd0396f9677602e4f9c984ff699b54f47edd2ff10824aaffb00d280e56a11d98,4e77e1974f23402a1e836e45097a493edab801331489c0a46983af625844c4de,2026-08-06T20:59:12.804071+00:00
Q013,attribute,T1500,VERB,"['T1500-0339', 'T1500-0343', 'T1500-0341', 'T1500-0745', 'T1500-0324', 'T1500-0747', 'T1500-0746', 'T1500-0354', 'T1500-0322', 'T1500-0320']","[0.5483067, 0.52883446, 0.52800858, 0.5220921, 0.52188575, 0.52142036, 0.52099407, 0.52038264, 0.51786757, 0.51662099]",,0,0,0,0,27c188fcfa0a8df3a7ef9db7371a765b775aa7f7f7ca65556b1d4135f4972286,4e77e1974f23402a1e836e45097a493edab801331489c0a46983af625844c4de,2026-08-06T20:59:12.804497+00:00
Q014,price,T1500,VERB,"['T1500-1599', 'T1500-1535', 'T1500-0104', 'T1500-0074', 'T1500-0112', 'T1500-0065', 'T1500-0902', 'T1500-0896', 'T1500-0025', 'T1500-0905']","[0.45448613, 0.44863185, 0.43298513, 0.42094427, 0.42065299, 0.42056084, 0.42015004, 0.41977701, 0.41749772, 0.41711593]",,0,0,0,0,a2916f8e16349cacfb064af98e283b2f6c2e4e4b510f6fe50a432d68b4b00377,4e77e1974f23402a1e836e45097a493edab801331489c0a46983af625844c4de,2026-08-06T20:59:12.804889+00:00
Q015,price,T1500,VERB,"['T1500-1986', 'T1500-1983', 'T1500-1231', 'T1500-1233', 'T1500-1234', 'T1500-1228', 'T1500-1230', 'T1500-1264', 'T1500-1894', 'T1500-1263']","[0.58799934, 0.5848282, 0.58477628, 0.5808602, 0.58024693, 0.57776618, 0.57527304, 0.56871313, 0.56455743, 0.56149906]",3,0,1,1,1,a80003d6ae3ff295c093f2404ae8ac063ef9ef346b56a84c0acdd65111ef1ef6,4e77e1974f23402a1e836e45097a493edab801331489c0a46983af625844c4de,2026-08-06T20:59:12.805291+00:00
Q016,attribute,T1500,VERB,"['T1500-1014', 'T1500-1972', 'T1500-1769', 'T1500-1124', 'T1500-1789', 'T1500-1784', 'T1500-1785', 'T1500-1777', 'T1500-1788', 'T1500-1130']","[0.60617507, 0.59488583, 0.55693132, 0.5523169, 0.54918343, 0.54864168, 0.53740609, 0.53712857, 0.53707337, 0.53548914]",,0,0,0,0,21739205be7d9c316a2dbba2c4f6d14b94259cdd3ec7916da0cef16d9236040c,4e77e1974f23402a1e836e45097a493edab801331489c0a46983af625844c4de,2026-08-06T20:59:12.805727+00:00
Q017,attribute,T1500,VERB,"['T1500-0983', 'T1500-0970', 'T1500-0966', 'T1500-1995', 'T1500-0967', 'T1500-0969', 'T1500-1986', 'T1500-0968', 'T1500-0981', 'T1500-0982']","[0.62144721, 0.61205143, 0.60988903, 0.60752666, 0.60713559, 0.60645175, 0.60625231, 0.60589522, 0.60235494, 0.60123289]",,0,0,0,0,2a321e0a7b0a1c70ea5bea197d15654b1e9a19355309bd6fe61cd258d9d72ecf,4e77e1974f23402a1e836e45097a493edab801331489c0a46983af625844c4de,2026-08-06T20:59:12.806150+00:00
Q018,attribute,T1500,VERB,"['T1500-0144', 'T1500-0143', 'T1500-2037', 'T1500-0148', 'T1500-0088', 'T1500-2012', 'T1500-0933', 'T1500-0145', 'T1500-2073', 'T1500-1546']","[0.45661873, 0.45251212, 0.44994038, 0.44976979, 0.447496, 0.44635826, 0.44446182, 0.4424997, 0.44098896, 0.44009495]",,0,0,0,0,be3cbea80945eab697f8baa07af46d043cc2722f3f4ae56debc891ae0b791e59,4e77e1974f23402a1e836e45097a493edab801331489c0a46983af625844c4de,2026-08-06T20:59:12.806584+00:00
Q019,attribute,T1500,VERB,"['T1500-1659', 'T1500-2088', 'T1500-0110', 'T1500-0112', 'T1500-2102', 'T1500-1635', 'T1500-0085', 'T1500-2103', 'T1500-2100', 'T1500-1658']","[0.51489997, 0.51469755, 0.51265818, 0.5102182, 0.50600696, 0.50599921, 0.50443816, 0.50355595, 0.49740601, 0.49415207]",4,0,0,1,1,0a91a2bcee55e662d66c3b1497721adcebf68fe2c48ff4511961ef6769b6c3fd,4e77e1974f23402a1e836e45097a493edab801331489c0a46983af625844c4de,2026-08-06T20:59:12.806990+00:00
Q020,attribute,T1500,VERB,"['T1500-1562', 'T1500-1599', 'T1500-1531', 'T1500-1535', 'T1500-1449', 'T1500-1635', 'T1500-1329', 'T1500-1546', 'T1500-1706', 'T1500-2034']","[0.53403139, 0.51149148, 0.50676864, 0.49331981, 0.4853268, 0.47960526, 0.47421691, 0.47340816, 0.47229129, 0.46698108]",2,0,1,1,1,116dba510243e25bd48d2da2c803a1ab6e9a42b3f657cd5f841b66f79c948450,4e77e1974f23402a1e836e45097a493edab801331489c0a46983af625844c4de,2026-08-06T20:59:12.807416+00:00
Q021,price,T1500,VERB,"['T1500-1995', 'T1500-0983', 'T1500-0970', 'T1500-0966', 'T1500-0965', 'T1500-0969', 'T1500-0978', 'T1500-0958', 'T1500-0982', 'T1500-1949']","[0.64868748, 0.62864292, 0.62852967, 0.62567532, 0.62528241, 0.62304044, 0.62283653, 0.62253749, 0.62168491, 0.62089407]",,0,0,0,0,f2cb3755b85f79c59b1932f7894e9268ed857ce3743ea20932f2af2f7dd821c6,4e77e1974f23402a1e836e45097a493edab801331489c0a46983af625844c4de,2026-08-06T20:59:12.807804+00:00
Q022,price,T1500,VERB,"['T1500-0874', 'T1500-0448', 'T1500-0432', 'T1500-0436', 'T1500-0534', 'T1500-0542', 'T1500-0880', 'T1500-0444', 'T1500-0538', 'T1500-0440']","[0.57775104, 0.57684487, 0.57577205, 0.57365274, 0.57288486, 0.56740409, 0.5621562, 0.56080031, 0.55914682, 0.55887842]",,0,0,0,0,7249145d51f8167d9f214f805ca9c4a91dd247d69b2a057cd8e2f0e395210604,4e77e1974f23402a1e836e45097a493edab801331489c0a46983af625844c4de,2026-08-06T20:59:12.808194+00:00
Q023,price,T1500,VERB,"['T1500-1995', 'T1500-1033', 'T1500-1894', 'T1500-1027', 'T1500-1986', 'T1500-1949', 'T1500-1024', 'T1500-0983', 'T1500-1030', 'T1500-0970']","[0.59632188, 0.58999133, 0.58383381, 0.58010447, 0.57924461, 0.5774703, 0.5768925, 0.5764938, 0.57493901, 0.57261032]",9,0,0,0,1,e1b1f126f0537effb5ec452a2812469cef2362c0b0c655356b693ce95c16f2c4,4e77e1974f23402a1e836e45097a493edab801331489c0a46983af625844c4de,2026-08-06T20:59:12.808634+00:00
Q024,attribute,T1500,VERB,"['T1500-2092', 'T1500-0596', 'T1500-2099', 'T1500-0760', 'T1500-2095', 'T1500-2102', 'T1500-0659', 'T1500-0750', 'T1500-0749', 'T1500-0716']","[0.55157763, 0.51705885, 0.51373547, 0.51344538, 0.51030892, 0.50912261, 0.50791144, 0.50731647, 0.50703681, 0.50649625]",,0,0,0,0,6411c0d0819a8766ef1738c514c22f1182d5a7fe2bc1bb1b1cf0d67402e4f12b,4e77e1974f23402a1e836e45097a493edab801331489c0a46983af625844c4de,2026-08-06T20:59:12.809052+00:00
Q025,price,T1500,VERB,"['T1500-2073', 'T1500-2069', 'T1500-1706', 'T1500-1329', 'T1500-0110', 'T1500-2055', 'T1500-1678', 'T1500-0298', 'T1500-0916', 'T1500-2048']","[0.52778077, 0.50690871, 0.48242131, 0.46403319, 0.46375552, 0.46362618, 0.46291912, 0.46145687, 0.4582414, 0.457782]",1,1,1,1,1,2696fcf86e3b8362430147c56b3b97df4c690f6d605c598f36e3aa39cfbad58b,4e77e1974f23402a1e836e45097a493edab801331489c0a46983af625844c4de,2026-08-06T20:59:12.809471+00:00
Q026,price,T1500,VERB,"['T1500-0295', 'T1500-0294', 'T1500-0281', 'T1500-0252', 'T1500-0048', 'T1500-0134', 'T1500-0270', 'T1500-0282', 'T1500-0284', 'T1500-0283']","[0.5630675, 0.53886145, 0.5356577, 0.53403503, 0.53136134, 0.52933371, 0.52523631, 0.52501392, 0.52233392, 0.52207267]",,0,0,0,0,46f459bde31a4ba025c5f7763d0abe3c98be6ddb8ca9144db9e53140e344bac6,4e77e1974f23402a1e836e45097a493edab801331489c0a46983af625844c4de,2026-08-06T20:59:12.809874+00:00
Q027,price,T1500,VERB,"['T1500-2012', 'T1500-0046', 'T1500-0181', 'T1500-0175', 'T1500-1523', 'T1500-0168', 'T1500-0167', 'T1500-1405', 'T1500-1395', 'T1500-1345']","[0.51570588, 0.50216305, 0.5016675, 0.49824828, 0.49502558, 0.49457037, 0.49437463, 0.49422866, 0.4941684, 0.49393988]",,0,0,0,0,36b50107fa62ce56aa7e9d51ce36363b7e4f987c46a5b435ce913b93f98d734b,4e77e1974f23402a1e836e45097a493edab801331489c0a46983af625844c4de,2026-08-06T20:59:12.810291+00:00
Q028,attribute,T1500,VERB,"['T1500-2093', 'T1500-2097', 'T1500-2094', 'T1500-2102', 'T1500-2099', 'T1500-2096', 'T1500-2088', 'T1500-2103', 'T1500-2089', 'T1500-2101']","[0.59315336, 0.59086531, 0.57534319, 0.55997908, 0.55845839, 0.55603898, 0.55361438, 0.55328941, 0.54888749, 0.54151368]",8,0,0,0,1,d07d4735ecc3432fbfc4c2573233e98a6c9043bd046c73e17eba253369c4be5a,4e77e1974f23402a1e836e45097a493edab801331489c0a46983af625844c4de,2026-08-06T20:59:12.810706+00:00
Q029,price,T1500,VERB,"['T1500-1346', 'T1500-1350', 'T1500-0916', 'T1500-0295', 'T1500-0108', 'T1500-0896', 'T1500-0902', 'T1500-0905', 'T1500-0912', 'T1500-0913']","[0.43363947, 0.4136771, 0.4054324, 0.40457961, 0.40368754, 0.40215462, 0.40178964, 0.40159702, 0.40156826, 0.40086433]",,0,0,0,0,faee91e538ef045c568482ad1643dfc84568e9601e5f6ce7f80e94d3f11bf3ed,4e77e1974f23402a1e836e45097a493edab801331489c0a46983af625844c4de,2026-08-06T20:59:12.811121+00:00
Q030,attribute,T1500,VERB,"['T1500-2092', 'T1500-2102', 'T1500-2099', 'T1500-2097', 'T1500-2098', 'T1500-2087', 'T1500-2103', 'T1500-0763', 'T1500-0750', 'T1500-0761']","[0.55755317, 0.52427495, 0.52384913, 0.52180517, 0.52067339, 0.52021718, 0.51854861, 0.5165503, 0.51593584, 0.5151515]",,0,0,0,0,da30b530434ef5e203a443d0bfe3239bf6469b43df6365b32edd327b9043f02e,4e77e1974f23402a1e836e45097a493edab801331489c0a46983af625844c4de,2026-08-06T20:59:12.811556+00:00
Q031,attribute,T1500,VERB,"['T1500-0956', 'T1500-0959', 'T1500-1983', 'T1500-0954', 'T1500-1986', 'T1500-0947', 'T1500-0958', 'T1500-0957', 'T1500-0955', 'T1500-0984']","[0.56018889, 0.55962288, 0.55646729, 0.55617398, 0.55396426, 0.54405874, 0.53898728, 0.53859156, 0.5367099, 0.53489065]",,0,0,0,0,df2debf9e71566709d26a751b166490f2c236248091ea5556c5623f7d1813e27,4e77e1974f23402a1e836e45097a493edab801331489c0a46983af625844c4de,2026-08-06T20:59:12.811999+00:00
Q032,price,T1500,VERB,"['T1500-1962', 'T1500-1881', 'T1500-1894', 'T1500-0970', 'T1500-0967', 'T1500-0966', 'T1500-1250', 'T1500-0969', 'T1500-0968', 'T1500-1883']","[0.54544634, 0.54536331, 0.54391462, 0.54115063, 0.54015732, 0.53997999, 0.53888398, 0.53880686, 0.53853691, 0.53821862]",,0,0,0,0,e2c015ee70445ff59a146cec92e2498b780971fa144351ed0f2a63e3ba419293,4e77e1974f23402a1e836e45097a493edab801331489c0a46983af625844c4de,2026-08-06T20:59:12.812409+00:00
Q033,attribute,T1500,VERB,"['T1500-1571', 'T1500-0104', 'T1500-1531', 'T1500-1550', 'T1500-1558', 'T1500-0088', 'T1500-1547', 'T1500-0085', 'T1500-2095', 'T1500-2098']","[0.48466378, 0.46744451, 0.4645336, 0.46288133, 0.45750159, 0.45719647, 0.45312855, 0.45188224, 0.45180407, 0.44967604]",4,0,0,1,1,785d8a4f035c54da8b460fe4cff17cda0f2f588bc3a1d2adb29ecfd8ee9b453f,4e77e1974f23402a1e836e45097a493edab801331489c0a46983af625844c4de,2026-08-06T20:59:12.812844+00:00
Q034,attribute,T1500,VERB,"['T1500-0983', 'T1500-0968', 'T1500-0970', 'T1500-0963', 'T1500-0969', 'T1500-0966', 'T1500-0967', 'T1500-1995', 'T1500-0982', 'T1500-0981']","[0.6303376, 0.62820327, 0.62787127, 0.62692446, 0.6250273, 0.62442112, 0.62329978, 0.62212145, 0.61742359, 0.61622381]",,0,0,0,0,2d10b2fbecfefab06a308d79ab14ee0ed5278559760abb1a402688d98914a590,4e77e1974f23402a1e836e45097a493edab801331489c0a46983af625844c4de,2026-08-06T20:59:12.813263+00:00
Q035,attribute,T1500,VERB,"['T1500-0104', 'T1500-1615', 'T1500-1571', 'T1500-1642', 'T1500-0088', 'T1500-1546', 'T1500-1631', 'T1500-1597', 'T1500-1614', 'T1500-0108']","[0.53082097, 0.52422559, 0.5053587, 0.49831754, 0.48837298, 0.48180157, 0.47667712, 0.47149262, 0.4710921, 0.47030604]",9,0,0,0,1,1d9f881d89be94760c950ff65a96f44cf37d6199abf4065274c3893d478d79ab,4e77e1974f23402a1e836e45097a493edab801331489c0a46983af625844c4de,2026-08-06T20:59:12.813703+00:00
Q036,attribute,T1500,VERB,"['T1500-0104', 'T1500-0088', 'T1500-0108', 'T1500-2035', 'T1500-0105', 'T1500-1599', 'T1500-0103', 'T1500-0106', 'T1500-0199', 'T1500-0110']","[0.55780631, 0.51054651, 0.50805253, 0.50182915, 0.50168651, 0.49245211, 0.49199492, 0.49086642, 0.48912323, 0.48826867]",,0,0,0,0,f8049b4cf2016a6aa570a641371de444215928ca645467a1307210ce014613d6,4e77e1974f23402a1e836e45097a493edab801331489c0a46983af625844c4de,2026-08-06T20:59:12.814124+00:00
Q037,attribute,T1500,VERB,"['T1500-1200', 'T1500-1199', 'T1500-1201', 'T1500-0983', 'T1500-0946', 'T1500-0944', 'T1500-1962', 'T1500-0956', 'T1500-0954', 'T1500-1202']","[0.6267072, 0.62491512, 0.61633575, 0.59175479, 0.58627665, 0.58616865, 0.58292413, 0.58201802, 0.58166963, 0.58163929]",1,1,1,1,1,dd46f2ca6d03301dec3323cb4a87a0737212959ee1d2df56f7b6b35850c2a2b2,4e77e1974f23402a1e836e45097a493edab801331489c0a46983af625844c4de,2026-08-06T20:59:12.814578+00:00
Q038,attribute,T1500,VERB,"['T1500-1649', 'T1500-0104', 'T1500-0182', 'T1500-1521', 'T1500-1422', 'T1500-2096', 'T1500-0108', 'T1500-0248', 'T1500-0903', 'T1500-0900']","[0.51897871, 0.4925524, 0.48314399, 0.47565788, 0.47133237, 0.47040749, 0.4700259, 0.46841666, 0.46758744, 0.46718687]",1,1,1,1,1,4c0079661935c4c0355919a3856cb84e349440087da04292506da535b6cee0c9,4e77e1974f23402a1e836e45097a493edab801331489c0a46983af625844c4de,2026-08-06T20:59:12.814988+00:00
Q039,price,T1500,VERB,"['T1500-1498', 'T1500-1599', 'T1500-0299', 'T1500-1528', 'T1500-1309', 'T1500-0300', 'T1500-1566', 'T1500-1371', 'T1500-0193', 'T1500-0298']","[0.44600126, 0.44118625, 0.43990058, 0.43451682, 0.43429095, 0.43073583, 0.430291, 0.42468157, 0.42385584, 0.42183748]",,0,0,0,0,a68dc22430bd70b962ac044241cb2ede627f78f54b327972be36635a7dde78a0,4e77e1974f23402a1e836e45097a493edab801331489c0a46983af625844c4de,2026-08-06T20:59:12.815397+00:00
Q040,attribute,T1500,VERB,"['T1500-0300', 'T1500-0299', 'T1500-0298', 'T1500-0301', 'T1500-0307', 'T1500-0305', 'T1500-0304', 'T1500-1749', 'T1500-0308', 'T1500-0302']","[0.61534572, 0.60734075, 0.59677982, 0.55916721, 0.54726267, 0.54551286, 0.54454875, 0.54392356, 0.53228378, 0.53074765]",,0,0,0,0,60dd4723eb92301208520043ff4b454b0669e8cfa856d62c6127e8c8baa26774,4e77e1974f23402a1e836e45097a493edab801331489c0a46983af625844c4de,2026-08-06T20:59:12.815821+00:00
Q041,attribute,T1500,VERB,"['T1500-0894', 'T1500-0906', 'T1500-0900', 'T1500-0908', 'T1500-0896', 'T1500-0902', 'T1500-0899', 'T1500-0905', 'T1500-0895', 'T1500-0907']","[0.57344115, 0.5716536, 0.57162601, 0.56533444, 0.56145841, 0.55879629, 0.55721951, 0.55389833, 0.55388659, 0.55253488]",,0,0,0,0,9677590218dee84df7d35781a840d58479b82c2818ae72218839906cf7046d15,4e77e1974f23402a1e836e45097a493edab801331489c0a46983af625844c4de,2026-08-06T20:59:12.816242+00:00
Q042,attribute,T1500,VERB,"['T1500-0104', 'T1500-0199', 'T1500-1571', 'T1500-0088', 'T1500-0282', 'T1500-0082', 'T1500-0114', 'T1500-0283', 'T1500-0284', 'T1500-0105']","[0.55661851, 0.52694225, 0.52678841, 0.52564883, 0.52400684, 0.51805508, 0.51748025, 0.51449043, 0.51375902, 0.51098275]",4,0,0,1,1,5b4483356d58b9e1336d9ca4eec05777697977337e71b2259a4308167d6a0e88,4e77e1974f23402a1e836e45097a493edab801331489c0a46983af625844c4de,2026-08-06T20:59:12.816662+00:00
Q043,attribute,T1500,VERB,"['T1500-0432', 'T1500-0448', 'T1500-0764', 'T1500-0538', 'T1500-0534', 'T1500-0542', 'T1500-0877', 'T1500-0880', 'T1500-0444', 'T1500-0763']","[0.61151505, 0.57147026, 0.56420141, 0.56378216, 0.56334072, 0.56168532, 0.56007624, 0.55942464, 0.55778092, 0.55773699]",1,1,1,1,1,882ab44efeef7d0cb1ed01601b6aeaf4c73b8f387dec9efa5ab788fea1c101ba,4e77e1974f23402a1e836e45097a493edab801331489c0a46983af625844c4de,2026-08-06T20:59:12.817070+00:00
Q044,attribute,T1500,VERB,"['T1500-0225', 'T1500-0226', 'T1500-0224', 'T1500-0911', 'T1500-0894', 'T1500-0895', 'T1500-0896', 'T1500-0900', 'T1500-0914', 'T1500-0906']","[0.61442184, 0.58246899, 0.5795275, 0.54309016, 0.53858757, 0.53780687, 0.5371685, 0.53475988, 0.53459233, 0.53449368]",1,1,1,1,1,12b2ccb66d0f679501540c1665f4ba38028868b21e3077bdfaa443cf926a7f6a,4e77e1974f23402a1e836e45097a493edab801331489c0a46983af625844c4de,2026-08-06T20:59:12.817483+00:00
Q045,price,T1500,VERB,"['T1500-1614', 'T1500-1584', 'T1500-1599', 'T1500-1635', 'T1500-0301', 'T1500-1588', 'T1500-0112', 'T1500-0111', 'T1500-1345', 'T1500-0026']","[0.51599407, 0.49680346, 0.48852646, 0.48817754, 0.48436406, 0.48208472, 0.47892058, 0.47705376, 0.47652152, 0.4751558]",1,1,1,1,1,ed56217445d145c023017f4a42f7f22078b0f2a05e61142ed090bcc46bf9c72e,4e77e1974f23402a1e836e45097a493edab801331489c0a46983af625844c4de,2026-08-06T20:59:12.817889+00:00
Q046,price,T1500,VERB,"['T1500-1642', 'T1500-1592', 'T1500-1631', 'T1500-0104', 'T1500-1646', 'T1500-0081', 'T1500-0072', 'T1500-0105', 'T1500-0156', 'T1500-0195']","[0.55117011, 0.5467062, 0.54383081, 0.54178458, 0.53972608, 0.538486, 0.53548956, 0.53167605, 0.52811539, 0.52673715]",7,0,0,0,1,b3ae3f9c270615662398a303643e69920d1202163d7112b0eff81b39a55214df,4e77e1974f23402a1e836e45097a493edab801331489c0a46983af625844c4de,2026-08-06T20:59:12.818304+00:00
Q047,attribute,T1500,VERB,"['T1500-1995', 'T1500-1033', 'T1500-0983', 'T1500-1949', 'T1500-0966', 'T1500-0975', 'T1500-0974', 'T1500-1024', 'T1500-0980', 'T1500-0982']","[0.64280546, 0.638605, 0.63794625, 0.63574445, 0.63121688, 0.63081753, 0.63068759, 0.63048881, 0.62987387, 0.62930334]",2,0,1,1,1,031b79b565ab7a7d3f92fe9b9762ac4331438962a66f76ddfad387e21abdb995,4e77e1974f23402a1e836e45097a493edab801331489c0a46983af625844c4de,2026-08-06T20:59:12.818728+00:00
Q048,price,T1500,VERB,"['T1500-1980', 'T1500-1979', 'T1500-1986', 'T1500-1978', 'T1500-0983', 'T1500-1976', 'T1500-1894', 'T1500-1101', 'T1500-1962', 'T1500-1250']","[0.60693157, 0.59211397, 0.5898304, 0.58014965, 0.57991427, 0.57865316, 0.57471699, 0.57394648, 0.57280707, 0.57005781]",1,1,1,1,1,33030868eb141530542a49270613474d36ad3747c568df15ef7680c2687d4665,4e77e1974f23402a1e836e45097a493edab801331489c0a46983af625844c4de,2026-08-06T20:59:12.819123+00:00
Q049,attribute,T1500,VERB,"['T1500-2002', 'T1500-1124', 'T1500-1972', 'T1500-1130', 'T1500-1189', 'T1500-2099', 'T1500-1046', 'T1500-1186', 'T1500-1168', 'T1500-1190']","[0.55414498, 0.54595131, 0.52188087, 0.52037865, 0.51707417, 0.51616704, 0.51543415, 0.51474941, 0.51439023, 0.51367462]",,0,0,0,0,661c1a740d8efc1c1ad8949d6844bc356882ff19cb0eb12eca423d800d2a8ebe,4e77e1974f23402a1e836e45097a493edab801331489c0a46983af625844c4de,2026-08-06T20:59:12.819542+00:00
Q050,price,T1500,VERB,"['T1500-0994', 'T1500-0958', 'T1500-0956', 'T1500-1976', 'T1500-0959', 'T1500-0991', 'T1500-0954', 'T1500-0997', 'T1500-1002', 'T1500-1986']","[0.53627831, 0.52481103, 0.52153432, 0.51921213, 0.51898098, 0.51781219, 0.51311433, 0.51068646, 0.50718594, 0.50711864]",4,0,0,1,1,d65ddba4bebd758abca9e6387c0a087a8160922e59f052a30a2a93d121d306bb,4e77e1974f23402a1e836e45097a493edab801331489c0a46983af625844c4de,2026-08-06T20:59:12.819971+00:00
Q051,attribute,T1500,VERB,"['T1500-1234', 'T1500-1233', 'T1500-1228', 'T1500-1230', 'T1500-1232', 'T1500-1231', 'T1500-1264', 'T1500-1265', 'T1500-1263', 'T1500-0958']","[0.58725262, 0.57968503, 0.57944417, 0.57359415, 0.57213241, 0.5670253, 0.56033981, 0.55860943, 0.5585252, 0.55703646]",3,0,1,1,1,dc9752bdc4dbafe3d716ab933ee28319f1ca874f14c7675d1ba3d3e69021b612,4e77e1974f23402a1e836e45097a493edab801331489c0a46983af625844c4de,2026-08-06T20:59:12.820426+00:00
Q052,attribute,T1500,VERB,"['T1500-0967', 'T1500-0970', 'T1500-0969', 'T1500-0966', 'T1500-0968', 'T1500-1995', 'T1500-0962', 'T1500-0965', 'T1500-0964', 'T1500-0982']","[0.6161446, 0.6158036, 0.61492944, 0.61436522, 0.61231422, 0.61024565, 0.60739911, 0.60723358, 0.60717851, 0.60707438]",,0,0,0,0,3e0c19e366df16d1eed0f9dc657ffcb558575af3d4b2ed4fbb8a3f6883786c4f,4e77e1974f23402a1e836e45097a493edab801331489c0a46983af625844c4de,2026-08-06T20:59:12.820838+00:00
Q053,price,T1500,VERB,"['T1500-0853', 'T1500-1213', 'T1500-1405', 'T1500-1214', 'T1500-0927', 'T1500-0854', 'T1500-0852', 'T1500-0855', 'T1500-0851', 'T1500-1584']","[0.46088052, 0.45704117, 0.4554522, 0.45544368, 0.45383412, 0.44769228, 0.44453827, 0.43674296, 0.43662, 0.43479374]",5,0,0,1,1,c084fa28cd981b1dc4afd0a791b090ac7a9a69115a1f817225d5218475b9a982,4e77e1974f23402a1e836e45097a493edab801331489c0a46983af625844c4de,2026-08-06T20:59:12.821256+00:00
Q054,attribute,T1500,VERB,"['T1500-1154', 'T1500-1155', 'T1500-1995', 'T1500-0963', 'T1500-1148', 'T1500-0983', 'T1500-1153', 'T1500-0975', 'T1500-0968', 'T1500-0970']","[0.65434641, 0.62360477, 0.62332129, 0.61210883, 0.61070794, 0.60844469, 0.60757756, 0.605968, 0.60543656, 0.60308087]",,0,0,0,0,fcce046289cf5ea17529a4eb6f4af971164ac8c36f2162c9e803958aa7da1aa7,4e77e1974f23402a1e836e45097a493edab801331489c0a46983af625844c4de,2026-08-06T20:59:12.821685+00:00
Q055,price,T1500,VERB,"['T1500-1060', 'T1500-1062', 'T1500-1061', 'T1500-1986', 'T1500-1059', 'T1500-0970', 'T1500-1995', 'T1500-0969', 'T1500-0966', 'T1500-1894']","[0.60360217, 0.59544903, 0.58616853, 0.57957095, 0.57527328, 0.57384372, 0.57283914, 0.57058585, 0.5699718, 0.56966168]",3,0,1,1,1,9c23361414860d97d655d8647a3e2819f44b0d06174592683773cb3479c89276,4e77e1974f23402a1e836e45097a493edab801331489c0a46983af625844c4de,2026-08-06T20:59:12.822084+00:00
Q056,price,T1500,VERB,"['T1500-0300', 'T1500-0299', 'T1500-0298', 'T1500-0301', 'T1500-0307', 'T1500-0305', 'T1500-0308', 'T1500-0304', 'T1500-1749', 'T1500-0306']","[0.6155175, 0.59942913, 0.57257438, 0.57239652, 0.56434691, 0.55218649, 0.54648232, 0.54357481, 0.54349947, 0.52990901]",1,1,1,1,1,b88e7b5c06d7e9432120b429b9ad11b6fa9e323f55323aa1faeaed303226d9ab,4e77e1974f23402a1e836e45097a493edab801331489c0a46983af625844c4de,2026-08-06T20:59:12.822497+00:00
Q057,price,T1500,VERB,"['T1500-1340', 'T1500-0808', 'T1500-0812', 'T1500-2012', 'T1500-1142', 'T1500-0811', 'T1500-1052', 'T1500-0810', 'T1500-0809', 'T1500-1405']","[0.50163436, 0.49932235, 0.49893054, 0.49778542, 0.49273938, 0.49239063, 0.49126744, 0.48987252, 0.48831168, 0.48541921]",,0,0,0,0,5a9204327ca943122223305c25821bee0bd45763870943b35719fd9e6584f949,4e77e1974f23402a1e836e45097a493edab801331489c0a46983af625844c4de,2026-08-06T20:59:12.822904+00:00
Q058,attribute,T1500,VERB,"['T1500-0199', 'T1500-0088', 'T1500-0104', 'T1500-0190', 'T1500-0097', 'T1500-0085', 'T1500-0105', 'T1500-1571', 'T1500-0108', 'T1500-0099']","[0.54511523, 0.54407948, 0.53822494, 0.53668714, 0.53142577, 0.53102034, 0.52916259, 0.52890849, 0.5280661, 0.5271436]",2,0,1,1,1,94aaaf6613c41265964d259ad2b5d9190a330f4b3279d97460fa5bda283e694b,4e77e1974f23402a1e836e45097a493edab801331489c0a46983af625844c4de,2026-08-06T20:59:12.823347+00:00
Q059,price,T1500,VERB,"['T1500-1346', 'T1500-1350', 'T1500-1628', 'T1500-1418', 'T1500-1381', 'T1500-1433', 'T1500-1436', 'T1500-1438', 'T1500-1416', 'T1500-1528']","[0.52685219, 0.51506722, 0.51476622, 0.51403522, 0.51401013, 0.51341605, 0.51319242, 0.51287913, 0.51252925, 0.51150393]",,0,0,0,0,fe86a6a9ffd76f2441a0885aae52db72a4c56cf21f427769b1c5f7a4e8fa75f3,4e77e1974f23402a1e836e45097a493edab801331489c0a46983af625844c4de,2026-08-06T20:59:12.823755+00:00
Q060,price,T1500,VERB,"['T1500-0225', 'T1500-0226', 'T1500-0224', 'T1500-0223', 'T1500-0184', 'T1500-0227', 'T1500-0911', 'T1500-0896', 'T1500-0110', 'T1500-0182']","[0.59566045, 0.5526191, 0.54992634, 0.50692105, 0.50019455, 0.49752021, 0.49157768, 0.49094123, 0.49014959, 0.4889183]",1,1,1,1,1,54c604dcdffd88c41eea5be5fb4e31d957f909ac771a1d5942ac4c07d7563b2e,4e77e1974f23402a1e836e45097a493edab801331489c0a46983af625844c4de,2026-08-06T20:59:12.824150+00:00
Q061,attribute,T1500,VERB,"['T1500-1531', 'T1500-1571', 'T1500-0085', 'T1500-0308', 'T1500-1546', 'T1500-1706', 'T1500-1588', 'T1500-1599', 'T1500-0811', 'T1500-1449']","[0.47300938, 0.45821929, 0.4521876, 0.45191184, 0.45132253, 0.44878373, 0.44829032, 0.44454062, 0.44436061, 0.44238326]",3,0,1,1,1,f61c960bf55513f58a4ce5bfa4b66875fd72b79029d33e94765cc9706fb7808f,4e77e1974f23402a1e836e45097a493edab801331489c0a46983af625844c4de,2026-08-06T20:59:12.824586+00:00
Q062,attribute,T1500,VERB,"['T1500-2161', 'T1500-2092', 'T1500-0769', 'T1500-0746', 'T1500-0747', 'T1500-0745', 'T1500-0651', 'T1500-0750', 'T1500-2102', 'T1500-0768']","[0.50917661, 0.50716782, 0.50584245, 0.50505847, 0.50236219, 0.50161386, 0.50128931, 0.49688804, 0.49646443, 0.49581385]",,0,0,0,0,5c8adef11b7f9f14fdaf3f2b05f4bf2eade2fd127cc06c168c30d5a264f2e19b,4e77e1974f23402a1e836e45097a493edab801331489c0a46983af625844c4de,2026-08-06T20:59:12.825017+00:00
Q063,attribute,T1500,VERB,"['T1500-0104', 'T1500-0108', 'T1500-0308', 'T1500-0110', 'T1500-0301', 'T1500-0112', 'T1500-0190', 'T1500-0307', 'T1500-0191', 'T1500-1571']","[0.5344553, 0.5343371, 0.53095722, 0.5295406, 0.52318877, 0.52007926, 0.51835525, 0.51734012, 0.50981283, 0.50706029]",6,0,0,0,1,2fcb8f74fb288a267371bea041e2ef92fecbf40c3afefeadee4eedb4b37a4b7d,4e77e1974f23402a1e836e45097a493edab801331489c0a46983af625844c4de,2026-08-06T20:59:12.825512+00:00
Q064,price,T1500,VERB,"['T1500-0702', 'T1500-0783', 'T1500-0656', 'T1500-0650', 'T1500-0670', 'T1500-0635', 'T1500-0693', 'T1500-0768', 'T1500-0681', 'T1500-0780']","[0.55616862, 0.55337709, 0.55148506, 0.54998529, 0.54946041, 0.54846358, 0.54784894, 0.5477562, 0.54304516, 0.54303938]",3,0,1,1,1,b62bbb3caaebfa64c64403faf2829200275bb07c63c054534fd50e9d8116f3cf,4e77e1974f23402a1e836e45097a493edab801331489c0a46983af625844c4de,2026-08-06T20:59:12.825916+00:00
Q065,price,T1500,VERB,"['T1500-1997', 'T1500-1155', 'T1500-1036', 'T1500-1995', 'T1500-0983', 'T1500-0966', 'T1500-1877', 'T1500-1800', 'T1500-0970', 'T1500-1881']","[0.56573009, 0.55570829, 0.55564713, 0.55437613, 0.55238986, 0.55187476, 0.55075449, 0.54618889, 0.54605484, 0.54366457]",8,0,0,0,1,0946c2b0edc6e35b71765e99fa35342b581ce1d4ca3cc6f5a90b51f99d8ed5f0,4e77e1974f23402a1e836e45097a493edab801331489c0a46983af625844c4de,2026-08-06T20:59:12.826327+00:00
Q066,price,T1500,VERB,"['T1500-0088', 'T1500-1599', 'T1500-1534', 'T1500-1635', 'T1500-1614', 'T1500-0065', 'T1500-1615', 'T1500-1555', 'T1500-1546', 'T1500-0074']","[0.48731437, 0.48429087, 0.48359853, 0.48319125, 0.48074853, 0.47808468, 0.47665519, 0.47564831, 0.47344363, 0.47187024]",,0,0,0,0,39cabc2d4618c65602c74069cf838df5aec06eb59c9fee6d33c2d04eba6b55ba,4e77e1974f23402a1e836e45097a493edab801331489c0a46983af625844c4de,2026-08-06T20:59:12.826727+00:00
Q067,price,T1500,VERB,"['T1500-0320', 'T1500-0332', 'T1500-0322', 'T1500-0432', 'T1500-0436', 'T1500-0877', 'T1500-0448', 'T1500-0321', 'T1500-0534', 'T1500-0324']","[0.56810349, 0.53334248, 0.52985257, 0.52869248, 0.5286088, 0.52812362, 0.52517939, 0.52291191, 0.51927638, 0.51881719]",10,0,0,0,1,4fbeb0d3561fca0da8c4845058189be42e655f261b015252a30d2e669b679146,4e77e1974f23402a1e836e45097a493edab801331489c0a46983af625844c4de,2026-08-06T20:59:12.827123+00:00
Q068,price,T1500,VERB,"['T1500-1531', 'T1500-1580', 'T1500-1706', 'T1500-1547', 'T1500-1574', 'T1500-1571', 'T1500-1599', 'T1500-1638', 'T1500-1562', 'T1500-1535']","[0.49884138, 0.47726598, 0.46962881, 0.46324021, 0.46283364, 0.4623822, 0.46147385, 0.45910126, 0.45879257, 0.45875812]",,0,0,0,0,16b6a385479043c13164937fb1b2ecc6a79d8d9a6d4de83b9a3100d45cf1579b,4e77e1974f23402a1e836e45097a493edab801331489c0a46983af625844c4de,2026-08-06T20:59:12.827535+00:00
Q069,attribute,T1500,VERB,"['T1500-0295', 'T1500-1308', 'T1500-2012', 'T1500-1064', 'T1500-0134', 'T1500-1046', 'T1500-1052', 'T1500-0135', 'T1500-1055', 'T1500-1142']","[0.51513505, 0.51507276, 0.50933349, 0.50688976, 0.50680494, 0.50316465, 0.50242984, 0.50122654, 0.49951521, 0.49939448]",,0,0,0,0,7c1b1722837dd6c135fa736bb1976d0162527707dca96900bef101bb1d9ffc87,4e77e1974f23402a1e836e45097a493edab801331489c0a46983af625844c4de,2026-08-06T20:59:12.828002+00:00
Q070,price,T1500,VERB,"['T1500-0150', 'T1500-0149', 'T1500-0313', 'T1500-1983', 'T1500-1883', 'T1500-1881', 'T1500-1885', 'T1500-0314', 'T1500-0151', 'T1500-1875']","[0.5075053, 0.47478384, 0.46444982, 0.45665014, 0.44698295, 0.44533241, 0.44528258, 0.44411671, 0.44312942, 0.43994659]",1,1,1,1,1,448f241fd305ade36c04f3c45fa21450017097d9dd853ec5a1a778f3cbaf0c22,4e77e1974f23402a1e836e45097a493edab801331489c0a46983af625844c4de,2026-08-06T20:59:12.828438+00:00
Q071,attribute,T1500,VERB,"['T1500-0085', 'T1500-0190', 'T1500-0108', 'T1500-2035', 'T1500-0088', 'T1500-0099', 'T1500-1546', 'T1500-1571', 'T1500-0104', 'T1500-0073']","[0.57538545, 0.56136322, 0.55766755, 0.54884267, 0.54846656, 0.54697442, 0.54642701, 0.54471439, 0.53907543, 0.53697038]",,0,0,0,0,bfffbe93a1080674ab56c5ed9ee85acb26fda9c08dec35c35a8a507c6195cf92,4e77e1974f23402a1e836e45097a493edab801331489c0a46983af625844c4de,2026-08-06T20:59:12.828851+00:00
Q072,attribute,T1500,VERB,"['T1500-2208', 'T1500-2098', 'T1500-0811', 'T1500-2099', 'T1500-0812', 'T1500-0810', 'T1500-2094', 'T1500-0809', 'T1500-0769', 'T1500-2095']","[0.47727066, 0.45265883, 0.43509507, 0.42661881, 0.42554855, 0.42344898, 0.42083651, 0.416917, 0.41605258, 0.41110265]",3,0,1,1,1,93bbb53ae5b88ede9b16f0bcc2984adcab6fdfb76083b5eaa374616f4bd938fd,4e77e1974f23402a1e836e45097a493edab801331489c0a46983af625844c4de,2026-08-06T20:59:12.829271+00:00
Q073,attribute,T1500,VERB,"['T1500-2092', 'T1500-2099', 'T1500-2103', 'T1500-2102', 'T1500-2088', 'T1500-2091', 'T1500-0596', 'T1500-0357', 'T1500-2093', 'T1500-2096']","[0.59516865, 0.58846492, 0.58325398, 0.57840902, 0.57014549, 0.56802434, 0.56739199, 0.56105721, 0.55438781, 0.5526036]",,0,0,0,0,a21798215057da92677e93d19b984f45adb740e2e0c46c68a159bccbaebc2026,4e77e1974f23402a1e836e45097a493edab801331489c0a46983af625844c4de,2026-08-06T20:59:12.829716+00:00
Q074,attribute,T1500,VERB,"['T1500-2088', 'T1500-2091', 'T1500-2090', 'T1500-2195', 'T1500-2223', 'T1500-0020', 'T1500-2103', 'T1500-0141', 'T1500-2099', 'T1500-1243']","[0.58911335, 0.58389103, 0.56914908, 0.56233525, 0.56060404, 0.55888611, 0.55777586, 0.55413735, 0.55022222, 0.55016732]",,0,0,0,0,b87d12fd26d3ba196ab6c5cebef1a236e3aa0034e2467907aa2e5fee1ff4e357,4e77e1974f23402a1e836e45097a493edab801331489c0a46983af625844c4de,2026-08-06T20:59:12.830132+00:00
Q075,price,T1500,VERB,"['T1500-0108', 'T1500-0104', 'T1500-1646', 'T1500-0110', 'T1500-1580', 'T1500-1599', 'T1500-0109', 'T1500-0199', 'T1500-1571', 'T1500-1574']","[0.53590715, 0.52052021, 0.51942134, 0.50938869, 0.50417757, 0.50279987, 0.50177419, 0.49491435, 0.49419725, 0.49163759]",,0,0,0,0,9d1d2d484d9036bef4cac724d6492e6d47a1610035542de6885381a988a7f0ba,4e77e1974f23402a1e836e45097a493edab801331489c0a46983af625844c4de,2026-08-06T20:59:12.830547+00:00
Q076,attribute,T1500,VERB,"['T1500-1583', 'T1500-0085', 'T1500-0073', 'T1500-1584', 'T1500-0305', 'T1500-0903', 'T1500-0285', 'T1500-0916', 'T1500-0897', 'T1500-0287']","[0.51830953, 0.51201093, 0.50208247, 0.50188929, 0.50020242, 0.5001989, 0.49911827, 0.49844787, 0.49803481, 0.49757552]",2,0,1,1,1,542dd2c610ac347a3f296c3a0fa38c358f57443ccdc9edae1a2d10fd889dd6c2,4e77e1974f23402a1e836e45097a493edab801331489c0a46983af625844c4de,2026-08-06T20:59:12.831414+00:00
Q077,price,T1500,VERB,"['T1500-1547', 'T1500-1551', 'T1500-0088', 'T1500-1571', 'T1500-1550', 'T1500-1638', 'T1500-0085', 'T1500-0119', 'T1500-1555', 'T1500-1642']","[0.57118177, 0.53268158, 0.52593046, 0.50743222, 0.50523227, 0.50111634, 0.49803436, 0.49622554, 0.4957183, 0.49277908]",,0,0,0,0,ea6cec30bd2063961606711ed52523a21fb3d485dcfcbb18b5d45fd7a954eac8,4e77e1974f23402a1e836e45097a493edab801331489c0a46983af625844c4de,2026-08-06T20:59:12.831822+00:00
Q078,price,T1500,VERB,"['T1500-1995', 'T1500-0983', 'T1500-0969', 'T1500-0970', 'T1500-0967', 'T1500-0966', 'T1500-0964', 'T1500-1894', 'T1500-0963', 'T1500-0968']","[0.65698284, 0.64999586, 0.64627457, 0.64584005, 0.64400733, 0.64366883, 0.64352679, 0.64320827, 0.64142191, 0.64106131]",,0,0,0,0,fc873e1dcc9000570de62d94a2214779d1e9bafbde0aa7e0756b5ac228f60e08,4e77e1974f23402a1e836e45097a493edab801331489c0a46983af625844c4de,2026-08-06T20:59:12.832238+00:00
Q079,attribute,T1500,VERB,"['T1500-1531', 'T1500-1535', 'T1500-1599', 'T1500-1635', 'T1500-1562', 'T1500-1449', 'T1500-1329', 'T1500-1706', 'T1500-1546', 'T1500-1342']","[0.51135647, 0.50932056, 0.50784129, 0.49182993, 0.48919719, 0.48835868, 0.48222095, 0.48078436, 0.47786197, 0.47173667]",3,0,1,1,1,ed953d21a16c62da20720634367cf8606681e6b2279069688dd9dcf59c07940d,4e77e1974f23402a1e836e45097a493edab801331489c0a46983af625844c4de,2026-08-06T20:59:12.832664+00:00
Q080,attribute,T1500,VERB,"['T1500-1995', 'T1500-1033', 'T1500-0975', 'T1500-0967', 'T1500-0966', 'T1500-0974', 'T1500-0962', 'T1500-1871', 'T1500-0963', 'T1500-0968']","[0.63861263, 0.63260472, 0.6315496, 0.62871981, 0.62847632, 0.62642038, 0.62514603, 0.6250875, 0.62446928, 0.62376559]",2,0,1,1,1,26f5eca35905436c06e41e3a185b5442ea1980d82bb31c81884675035a79626b,4e77e1974f23402a1e836e45097a493edab801331489c0a46983af625844c4de,2026-08-06T20:59:12.833095+00:00
Q081,price,T1500,VERB,"['T1500-1154', 'T1500-1155', 'T1500-1153', 'T1500-1146', 'T1500-1151', 'T1500-1148', 'T1500-1152', 'T1500-1995', 'T1500-1150', 'T1500-1986']","[0.65958458, 0.61273241, 0.60288823, 0.60215998, 0.59198987, 0.59154177, 0.58756411, 0.58585322, 0.58262861, 0.57907861]",3,0,1,1,1,93e08fb64a3064cb417f5542f325d90c621d6804e71cbcf703d73e0ea58ea43a,4e77e1974f23402a1e836e45097a493edab801331489c0a46983af625844c4de,2026-08-06T20:59:12.833507+00:00
Q082,attribute,T1500,VERB,"['T1500-2103', 'T1500-2102', 'T1500-1659', 'T1500-2096', 'T1500-2099', 'T1500-2088', 'T1500-2091', 'T1500-0110', 'T1500-1652', 'T1500-1658']","[0.531376, 0.52163267, 0.50827062, 0.50282681, 0.50075901, 0.50073504, 0.49692696, 0.48935956, 0.48850054, 0.48505461]",,0,0,0,0,8ca3b65200fdf1a357365a65a56a9186cc4c373dc757eb64d69dbf2e5200eee1,4e77e1974f23402a1e836e45097a493edab801331489c0a46983af625844c4de,2026-08-06T20:59:12.833926+00:00
Q083,attribute,T1500,VERB,"['T1500-0868', 'T1500-0468', 'T1500-0460', 'T1500-0464', 'T1500-0472', 'T1500-0567', 'T1500-0568', 'T1500-0566', 'T1500-0865', 'T1500-0467']","[0.54064888, 0.53751504, 0.53626108, 0.53597462, 0.53538316, 0.53016973, 0.52953255, 0.52304214, 0.52277207, 0.52172673]",3,0,1,1,1,4b9d9334944a6e85fcb640a35cb2ad35161a1dc531510f9b31b1a65c0eca0c14,4e77e1974f23402a1e836e45097a493edab801331489c0a46983af625844c4de,2026-08-06T20:59:12.834351+00:00
Q084,attribute,T1500,VERB,"['T1500-0112', 'T1500-0108', 'T1500-0110', 'T1500-0104', 'T1500-0085', 'T1500-0062', 'T1500-0074', 'T1500-0037', 'T1500-0109', 'T1500-0097']","[0.62369138, 0.61051929, 0.60227424, 0.59939218, 0.59900463, 0.58600843, 0.58586085, 0.58058584, 0.57715082, 0.57678211]",1,1,1,1,1,0452b3930eb8f92f27287b6634e5044b6eedfc85ffb7527a9b2ab26255ebebb6,4e77e1974f23402a1e836e45097a493edab801331489c0a46983af625844c4de,2026-08-06T20:59:12.834765+00:00
Q085,attribute,T1500,VERB,"['T1500-0120', 'T1500-2035', 'T1500-0308', 'T1500-0066', 'T1500-0190', 'T1500-0307', 'T1500-2036', 'T1500-0189', 'T1500-0085', 'T1500-0065']","[0.52939588, 0.50319684, 0.48276347, 0.4825545, 0.47812545, 0.4778949, 0.4766005, 0.47085276, 0.46962219, 0.46653911]",1,1,1,1,1,72fd26f2620adc949eec1422a9cfc04a1bf87a992cbbf5f3829b18ae6ac25fd1,4e77e1974f23402a1e836e45097a493edab801331489c0a46983af625844c4de,2026-08-06T20:59:12.835191+00:00
Q086,attribute,T1500,VERB,"['T1500-1972', 'T1500-1284', 'T1500-1288', 'T1500-1282', 'T1500-1299', 'T1500-1308', 'T1500-0916', 'T1500-1290', 'T1500-1278', 'T1500-0918']","[0.54022419, 0.52998739, 0.52962244, 0.52713633, 0.52621639, 0.52352351, 0.51934087, 0.51852828, 0.51830101, 0.51793623]",,0,0,0,0,1e1ccaa368c1de37643e9441fecdf4c57f48fef4d9c24ac5a88fa6a5a698c84f,4e77e1974f23402a1e836e45097a493edab801331489c0a46983af625844c4de,2026-08-06T20:59:12.835628+00:00
Q087,price,T1500,VERB,"['T1500-0554', 'T1500-0295', 'T1500-0919', 'T1500-2230', 'T1500-2151', 'T1500-0043', 'T1500-0918', 'T1500-0168', 'T1500-0134', 'T1500-0917']","[0.48301882, 0.48120117, 0.48103628, 0.47967845, 0.47965372, 0.47263587, 0.47228611, 0.47184759, 0.47144336, 0.47127411]",,0,0,0,0,d239a027d017e98a3689ffdc5b526c1c2c4cd57e25617291536bd757dd2e8036,4e77e1974f23402a1e836e45097a493edab801331489c0a46983af625844c4de,2026-08-06T20:59:12.836032+00:00
Q088,attribute,T1500,VERB,"['T1500-0906', 'T1500-0911', 'T1500-0894', 'T1500-0284', 'T1500-1243', 'T1500-0916', 'T1500-1449', 'T1500-0900', 'T1500-0914', 'T1500-0912']","[0.51298344, 0.5128569, 0.5113979, 0.51120216, 0.51035583, 0.50753605, 0.507397, 0.50564098, 0.50542682, 0.50114417]",4,0,0,1,1,01977f9cbfe28fa1b4feacdebe225291ea0b0cc95017ebaa53f862be749aba96,4e77e1974f23402a1e836e45097a493edab801331489c0a46983af625844c4de,2026-08-06T20:59:12.836474+00:00
Q089,attribute,T1500,VERB,"['T1500-0983', 'T1500-1995', 'T1500-1986', 'T1500-1250', 'T1500-1033', 'T1500-1200', 'T1500-2018', 'T1500-1894', 'T1500-1034', 'T1500-1900']","[0.59741271, 0.59656882, 0.5955019, 0.59395504, 0.58928168, 0.58865982, 0.58846223, 0.58821011, 0.58688426, 0.58670855]",,0,0,0,0,41a4be0fd333336e60fdc0752120f5e1e677857fd06999e33447652e45b42b19,4e77e1974f23402a1e836e45097a493edab801331489c0a46983af625844c4de,2026-08-06T20:59:12.836921+00:00
Q090,attribute,T1500,VERB,"['T1500-1531', 'T1500-2095', 'T1500-2102', 'T1500-0063', 'T1500-0066', 'T1500-2097', 'T1500-2101', 'T1500-2094', 'T1500-2098', 'T1500-2096']","[0.60823596, 0.51035714, 0.4931882, 0.49170116, 0.49080244, 0.48635191, 0.48590288, 0.48571068, 0.48499274, 0.48497158]",1,1,1,1,1,c71be014ca61c475c8778980ea20f8f4631966967e1025d97e402ca8750ebc0b,4e77e1974f23402a1e836e45097a493edab801331489c0a46983af625844c4de,2026-08-06T20:59:12.837360+00:00
Q091,attribute,T1500,VERB,"['T1500-0448', 'T1500-0432', 'T1500-0538', 'T1500-0534', 'T1500-0444', 'T1500-0542', 'T1500-0436', 'T1500-0440', 'T1500-0530', 'T1500-0877']","[0.60171622, 0.5946629, 0.58754271, 0.58738631, 0.58566177, 0.58403456, 0.57953179, 0.5720163, 0.57136118, 0.57054007]",2,0,1,1,1,81cd09d3ba23fac5560b9f45d0abe84bf9bbae4c3c84f95c4725e2cd2965c591,4e77e1974f23402a1e836e45097a493edab801331489c0a46983af625844c4de,2026-08-06T20:59:12.837771+00:00
Q092,price,T1500,VERB,"['T1500-0554', 'T1500-1054', 'T1500-1261', 'T1500-1053', 'T1500-0295', 'T1500-0303', 'T1500-0555', 'T1500-1056', 'T1500-0432', 'T1500-1055']","[0.50853038, 0.50642115, 0.50591391, 0.49611807, 0.49542969, 0.49013507, 0.48871517, 0.48341098, 0.48131791, 0.48099846]",,0,0,0,0,40f44dea97edd6da4b1cdad8eb61c02224d4e5d5b6bfdeb4fd8208425455b1a6,4e77e1974f23402a1e836e45097a493edab801331489c0a46983af625844c4de,2026-08-06T20:59:12.838169+00:00
Q093,price,T1500,VERB,"['T1500-1769', 'T1500-1972', 'T1500-1124', 'T1500-1127', 'T1500-1125', 'T1500-1773', 'T1500-1129', 'T1500-1852', 'T1500-0811', 'T1500-1014']","[0.53544438, 0.52572596, 0.52554393, 0.51872587, 0.50700325, 0.50627398, 0.50343806, 0.49808645, 0.49763408, 0.49761429]",5,0,0,1,1,e6ea363016cdbf5d3dcda05ee04db4e86a0015345cf7e71ecb8636fd92c1f626,4e77e1974f23402a1e836e45097a493edab801331489c0a46983af625844c4de,2026-08-06T20:59:12.838606+00:00
Q094,attribute,T1500,VERB,"['T1500-1631', 'T1500-1615', 'T1500-1449', 'T1500-1642', 'T1500-0085', 'T1500-0104', 'T1500-0081', 'T1500-1599', 'T1500-0295', 'T1500-1571']","[0.58420825, 0.55126715, 0.53900456, 0.53064489, 0.52484548, 0.52418679, 0.52325255, 0.52179003, 0.51967603, 0.51949656]",,0,0,0,0,b145825622bd1f7f13de9f56ac001f4bb3aa46a4b42840b7680056ed484bca8e,4e77e1974f23402a1e836e45097a493edab801331489c0a46983af625844c4de,2026-08-06T20:59:12.839030+00:00
Q095,attribute,T1500,VERB,"['T1500-1246', 'T1500-0900', 'T1500-0894', 'T1500-0904', 'T1500-0903', 'T1500-2103', 'T1500-2099', 'T1500-0902', 'T1500-0901', 'T1500-0899']","[0.59944189, 0.59883595, 0.59799588, 0.59799063, 0.59717917, 0.59588748, 0.59559762, 0.59479952, 0.59384507, 0.59379673]",,0,0,0,0,9eb280340efed1b584663218b7efcf8fd5cc82a53bb4af42fc8fa5f011a4de02,4e77e1974f23402a1e836e45097a493edab801331489c0a46983af625844c4de,2026-08-06T20:59:12.839462+00:00
Q096,attribute,T1500,VERB,"['T1500-2096', 'T1500-2088', 'T1500-1187', 'T1500-1186', 'T1500-1189', 'T1500-1188', 'T1500-1190', 'T1500-1181', 'T1500-1170', 'T1500-1169']","[0.54457462, 0.53046429, 0.51265317, 0.51170397, 0.5112927, 0.51006937, 0.50633299, 0.50436807, 0.50415504, 0.50300628]",,0,0,0,0,c194ae1720d9977b7d02353887f607b5723032f71a7e6f028c257be3a3712ffe,4e77e1974f23402a1e836e45097a493edab801331489c0a46983af625844c4de,2026-08-06T20:59:12.839886+00:00
Q097,attribute,T1500,VERB,"['T1500-1599', 'T1500-0112', 'T1500-1635', 'T1500-0286', 'T1500-0285', 'T1500-0284', 'T1500-1546', 'T1500-0287', 'T1500-0016', 'T1500-0020']","[0.52741951, 0.5269016, 0.5268442, 0.52428108, 0.52205336, 0.52202016, 0.51676393, 0.51616722, 0.5160495, 0.5156486]",1,1,1,1,1,57643ed3091e09daa86267441d43825b0764e7294dd55f1cf189f9beb4aca7b4,4e77e1974f23402a1e836e45097a493edab801331489c0a46983af625844c4de,2026-08-06T20:59:12.840339+00:00
Q098,price,T1500,VERB,"['T1500-0448', 'T1500-0432', 'T1500-0436', 'T1500-0874', 'T1500-0809', 'T1500-0534', 'T1500-0542', 'T1500-0877', 'T1500-0880', 'T1500-0538']","[0.55656433, 0.55534106, 0.55150855, 0.54711211, 0.54703641, 0.54663932, 0.54447538, 0.54392165, 0.54349732, 0.5412581]",,0,0,0,0,83802b2e2b5f5c8c762ab7da7fa50553e6f83c7e51e620854e7c974cdd3025d6,4e77e1974f23402a1e836e45097a493edab801331489c0a46983af625844c4de,2026-08-06T20:59:12.840749+00:00
Q099,price,T1500,VERB,"['T1500-1972', 'T1500-1014', 'T1500-1777', 'T1500-0390', 'T1500-1769', 'T1500-1284', 'T1500-1785', 'T1500-1278', 'T1500-1784', 'T1500-0432']","[0.57451558, 0.57386059, 0.54659086, 0.54102409, 0.53509933, 0.53105617, 0.52170336, 0.51830065, 0.5181281, 0.51718795]",,0,0,0,0,feef7e50071355503e33bead40b3a873a63303d80e610532b70b715224b07919,4e77e1974f23402a1e836e45097a493edab801331489c0a46983af625844c4de,2026-08-06T20:59:12.841154+00:00
Q100,price,T1500,VERB,"['T1500-1242', 'T1500-0904', 'T1500-0898', 'T1500-0905', 'T1500-0917', 'T1500-0899', 'T1500-0918', 'T1500-0902', 'T1500-0903', 'T1500-0896']","[0.5703609, 0.54498571, 0.54112566, 0.54041821, 0.53916144, 0.53835475, 0.53401095, 0.53371823, 0.53266782, 0.53244162]",1,1,1,1,1,1bc2f80c0114736bf878d65f14abb8d9b606b9be13715263bbc1f9f5b9e538fe,4e77e1974f23402a1e836e45097a493edab801331489c0a46983af625844c4de,2026-08-06T20:59:12.841570+00:00
Q101,price,T1500,VERB,"['T1500-1986', 'T1500-1995', 'T1500-1264', 'T1500-1006', 'T1500-0992', 'T1500-1983', 'T1500-1002', 'T1500-1024', 'T1500-1000', 'T1500-1033']","[0.59819573, 0.59743208, 0.59587127, 0.58597714, 0.58412898, 0.58268034, 0.58262289, 0.58204484, 0.58194071, 0.58166254]",,0,0,0,0,3dfa73ce270bce1c609cd3a1b659d7658ec7bbfc5790a4cb1e0c1e67af5e465b,4e77e1974f23402a1e836e45097a493edab801331489c0a46983af625844c4de,2026-08-06T20:59:12.841975+00:00
Q102,attribute,T1500,VERB,"['T1500-2096', 'T1500-2088', 'T1500-0099', 'T1500-0110', 'T1500-0104', 'T1500-0108', 'T1500-2094', 'T1500-0199', 'T1500-0112', 'T1500-0085']","[0.60621345, 0.57596779, 0.55233216, 0.54518062, 0.54061317, 0.53813887, 0.53618473, 0.52917206, 0.52897203, 0.52804714]",3,0,1,1,1,2fc2187a8808915ece4b89d74d6f186293be5c2db9356c9c69d281dee2016e34,4e77e1974f23402a1e836e45097a493edab801331489c0a46983af625844c4de,2026-08-06T20:59:12.842401+00:00
Q103,price,T1500,VERB,"['T1500-1815', 'T1500-2012', 'T1500-1811', 'T1500-1249', 'T1500-1145', 'T1500-1894', 'T1500-1243', 'T1500-1250', 'T1500-1147', 'T1500-1939']","[0.58140564, 0.56177312, 0.55927002, 0.55816984, 0.55097067, 0.54835635, 0.54732347, 0.54605198, 0.54388058, 0.54177052]",,0,0,0,0,775535b727f374237ca640ce830a5739473aa99381245763c78a3fb326546d0f,4e77e1974f23402a1e836e45097a493edab801331489c0a46983af625844c4de,2026-08-06T20:59:12.842807+00:00
Q104,attribute,T1500,VERB,"['T1500-2096', 'T1500-2088', 'T1500-2100', 'T1500-2099', 'T1500-2094', 'T1500-2103', 'T1500-2102', 'T1500-1580', 'T1500-2101', 'T1500-2098']","[0.5253498, 0.50904882, 0.50761896, 0.49899811, 0.4947381, 0.49141705, 0.48823869, 0.48807126, 0.48760396, 0.46677732]",,0,0,0,0,073b5ccbbb5d12df864a1203cc6edbf8f8229328e151851fa3e26b64b4fbe5c4,4e77e1974f23402a1e836e45097a493edab801331489c0a46983af625844c4de,2026-08-06T20:59:12.843233+00:00
Q105,attribute,T1500,VERB,"['T1500-2091', 'T1500-2090', 'T1500-0141', 'T1500-2195', 'T1500-2088', 'T1500-0020', 'T1500-2103', 'T1500-2223', 'T1500-0252', 'T1500-0895']","[0.62474662, 0.59833187, 0.5942167, 0.58586931, 0.58500767, 0.58176303, 0.58090311, 0.57425809, 0.57343519, 0.57254994]",1,1,1,1,1,30fccae8d08079515190429ec1ce426195208b39625cae98ae70b7075f7c9ae6,4e77e1974f23402a1e836e45097a493edab801331489c0a46983af625844c4de,2026-08-06T20:59:12.843645+00:00
Q106,attribute,T1500,VERB,"['T1500-1921', 'T1500-1912', 'T1500-0983', 'T1500-1000', 'T1500-1006', 'T1500-1986', 'T1500-1002', 'T1500-1264', 'T1500-1995', 'T1500-1003']","[0.6323539, 0.61725283, 0.61451143, 0.60687578, 0.60668725, 0.60650653, 0.60580564, 0.60498387, 0.60317445, 0.60311884]",,0,0,0,0,9b2cb844fe1d46d1c6b2585188ad5cd9e861f3d8a3597c47a16848f14aa9d1c0,4e77e1974f23402a1e836e45097a493edab801331489c0a46983af625844c4de,2026-08-06T20:59:12.844076+00:00
Q107,price,T1500,VERB,"['T1500-0570', 'T1500-0868', 'T1500-0472', 'T1500-1079', 'T1500-0865', 'T1500-0464', 'T1500-1054', 'T1500-0571', 'T1500-0468', 'T1500-1405']","[0.53510571, 0.52840304, 0.52188283, 0.52100307, 0.51727706, 0.51086205, 0.50985092, 0.5081206, 0.5071975, 0.50570524]",,0,0,0,0,ecfe8a4b08ccdbf10d87b0674ca3a6ee004d6cfcefbd40a7f2fde68e2cf6f484,4e77e1974f23402a1e836e45097a493edab801331489c0a46983af625844c4de,2026-08-06T20:59:12.844487+00:00
Q108,attribute,T1500,VERB,"['T1500-0983', 'T1500-1962', 'T1500-0982', 'T1500-1980', 'T1500-0980', 'T1500-0981', 'T1500-0970', 'T1500-0979', 'T1500-0969', 'T1500-1979']","[0.62155139, 0.60905528, 0.60810894, 0.60784233, 0.60461265, 0.60431862, 0.60133016, 0.60053265, 0.59971797, 0.59943408]",,0,0,0,0,96f67eb8e648187bf4d081f291f6615fc8eff182e554114e400a82bc1863e6df,4e77e1974f23402a1e836e45097a493edab801331489c0a46983af625844c4de,2026-08-06T20:59:12.844896+00:00
Q109,price,T1500,VERB,"['T1500-1155', 'T1500-1156', 'T1500-1154', 'T1500-1036', 'T1500-1150', 'T1500-1152', 'T1500-1995', 'T1500-1153', 'T1500-1250', 'T1500-1151']","[0.65852642, 0.65349329, 0.63265437, 0.61203814, 0.60503566, 0.59103334, 0.58840132, 0.58689296, 0.58169043, 0.58097923]",1,1,1,1,1,a87513a21da239ee80707417e2d5e28bb0e2d0c25bcc707dabfd2551b9833ce6,4e77e1974f23402a1e836e45097a493edab801331489c0a46983af625844c4de,2026-08-06T20:59:12.845311+00:00
Q110,price,T1500,VERB,"['T1500-0303', 'T1500-0302', 'T1500-0810', 'T1500-0304', 'T1500-0908', 'T1500-0911', 'T1500-0899', 'T1500-1752', 'T1500-0896', 'T1500-1750']","[0.62390244, 0.5717923, 0.55897343, 0.54874849, 0.54766804, 0.54479516, 0.54410827, 0.5422188, 0.54103154, 0.54099643]",1,1,1,1,1,4f47ce968956ec1b9dcfa6fb89d16e695a7903720db30a29461dc3242eafa943,4e77e1974f23402a1e836e45097a493edab801331489c0a46983af625844c4de,2026-08-06T20:59:12.845716+00:00
Q111,attribute,T1500,VERB,"['T1500-0983', 'T1500-1264', 'T1500-1796', 'T1500-0969', 'T1500-1185', 'T1500-1180', 'T1500-1161', 'T1500-0970', 'T1500-0947', 'T1500-1201']","[0.5948298, 0.59074473, 0.5881207, 0.58423632, 0.58239895, 0.58178526, 0.58171141, 0.5815618, 0.58148366, 0.5814355]",3,0,1,1,1,00e1a44afcc90d43d2582e730e2ece89e06e7b8caaa68d9122bcde5dd443c4fe,4e77e1974f23402a1e836e45097a493edab801331489c0a46983af625844c4de,2026-08-06T20:59:12.846154+00:00
Q112,price,T1500,VERB,"['T1500-0868', 'T1500-0464', 'T1500-1405', 'T1500-1600', 'T1500-0468', 'T1500-0472', 'T1500-1521', 'T1500-0564', 'T1500-0181', 'T1500-0865']","[0.53147578, 0.5204072, 0.51834017, 0.51569164, 0.51173079, 0.51060462, 0.50187975, 0.50170338, 0.5005607, 0.50026238]",2,0,1,1,1,d4a200f7c79abfadaabdfc1911cd4429b157c6abde39b1305f85d1ec0811767d,4e77e1974f23402a1e836e45097a493edab801331489c0a46983af625844c4de,2026-08-06T20:59:12.846577+00:00
Q113,price,T1500,VERB,"['T1500-1915', 'T1500-1986', 'T1500-1157', 'T1500-1894', 'T1500-1891', 'T1500-1995', 'T1500-1900', 'T1500-1949', 'T1500-1033', 'T1500-1912']","[0.6118468, 0.59270006, 0.58244383, 0.57679266, 0.5720523, 0.56566316, 0.56348741, 0.56293976, 0.56112587, 0.5584693]",,0,0,0,0,6bb4a27e2d029f166f1958687a4afd70c10587e5b99a71471173da86451e17ab,4e77e1974f23402a1e836e45097a493edab801331489c0a46983af625844c4de,2026-08-06T20:59:12.846981+00:00
Q114,price,T1500,VERB,"['T1500-0216', 'T1500-0039', 'T1500-0305', 'T1500-0040', 'T1500-0301', 'T1500-0217', 'T1500-0074', 'T1500-0025', 'T1500-0026', 'T1500-0304']","[0.52179313, 0.44828835, 0.4217267, 0.42069733, 0.41954559, 0.41876128, 0.41863024, 0.41791248, 0.41545743, 0.41385362]",,0,0,0,0,9691c026bc4bea91f64a899878df11e7db1e4bce6b4a7f60afe37ecca89f6f64,4e77e1974f23402a1e836e45097a493edab801331489c0a46983af625844c4de,2026-08-06T20:59:12.847399+00:00
Q115,price,T1500,VERB,"['T1500-1983', 'T1500-1985', 'T1500-1986', 'T1500-1976', 'T1500-1995', 'T1500-1807', 'T1500-1982', 'T1500-0997', 'T1500-1030', 'T1500-0992']","[0.6068511, 0.50217623, 0.50144619, 0.49317428, 0.48291019, 0.48256928, 0.48225331, 0.48183697, 0.47511974, 0.47100359]",2,0,1,1,1,2e1b099df3e03cb9b343938d4b186ae61af215efa56e01e984ce04ab8aba526b,4e77e1974f23402a1e836e45097a493edab801331489c0a46983af625844c4de,2026-08-06T20:59:12.847802+00:00
Q116,price,T1500,VERB,"['T1500-1405', 'T1500-1214', 'T1500-1213', 'T1500-0896', 'T1500-1373', 'T1500-0927', 'T1500-0912', 'T1500-0902', 'T1500-1347', 'T1500-1653']","[0.46082544, 0.45646682, 0.44192097, 0.44018877, 0.43847188, 0.43822265, 0.43707871, 0.43630296, 0.4332149, 0.43267322]",6,0,0,0,1,973d56c38a9c431edd989310f37b3e7e33c4aa20e78d648d92632c62bc319e55,4e77e1974f23402a1e836e45097a493edab801331489c0a46983af625844c4de,2026-08-06T20:59:12.848218+00:00
Q117,price,T1500,VERB,"['T1500-1972', 'T1500-1405', 'T1500-1468', 'T1500-1284', 'T1500-2224', 'T1500-1998', 'T1500-2220', 'T1500-1308', 'T1500-1345', 'T1500-0174']","[0.47028112, 0.46058807, 0.44405472, 0.43697843, 0.43408903, 0.43397981, 0.43360478, 0.4332059, 0.43164316, 0.43018031]",,0,0,0,0,5609e748e6565211c6854d9da53b6a2f0d89f74cfe73a4b44430f44dcce6d882,4e77e1974f23402a1e836e45097a493edab801331489c0a46983af625844c4de,2026-08-06T20:59:12.848636+00:00
Q118,attribute,T1500,VERB,"['T1500-1124', 'T1500-1130', 'T1500-1127', 'T1500-1972', 'T1500-1769', 'T1500-1046', 'T1500-1792', 'T1500-2002', 'T1500-1779', 'T1500-1776']","[0.54943311, 0.53136015, 0.52512109, 0.5210976, 0.51989305, 0.51271188, 0.51154184, 0.51078969, 0.51044071, 0.50795364]",1,1,1,1,1,9a6d95e707906a22be115e683f0f8195e5c4d47bae1b7a6c8eee99479e63fd5e,4e77e1974f23402a1e836e45097a493edab801331489c0a46983af625844c4de,2026-08-06T20:59:12.849059+00:00
Q119,price,T1500,VERB,"['T1500-0104', 'T1500-0108', 'T1500-0112', 'T1500-0037', 'T1500-0199', 'T1500-0071', 'T1500-0079', 'T1500-0097', 'T1500-0105', 'T1500-0088']","[0.58662283, 0.57650447, 0.55900192, 0.54358059, 0.53128529, 0.53124934, 0.53068566, 0.52989423, 0.52821696, 0.52723813]",,0,0,0,0,dae9e176af9e63f7ca77e382bc0ff6010e0f46e3f648a0f351bddad5d9e15c11,4e77e1974f23402a1e836e45097a493edab801331489c0a46983af625844c4de,2026-08-06T20:59:12.849464+00:00
Q120,price,T1500,VERB,"['T1500-1008', 'T1500-1011', 'T1500-1009', 'T1500-1010', 'T1500-1006', 'T1500-1007', 'T1500-1005', 'T1500-1986', 'T1500-1002', 'T1500-1000']","[0.61717772, 0.61680686, 0.61669135, 0.61084986, 0.60903507, 0.60380077, 0.60374451, 0.54725707, 0.54688227, 0.54550481]",3,0,1,1,1,f5d51c683fab70ca719bbc64cc698ad47437a0b33c7e40b373408d369e2d66a5,4e77e1974f23402a1e836e45097a493edab801331489c0a46983af625844c4de,2026-08-06T20:59:12.849866+00:00
Q121,price,T1500,VERB,"['T1500-1435', 'T1500-0182', 'T1500-1741', 'T1500-0178', 'T1500-0176', 'T1500-0173', 'T1500-0184', 'T1500-0169', 'T1500-0910', 'T1500-0185']","[0.48147279, 0.46520269, 0.46400869, 0.46263754, 0.46088731, 0.45997596, 0.45941791, 0.45725751, 0.45696977, 0.45649832]",,0,0,0,0,552191e84c5c679c754387e93cc1776085f91b9f84a6f57cc9e77dd292c9d8e6,4e77e1974f23402a1e836e45097a493edab801331489c0a46983af625844c4de,2026-08-06T20:59:12.850281+00:00
Q122,price,T1500,VERB,"['T1500-1422', 'T1500-1377', 'T1500-0294', 'T1500-0295', 'T1500-0048', 'T1500-0282', 'T1500-0281', 'T1500-1373', 'T1500-0283', 'T1500-0265']","[0.51057911, 0.50699747, 0.50604349, 0.50546014, 0.50542945, 0.50483572, 0.50352073, 0.50021517, 0.50009561, 0.49812934]",2,0,1,1,1,3bd0c461db5f4eb09e428b5cb253afbf4fcedf9e6aa2d8afe02e3f7634bacb57,4e77e1974f23402a1e836e45097a493edab801331489c0a46983af625844c4de,2026-08-06T20:59:12.850679+00:00
Q123,attribute,T1500,VERB,"['T1500-0037', 'T1500-0104', 'T1500-2035', 'T1500-0110', 'T1500-2096', 'T1500-0108', 'T1500-0199', 'T1500-1571', 'T1500-0041', 'T1500-2088']","[0.61821753, 0.59450972, 0.56163871, 0.54560685, 0.54063594, 0.52692264, 0.52264851, 0.52258867, 0.52189064, 0.5161193]",1,1,1,1,1,56fcd27e00ef9aef2b112a433f47dc209c9b4eeca75b8367b88929642ad0afe2,4e77e1974f23402a1e836e45097a493edab801331489c0a46983af625844c4de,2026-08-06T20:59:12.851099+00:00
Q124,attribute,T1500,VERB,"['T1500-2096', 'T1500-2035', 'T1500-0104', 'T1500-2088', 'T1500-0110', 'T1500-0108', 'T1500-2091', 'T1500-2103', 'T1500-2102', 'T1500-0037']","[0.54273999, 0.53864938, 0.53564954, 0.51667905, 0.5064978, 0.49945205, 0.48756984, 0.484465, 0.48358899, 0.48127723]",1,1,1,1,1,e2663a8a7b1c0af68f47c8237b45e970eaf0b49915bf06892b7498f8bf20d8ae,4e77e1974f23402a1e836e45097a493edab801331489c0a46983af625844c4de,2026-08-06T20:59:12.851523+00:00
Q125,attribute,T1500,VERB,"['T1500-0874', 'T1500-0432', 'T1500-0542', 'T1500-0448', 'T1500-0534', 'T1500-0444', 'T1500-0538', 'T1500-0877', 'T1500-0880', 'T1500-0440']","[0.58563274, 0.58444047, 0.57866263, 0.57685971, 0.57455385, 0.56463325, 0.56160378, 0.55770612, 0.55750895, 0.55671346]",1,1,1,1,1,0e701a71d0e6771b3da40836f2b239dad9c55d76e85ad8802dc2bde3df036fa5,4e77e1974f23402a1e836e45097a493edab801331489c0a46983af625844c4de,2026-08-06T20:59:12.851918+00:00
Q126,price,T1500,VERB,"['T1500-1599', 'T1500-1535', 'T1500-0104', 'T1500-1342', 'T1500-1534', 'T1500-1345', 'T1500-1546', 'T1500-0074', 'T1500-1642', 'T1500-0108']","[0.42817444, 0.42297566, 0.41062811, 0.40810969, 0.40672892, 0.40590775, 0.40569288, 0.40520555, 0.40413538, 0.4025366]",,0,0,0,0,1f5c5a873218d0a08387e1ced4f689cd006ff0b18d8e9ead4eea0dc27a2d6eda,4e77e1974f23402a1e836e45097a493edab801331489c0a46983af625844c4de,2026-08-06T20:59:12.852335+00:00
Q127,price,T1500,VERB,"['T1500-1891', 'T1500-1894', 'T1500-1006', 'T1500-1995', 'T1500-0958', 'T1500-1010', 'T1500-1002', 'T1500-0957', 'T1500-1000', 'T1500-1011']","[0.59608459, 0.59541929, 0.58197987, 0.58123183, 0.57907236, 0.57897997, 0.57890171, 0.57800782, 0.57729918, 0.57594037]",,0,0,0,0,7a859cdd59887ef1fa0bb873d69171929c221848125094a1714b587ebb9de06e,4e77e1974f23402a1e836e45097a493edab801331489c0a46983af625844c4de,2026-08-06T20:59:12.852763+00:00
Q128,price,T1500,VERB,"['T1500-0235', 'T1500-0902', 'T1500-0896', 'T1500-0905', 'T1500-0184', 'T1500-0295', 'T1500-0015', 'T1500-0899', 'T1500-0833', 'T1500-1468']","[0.48978832, 0.46632463, 0.46594569, 0.46524054, 0.46352288, 0.46301904, 0.46242449, 0.46164039, 0.4615767, 0.46101582]",1,1,1,1,1,c3c474d4183f4eda9620d59c995838738351dde95d662cef616da1e537db7d59,4e77e1974f23402a1e836e45097a493edab801331489c0a46983af625844c4de,2026-08-06T20:59:12.853197+00:00
Q129,price,T1500,VERB,"['T1500-0906', 'T1500-0908', 'T1500-0894', 'T1500-0911', 'T1500-0810', 'T1500-0907', 'T1500-1405', 'T1500-0900', 'T1500-0896', 'T1500-0899']","[0.49121535, 0.48682988, 0.48535287, 0.48482704, 0.4843775, 0.47977334, 0.47948506, 0.47617707, 0.4759379, 0.47140801]",,0,0,0,0,67a84a8fc181bcbaf09d3a142372a5aa193aecd6c497215c7c128c4621dee0d6,4e77e1974f23402a1e836e45097a493edab801331489c0a46983af625844c4de,2026-08-06T20:59:12.853626+00:00
Q130,attribute,T1500,VERB,"['T1500-0213', 'T1500-0906', 'T1500-0908', 'T1500-0907', 'T1500-0911', 'T1500-0909', 'T1500-0894', 'T1500-0910', 'T1500-0900', 'T1500-0905']","[0.61932719, 0.58314496, 0.57808, 0.57765329, 0.5738641, 0.57048672, 0.56449705, 0.56331182, 0.56329018, 0.56277812]",,0,0,0,0,2e1b18bd4a4882a5f2522c226cd89bce81719a76b7ac82e5067e62eb735c77fe,4e77e1974f23402a1e836e45097a493edab801331489c0a46983af625844c4de,2026-08-06T20:59:12.854054+00:00
Q131,attribute,T1500,VERB,"['T1500-1983', 'T1500-1986', 'T1500-1995', 'T1500-0997', 'T1500-1000', 'T1500-0966', 'T1500-0993', 'T1500-0970', 'T1500-1010', 'T1500-1189']","[0.58614761, 0.54554892, 0.52907139, 0.52481961, 0.5205285, 0.5192349, 0.51883662, 0.51879972, 0.51843286, 0.51838756]",1,1,1,1,1,bb572e1146128a322b087235cd3c1fbc13b0f97c04e315748e680b07d45b57cb,4e77e1974f23402a1e836e45097a493edab801331489c0a46983af625844c4de,2026-08-06T20:59:12.854494+00:00
Q132,price,T1500,VERB,"['T1500-0452', 'T1500-0450', 'T1500-0546', 'T1500-0860', 'T1500-0858', 'T1500-0809', 'T1500-0619', 'T1500-0825', 'T1500-0545', 'T1500-1054']","[0.51170248, 0.50211322, 0.49939069, 0.49774075, 0.4946686, 0.49269953, 0.4897444, 0.48791805, 0.48750183, 0.48468083]",1,1,1,1,1,580de183adfc2d31b3ccb2472e70096c18ecd17ffcbca8b8ce471e99fde0d534,4e77e1974f23402a1e836e45097a493edab801331489c0a46983af625844c4de,2026-08-06T20:59:12.854892+00:00
Q133,attribute,T1500,VERB,"['T1500-2037', 'T1500-0388', 'T1500-0394', 'T1500-0808', 'T1500-0807', 'T1500-0619', 'T1500-1265', 'T1500-0810', 'T1500-1311', 'T1500-0811']","[0.48223761, 0.4802804, 0.47712839, 0.47492957, 0.4740783, 0.47286206, 0.47195715, 0.47048977, 0.46978927, 0.46860474]",,0,0,0,0,a128862140f64219e9d9451410eb723a9f97823d3cbab486be378117636e3e05,4e77e1974f23402a1e836e45097a493edab801331489c0a46983af625844c4de,2026-08-06T20:59:12.855330+00:00
Q134,attribute,T1500,VERB,"['T1500-0983', 'T1500-0966', 'T1500-0970', 'T1500-0969', 'T1500-0967', 'T1500-0968', 'T1500-1995', 'T1500-0982', 'T1500-0980', 'T1500-0961']","[0.627846, 0.61516291, 0.61367607, 0.60920775, 0.6091513, 0.60819936, 0.60594177, 0.59920788, 0.59855175, 0.59806323]",,0,0,0,0,bf138cceeef05d87e7675c3a9284facbeddd15679df9238e7e8fe860651d29f8,4e77e1974f23402a1e836e45097a493edab801331489c0a46983af625844c4de,2026-08-06T20:59:12.855764+00:00
Q135,attribute,T1500,VERB,"['T1500-1995', 'T1500-0958', 'T1500-0970', 'T1500-0965', 'T1500-1976', 'T1500-0978', 'T1500-0966', 'T1500-0975', 'T1500-0963', 'T1500-0959']","[0.65469086, 0.63587809, 0.63411045, 0.63276458, 0.62831146, 0.6275959, 0.62451506, 0.62430871, 0.62404048, 0.62299049]",5,0,0,1,1,858d1b8e5ab94eec7d1fa940c84e3a451e68b4f997069493c95064b64318eb4d,4e77e1974f23402a1e836e45097a493edab801331489c0a46983af625844c4de,2026-08-06T20:59:12.856188+00:00
Q136,attribute,T1500,VERB,"['T1500-0983', 'T1500-0967', 'T1500-0968', 'T1500-0970', 'T1500-0969', 'T1500-0966', 'T1500-0963', 'T1500-1995', 'T1500-0962', 'T1500-0961']","[0.61859763, 0.60672313, 0.60667408, 0.6065017, 0.60580385, 0.60527092, 0.60463369, 0.60338932, 0.60292566, 0.60075438]",,0,0,0,0,bd6b7874a4bfe44a0ff8e9f997c645733522a53760259eb0d86603cc7707f110,4e77e1974f23402a1e836e45097a493edab801331489c0a46983af625844c4de,2026-08-06T20:59:12.856629+00:00
Q137,price,T1500,VERB,"['T1500-0570', 'T1500-0868', 'T1500-0865', 'T1500-0472', 'T1500-1079', 'T1500-0464', 'T1500-0390', 'T1500-0571', 'T1500-0468', 'T1500-1405']","[0.53571254, 0.53420025, 0.52597249, 0.52463305, 0.52228111, 0.51288486, 0.51090956, 0.51030028, 0.50915486, 0.50854421]",,0,0,0,0,c8611d6569b38fcadefabce87af243085047e4a12884607241704344c2ada889,4e77e1974f23402a1e836e45097a493edab801331489c0a46983af625844c4de,2026-08-06T20:59:12.857040+00:00
Q138,price,T1500,VERB,"['T1500-1531', 'T1500-1546', 'T1500-1635', 'T1500-1638', 'T1500-1614', 'T1500-1706', 'T1500-1617', 'T1500-1534', 'T1500-1547', 'T1500-1562']","[0.49541137, 0.47491068, 0.47232813, 0.46941936, 0.46580067, 0.46549124, 0.46496001, 0.45946789, 0.45936641, 0.45899439]",7,0,0,0,1,cc888b125a1c9f6987e91c1c5fac3f08c3c7b54eca3161a0701487fef0f7fd1f,4e77e1974f23402a1e836e45097a493edab801331489c0a46983af625844c4de,2026-08-06T20:59:12.857460+00:00
Q139,price,T1500,VERB,"['T1500-0141', 'T1500-1405', 'T1500-2004', 'T1500-2001', 'T1500-0140', 'T1500-2012', 'T1500-0142', 'T1500-2120', 'T1500-1900', 'T1500-1983']","[0.46643054, 0.45755517, 0.45147792, 0.44988728, 0.44850457, 0.44691324, 0.44517586, 0.43314534, 0.43298757, 0.43190241]",1,1,1,1,1,0fb640fdb62e3f50507524b42edc18402f980791cbde7ed538d223391a25b54c,4e77e1974f23402a1e836e45097a493edab801331489c0a46983af625844c4de,2026-08-06T20:59:12.857872+00:00
Q140,price,T1500,VERB,"['T1500-0448', 'T1500-0432', 'T1500-0534', 'T1500-0436', 'T1500-0542', 'T1500-0880', 'T1500-0874', 'T1500-0440', 'T1500-0877', 'T1500-0444']","[0.57504988, 0.56464195, 0.56314141, 0.56155378, 0.55790186, 0.55531573, 0.55438876, 0.55238664, 0.55134308, 0.55041766]",,0,0,0,0,cff6357be7e261a834dcc91c99e801a69badf28ebf6eb2709c19dd776b6f8d73,4e77e1974f23402a1e836e45097a493edab801331489c0a46983af625844c4de,2026-08-06T20:59:12.858286+00:00
Q141,price,T1500,VERB,"['T1500-1995', 'T1500-1033', 'T1500-0983', 'T1500-0975', 'T1500-0982', 'T1500-1949', 'T1500-0966', 'T1500-0980', 'T1500-0963', 'T1500-0981']","[0.63694727, 0.62505299, 0.62423325, 0.62280905, 0.61967611, 0.61954653, 0.61862123, 0.61848748, 0.61750275, 0.61740476]",,0,0,0,0,088cf0826aa589b40ad1370eb7e7fb5126236983f32d53ab13890912d49304c9,4e77e1974f23402a1e836e45097a493edab801331489c0a46983af625844c4de,2026-08-06T20:59:12.858689+00:00
Q142,price,T1500,VERB,"['T1500-1676', 'T1500-0448', 'T1500-0332', 'T1500-0880', 'T1500-0436', 'T1500-0815', 'T1500-0432', 'T1500-0874', 'T1500-0534', 'T1500-0339']","[0.5061084, 0.50511366, 0.50190723, 0.5017907, 0.50146854, 0.50086254, 0.49909469, 0.49891013, 0.49852657, 0.4976024]",,0,0,0,0,859f4c3f7abb4b1a58bd44af303f213d32118322651715979c9352ffe122e8c4,4e77e1974f23402a1e836e45097a493edab801331489c0a46983af625844c4de,2026-08-06T20:59:12.859095+00:00
Q143,attribute,T1500,VERB,"['T1500-1811', 'T1500-1815', 'T1500-1891', 'T1500-1995', 'T1500-1186', 'T1500-1912', 'T1500-1976', 'T1500-1986', 'T1500-1168', 'T1500-1006']","[0.56923592, 0.55189812, 0.55055392, 0.53863621, 0.53838778, 0.53574091, 0.53366995, 0.53215706, 0.53136683, 0.53113347]",,0,0,0,0,f4dee4305190b093ee11875ef6813cf5ce3e1f97d7e2eeffdf459f1e32d8d1ee,4e77e1974f23402a1e836e45097a493edab801331489c0a46983af625844c4de,2026-08-06T20:59:12.859527+00:00
Q144,price,T1500,VERB,"['T1500-0880', 'T1500-0877', 'T1500-0448', 'T1500-0436', 'T1500-0432', 'T1500-0534', 'T1500-0874', 'T1500-0614', 'T1500-0815', 'T1500-0607']","[0.56992614, 0.56930399, 0.55942398, 0.55645585, 0.55583721, 0.5556463, 0.5520528, 0.55179536, 0.54778928, 0.54708564]",,0,0,0,0,aeba23ebee74275402ae92bc0ce998ae9ec0b0a09ea8d5b5c604b6ac39b7c941,4e77e1974f23402a1e836e45097a493edab801331489c0a46983af625844c4de,2026-08-06T20:59:12.859928+00:00
Q145,attribute,T1500,VERB,"['T1500-0303', 'T1500-0302', 'T1500-0906', 'T1500-0304', 'T1500-0811', 'T1500-0894', 'T1500-0911', 'T1500-0908', 'T1500-1750', 'T1500-0910']","[0.62401092, 0.5686928, 0.55170846, 0.55155402, 0.54976916, 0.54803324, 0.54579496, 0.54490209, 0.54422754, 0.54401255]",,0,0,0,0,6f03cbacb4eaa978ffb3d648a5ddb3014f246d61ca171872ee7584194ff28f5c,4e77e1974f23402a1e836e45097a493edab801331489c0a46983af625844c4de,2026-08-06T20:59:12.860357+00:00
Q146,price,T1500,VERB,"['T1500-0065', 'T1500-1567', 'T1500-0097', 'T1500-0054', 'T1500-1635', 'T1500-0074', 'T1500-0024', 'T1500-0055', 'T1500-0085', 'T1500-1546']","[0.51904535, 0.50976908, 0.50407547, 0.50058031, 0.49825075, 0.49661127, 0.49605456, 0.49354652, 0.49168396, 0.49112785]",2,0,1,1,1,c15f28e5838eb5540b54e2dd7c7e4e9a1b06fdaa6a121d046f1a436c299248d5,4e77e1974f23402a1e836e45097a493edab801331489c0a46983af625844c4de,2026-08-06T20:59:12.860759+00:00
Q147,price,T1500,VERB,"['T1500-1706', 'T1500-0899', 'T1500-0898', 'T1500-0905', 'T1500-0896', 'T1500-0904', 'T1500-0916', 'T1500-0918', 'T1500-0897', 'T1500-0894']","[0.5475409, 0.53788221, 0.53673238, 0.53645968, 0.5362581, 0.53598303, 0.53324306, 0.53176224, 0.5315699, 0.53086948]",,0,0,0,0,f42bf362a9bae1680e3a777eb05b3a2d932f677cdac92a69c987cf802102410c,4e77e1974f23402a1e836e45097a493edab801331489c0a46983af625844c4de,2026-08-06T20:59:12.861189+00:00
Q148,price,T1500,VERB,"['T1500-0295', 'T1500-0020', 'T1500-0134', 'T1500-0252', 'T1500-0270', 'T1500-0271', 'T1500-0294', 'T1500-0281', 'T1500-0251', 'T1500-1405']","[0.55580282, 0.5461536, 0.54163325, 0.53832042, 0.53602576, 0.53352791, 0.52837098, 0.52648365, 0.5240317, 0.52391917]",,0,0,0,0,5888de19506654fc70581631b57245fa02d092deaffa1656a3370e2d7ea61305,4e77e1974f23402a1e836e45097a493edab801331489c0a46983af625844c4de,2026-08-06T20:59:12.861622+00:00
Q149,attribute,T1500,VERB,"['T1500-0104', 'T1500-0108', 'T1500-0199', 'T1500-1571', 'T1500-1599', 'T1500-0114', 'T1500-0105', 'T1500-0110', 'T1500-0112', 'T1500-1449']","[0.62171817, 0.56538773, 0.56318223, 0.56103349, 0.55839276, 0.53947496, 0.53933144, 0.5383687, 0.53812206, 0.53513539]",5,0,0,1,1,79475664a4455679bb720f433b5ba06e7c2d3970663bfb507d7351c736a6b8bc,4e77e1974f23402a1e836e45097a493edab801331489c0a46983af625844c4de,2026-08-06T20:59:12.862041+00:00
Q150,attribute,T1500,VERB,"['T1500-0137', 'T1500-0090', 'T1500-0138', 'T1500-0139', 'T1500-0292', 'T1500-0048', 'T1500-2091', 'T1500-0252', 'T1500-0134', 'T1500-0131']","[0.59986556, 0.59575701, 0.58928394, 0.57695532, 0.57644618, 0.56721222, 0.5624243, 0.55956727, 0.55842882, 0.555951]",1,1,1,1,1,b8f085dada031f1ea66c9d944462b56aee8572c5af9a7e7984c8ae7495558b69,4e77e1974f23402a1e836e45097a493edab801331489c0a46983af625844c4de,2026-08-06T20:59:12.862472+00:00
Q151,price,T1500,VERB,"['T1500-0249', 'T1500-0228', 'T1500-0905', 'T1500-0899', 'T1500-0898', 'T1500-0894', 'T1500-0904', 'T1500-0896', 'T1500-0045', 'T1500-0043']","[0.53395879, 0.52080613, 0.52078199, 0.5204764, 0.51465809, 0.51386344, 0.51343918, 0.51258433, 0.51216328, 0.51133358]",,0,0,0,0,1208b1974eadda76d85e26db629c6220d4d1bb38780cf86a332fe08c84665024,4e77e1974f23402a1e836e45097a493edab801331489c0a46983af625844c4de,2026-08-06T20:59:12.862880+00:00
Q152,price,T1500,VERB,"['T1500-1894', 'T1500-1945', 'T1500-1976', 'T1500-1986', 'T1500-1002', 'T1500-1000', 'T1500-0983', 'T1500-1250', 'T1500-0970', 'T1500-2000']","[0.56513906, 0.56311405, 0.54418492, 0.54343581, 0.53210306, 0.53181815, 0.53132564, 0.53114349, 0.53072953, 0.53025812]",2,0,1,1,1,d9e6297f3fecf4c1c603a640c391f92d24f351446e6705767c34a5ab413ba92b,4e77e1974f23402a1e836e45097a493edab801331489c0a46983af625844c4de,2026-08-06T20:59:12.863300+00:00
Q153,attribute,T1500,VERB,"['T1500-1972', 'T1500-1014', 'T1500-1284', 'T1500-1288', 'T1500-1278', 'T1500-1299', 'T1500-1287', 'T1500-1282', 'T1500-1275', 'T1500-1290']","[0.54505908, 0.53399462, 0.53399324, 0.52865911, 0.51961404, 0.51747042, 0.51023632, 0.5085265, 0.50746799, 0.50553423]",,0,0,0,0,82576ad3f6bd4cf70fcfbacbbf31f827037615ada32da1b939038002e6a02f54,4e77e1974f23402a1e836e45097a493edab801331489c0a46983af625844c4de,2026-08-06T20:59:12.863728+00:00
Q154,attribute,T1500,VERB,"['T1500-0835', 'T1500-0825', 'T1500-0833', 'T1500-0676', 'T1500-0827', 'T1500-0826', 'T1500-0824', 'T1500-0830', 'T1500-0837', 'T1500-0841']","[0.61226082, 0.57259798, 0.56611347, 0.56531465, 0.55903149, 0.5559628, 0.55536431, 0.55376256, 0.54649425, 0.54349881]",1,1,1,1,1,8139bc1e47a7a976c43c0a25a49f5db646947f321276d02658c39c3197b2db6c,4e77e1974f23402a1e836e45097a493edab801331489c0a46983af625844c4de,2026-08-06T20:59:12.864155+00:00
Q155,price,T1500,VERB,"['T1500-1856', 'T1500-1237', 'T1500-1998', 'T1500-1337', 'T1500-1972', 'T1500-2004', 'T1500-2073', 'T1500-1272', 'T1500-1405', 'T1500-0919']","[0.52480817, 0.50906765, 0.49349293, 0.49209332, 0.49151027, 0.48938799, 0.48743334, 0.4829998, 0.48289371, 0.47915864]",,0,0,0,0,145344b903cb304a974134d4fd4bdc8df403ca8749d1c64c78e70f5c2229b2f4,4e77e1974f23402a1e836e45097a493edab801331489c0a46983af625844c4de,2026-08-06T20:59:12.864572+00:00
Q156,price,T1500,VERB,"['T1500-1969', 'T1500-1735', 'T1500-1468', 'T1500-1548', 'T1500-1397', 'T1500-1405', 'T1500-1581', 'T1500-1389', 'T1500-1483', 'T1500-1953']","[0.50417644, 0.48982108, 0.48639384, 0.48629078, 0.48592192, 0.48505425, 0.48249239, 0.47975397, 0.4755103, 0.47514844]",,0,0,0,0,34ba5c07e9f2b615884e32fef110095e7cdb1ba763f23b0e96c40a08d5515f68,4e77e1974f23402a1e836e45097a493edab801331489c0a46983af625844c4de,2026-08-06T20:59:12.864985+00:00
Q157,attribute,T1500,VERB,"['T1500-1237', 'T1500-1064', 'T1500-1236', 'T1500-0988', 'T1500-2012', 'T1500-1020', 'T1500-1200', 'T1500-1156', 'T1500-1034', 'T1500-1235']","[0.57804501, 0.54009539, 0.5356096, 0.53325802, 0.53310144, 0.52993834, 0.5283916, 0.52597666, 0.52051628, 0.52029252]",,0,0,0,0,d86aab20083ae85a6169e6a5b95906bdb44fd9f3fb19036130c1e550bc3daf65,4e77e1974f23402a1e836e45097a493edab801331489c0a46983af625844c4de,2026-08-06T20:59:12.865427+00:00
Q158,attribute,T1500,VERB,"['T1500-0614', 'T1500-0900', 'T1500-0894', 'T1500-0607', 'T1500-0899', 'T1500-0902', 'T1500-0896', 'T1500-0905', 'T1500-0357', 'T1500-0901']","[0.59706485, 0.59093612, 0.59045362, 0.58914709, 0.58658075, 0.58590913, 0.58577704, 0.58437765, 0.58314991, 0.58217227]",,0,0,0,0,ed6cd526ef46ff81b16bf0824ff67afc2d05c3d4c4ed61d1b79a74e2ac3e469b,4e77e1974f23402a1e836e45097a493edab801331489c0a46983af625844c4de,2026-08-06T20:59:12.865864+00:00
Q159,attribute,T1500,VERB,"['T1500-0298', 'T1500-0110', 'T1500-0297', 'T1500-2096', 'T1500-2089', 'T1500-2102', 'T1500-2094', 'T1500-2090', 'T1500-0112', 'T1500-0251']","[0.60649085, 0.54243302, 0.54158956, 0.54081964, 0.51296782, 0.50960606, 0.50574529, 0.50313979, 0.50144005, 0.49984753]",1,1,1,1,1,6c35f07c8628b7e554ba8e6dd393fdac18e782f66f5bff80baadc8a0e51cfa9d,4e77e1974f23402a1e836e45097a493edab801331489c0a46983af625844c4de,2026-08-06T20:59:12.866291+00:00
Q160,price,T1500,VERB,"['T1500-0894', 'T1500-0896', 'T1500-0899', 'T1500-0900', 'T1500-0905', 'T1500-0902', 'T1500-0895', 'T1500-0898', 'T1500-0897', 'T1500-0904']","[0.51142776, 0.50907081, 0.50847846, 0.50688195, 0.50548786, 0.5042333, 0.50206727, 0.50189966, 0.49824756, 0.4970521]",,0,0,0,0,47c7d154b536197644096c43b63dac86d420c45e98eed7898afd275936793696,4e77e1974f23402a1e836e45097a493edab801331489c0a46983af625844c4de,2026-08-06T20:59:12.866696+00:00
Q161,attribute,T1500,VERB,"['T1500-1741', 'T1500-1422', 'T1500-0182', 'T1500-1430', 'T1500-0104', 'T1500-0015', 'T1500-1250', 'T1500-0908', 'T1500-0911', 'T1500-0906']","[0.50695217, 0.50550169, 0.50005102, 0.49904814, 0.49402767, 0.48931038, 0.48885968, 0.48869497, 0.48850852, 0.48844042]",3,0,1,1,1,4d81036ecab29f102a952871a035c25c4bf999fe1dafc3fde449adb0ce3a1fe7,4e77e1974f23402a1e836e45097a493edab801331489c0a46983af625844c4de,2026-08-06T20:59:12.867119+00:00
Q162,price,T1500,VERB,"['T1500-0997', 'T1500-0996', 'T1500-0994', 'T1500-0995', 'T1500-0990', 'T1500-1002', 'T1500-0991', 'T1500-1008', 'T1500-1011', 'T1500-1001']","[0.63668919, 0.62228131, 0.61991096, 0.61451501, 0.61343682, 0.60744822, 0.60678834, 0.59882355, 0.59849012, 0.59642118]",1,1,1,1,1,c88ac06881715d43d6838c742b9d6c65af0375301d6d7466b575bd0c7dd076c8,4e77e1974f23402a1e836e45097a493edab801331489c0a46983af625844c4de,2026-08-06T20:59:12.867530+00:00
Q163,attribute,T1500,VERB,"['T1500-0658', 'T1500-0767', 'T1500-0655', 'T1500-0769', 'T1500-0657', 'T1500-0723', 'T1500-0659', 'T1500-0793', 'T1500-0656', 'T1500-0712']","[0.57544363, 0.57085061, 0.57081079, 0.56932253, 0.56895733, 0.56895673, 0.56849849, 0.56840646, 0.56825066, 0.56674117]",,0,0,0,0,9f54acb68ee3f31899db786d9a4077865283380827d4ae03ae3308f9e0ecc9f1,4e77e1974f23402a1e836e45097a493edab801331489c0a46983af625844c4de,2026-08-06T20:59:12.867942+00:00
Q164,price,T1500,VERB,"['T1500-1250', 'T1500-1249', 'T1500-1248', 'T1500-1145', 'T1500-1146', 'T1500-1839', 'T1500-0970', 'T1500-0969', 'T1500-1155', 'T1500-0967']","[0.54571474, 0.54297054, 0.53721893, 0.53682828, 0.53549707, 0.53317678, 0.53283179, 0.53207517, 0.53155363, 0.53074801]",6,0,0,0,1,08cfca2e76e6e7bb076b1339eeabbcc4fbaadaf24b2c07ebd9749305a97620c6,4e77e1974f23402a1e836e45097a493edab801331489c0a46983af625844c4de,2026-08-06T20:59:12.868354+00:00
Q165,price,T1500,VERB,"['T1500-0841', 'T1500-0837', 'T1500-0835', 'T1500-0842', 'T1500-0826', 'T1500-0839', 'T1500-0828', 'T1500-0831', 'T1500-0825', 'T1500-0840']","[0.69698203, 0.64911562, 0.5964874, 0.58893192, 0.57063568, 0.56331432, 0.56228775, 0.56211829, 0.56082439, 0.5592432]",4,0,0,1,1,8274cb4311a5c9d11ce7665b7f42d11f9acb66a6648f0902d9c92e3ba583da7e,4e77e1974f23402a1e836e45097a493edab801331489c0a46983af625844c4de,2026-08-06T20:59:12.868765+00:00
Q166,price,T1500,VERB,"['T1500-1649', 'T1500-1659', 'T1500-1652', 'T1500-1653', 'T1500-0282', 'T1500-0283', 'T1500-1656', 'T1500-1521', 'T1500-0911', 'T1500-0284']","[0.54822034, 0.51886779, 0.49821061, 0.49419811, 0.48218268, 0.47383893, 0.47029313, 0.46892002, 0.46878779, 0.46846747]",,0,0,0,0,b604181784cb0b75852fc717cd2057753abbdc44029f50653d4984425297f6b9,4e77e1974f23402a1e836e45097a493edab801331489c0a46983af625844c4de,2026-08-06T20:59:12.869179+00:00
Q167,price,T1500,VERB,"['T1500-0390', 'T1500-0868', 'T1500-0561', 'T1500-1079', 'T1500-0468', 'T1500-0560', 'T1500-0472', 'T1500-0865', 'T1500-0614', 'T1500-0568']","[0.58757329, 0.56502712, 0.5573312, 0.55203402, 0.5441221, 0.54341424, 0.54084754, 0.53843105, 0.53758568, 0.53709859]",,0,0,0,0,d7f7fcc2f0354f903893ab08d1ce1f8a8ca30c9d6bfec443c7eaa167a433a3c9,4e77e1974f23402a1e836e45097a493edab801331489c0a46983af625844c4de,2026-08-06T20:59:12.869611+00:00
Q168,price,T1500,VERB,"['T1500-0332', 'T1500-1405', 'T1500-0809', 'T1500-0320', 'T1500-0877', 'T1500-0328', 'T1500-0754', 'T1500-0448', 'T1500-0432', 'T1500-0436']","[0.52593189, 0.51766014, 0.51243305, 0.51083726, 0.50787324, 0.50744915, 0.50562322, 0.50500041, 0.50287652, 0.50275785]",6,0,0,0,1,b5657d9b11f81754ed5eee5acb7b8ec5a41b4e8453ee76c732ec404e472b6305,4e77e1974f23402a1e836e45097a493edab801331489c0a46983af625844c4de,2026-08-06T20:59:12.870022+00:00
Q169,attribute,T1500,VERB,"['T1500-0104', 'T1500-0112', 'T1500-0108', 'T1500-0114', 'T1500-0110', 'T1500-0199', 'T1500-0079', 'T1500-1599', 'T1500-0092', 'T1500-0085']","[0.60022449, 0.56447226, 0.55802882, 0.55701387, 0.55696517, 0.55570328, 0.55140424, 0.54650098, 0.53994876, 0.53780603]",7,0,0,0,1,0c560f050d3d82d81b766004f347a5e71ca4ea110260e5583597c52a5381549a,4e77e1974f23402a1e836e45097a493edab801331489c0a46983af625844c4de,2026-08-06T20:59:12.870460+00:00
Q170,price,T1500,VERB,"['T1500-0229', 'T1500-0224', 'T1500-0226', 'T1500-0227', 'T1500-1659', 'T1500-1599', 'T1500-1653', 'T1500-0232', 'T1500-0230', 'T1500-0225']","[0.49287933, 0.49093077, 0.48999703, 0.48105881, 0.47620702, 0.47552946, 0.47226125, 0.47030103, 0.46997997, 0.4664399]",1,1,1,1,1,5a07536463b4d54efe28d0e6c0f32e9c94809a24cdd5251ea1543f512c0df37b,4e77e1974f23402a1e836e45097a493edab801331489c0a46983af625844c4de,2026-08-06T20:59:12.870873+00:00
Q171,price,T1500,VERB,"['T1500-1414', 'T1500-1510', 'T1500-1745', 'T1500-1433', 'T1500-0880', 'T1500-1368', 'T1500-1438', 'T1500-0419', 'T1500-1566', 'T1500-0395']","[0.48298287, 0.47928709, 0.4778527, 0.46818605, 0.46663192, 0.46606272, 0.46548754, 0.46535057, 0.46358585, 0.46268725]",10,0,0,0,1,1fd2863e165e49da72af6f725925cbfce5b231b08afd325c3bc968951e0f65ec,4e77e1974f23402a1e836e45097a493edab801331489c0a46983af625844c4de,2026-08-06T20:59:12.871291+00:00
Q172,attribute,T1500,VERB,"['T1500-1014', 'T1500-1972', 'T1500-1284', 'T1500-1288', 'T1500-1278', 'T1500-1299', 'T1500-1301', 'T1500-1287', 'T1500-1295', 'T1500-1275']","[0.54543555, 0.54265183, 0.54079485, 0.5239476, 0.52118701, 0.51944292, 0.51362008, 0.51169395, 0.51093906, 0.51080406]",,0,0,0,0,18e8e967ff54f9941f6b4d6e8eada3c224f728834692f8ac7888c80b6b926045,4e77e1974f23402a1e836e45097a493edab801331489c0a46983af625844c4de,2026-08-06T20:59:12.871719+00:00
Q173,attribute,T1500,VERB,"['T1500-2096', 'T1500-0099', 'T1500-0073', 'T1500-2094', 'T1500-0104', 'T1500-0108', 'T1500-2088', 'T1500-0110', 'T1500-0190', 'T1500-0308']","[0.53045821, 0.51107562, 0.50431693, 0.50347781, 0.49930063, 0.49827909, 0.49470422, 0.49186856, 0.48733807, 0.48520777]",3,0,1,1,1,f720b80185ea88f4589b0ec29b30eee21c5c1f5b041aed448386586ac399167e,4e77e1974f23402a1e836e45097a493edab801331489c0a46983af625844c4de,2026-08-06T20:59:12.872183+00:00
Q174,price,T1500,VERB,"['T1500-1201', 'T1500-1200', 'T1500-1199', 'T1500-1995', 'T1500-0975', 'T1500-0943', 'T1500-0941', 'T1500-0947', 'T1500-1202', 'T1500-0963']","[0.61860359, 0.60005462, 0.59019923, 0.5768463, 0.56617689, 0.5652076, 0.56457031, 0.56393892, 0.5628491, 0.56145716]",1,1,1,1,1,bb6c71a041434ac31f023f5b03934264177c1695dec56b4445ea81f8bd9cc8fd,4e77e1974f23402a1e836e45097a493edab801331489c0a46983af625844c4de,2026-08-06T20:59:12.872602+00:00
Q175,attribute,T1500,VERB,"['T1500-1642', 'T1500-1615', 'T1500-1546', 'T1500-2035', 'T1500-1635', 'T1500-0088', 'T1500-1449', 'T1500-1571', 'T1500-0104', 'T1500-1345']","[0.5434854, 0.5388521, 0.53881538, 0.53502154, 0.53466332, 0.53252316, 0.52932513, 0.52902508, 0.52824211, 0.52462316]",,0,0,0,0,485fcaa7cd1c30c0cea992dd715523efb1683ba26cfe1e304d2e381257e647dc,4e77e1974f23402a1e836e45097a493edab801331489c0a46983af625844c4de,2026-08-06T20:59:12.873032+00:00
Q176,attribute,T1500,VERB,"['T1500-1995', 'T1500-0965', 'T1500-0975', 'T1500-0962', 'T1500-0963', 'T1500-0978', 'T1500-0970', 'T1500-0964', 'T1500-0976', 'T1500-0961']","[0.64873862, 0.64399099, 0.64063805, 0.64025271, 0.63926995, 0.63898659, 0.63874525, 0.63863814, 0.63654006, 0.63544261]",2,0,1,1,1,9bc5fb1b493a312da75f9bf55d34c8577054eaf7e53da5c535dec95e426fbb1e,4e77e1974f23402a1e836e45097a493edab801331489c0a46983af625844c4de,2026-08-06T20:59:12.873450+00:00
Q177,price,T1500,VERB,"['T1500-0877', 'T1500-0432', 'T1500-0448', 'T1500-0436', 'T1500-0542', 'T1500-0534', 'T1500-0444', 'T1500-0538', 'T1500-0434', 'T1500-0880']","[0.58525532, 0.57586503, 0.57302564, 0.56336498, 0.56083393, 0.55925453, 0.55384952, 0.55264544, 0.55210447, 0.54986918]",9,0,0,0,1,38ae8f755770f5e95f7b32b98ee6ed1e765c677b95c409c89c9e263617e93491,4e77e1974f23402a1e836e45097a493edab801331489c0a46983af625844c4de,2026-08-06T20:59:12.873852+00:00
Q178,attribute,T1500,VERB,"['T1500-0299', 'T1500-0300', 'T1500-0298', 'T1500-0301', 'T1500-0307', 'T1500-0305', 'T1500-1749', 'T1500-0304', 'T1500-0017', 'T1500-2073']","[0.59829032, 0.59628737, 0.59034383, 0.54097545, 0.52805328, 0.52649033, 0.52469903, 0.51820147, 0.51653939, 0.5112499]",,0,0,0,0,540656bb0228de7f959eb5e1dc4040f4b8c6417f8a18dcef98275f0e708b1ccf,4e77e1974f23402a1e836e45097a493edab801331489c0a46983af625844c4de,2026-08-06T20:59:12.874295+00:00
Q179,attribute,T1500,VERB,"['T1500-0809', 'T1500-0909', 'T1500-0903', 'T1500-0897', 'T1500-0678', 'T1500-0754', 'T1500-0774', 'T1500-0848', 'T1500-0765', 'T1500-0735']","[0.58293444, 0.56550562, 0.56160879, 0.56097776, 0.55686784, 0.55335248, 0.55256802, 0.55220383, 0.55219114, 0.55127072]",2,0,1,1,1,7a28fa828b4dc6ebce6bc589484bcc8529ee1a8d772c1c1515be867b487a98b2,4e77e1974f23402a1e836e45097a493edab801331489c0a46983af625844c4de,2026-08-06T20:59:12.874715+00:00
Q180,price,T1500,VERB,"['T1500-1706', 'T1500-1345', 'T1500-1329', 'T1500-1342', 'T1500-1638', 'T1500-1346', 'T1500-1318', 'T1500-1531', 'T1500-1371', 'T1500-1562']","[0.45616603, 0.45598257, 0.44903266, 0.44661596, 0.44395179, 0.4414148, 0.4386552, 0.43583858, 0.43543541, 0.43526962]",5,0,0,1,1,00acbe99e5c9680d4477e5a714fb0614b6f6977126a994b796e0620009ed31cf,4e77e1974f23402a1e836e45097a493edab801331489c0a46983af625844c4de,2026-08-06T20:59:12.875121+00:00
Q181,price,T1500,VERB,"['T1500-0108', 'T1500-0104', 'T1500-1580', 'T1500-1574', 'T1500-1571', 'T1500-0199', 'T1500-1531', 'T1500-1599', 'T1500-0189', 'T1500-1615']","[0.55848175, 0.53263044, 0.51550168, 0.50726992, 0.50242639, 0.49746051, 0.49426776, 0.49391979, 0.49213225, 0.48896649]",,0,0,0,0,37be64013a7a3f7fd42e8bf659ae20751ae69cc47ef7409134872421a09770e3,4e77e1974f23402a1e836e45097a493edab801331489c0a46983af625844c4de,2026-08-06T20:59:12.875539+00:00
Q182,attribute,T1500,VERB,"['T1500-1124', 'T1500-1127', 'T1500-1972', 'T1500-1769', 'T1500-1130', 'T1500-1792', 'T1500-1779', 'T1500-1128', 'T1500-1791', 'T1500-2002']","[0.53930265, 0.51688898, 0.51434761, 0.51355553, 0.51190615, 0.50486362, 0.50278544, 0.50112647, 0.49801546, 0.49788749]",1,1,1,1,1,a3aa9aac8bf600816c7f35761c1a15bbebb4c6cd67584a37774a52a3840d91b1,4e77e1974f23402a1e836e45097a493edab801331489c0a46983af625844c4de,2026-08-06T20:59:12.875957+00:00
Q183,price,T1500,VERB,"['T1500-1972', 'T1500-1769', 'T1500-1014', 'T1500-1789', 'T1500-1784', 'T1500-1792', 'T1500-1781', 'T1500-1787', 'T1500-1124', 'T1500-1785']","[0.61010695, 0.59674603, 0.59024751, 0.56796753, 0.55941385, 0.55740112, 0.55536866, 0.5536648, 0.55024445, 0.54969007]",,0,0,0,0,66e4183d888044f3ee77a6c1dae63bd73d86a02f4aa57d5dfcca0fd9ec8fc246,4e77e1974f23402a1e836e45097a493edab801331489c0a46983af625844c4de,2026-08-06T20:59:12.876366+00:00
Q184,price,T1500,VERB,"['T1500-0332', 'T1500-0432', 'T1500-0436', 'T1500-0448', 'T1500-0880', 'T1500-1405', 'T1500-0534', 'T1500-0877', 'T1500-0810', 'T1500-0440']","[0.53463626, 0.51459849, 0.51383305, 0.5132274, 0.51287085, 0.51232809, 0.50819147, 0.50415778, 0.50362235, 0.50285578]",,0,0,0,0,05ef6497d4a47b77eda854d91601c598f4c145169d1f38abee00897b47aea875,4e77e1974f23402a1e836e45097a493edab801331489c0a46983af625844c4de,2026-08-06T20:59:12.876762+00:00
Q185,price,T1500,VERB,"['T1500-0315', 'T1500-0314', 'T1500-0148', 'T1500-0149', 'T1500-0316', 'T1500-0313', 'T1500-0312', 'T1500-0143', 'T1500-0144', 'T1500-0145']","[0.62312835, 0.57683289, 0.51623183, 0.50483954, 0.49024653, 0.48967981, 0.46553302, 0.46388811, 0.45554903, 0.45221412]",1,1,1,1,1,484bd02904eebaaca6a24ac76c548933864654162222f8f5c1410326de30b223,4e77e1974f23402a1e836e45097a493edab801331489c0a46983af625844c4de,2026-08-06T20:59:12.877164+00:00
Q186,price,T1500,VERB,"['T1500-0332', 'T1500-0810', 'T1500-0347', 'T1500-0835', 'T1500-0862', 'T1500-0432', 'T1500-0812', 'T1500-0656', 'T1500-0320', 'T1500-0877']","[0.54508299, 0.52830416, 0.52258795, 0.51190376, 0.50877237, 0.5056178, 0.50041759, 0.50017345, 0.49972987, 0.49946639]",3,0,1,1,1,d9e0686023eb4751de6897089db1bbc5ce4fb0c169f2abe576870fd0556ae332,4e77e1974f23402a1e836e45097a493edab801331489c0a46983af625844c4de,2026-08-06T20:59:12.877601+00:00
Q187,attribute,T1500,VERB,"['T1500-0906', 'T1500-0894', 'T1500-0911', 'T1500-0900', 'T1500-0910', 'T1500-0908', 'T1500-0907', 'T1500-0909', 'T1500-0899', 'T1500-1706']","[0.54004622, 0.53559589, 0.5340153, 0.5329836, 0.52894676, 0.52883142, 0.5250988, 0.52330327, 0.52093184, 0.52074051]",,0,0,0,0,7b67e2f0295e978b5492fb14023ee3eb7960b0bdfb53bfa3a1f0bb2dbdab8bd0,4e77e1974f23402a1e836e45097a493edab801331489c0a46983af625844c4de,2026-08-06T20:59:12.878046+00:00
Q188,price,T1500,VERB,"['T1500-1894', 'T1500-1891', 'T1500-1871', 'T1500-1968', 'T1500-0956', 'T1500-1995', 'T1500-0954', 'T1500-1883', 'T1500-0959', 'T1500-1877']","[0.60936725, 0.59568179, 0.59530336, 0.59117275, 0.58886045, 0.58814514, 0.58155441, 0.58097005, 0.58084679, 0.58048767]",4,0,0,1,1,9f262b156d7549e6f9d28c84d37621d9c6ec10ad988576b6e0b63b44cf82076f,4e77e1974f23402a1e836e45097a493edab801331489c0a46983af625844c4de,2026-08-06T20:59:12.878464+00:00
Q189,attribute,T1500,VERB,"['T1500-2088', 'T1500-2089', 'T1500-2096', 'T1500-2090', 'T1500-2103', 'T1500-2094', 'T1500-2087', 'T1500-2102', 'T1500-2075', 'T1500-2042']","[0.54748178, 0.52937901, 0.51666254, 0.50819033, 0.50588793, 0.50573206, 0.50272673, 0.49247587, 0.49204898, 0.49015895]",,0,0,0,0,e20effc3456128d462be0c0ac7e56b1b92261be5914b673819e9409e6115ed3c,4e77e1974f23402a1e836e45097a493edab801331489c0a46983af625844c4de,2026-08-06T20:59:12.878880+00:00
Q190,price,T1500,VERB,"['T1500-1769', 'T1500-1777', 'T1500-1972', 'T1500-1492', 'T1500-1474', 'T1500-1504', 'T1500-1468', 'T1500-1444', 'T1500-1405', 'T1500-1433']","[0.56178898, 0.55162263, 0.54814541, 0.54222286, 0.54097718, 0.54065055, 0.53967988, 0.53758645, 0.53754115, 0.53619862]",2,0,1,1,1,99ec604dc9b63d285e7362ab8949dfa0b1cb3def88256b6ac54dff678d360a0f,4e77e1974f23402a1e836e45097a493edab801331489c0a46983af625844c4de,2026-08-06T20:59:12.879294+00:00
Q191,price,T1500,VERB,"['T1500-1894', 'T1500-1881', 'T1500-1883', 'T1500-1891', 'T1500-1875', 'T1500-1885', 'T1500-1877', 'T1500-0967', 'T1500-1871', 'T1500-0970']","[0.63461041, 0.63248777, 0.62233257, 0.61991405, 0.61592126, 0.61400884, 0.6133455, 0.61266702, 0.61211324, 0.61160785]",,0,0,0,0,153412c3651d27b33bf87760cac0ae1afe053b93d731acd024e987b52f579365,4e77e1974f23402a1e836e45097a493edab801331489c0a46983af625844c4de,2026-08-06T20:59:12.879692+00:00
Q192,attribute,T1500,VERB,"['T1500-1290', 'T1500-1014', 'T1500-1288', 'T1500-1972', 'T1500-1284', 'T1500-1124', 'T1500-1130', 'T1500-1226', 'T1500-1278', 'T1500-1046']","[0.59062958, 0.58898163, 0.58782744, 0.58720231, 0.58273447, 0.57842535, 0.57594329, 0.57569671, 0.57483578, 0.57137161]",,0,0,0,0,ccfbbe3e80a2bc50e98dfee9aaaac05ba2cd13ad69f062bbda722f71cdedf4e9,4e77e1974f23402a1e836e45097a493edab801331489c0a46983af625844c4de,2026-08-06T20:59:12.880129+00:00
Q193,attribute,T1500,VERB,"['T1500-0104', 'T1500-1599', 'T1500-0108', 'T1500-1642', 'T1500-0112', 'T1500-1571', 'T1500-0199', 'T1500-1635', 'T1500-0062', 'T1500-0110']","[0.58284622, 0.55459785, 0.53708625, 0.52615166, 0.51778173, 0.51710963, 0.51679128, 0.51419431, 0.51395953, 0.51096702]",2,0,1,1,1,f92ae9e9028a81b594e445a6cddca57dedd30484ba53f3504f52631b96f5d198,4e77e1974f23402a1e836e45097a493edab801331489c0a46983af625844c4de,2026-08-06T20:59:12.880557+00:00
Q194,price,T1500,VERB,"['T1500-1345', 'T1500-1706', 'T1500-1580', 'T1500-1642', 'T1500-1342', 'T1500-1599', 'T1500-1574', 'T1500-1371', 'T1500-1329', 'T1500-1535']","[0.5000087, 0.48872271, 0.48087642, 0.47775412, 0.47589517, 0.47304332, 0.46567976, 0.4656108, 0.46424353, 0.46306407]",,0,0,0,0,361032195462dbb55a9f1f674cea5e3304ae46f54e59752c751f214ec5bc0730,4e77e1974f23402a1e836e45097a493edab801331489c0a46983af625844c4de,2026-08-06T20:59:12.880962+00:00
Q195,attribute,T1500,VERB,"['T1500-0104', 'T1500-2035', 'T1500-0110', 'T1500-2088', 'T1500-2096', 'T1500-2099', 'T1500-0108', 'T1500-2092', 'T1500-0112', 'T1500-0184']","[0.52598006, 0.51722831, 0.50847292, 0.50315046, 0.4982512, 0.496369, 0.49565661, 0.48918414, 0.48587132, 0.4800216]",1,1,1,1,1,a4dede8f167a5bf5832d2f1c66f466899c46e4a2712cd309e4d5af11d0c2b244,4e77e1974f23402a1e836e45097a493edab801331489c0a46983af625844c4de,2026-08-06T20:59:12.881380+00:00
Q196,attribute,T1500,VERB,"['T1500-0112', 'T1500-0085', 'T1500-0082', 'T1500-0108', 'T1500-0099', 'T1500-0074', 'T1500-0110', 'T1500-0104', 'T1500-2096', 'T1500-0024']","[0.60372591, 0.60110724, 0.57454526, 0.56631267, 0.56211579, 0.56205559, 0.56051254, 0.56024659, 0.55935609, 0.55574942]",,0,0,0,0,12cd0f4e89658a83f2c33333c7c18647c9a79aad04d2122f5536c06d9fc25435,4e77e1974f23402a1e836e45097a493edab801331489c0a46983af625844c4de,2026-08-06T20:59:12.881792+00:00
Q197,price,T1500,VERB,"['T1500-1368', 'T1500-1972', 'T1500-2230', 'T1500-1405', 'T1500-1852', 'T1500-2120', 'T1500-2220', 'T1500-2012', 'T1500-2129', 'T1500-1308']","[0.46712628, 0.46681017, 0.46497405, 0.45789415, 0.45739529, 0.45568085, 0.45506483, 0.45179835, 0.45142311, 0.45099092]",,0,0,0,0,d7b836d5783c7ad5561e8b4e9ecab4c20e50eeadd8cca5d00dfd37d78be18e1a,4e77e1974f23402a1e836e45097a493edab801331489c0a46983af625844c4de,2026-08-06T20:59:12.882197+00:00
Q198,attribute,T1500,VERB,"['T1500-0051', 'T1500-0048', 'T1500-0193', 'T1500-0184', 'T1500-0283', 'T1500-0264', 'T1500-0090', 'T1500-2087', 'T1500-0265', 'T1500-0261']","[0.52443886, 0.52219474, 0.51048648, 0.50363404, 0.50173974, 0.50042206, 0.49718827, 0.49685457, 0.49497393, 0.49485582]",3,0,1,1,1,6b3e39b9f1f68bed68a37f11abf5ebf249cc4b407c019ba3898d7b9af6962884,4e77e1974f23402a1e836e45097a493edab801331489c0a46983af625844c4de,2026-08-06T20:59:12.882626+00:00
Q199,attribute,T1500,VERB,"['T1500-1237', 'T1500-0117', 'T1500-2129', 'T1500-2151', 'T1500-0182', 'T1500-1246', 'T1500-0183', 'T1500-0251', 'T1500-2073', 'T1500-1108']","[0.58416188, 0.52239525, 0.51943529, 0.518628, 0.51810759, 0.51668417, 0.51282847, 0.5102219, 0.50902116, 0.50853014]",1,1,1,1,1,d25bf94ad957903283aa048c32e3a69fe540905b32397ede56a24313fafe2e77,4e77e1974f23402a1e836e45097a493edab801331489c0a46983af625844c4de,2026-08-06T20:59:12.883042+00:00
Q200,attribute,T1500,VERB,"['T1500-2161', 'T1500-0744', 'T1500-2074', 'T1500-2102', 'T1500-0607', 'T1500-2092', 'T1500-1119', 'T1500-0769', 'T1500-0750', 'T1500-0749']","[0.48851556, 0.47957763, 0.47851604, 0.47583067, 0.47510433, 0.47374904, 0.47344792, 0.47244763, 0.47045413, 0.46920872]",7,0,0,0,1,9dd53381e2e1fc9a00eb5e84fe72da5f73f6a61e6a7ebb7c884fdd981394a7fb,4e77e1974f23402a1e836e45097a493edab801331489c0a46983af625844c4de,2026-08-06T20:59:12.883464+00:00
Q201,attribute,T1500,VERB,"['T1500-0320', 'T1500-0339', 'T1500-0322', 'T1500-0343', 'T1500-0324', 'T1500-0321', 'T1500-0355', 'T1500-0347', 'T1500-0332', 'T1500-0448']","[0.55189717, 0.54245484, 0.53206706, 0.52967083, 0.52782226, 0.52352202, 0.52315724, 0.52056116, 0.52012467, 0.51953363]",,0,0,0,0,50ab218a07aa3375ce6f3a6ae16cccc925fb441194edda7e4d93ac81c4b446c1,4e77e1974f23402a1e836e45097a493edab801331489c0a46983af625844c4de,2026-08-06T20:59:12.883889+00:00
Q202,price,T1500,VERB,"['T1500-1912', 'T1500-1894', 'T1500-1995', 'T1500-1986', 'T1500-1976', 'T1500-1891', 'T1500-1006', 'T1500-1921', 'T1500-1000', 'T1500-0966']","[0.59094393, 0.58600163, 0.58369362, 0.57938123, 0.57410455, 0.57187724, 0.57053685, 0.5704298, 0.56922722, 0.56598771]",,0,0,0,0,be9602af7227908068974d7fcfe13275b0e5ec649f44c39aa96797da7739c363,4e77e1974f23402a1e836e45097a493edab801331489c0a46983af625844c4de,2026-08-06T20:59:12.884301+00:00
Q203,price,T1500,VERB,"['T1500-0877', 'T1500-1468', 'T1500-0320', 'T1500-0747', 'T1500-0332', 'T1500-0343', 'T1500-0592', 'T1500-0354', 'T1500-0432', 'T1500-0353']","[0.51430106, 0.49564123, 0.49083954, 0.48987359, 0.48768091, 0.48744622, 0.4867641, 0.48624527, 0.48486272, 0.48480406]",,0,0,0,0,c28d0482b945d5405048a8dc7d050df1a759b481dca8b720ecd59a97a88a457b,4e77e1974f23402a1e836e45097a493edab801331489c0a46983af625844c4de,2026-08-06T20:59:12.884698+00:00
Q204,attribute,T1500,VERB,"['T1500-1033', 'T1500-1995', 'T1500-0983', 'T1500-1949', 'T1500-0975', 'T1500-1027', 'T1500-1024', 'T1500-0966', 'T1500-0963', 'T1500-0980']","[0.6424737, 0.64145434, 0.63987744, 0.63713586, 0.63142437, 0.63029659, 0.63012803, 0.62972569, 0.62968731, 0.62794232]",1,1,1,1,1,b68200a59ce021c14b382a48279823d131664ab1e3941ed8e80ac9cb0f1f8431,4e77e1974f23402a1e836e45097a493edab801331489c0a46983af625844c4de,2026-08-06T20:59:12.885122+00:00
Q205,attribute,T1500,VERB,"['T1500-0983', 'T1500-0970', 'T1500-1995', 'T1500-0963', 'T1500-0969', 'T1500-0966', 'T1500-0965', 'T1500-0961', 'T1500-0964', 'T1500-0967']","[0.63701314, 0.62630576, 0.62409997, 0.6222862, 0.62125957, 0.62117946, 0.62087202, 0.61981606, 0.61977613, 0.61895502]",,0,0,0,0,d432d406d385d2fe86c4181b87c235fbacbc83e91b679770d0f3afbfda61283a,4e77e1974f23402a1e836e45097a493edab801331489c0a46983af625844c4de,2026-08-06T20:59:12.885554+00:00
Q206,attribute,T1500,VERB,"['T1500-1014', 'T1500-1972', 'T1500-1769', 'T1500-0390', 'T1500-1784', 'T1500-1124', 'T1500-1789', 'T1500-1785', 'T1500-1130', 'T1500-1788']","[0.62692785, 0.61301607, 0.59362233, 0.58301103, 0.57703483, 0.57024574, 0.56987274, 0.56952286, 0.56870532, 0.56391764]",1,1,1,1,1,15fff97d06cb4d5a4cc72f368b86edfac969ed33b425746d04309371844ab48d,4e77e1974f23402a1e836e45097a493edab801331489c0a46983af625844c4de,2026-08-06T20:59:12.885971+00:00
Q207,price,T1500,VERB,"['T1500-0295', 'T1500-0294', 'T1500-0048', 'T1500-0282', 'T1500-0134', 'T1500-0281', 'T1500-0049', 'T1500-0265', 'T1500-0283', 'T1500-0135']","[0.52250981, 0.52021027, 0.51157105, 0.50645387, 0.50604612, 0.50528687, 0.50501299, 0.50257933, 0.50219893, 0.50184214]",,0,0,0,0,b5ed553180767810d3ad0325dc7aff5af11dcda04f5e7fe220e01f000fa3d1fb,4e77e1974f23402a1e836e45097a493edab801331489c0a46983af625844c4de,2026-08-06T20:59:12.886427+00:00
Q208,attribute,T1500,VERB,"['T1500-0303', 'T1500-0302', 'T1500-0908', 'T1500-0907', 'T1500-0810', 'T1500-0906', 'T1500-0911', 'T1500-0304', 'T1500-0899', 'T1500-0905']","[0.62689114, 0.57436204, 0.57026631, 0.5619747, 0.56089562, 0.56076789, 0.5606786, 0.55894339, 0.55807364, 0.55423522]",,0,0,0,0,24582c24a9d70709cfd7a3c64b28d92102d91d059cecd27c6a9625f9a1292bf2,4e77e1974f23402a1e836e45097a493edab801331489c0a46983af625844c4de,2026-08-06T20:59:12.886857+00:00
Q209,attribute,T1500,VERB,"['T1500-1124', 'T1500-1128', 'T1500-0811', 'T1500-1130', 'T1500-1129', 'T1500-1046', 'T1500-0812', 'T1500-1127', 'T1500-1126', 'T1500-0810']","[0.55868828, 0.54203737, 0.53776574, 0.5352993, 0.53412449, 0.53284782, 0.53060901, 0.52642274, 0.52600193, 0.52528131]",1,1,1,1,1,1ea981605dbe131ddb475bb1d35d18d06eb792a36f20052e265d34897d16724b,4e77e1974f23402a1e836e45097a493edab801331489c0a46983af625844c4de,2026-08-06T20:59:12.887292+00:00
Q210,attribute,T1500,VERB,"['T1500-0108', 'T1500-0112', 'T1500-0104', 'T1500-0085', 'T1500-0190', 'T1500-0199', 'T1500-0100', 'T1500-0101', 'T1500-0099', 'T1500-1571']","[0.58698112, 0.58468199, 0.57674485, 0.57459414, 0.57266343, 0.57130063, 0.56957644, 0.56810427, 0.55409032, 0.55324143]",2,0,1,1,1,7ad7de06b8f0741f8f1a3bf5cb527091b49e3d5698a077d3c4bef311075e409c,4e77e1974f23402a1e836e45097a493edab801331489c0a46983af625844c4de,2026-08-06T20:59:12.887726+00:00
Q211,attribute,T1500,VERB,"['T1500-0085', 'T1500-0298', 'T1500-2073', 'T1500-0082', 'T1500-0081', 'T1500-0087', 'T1500-0913', 'T1500-0060', 'T1500-0916', 'T1500-0074']","[0.52739811, 0.52162415, 0.51966006, 0.51949358, 0.50919682, 0.50671822, 0.50558364, 0.50451362, 0.50439, 0.50193983]",1,1,1,1,1,08e62148b1f1234c9c950a3917178da4f5fab591ffc9dff554f600a0d17822ce,4e77e1974f23402a1e836e45097a493edab801331489c0a46983af625844c4de,2026-08-06T20:59:12.888144+00:00
Q212,attribute,T1500,VERB,"['T1500-0145', 'T1500-0144', 'T1500-0147', 'T1500-0142', 'T1500-0311', 'T1500-0148', 'T1500-2032', 'T1500-0149', 'T1500-0912', 'T1500-0140']","[0.46969685, 0.45692998, 0.45601833, 0.45559299, 0.45299003, 0.45289955, 0.44943956, 0.44868815, 0.44839209, 0.44802475]",1,1,1,1,1,389162e823cc23d864b07d6d657b0a6a13e48c14e4dc97360bf2f4447e2b6a62,4e77e1974f23402a1e836e45097a493edab801331489c0a46983af625844c4de,2026-08-06T20:59:12.888572+00:00
Q213,attribute,T1500,VERB,"['T1500-1002', 'T1500-1003', 'T1500-1008', 'T1500-1000', 'T1500-1011', 'T1500-0999', 'T1500-1006', 'T1500-1007', 'T1500-1001', 'T1500-1009']","[0.6434105, 0.64275581, 0.64255786, 0.64015263, 0.63762641, 0.63624215, 0.63598776, 0.63514924, 0.63488281, 0.63471675]",,0,0,0,0,15fa11fd69abb1cb341c7d4c7a4bfd626614c66ee6aa905d7d3e186e1a782a30,4e77e1974f23402a1e836e45097a493edab801331489c0a46983af625844c4de,2026-08-06T20:59:12.888996+00:00
Q214,attribute,T1500,VERB,"['T1500-1599', 'T1500-0104', 'T1500-0024', 'T1500-0088', 'T1500-1571', 'T1500-0085', 'T1500-0308', 'T1500-1597', 'T1500-2035', 'T1500-1642']","[0.54426551, 0.51838648, 0.49774215, 0.4883374, 0.48639637, 0.48344213, 0.47997218, 0.47885165, 0.47872174, 0.47826523]",8,0,0,0,1,a90b0a8e2ca186eb28ec5b43d52b946cd541d486067a2b81eb7265873475aa94,4e77e1974f23402a1e836e45097a493edab801331489c0a46983af625844c4de,2026-08-06T20:59:12.889558+00:00
Q215,attribute,T1500,VERB,"['T1500-0240', 'T1500-2099', 'T1500-2092', 'T1500-2091', 'T1500-2090', 'T1500-2088', 'T1500-2102', 'T1500-0592', 'T1500-0141', 'T1500-0746']","[0.54291511, 0.53880566, 0.53358257, 0.5235253, 0.52267593, 0.52193105, 0.51853335, 0.51716304, 0.51607776, 0.51440895]",,0,0,0,0,ab7b7855d54983f4522bd5a1dd95f6eaaccb5202aa58f3bb9237869930956b74,4e77e1974f23402a1e836e45097a493edab801331489c0a46983af625844c4de,2026-08-06T20:59:12.889966+00:00
Q216,attribute,T1500,VERB,"['T1500-0108', 'T1500-1599', 'T1500-0104', 'T1500-0112', 'T1500-0199', 'T1500-1635', 'T1500-0085', 'T1500-0109', 'T1500-0073', 'T1500-0079']","[0.58913291, 0.58287156, 0.5787167, 0.57730371, 0.5659076, 0.56355327, 0.56302083, 0.55488569, 0.55432892, 0.55357683]",2,0,1,1,1,21b656ddc5873369d6ac3c30fbdda9307f698a0dda063bb872bc3b634fd0e9f6,4e77e1974f23402a1e836e45097a493edab801331489c0a46983af625844c4de,2026-08-06T20:59:12.890387+00:00
Q217,attribute,T1500,VERB,"['T1500-0104', 'T1500-2035', 'T1500-0103', 'T1500-0199', 'T1500-0114', 'T1500-0108', 'T1500-0282', 'T1500-1571', 'T1500-0037', 'T1500-0110']","[0.62223917, 0.58154678, 0.53912556, 0.53895867, 0.53768682, 0.537058, 0.53539646, 0.53525615, 0.53075242, 0.52902001]",,0,0,0,0,5505062d463e2de630503bcca13a60cf6d50fb1497625fa168e0cccd971d7d3a,4e77e1974f23402a1e836e45097a493edab801331489c0a46983af625844c4de,2026-08-06T20:59:12.890804+00:00
Q218,price,T1500,VERB,"['T1500-1852', 'T1500-1365', 'T1500-1282', 'T1500-1048', 'T1500-0213', 'T1500-1046', 'T1500-0809', 'T1500-1405', 'T1500-2016', 'T1500-1777']","[0.52846748, 0.50366813, 0.47045374, 0.46966371, 0.46369582, 0.46350244, 0.46188366, 0.46108115, 0.46096665, 0.45800662]",4,0,0,1,1,530df9bc1aa2d6d4936ad161d162ee62abafd9607bcbb19afb7a90c2080c9686,4e77e1974f23402a1e836e45097a493edab801331489c0a46983af625844c4de,2026-08-06T20:59:12.891219+00:00
Q219,price,T1500,VERB,"['T1500-0341', 'T1500-0343', 'T1500-0746', 'T1500-0332', 'T1500-0339', 'T1500-0354', 'T1500-0344', 'T1500-0333', 'T1500-0320', 'T1500-0877']","[0.52821946, 0.52096617, 0.52024174, 0.51741004, 0.516873, 0.51442015, 0.50545394, 0.50517547, 0.50384867, 0.50125921]",7,0,0,0,1,15a198265f28c047fecdef71f8372569ea1b7f26f710a416e10fa0b5cdf114a5,4e77e1974f23402a1e836e45097a493edab801331489c0a46983af625844c4de,2026-08-06T20:59:12.891619+00:00
Q220,price,T1500,VERB,"['T1500-0992', 'T1500-0991', 'T1500-0994', 'T1500-1006', 'T1500-1000', 'T1500-1002', 'T1500-0999', 'T1500-1003', 'T1500-1001', 'T1500-1008']","[0.65826237, 0.65496254, 0.65072823, 0.63648438, 0.63629073, 0.63414836, 0.63037449, 0.62879884, 0.62794274, 0.62685204]",2,0,1,1,1,220b9e1e4b8e15e1c5cd5867b4f233bdf4f022c2ec5797135c3e6e0a0b033975,4e77e1974f23402a1e836e45097a493edab801331489c0a46983af625844c4de,2026-08-06T20:59:12.892021+00:00
Q221,price,T1500,VERB,"['T1500-0835', 'T1500-0681', 'T1500-0841', 'T1500-0826', 'T1500-0678', 'T1500-0825', 'T1500-0837', 'T1500-0831', 'T1500-0830', 'T1500-0829']","[0.61753571, 0.53365612, 0.53342223, 0.5314039, 0.53020543, 0.52976382, 0.52855158, 0.52761489, 0.52534604, 0.52241039]",1,1,1,1,1,54ee2ca749781fd048ac993a487e6e1600fc258eedb0afc2bec15a0155db8d73,4e77e1974f23402a1e836e45097a493edab801331489c0a46983af625844c4de,2026-08-06T20:59:12.892438+00:00
Q222,attribute,T1500,VERB,"['T1500-0983', 'T1500-1980', 'T1500-1979', 'T1500-0982', 'T1500-1962', 'T1500-0980', 'T1500-0981', 'T1500-0979', 'T1500-1976', 'T1500-0970']","[0.62904584, 0.61968398, 0.61711705, 0.61495513, 0.61376894, 0.61141765, 0.61106813, 0.60824144, 0.60792708, 0.60744864]",,0,0,0,0,11c63dc600ae6a4726004bea9fc05fcf2fe829ddca3b41921fc5edb476f672b8,4e77e1974f23402a1e836e45097a493edab801331489c0a46983af625844c4de,2026-08-06T20:59:12.892848+00:00
Q223,price,T1500,VERB,"['T1500-1381', 'T1500-1345', 'T1500-1342', 'T1500-1852', 'T1500-1405', 'T1500-1706', 'T1500-1378', 'T1500-1318', 'T1500-1371', 'T1500-0555']","[0.42592472, 0.42190659, 0.41894382, 0.41439503, 0.40587914, 0.40470684, 0.40120631, 0.4005599, 0.39562801, 0.39370114]",,0,0,0,0,6195f45e4149882e9c793b2bc91e36bf5f0ce6859a9b4f3da6d1ec133b87476f,4e77e1974f23402a1e836e45097a493edab801331489c0a46983af625844c4de,2026-08-06T20:59:12.893254+00:00
Q224,attribute,T1500,VERB,"['T1500-1983', 'T1500-1986', 'T1500-0997', 'T1500-0993', 'T1500-0994', 'T1500-1011', 'T1500-0991', 'T1500-0992', 'T1500-0990', 'T1500-0811']","[0.60245049, 0.55656648, 0.53064978, 0.52743316, 0.52073264, 0.51324123, 0.51173377, 0.51134753, 0.51056206, 0.51009744]",3,0,1,1,1,befa012ccacd7fab43b55d1121fcb96aed38aad7099aa7a0834d40dee3e4b550,4e77e1974f23402a1e836e45097a493edab801331489c0a46983af625844c4de,2026-08-06T20:59:12.893652+00:00
Q225,attribute,T1500,VERB,"['T1500-1318', 'T1500-2073', 'T1500-0607', 'T1500-0906', 'T1500-0909', 'T1500-0182', 'T1500-0808', 'T1500-0908', 'T1500-1320', 'T1500-1317']","[0.49221474, 0.48188686, 0.47747806, 0.47285372, 0.46820855, 0.46418962, 0.46350253, 0.4632684, 0.46315008, 0.46305028]",1,1,1,1,1,b2b50826a13063e4169c90e5b83940226d655999a1e3e20b0c9605c2f4b32966,4e77e1974f23402a1e836e45097a493edab801331489c0a46983af625844c4de,2026-08-06T20:59:12.894074+00:00
Q226,price,T1500,VERB,"['T1500-1006', 'T1500-1008', 'T1500-1005', 'T1500-1009', 'T1500-1011', 'T1500-1010', 'T1500-1007', 'T1500-0990', 'T1500-1000', 'T1500-0994']","[0.61933625, 0.61775124, 0.61459517, 0.61154568, 0.61100757, 0.60631275, 0.60532928, 0.54246998, 0.53761744, 0.53717697]",1,1,1,1,1,1d410d42d7f306ddef1dda63128b4ed410ad02a1056b84aa4178074c6e831607,4e77e1974f23402a1e836e45097a493edab801331489c0a46983af625844c4de,2026-08-06T20:59:12.894518+00:00
Q227,attribute,T1500,VERB,"['T1500-1995', 'T1500-1033', 'T1500-0975', 'T1500-0974', 'T1500-0966', 'T1500-0967', 'T1500-0980', 'T1500-0962', 'T1500-0963', 'T1500-1871']","[0.64697516, 0.64381218, 0.64082265, 0.64008868, 0.63802147, 0.63765073, 0.63510782, 0.63500065, 0.63304889, 0.63286877]",2,0,1,1,1,b320ec926bbe8e754974d57dfb820db6411c3ba0c70d2225acbf8a9389270259,4e77e1974f23402a1e836e45097a493edab801331489c0a46983af625844c4de,2026-08-06T20:59:12.894966+00:00
Q228,attribute,T1500,VERB,"['T1500-0240', 'T1500-0213', 'T1500-1246', 'T1500-0906', 'T1500-1243', 'T1500-0908', 'T1500-0911', 'T1500-0896', 'T1500-0900', 'T1500-0894']","[0.57260382, 0.56990844, 0.55933475, 0.55744517, 0.55120313, 0.54999298, 0.54685664, 0.5467301, 0.54653525, 0.54600769]",,0,0,0,0,835c2730b131ab9b9a8c5be654ebf5d18f5f90f944a60708bf11ec9d729076d5,4e77e1974f23402a1e836e45097a493edab801331489c0a46983af625844c4de,2026-08-06T20:59:12.895395+00:00
Q229,attribute,T1500,VERB,"['T1500-0090', 'T1500-0281', 'T1500-0295', 'T1500-0134', 'T1500-0270', 'T1500-0283', 'T1500-0284', 'T1500-0282', 'T1500-0268', 'T1500-0293']","[0.57730955, 0.57718885, 0.57698542, 0.57694024, 0.57438385, 0.5716126, 0.57143337, 0.5706383, 0.56672776, 0.56471014]",,0,0,0,0,4060509329a5a762a92ef76590163b48a91a99281576432ddaf3418db20d23fd,4e77e1974f23402a1e836e45097a493edab801331489c0a46983af625844c4de,2026-08-06T20:59:12.895972+00:00
Q230,attribute,T1500,VERB,"['T1500-0966', 'T1500-1995', 'T1500-0974', 'T1500-0975', 'T1500-0967', 'T1500-0980', 'T1500-0961', 'T1500-0982', 'T1500-0970', 'T1500-0983']","[0.63792229, 0.6354717, 0.63255429, 0.63179463, 0.6317212, 0.63086605, 0.62955296, 0.62940359, 0.6289528, 0.62893486]",,0,0,0,0,c6032ece2b5437dcf9ab19ab7cf2f5410e8ba5197b914aad2f37e659515af830,4e77e1974f23402a1e836e45097a493edab801331489c0a46983af625844c4de,2026-08-06T20:59:12.896406+00:00
Q231,price,T1500,VERB,"['T1500-1599', 'T1500-0104', 'T1500-1598', 'T1500-0112', 'T1500-1580', 'T1500-0108', 'T1500-0110', 'T1500-0062', 'T1500-0024', 'T1500-1642']","[0.59805673, 0.52412879, 0.5008564, 0.48837548, 0.48834765, 0.48804283, 0.48591998, 0.48567522, 0.48492855, 0.48453823]",3,0,1,1,1,ef6b3d301d90687b741991e0d8f3de1d57d12cf7049203fa6efb23654ba3f776,4e77e1974f23402a1e836e45097a493edab801331489c0a46983af625844c4de,2026-08-06T20:59:12.896807+00:00
Q232,attribute,T1500,VERB,"['T1500-1631', 'T1500-1615', 'T1500-1449', 'T1500-1599', 'T1500-0079', 'T1500-0104', 'T1500-1177', 'T1500-1181', 'T1500-1176', 'T1500-1168']","[0.58896148, 0.55924654, 0.5573135, 0.55015314, 0.54479492, 0.5405795, 0.53940988, 0.53888726, 0.53867537, 0.5371877]",4,0,0,1,1,3e4ae7cdd538a47183303b7e8262eafb7968af064bad4fdc162bd84d426fd3ca,4e77e1974f23402a1e836e45097a493edab801331489c0a46983af625844c4de,2026-08-06T20:59:12.897333+00:00
Q233,attribute,T1500,VERB,"['T1500-0983', 'T1500-1962', 'T1500-1033', 'T1500-1995', 'T1500-0947', 'T1500-0970', 'T1500-0969', 'T1500-0967', 'T1500-1024', 'T1500-1161']","[0.62911117, 0.61552113, 0.61191189, 0.60912693, 0.60810143, 0.6079641, 0.60789359, 0.60721475, 0.60705781, 0.60686642]",,0,0,0,0,783221339a7f8eee64df5acd42c066ae78261a3a6a70cb8dffc1fc051339d134,4e77e1974f23402a1e836e45097a493edab801331489c0a46983af625844c4de,2026-08-06T20:59:12.897773+00:00
Q234,price,T1500,VERB,"['T1500-1852', 'T1500-1260', 'T1500-1777', 'T1500-1259', 'T1500-1368', 'T1500-1769', 'T1500-1257', 'T1500-1056', 'T1500-1972', 'T1500-1876']","[0.58099777, 0.54961902, 0.50826466, 0.48956698, 0.48947281, 0.48891914, 0.47280011, 0.46823621, 0.46710378, 0.46295601]",2,0,1,1,1,32cc73887048e0b83ad1738c5a02a34a9603d0b7f58bb1e281779db6c6c95364,4e77e1974f23402a1e836e45097a493edab801331489c0a46983af625844c4de,2026-08-06T20:59:12.898175+00:00
Q235,attribute,T1500,VERB,"['T1500-0090', 'T1500-0137', 'T1500-0138', 'T1500-0139', 'T1500-0048', 'T1500-0292', 'T1500-0270', 'T1500-0293', 'T1500-0281', 'T1500-0136']","[0.57459539, 0.56620997, 0.56386209, 0.56264406, 0.56230998, 0.56045812, 0.55650383, 0.55268627, 0.55084896, 0.54948658]",,0,0,0,0,73e9af368820ef454c452186c1eb3c9fefa29296665dd28bd6f36f4c2dbf701c,4e77e1974f23402a1e836e45097a493edab801331489c0a46983af625844c4de,2026-08-06T20:59:12.898630+00:00
Q236,price,T1500,VERB,"['T1500-0320', 'T1500-0877', 'T1500-0432', 'T1500-0332', 'T1500-0489', 'T1500-0322', 'T1500-0448', 'T1500-0321', 'T1500-0534', 'T1500-0434']","[0.5652892, 0.54337358, 0.52222455, 0.52209467, 0.51737797, 0.51710987, 0.51692414, 0.51469564, 0.51026756, 0.50962543]",,0,0,0,0,6de5e3809ba19d8f37e028b94c76b2d973caa0f0d0f1723f0e656e237e1a4a9c,4e77e1974f23402a1e836e45097a493edab801331489c0a46983af625844c4de,2026-08-06T20:59:12.899027+00:00
Q237,attribute,T1500,VERB,"['T1500-1962', 'T1500-0983', 'T1500-1161', 'T1500-0967', 'T1500-0970', 'T1500-0966', 'T1500-0969', 'T1500-0968', 'T1500-1995', 'T1500-1033']","[0.61099386, 0.61035353, 0.6098904, 0.60421014, 0.60365897, 0.60243058, 0.60163647, 0.59959799, 0.5974797, 0.59708345]",,0,0,0,0,dfae0030807738bb563baf2bb15caffbab84f036aedcbe14c92d1efdf9e0951c,4e77e1974f23402a1e836e45097a493edab801331489c0a46983af625844c4de,2026-08-06T20:59:12.899463+00:00
Q238,attribute,T1500,VERB,"['T1500-0015', 'T1500-2096', 'T1500-0016', 'T1500-2088', 'T1500-0017', 'T1500-2103', 'T1500-2097', 'T1500-2099', 'T1500-2102', 'T1500-0110']","[0.55968964, 0.54025894, 0.52775615, 0.52585793, 0.52279198, 0.5057835, 0.50291854, 0.50247526, 0.49392661, 0.49279046]",1,1,1,1,1,7655a3dd139237ea65e91f5fc818e370480b3b355a844a9024f0afe32747108f,4e77e1974f23402a1e836e45097a493edab801331489c0a46983af625844c4de,2026-08-06T20:59:12.899876+00:00
Q239,attribute,T1500,VERB,"['T1500-0249', 'T1500-1405', 'T1500-0246', 'T1500-0044', 'T1500-0175', 'T1500-0163', 'T1500-0172', 'T1500-0167', 'T1500-0181', 'T1500-0179']","[0.4465782, 0.44462007, 0.44302517, 0.4423435, 0.4366684, 0.43413883, 0.43383482, 0.43345958, 0.43299517, 0.43093812]",,0,0,0,0,7c9e5713d6240edca97215fa14eb820cf542931a37dd028fecb4c7aef0ab8b13,4e77e1974f23402a1e836e45097a493edab801331489c0a46983af625844c4de,2026-08-06T20:59:12.900320+00:00
Q240,price,T1500,VERB,"['T1500-1405', 'T1500-0182', 'T1500-0043', 'T1500-0898', 'T1500-0174', 'T1500-0225', 'T1500-0904', 'T1500-0905', 'T1500-0909', 'T1500-0917']","[0.47890183, 0.47879612, 0.47482151, 0.47418159, 0.47352016, 0.47279906, 0.47187808, 0.47178593, 0.47090635, 0.4707126]",,0,0,0,0,45bc33147b0ec5f67ef7325568f441bba1fdd3060a452b4b72188102a66a9387,4e77e1974f23402a1e836e45097a493edab801331489c0a46983af625844c4de,2026-08-06T20:59:12.900753+00:00
Q241,attribute,T1500,VERB,"['T1500-0117', 'T1500-2092', 'T1500-1405', 'T1500-0116', 'T1500-0166', 'T1500-2093', 'T1500-0182', 'T1500-2095', 'T1500-2091', 'T1500-0043']","[0.64378411, 0.61529553, 0.59902829, 0.59241503, 0.53274035, 0.53026575, 0.52747703, 0.5242936, 0.51603371, 0.51471955]",1,1,1,1,1,c0483b5bf948bfddb77d9f329862d3164eac412eb9c0d2fade3e44f315066be0,4e77e1974f23402a1e836e45097a493edab801331489c0a46983af625844c4de,2026-08-06T20:59:12.901249+00:00
Q242,price,T1500,VERB,"['T1500-1877', 'T1500-1881', 'T1500-1995', 'T1500-1986', 'T1500-1997', 'T1500-1875', 'T1500-0983', 'T1500-1800', 'T1500-0970', 'T1500-2000']","[0.56636697, 0.56576633, 0.56067228, 0.55996454, 0.55813318, 0.5570395, 0.55657977, 0.5560776, 0.5537414, 0.55364805]",8,0,0,0,1,27d7a0db131d979925f31c76b343684155434241b53a98d77993bd64911e8169,4e77e1974f23402a1e836e45097a493edab801331489c0a46983af625844c4de,2026-08-06T20:59:12.901876+00:00
Q243,attribute,T1500,VERB,"['T1500-0333', 'T1500-0332', 'T1500-0339', 'T1500-0343', 'T1500-0341', 'T1500-0354', 'T1500-0355', 'T1500-0353', 'T1500-0320', 'T1500-0746']","[0.53680623, 0.52120513, 0.51134926, 0.5037992, 0.49900004, 0.496975, 0.49672103, 0.49056372, 0.4897086, 0.4889524]",,0,0,0,0,06efcda30d556a9c918af2125bfe517801eab6c543335f5afc26000f90d9d11b,4e77e1974f23402a1e836e45097a493edab801331489c0a46983af625844c4de,2026-08-06T20:59:12.902538+00:00
Q244,price,T1500,VERB,"['T1500-0281', 'T1500-0279', 'T1500-0270', 'T1500-0284', 'T1500-0271', 'T1500-0265', 'T1500-0295', 'T1500-0268', 'T1500-0294', 'T1500-0258']","[0.47526324, 0.46411082, 0.46363938, 0.46106327, 0.4610329, 0.46030694, 0.45990402, 0.45905632, 0.45786101, 0.45773888]",,0,0,0,0,292e21f05c44497033cb671fda44b1bb4157a7929e102b0e7ccaa064d0ba5e48,4e77e1974f23402a1e836e45097a493edab801331489c0a46983af625844c4de,2026-08-06T20:59:12.902949+00:00
Q245,attribute,T1500,VERB,"['T1500-0090', 'T1500-2091', 'T1500-0048', 'T1500-2088', 'T1500-0295', 'T1500-0134', 'T1500-2102', 'T1500-0137', 'T1500-0141', 'T1500-2103']","[0.59344804, 0.58465683, 0.57069576, 0.56575692, 0.56437492, 0.56081939, 0.5605951, 0.56059206, 0.55903172, 0.55870879]",5,0,0,1,1,a10f3b475e74f635b5bf544e5466b072b64a10254227eb0fdc5d808333b584ae,4e77e1974f23402a1e836e45097a493edab801331489c0a46983af625844c4de,2026-08-06T20:59:12.903402+00:00
Q246,price,T1500,VERB,"['T1500-0307', 'T1500-0308', 'T1500-1565', 'T1500-0040', 'T1500-1588', 'T1500-0041', 'T1500-0110', 'T1500-0063', 'T1500-0074', 'T1500-1567']","[0.52442855, 0.51815522, 0.51546645, 0.50381732, 0.49446535, 0.48602039, 0.48302734, 0.482223, 0.47984672, 0.47958177]",3,0,1,1,1,48ed2270a5d5a6f7f46acf712a779b9987ac3fcf9bfae82cec079551599b56ea,4e77e1974f23402a1e836e45097a493edab801331489c0a46983af625844c4de,2026-08-06T20:59:12.903815+00:00
Q247,attribute,T1500,VERB,"['T1500-0300', 'T1500-0299', 'T1500-0298', 'T1500-0301', 'T1500-0307', 'T1500-0305', 'T1500-1749', 'T1500-0304', 'T1500-2073', 'T1500-1747']","[0.60200721, 0.5941208, 0.58660984, 0.54285234, 0.53234816, 0.52901721, 0.52852416, 0.52557588, 0.51980102, 0.51176286]",,0,0,0,0,e2b4eeaf2970cee9012f59eb6acb50bacaab5d789ba70ba5989c3f80bf71d9ae,4e77e1974f23402a1e836e45097a493edab801331489c0a46983af625844c4de,2026-08-06T20:59:12.904276+00:00
Q248,price,T1500,VERB,"['T1500-0448', 'T1500-0432', 'T1500-0534', 'T1500-0436', 'T1500-0877', 'T1500-0880', 'T1500-0874', 'T1500-0542', 'T1500-0538', 'T1500-0444']","[0.57794654, 0.57324493, 0.5663178, 0.56618214, 0.56339371, 0.56220698, 0.56186837, 0.56046343, 0.55879629, 0.5546298]",,0,0,0,0,a0c5b5b30899ec865c04588e4683cfe1c5cb85aacbc3aecab3d953c18d719289,4e77e1974f23402a1e836e45097a493edab801331489c0a46983af625844c4de,2026-08-06T20:59:12.907371+00:00
Q249,price,T1500,VERB,"['T1500-1807', 'T1500-1894', 'T1500-1900', 'T1500-0970', 'T1500-1962', 'T1500-0983', 'T1500-0966', 'T1500-0967', 'T1500-1033', 'T1500-0963']","[0.54177201, 0.51665956, 0.51434416, 0.51406884, 0.5119698, 0.51097387, 0.51016688, 0.50813794, 0.50811857, 0.5077396]",,0,0,0,0,16f1cd1a97cb8fcd804f3983ffcc4431c940296b0e9aa8548ca1c3325cc0a85d,4e77e1974f23402a1e836e45097a493edab801331489c0a46983af625844c4de,2026-08-06T20:59:12.907789+00:00
Q250,price,T1500,VERB,"['T1500-0992', 'T1500-0991', 'T1500-0994', 'T1500-1002', 'T1500-1000', 'T1500-1003', 'T1500-1001', 'T1500-0999', 'T1500-0993', 'T1500-1006']","[0.64911449, 0.64545882, 0.64425087, 0.63028193, 0.62587452, 0.62244642, 0.62171614, 0.62016922, 0.62001979, 0.61780059]",2,0,1,1,1,c4603fd5979ca02d5a5c7c95024d46fe51bca39c8f992f00c479798480b1abf1,4e77e1974f23402a1e836e45097a493edab801331489c0a46983af625844c4de,2026-08-06T20:59:12.908179+00:00
Q251,price,T1500,VERB,"['T1500-1350', 'T1500-1337', 'T1500-1359', 'T1500-1418', 'T1500-1429', 'T1500-1416', 'T1500-1402', 'T1500-1624', 'T1500-1459', 'T1500-1556']","[0.50902307, 0.50396615, 0.50256068, 0.49985251, 0.49909887, 0.49783221, 0.497688, 0.49721187, 0.49714196, 0.4954536]",,0,0,0,0,43afbb3375ee95e510d52b270df85b3c886ba4152836f7a4c39ff841daeb4cef,4e77e1974f23402a1e836e45097a493edab801331489c0a46983af625844c4de,2026-08-06T20:59:12.908604+00:00
Q252,price,T1500,VERB,"['T1500-1548', 'T1500-1528', 'T1500-1581', 'T1500-1513', 'T1500-1468', 'T1500-1397', 'T1500-1452', 'T1500-1421', 'T1500-1616', 'T1500-1544']","[0.49015075, 0.48237291, 0.47221988, 0.47095054, 0.47012931, 0.46651202, 0.46468931, 0.46445954, 0.46005073, 0.4540861]",,0,0,0,0,c5e071a2d597fc3c343a794c2e9ffb626855f5c5b8d58509680d19cd9dbb9b43,4e77e1974f23402a1e836e45097a493edab801331489c0a46983af625844c4de,2026-08-06T20:59:12.909010+00:00
Q253,attribute,T1500,VERB,"['T1500-0104', 'T1500-0108', 'T1500-0199', 'T1500-0110', 'T1500-1571', 'T1500-0105', 'T1500-1599', 'T1500-0120', 'T1500-1615', 'T1500-0088']","[0.58136356, 0.558532, 0.54296386, 0.53912592, 0.5379805, 0.53622878, 0.53381854, 0.53376359, 0.53281397, 0.53228319]",7,0,0,0,1,8bd32eccd62f03f44dd03b40c2e531aec3f7c0d1c4e905e40b7196a16b9247bb,4e77e1974f23402a1e836e45097a493edab801331489c0a46983af625844c4de,2026-08-06T20:59:12.909444+00:00
Q254,attribute,T1500,VERB,"['T1500-0877', 'T1500-0432', 'T1500-0448', 'T1500-0625', 'T1500-0542', 'T1500-0538', 'T1500-0444', 'T1500-0619', 'T1500-0643', 'T1500-0434']","[0.59228545, 0.57756484, 0.57333297, 0.56417358, 0.56385434, 0.56371349, 0.5623194, 0.56120396, 0.56070185, 0.55981064]",4,0,0,1,1,94d8ffd52b45b4e2f2d2bad9a2268ffa3bcf3733fdecebfdf9f6360ce680f0a3,4e77e1974f23402a1e836e45097a493edab801331489c0a46983af625844c4de,2026-08-06T20:59:12.909845+00:00
Q255,attribute,T1500,VERB,"['T1500-0432', 'T1500-0592', 'T1500-0343', 'T1500-0745', 'T1500-0746', 'T1500-0357', 'T1500-0339', 'T1500-0747', 'T1500-0538', 'T1500-0880']","[0.58061332, 0.57732451, 0.57348371, 0.56791252, 0.56786126, 0.56050396, 0.55986392, 0.55968952, 0.55597293, 0.55520868]",2,0,1,1,1,403eaa50d364df8c83c7d0b22cc6db5197e7106819068022b6adf7a2a9fdbc1c,4e77e1974f23402a1e836e45097a493edab801331489c0a46983af625844c4de,2026-08-06T20:59:12.910268+00:00
Q256,price,T1500,VERB,"['T1500-0896', 'T1500-0902', 'T1500-0911', 'T1500-1246', 'T1500-1243', 'T1500-0905', 'T1500-0904', 'T1500-0908', 'T1500-0898', 'T1500-0903']","[0.58975637, 0.58896649, 0.58886635, 0.58654952, 0.5840925, 0.58315903, 0.58253694, 0.58169293, 0.57942057, 0.57922029]",,0,0,0,0,5e381f29e44adb7ea0049161a9c4811910131abb00c7c54af78267879c4c54b6,4e77e1974f23402a1e836e45097a493edab801331489c0a46983af625844c4de,2026-08-06T20:59:12.910668+00:00
Q257,attribute,T1500,VERB,"['T1500-0846', 'T1500-0844', 'T1500-0851', 'T1500-0845', 'T1500-0843', 'T1500-0847', 'T1500-0849', 'T1500-0852', 'T1500-0848', 'T1500-0850']","[0.67427301, 0.64987934, 0.64798212, 0.64719224, 0.6459676, 0.64132643, 0.63957751, 0.63711101, 0.63688898, 0.63387096]",1,1,1,1,1,74101f53328f8f529b77d4f556daa2602dc83ffd73ab9ab97d85c08100a5782d,4e77e1974f23402a1e836e45097a493edab801331489c0a46983af625844c4de,2026-08-06T20:59:12.911073+00:00
Q258,price,T1500,VERB,"['T1500-0902', 'T1500-1243', 'T1500-0896', 'T1500-0911', 'T1500-1246', 'T1500-0908', 'T1500-0904', 'T1500-0905', 'T1500-0898', 'T1500-0903']","[0.58495903, 0.5849098, 0.58469021, 0.58178496, 0.58164454, 0.57589948, 0.57486719, 0.57319415, 0.57122958, 0.56994247]",,0,0,0,0,fb91a240461776300aa444b8fe491db8a314b273a1446ebdeb430ef94f54262c,4e77e1974f23402a1e836e45097a493edab801331489c0a46983af625844c4de,2026-08-06T20:59:12.911480+00:00
Q259,attribute,T1500,VERB,"['T1500-0301', 'T1500-0307', 'T1500-0304', 'T1500-0308', 'T1500-0306', 'T1500-0305', 'T1500-0039', 'T1500-0040', 'T1500-0110', 'T1500-2035']","[0.6238606, 0.58952999, 0.54302609, 0.5349527, 0.53196907, 0.5188235, 0.50813091, 0.49606323, 0.49556231, 0.4927063]",1,1,1,1,1,0baaa0cd0483eb59c7af60edb37d4bfca25556661b647316838e04f7fa274549,4e77e1974f23402a1e836e45097a493edab801331489c0a46983af625844c4de,2026-08-06T20:59:12.911897+00:00
Q260,attribute,T1500,VERB,"['T1500-0104', 'T1500-0282', 'T1500-0283', 'T1500-0110', 'T1500-0120', 'T1500-1652', 'T1500-0085', 'T1500-0079', 'T1500-0284', 'T1500-1631']","[0.51290482, 0.51277715, 0.50859773, 0.50755036, 0.50028259, 0.49544394, 0.49521604, 0.4942562, 0.49152952, 0.48948279]",,0,0,0,0,80442b5f11d82e2ada7df3ecb6c758876d0398ea64914a850e71250c9b83a50b,4e77e1974f23402a1e836e45097a493edab801331489c0a46983af625844c4de,2026-08-06T20:59:12.912317+00:00
Q261,price,T1500,VERB,"['T1500-0711', 'T1500-0710', 'T1500-0717', 'T1500-0713', 'T1500-0691', 'T1500-0715', 'T1500-0716', 'T1500-0700', 'T1500-0709', 'T1500-0712']","[0.55438018, 0.55338132, 0.54715574, 0.54238611, 0.5407874, 0.53991365, 0.53959191, 0.53958178, 0.5388782, 0.5383358]",1,1,1,1,1,c9a0770598f1ccc9a71d386043b62ab4329b650761a0304df151dc5be5d336f4,4e77e1974f23402a1e836e45097a493edab801331489c0a46983af625844c4de,2026-08-06T20:59:12.912713+00:00
Q262,price,T1500,VERB,"['T1500-0896', 'T1500-0899', 'T1500-0897', 'T1500-0908', 'T1500-0911', 'T1500-0898', 'T1500-0905', 'T1500-0909', 'T1500-0903', 'T1500-0904']","[0.50766098, 0.50700188, 0.50482082, 0.50447154, 0.50411648, 0.50404787, 0.5022856, 0.50104421, 0.50072527, 0.49960381]",,0,0,0,0,ace406b5f12b72f13f33ba20784bd4d4060df3a071a460406b7fc391ddde99f8,4e77e1974f23402a1e836e45097a493edab801331489c0a46983af625844c4de,2026-08-06T20:59:12.913110+00:00
Q263,price,T1500,VERB,"['T1500-1911', 'T1500-1912', 'T1500-1986', 'T1500-1894', 'T1500-1915', 'T1500-1962', 'T1500-1995', 'T1500-1891', 'T1500-1900', 'T1500-2000']","[0.59943223, 0.57946199, 0.57440376, 0.57139099, 0.56409752, 0.55772674, 0.55548942, 0.55536413, 0.54604733, 0.5453254]",1,1,1,1,1,d5b007f625155a246d0fb81a2026e4095b220ebd4b169150915383b3fd7669bf,4e77e1974f23402a1e836e45097a493edab801331489c0a46983af625844c4de,2026-08-06T20:59:12.913520+00:00
Q264,price,T1500,VERB,"['T1500-1659', 'T1500-1407', 'T1500-0294', 'T1500-0295', 'T1500-1571', 'T1500-0134', 'T1500-1652', 'T1500-1599', 'T1500-1653', 'T1500-1580']","[0.51498473, 0.50350255, 0.50292373, 0.50146818, 0.49902013, 0.49833789, 0.49738783, 0.49647355, 0.49584836, 0.49462903]",,0,0,0,0,740408ef8e195cda29a094fa491e9e25d70a2252dfb28919bab209dd146428e6,4e77e1974f23402a1e836e45097a493edab801331489c0a46983af625844c4de,2026-08-06T20:59:12.913952+00:00
Q265,price,T1500,VERB,"['T1500-0815', 'T1500-0899', 'T1500-1318', 'T1500-0896', 'T1500-0911', 'T1500-0905', 'T1500-1754', 'T1500-0812', 'T1500-0810', 'T1500-0902']","[0.47696519, 0.47052753, 0.47024953, 0.46999133, 0.46977729, 0.46817189, 0.4679032, 0.46787423, 0.46764377, 0.4645012]",,0,0,0,0,0a3b5d9135124f741191c48fdd8135f0066b8a9c2d05a9425580c32b2e161050,4e77e1974f23402a1e836e45097a493edab801331489c0a46983af625844c4de,2026-08-06T20:59:12.914383+00:00
Q266,attribute,T1500,VERB,"['T1500-1584', 'T1500-2095', 'T1500-2098', 'T1500-1531', 'T1500-0085', 'T1500-2087', 'T1500-2097', 'T1500-0308', 'T1500-2094', 'T1500-1588']","[0.47285229, 0.47267008, 0.47166762, 0.4678795, 0.46095595, 0.46083173, 0.46055388, 0.45890948, 0.45776761, 0.456016]",,0,0,0,0,fdcf5428a45bbc17df1c9909172cb26bcdc350fccd3aaf54adee67ca6724b60f,4e77e1974f23402a1e836e45097a493edab801331489c0a46983af625844c4de,2026-08-06T20:59:12.914820+00:00
Q267,price,T1500,VERB,"['T1500-1405', 'T1500-0518', 'T1500-0619', 'T1500-0620', 'T1500-0746', 'T1500-0841', 'T1500-0616', 'T1500-0625', 'T1500-0621', 'T1500-0519']","[0.4955768, 0.48949757, 0.48514974, 0.47606307, 0.47295791, 0.47197098, 0.46843892, 0.46813309, 0.46742278, 0.45936489]",,0,0,0,0,819fb627b2f0b07aa44c0e26a5cf99a153afdbd0803495faacc115700d363a15,4e77e1974f23402a1e836e45097a493edab801331489c0a46983af625844c4de,2026-08-06T20:59:12.915245+00:00
Q268,attribute,T1500,VERB,"['T1500-0131', 'T1500-0090', 'T1500-0292', 'T1500-0293', 'T1500-0141', 'T1500-0048', 'T1500-0134', 'T1500-0291', 'T1500-0252', 'T1500-0137']","[0.62930441, 0.61253768, 0.61078137, 0.60261381, 0.59095168, 0.58932573, 0.58919615, 0.58432496, 0.58101064, 0.57836109]",1,1,1,1,1,0f43aa41d9c33eb9a9477a90482d6089aa6b4c2c44f25f98a08f73f536fe1cb4,4e77e1974f23402a1e836e45097a493edab801331489c0a46983af625844c4de,2026-08-06T20:59:12.915657+00:00
Q269,attribute,T1500,VERB,"['T1500-2099', 'T1500-1079', 'T1500-2102', 'T1500-1073', 'T1500-2100', 'T1500-1076', 'T1500-0390', 'T1500-2103', 'T1500-2096', 'T1500-2092']","[0.56285965, 0.56093007, 0.5583846, 0.55256587, 0.54732597, 0.54598296, 0.54303271, 0.5267235, 0.52416259, 0.52330273]",6,0,0,0,1,a91f77176181a23ebf42194b9f5a7a5f90f70d7d4176086834e75fa51423dab7,4e77e1974f23402a1e836e45097a493edab801331489c0a46983af625844c4de,2026-08-06T20:59:12.916064+00:00
Q270,price,T1500,VERB,"['T1500-0959', 'T1500-0956', 'T1500-0983', 'T1500-0954', 'T1500-1995', 'T1500-0975', 'T1500-0965', 'T1500-0961', 'T1500-0974', 'T1500-0966']","[0.60324192, 0.60039836, 0.59739518, 0.59299725, 0.59146279, 0.58883274, 0.58790946, 0.58607346, 0.58599967, 0.58541155]",,0,0,0,0,8fa54c6a7716ada95893a4ea51e0aeb2dccc980c5fe7a0e07421c185a808572c,4e77e1974f23402a1e836e45097a493edab801331489c0a46983af625844c4de,2026-08-06T20:59:12.916466+00:00
Q271,price,T1500,VERB,"['T1500-1915', 'T1500-1914', 'T1500-1908', 'T1500-1912', 'T1500-1911', 'T1500-1917', 'T1500-1986', 'T1500-1918', 'T1500-1894', 'T1500-1949']","[0.65148473, 0.60683185, 0.59812427, 0.59636444, 0.58855671, 0.58437002, 0.57280529, 0.56155032, 0.55579162, 0.55273902]",2,0,1,1,1,7a00fa0b6d6de4c344a7692c51b3751bf8224f9b1afd7a7ffb8a3ca53e5ea8bc,4e77e1974f23402a1e836e45097a493edab801331489c0a46983af625844c4de,2026-08-06T20:59:12.916867+00:00
Q272,attribute,T1500,VERB,"['T1500-0213', 'T1500-2092', 'T1500-0208', 'T1500-0750', 'T1500-2103', 'T1500-2099', 'T1500-0212', 'T1500-2102', 'T1500-0765', 'T1500-0209']","[0.6214503, 0.56380379, 0.56361926, 0.55351627, 0.55327725, 0.55217195, 0.55111015, 0.55086517, 0.54779238, 0.54695052]",3,0,1,1,1,37a267cb181928f198fdc6010ac3ae0e2eb35ccb110546382eb21187727b142f,4e77e1974f23402a1e836e45097a493edab801331489c0a46983af625844c4de,2026-08-06T20:59:12.917284+00:00
Q273,attribute,T1500,VERB,"['T1500-0308', 'T1500-0307', 'T1500-2101', 'T1500-2100', 'T1500-0301', 'T1500-2102', 'T1500-2099', 'T1500-2092', 'T1500-2095', 'T1500-2103']","[0.57190955, 0.52082843, 0.5175544, 0.51678967, 0.51010567, 0.50411862, 0.50273216, 0.49453843, 0.49099892, 0.48539194]",1,1,1,1,1,a0fdac8e6b66fd11c504a249b6333654b5de684320e0883d497afc35b253a00b,4e77e1974f23402a1e836e45097a493edab801331489c0a46983af625844c4de,2026-08-06T20:59:12.917716+00:00
Q274,attribute,T1500,VERB,"['T1500-0112', 'T1500-1646', 'T1500-0085', 'T1500-0074', 'T1500-0108', 'T1500-0062', 'T1500-0024', 'T1500-0110', 'T1500-1642', 'T1500-0109']","[0.59544694, 0.58801657, 0.58284712, 0.57890117, 0.57857883, 0.57427061, 0.57329679, 0.57307315, 0.56912482, 0.56410241]",1,1,1,1,1,f9156061b97e32df72e2c68595f2a7ac72902b91b5c5b3f5b3d11934dbf61c3e,4e77e1974f23402a1e836e45097a493edab801331489c0a46983af625844c4de,2026-08-06T20:59:12.918122+00:00
Q275,price,T1500,VERB,"['T1500-1124', 'T1500-1128', 'T1500-1294', 'T1500-1972', 'T1500-1014', 'T1500-0812', 'T1500-1052', 'T1500-1769', 'T1500-1129', 'T1500-0811']","[0.54517281, 0.54433584, 0.54099607, 0.54066747, 0.53809047, 0.53748202, 0.53650987, 0.53336751, 0.53331286, 0.52997869]",,0,0,0,0,9737acf704628a2f7910cb2953288465e15ae2c1a40d597c506dc2414bae66e9,4e77e1974f23402a1e836e45097a493edab801331489c0a46983af625844c4de,2026-08-06T20:59:12.918535+00:00
Q276,attribute,T1500,VERB,"['T1500-0983', 'T1500-1962', 'T1500-0967', 'T1500-0970', 'T1500-0966', 'T1500-1986', 'T1500-0969', 'T1500-0968', 'T1500-0982', 'T1500-0980']","[0.63046277, 0.608073, 0.60746878, 0.60486734, 0.6046052, 0.60397136, 0.60393733, 0.60282576, 0.60164523, 0.60101646]",,0,0,0,0,132f92928a4be4ad7b0006f21a58ab338e79fead18762c74f164ff152693cae0,4e77e1974f23402a1e836e45097a493edab801331489c0a46983af625844c4de,2026-08-06T20:59:12.918975+00:00
Q277,attribute,T1500,VERB,"['T1500-1547', 'T1500-1571', 'T1500-2095', 'T1500-2098', 'T1500-0085', 'T1500-1531', 'T1500-1551', 'T1500-2096', 'T1500-2088', 'T1500-2094']","[0.49265122, 0.49077314, 0.47413757, 0.47397423, 0.45355958, 0.45264989, 0.44979459, 0.44930685, 0.4479371, 0.44476235]",1,1,1,1,1,336f42ef78790de6c0651bc7439b5ebe47d8499bf3be8c36c209323ba3e9f681,4e77e1974f23402a1e836e45097a493edab801331489c0a46983af625844c4de,2026-08-06T20:59:12.919478+00:00
Q278,price,T1500,VERB,"['T1500-1405', 'T1500-1391', 'T1500-0178', 'T1500-1524', 'T1500-1449', 'T1500-1404', 'T1500-1320', 'T1500-0179', 'T1500-0045', 'T1500-0167']","[0.50248444, 0.47362113, 0.43537885, 0.43209636, 0.43132097, 0.42956769, 0.42898476, 0.424606, 0.42298743, 0.4220241]",,0,0,0,0,caec35fb36541551fbe63bfd3887a5d06e09f7e2c5ced31a4e29e31ed6bfff05,4e77e1974f23402a1e836e45097a493edab801331489c0a46983af625844c4de,2026-08-06T20:59:12.919882+00:00
Q279,price,T1500,VERB,"['T1500-1995', 'T1500-0975', 'T1500-0955', 'T1500-0957', 'T1500-0976', 'T1500-0982', 'T1500-0965', 'T1500-0963', 'T1500-0962', 'T1500-0972']","[0.59765857, 0.59315652, 0.59055454, 0.58961391, 0.5886814, 0.58852392, 0.58739519, 0.58649647, 0.58623195, 0.58556223]",,0,0,0,0,63250b987b9de8ee1b4f551ec01098016e83ccda1bbe03cc89ed96bdbfe4013b,4e77e1974f23402a1e836e45097a493edab801331489c0a46983af625844c4de,2026-08-06T20:59:12.920292+00:00
Q280,price,T1500,VERB,"['T1500-0039', 'T1500-0026', 'T1500-0027', 'T1500-0040', 'T1500-0028', 'T1500-0025', 'T1500-1571', 'T1500-0308', 'T1500-0306', 'T1500-0229']","[0.50922459, 0.50513947, 0.48238444, 0.4787249, 0.46657193, 0.46174225, 0.45928568, 0.45443454, 0.45103997, 0.45009658]",2,0,1,1,1,bb072e1755fa0687729aba0cad1d6595a44466c5018f98c527c8b90c8fd85d4e,4e77e1974f23402a1e836e45097a493edab801331489c0a46983af625844c4de,2026-08-06T20:59:12.920694+00:00
Q281,price,T1500,VERB,"['T1500-1129', 'T1500-1124', 'T1500-1014', 'T1500-1128', 'T1500-1131', 'T1500-1127', 'T1500-0811', 'T1500-1130', 'T1500-0812', 'T1500-0810']","[0.56848788, 0.55364257, 0.5506025, 0.54729664, 0.546942, 0.54645252, 0.54393917, 0.54238528, 0.53936481, 0.53702414]",5,0,0,1,1,7a590a367bd7ed4ea4a85cd46c1d514d05bd622554a9c7261489e330f5164334,4e77e1974f23402a1e836e45097a493edab801331489c0a46983af625844c4de,2026-08-06T20:59:12.921088+00:00
Q282,attribute,T1500,VERB,"['T1500-0229', 'T1500-0226', 'T1500-0232', 'T1500-0224', 'T1500-0230', 'T1500-2012', 'T1500-0227', 'T1500-0182', 'T1500-0225', 'T1500-2073']","[0.55106676, 0.53191173, 0.52742118, 0.52673286, 0.5242455, 0.5133456, 0.51216727, 0.51062787, 0.50858223, 0.5083102]",1,1,1,1,1,eab64e4a55fd9b7f9031841abf5ea74547f0bc2462f3bb8c239c50eee07b0ef0,4e77e1974f23402a1e836e45097a493edab801331489c0a46983af625844c4de,2026-08-06T20:59:12.921552+00:00
Q283,price,T1500,VERB,"['T1500-1048', 'T1500-1969', 'T1500-1973', 'T1500-1402', 'T1500-1977', 'T1500-1708', 'T1500-1981', 'T1500-1055', 'T1500-1645', 'T1500-1966']","[0.5173353, 0.46941924, 0.45920748, 0.4552421, 0.45367372, 0.45044863, 0.44886541, 0.44871897, 0.44826794, 0.44686961]",1,1,1,1,1,9052bef2c0ffe1476a0a0008b121b868b254e3665e79bedb8bd208769cd99155,4e77e1974f23402a1e836e45097a493edab801331489c0a46983af625844c4de,2026-08-06T20:59:12.921952+00:00
Q284,attribute,T1500,VERB,"['T1500-1237', 'T1500-1064', 'T1500-0988', 'T1500-2012', 'T1500-1236', 'T1500-1200', 'T1500-1020', 'T1500-1063', 'T1500-1198', 'T1500-1066']","[0.59300101, 0.53533101, 0.52111995, 0.52111882, 0.5200659, 0.51774806, 0.51525772, 0.51459396, 0.51385784, 0.51299924]",,0,0,0,0,89410a439a63026dbbf8cb77a29d3f17213763ca5087c731bd38a3e9681a6291,4e77e1974f23402a1e836e45097a493edab801331489c0a46983af625844c4de,2026-08-06T20:59:12.922386+00:00
Q285,price,T1500,VERB,"['T1500-1972', 'T1500-1769', 'T1500-1014', 'T1500-1708', 'T1500-1519', 'T1500-1702', 'T1500-1504', 'T1500-1516', 'T1500-1501', 'T1500-1416']","[0.57299948, 0.57238781, 0.56886148, 0.54130399, 0.53828353, 0.5371114, 0.53435338, 0.53434741, 0.5332092, 0.53244305]",,0,0,0,0,34a82774337e36c9c98a01de5e77f640740dcd6d1e5f1434b120ffe013a273b2,4e77e1974f23402a1e836e45097a493edab801331489c0a46983af625844c4de,2026-08-06T20:59:12.922799+00:00
Q286,attribute,T1500,VERB,"['T1500-2096', 'T1500-0104', 'T1500-2088', 'T1500-2095', 'T1500-2100', 'T1500-0037', 'T1500-2092', 'T1500-0108', 'T1500-0199', 'T1500-2102']","[0.55622673, 0.55460274, 0.52003515, 0.51772642, 0.5145101, 0.51393783, 0.5092954, 0.50745845, 0.50335884, 0.50215614]",,0,0,0,0,beb6144faaaca18075a5c2d3c53c63cd7bec0bd1d3e980fd6e478bb41ebba916,4e77e1974f23402a1e836e45097a493edab801331489c0a46983af625844c4de,2026-08-06T20:59:12.923253+00:00
Q287,price,T1500,VERB,"['T1500-1983', 'T1500-1636', 'T1500-1498', 'T1500-1676', 'T1500-1566', 'T1500-0941', 'T1500-1807', 'T1500-1640', 'T1500-1716', 'T1500-1881']","[0.46830571, 0.46606344, 0.46282491, 0.45005149, 0.44817865, 0.44634479, 0.44514972, 0.44491893, 0.44389385, 0.44371665]",,0,0,0,0,bc0e8a15739220c027609087799c8367b9ca72320652b9186c6ebc35ef719cda,4e77e1974f23402a1e836e45097a493edab801331489c0a46983af625844c4de,2026-08-06T20:59:12.923659+00:00
Q288,price,T1500,VERB,"['T1500-1986', 'T1500-1002', 'T1500-0983', 'T1500-1995', 'T1500-0958', 'T1500-0961', 'T1500-0963', 'T1500-1891', 'T1500-0962', 'T1500-0965']","[0.60691047, 0.60605931, 0.60578752, 0.60547054, 0.59698594, 0.59511828, 0.59508169, 0.59408796, 0.59374619, 0.59322596]",,0,0,0,0,10092b1bc6528066a01541de3f9ebc262d93f7455ddad63d72523adeebb3b4a1,4e77e1974f23402a1e836e45097a493edab801331489c0a46983af625844c4de,2026-08-06T20:59:12.924058+00:00
Q289,price,T1500,VERB,"['T1500-0592', 'T1500-0354', 'T1500-0591', 'T1500-0353', 'T1500-0352', 'T1500-0355', 'T1500-0432', 'T1500-0332', 'T1500-0745', 'T1500-0322']","[0.56063724, 0.54814106, 0.54347706, 0.53760278, 0.52867299, 0.52642053, 0.52307653, 0.51905906, 0.51625347, 0.51569974]",2,0,1,1,1,00f1b94cbfc23a7b13064bbb776dea8d514b7cb9f249ac7a1870c4d1e18b5894,4e77e1974f23402a1e836e45097a493edab801331489c0a46983af625844c4de,2026-08-06T20:59:12.924467+00:00
Q290,attribute,T1500,VERB,"['T1500-1599', 'T1500-0104', 'T1500-0110', 'T1500-0184', 'T1500-2099', 'T1500-0112', 'T1500-0062', 'T1500-0176', 'T1500-1598', 'T1500-0024']","[0.54755652, 0.50413674, 0.49976265, 0.49217778, 0.48210528, 0.48107451, 0.48105276, 0.47857577, 0.47645354, 0.47552204]",1,1,1,1,1,b52c90f4066d3585bee5b59e229f02eca4e7b3e6494e552d76556a033c59f268,4e77e1974f23402a1e836e45097a493edab801331489c0a46983af625844c4de,2026-08-06T20:59:12.924878+00:00
Q291,price,T1500,VERB,"['T1500-0085', 'T1500-1571', 'T1500-1635', 'T1500-0053', 'T1500-0054', 'T1500-1631', 'T1500-0088', 'T1500-0081', 'T1500-0036', 'T1500-0065']","[0.60625499, 0.5659954, 0.55981278, 0.55835509, 0.55555934, 0.54331362, 0.54231286, 0.53956902, 0.53755599, 0.53680873]",,0,0,0,0,cfad673ba521cb9687239182c38ddedd2e87561a3bea651cff011ae441b08582,4e77e1974f23402a1e836e45097a493edab801331489c0a46983af625844c4de,2026-08-06T20:59:12.925290+00:00
Q292,price,T1500,VERB,"['T1500-1995', 'T1500-1891', 'T1500-0983', 'T1500-1986', 'T1500-1992', 'T1500-0975', 'T1500-1912', 'T1500-0974', 'T1500-0982', 'T1500-0976']","[0.58607674, 0.57633609, 0.57086945, 0.56817436, 0.56700963, 0.56369686, 0.56166267, 0.56016731, 0.55779254, 0.55770469]",,0,0,0,0,4cb9630f7df18d529ef45091646eeac1770621a19e98fae447f2322ec3e3fdcd,4e77e1974f23402a1e836e45097a493edab801331489c0a46983af625844c4de,2026-08-06T20:59:12.925715+00:00
Q293,price,T1500,VERB,"['T1500-1972', 'T1500-1014', 'T1500-1769', 'T1500-1784', 'T1500-1785', 'T1500-0390', 'T1500-1788', 'T1500-1781', 'T1500-1284', 'T1500-1789']","[0.59088713, 0.58160925, 0.55271167, 0.53210104, 0.52964836, 0.52916747, 0.52502918, 0.52430815, 0.52027011, 0.5112074]",,0,0,0,0,a044b376b4ba34dc99b3ef524a16930e67a495e7078cce422ed916bd354cdf12,4e77e1974f23402a1e836e45097a493edab801331489c0a46983af625844c4de,2026-08-06T20:59:12.926116+00:00
Q294,attribute,T1500,VERB,"['T1500-0091', 'T1500-0092', 'T1500-0093', 'T1500-0094', 'T1500-2035', 'T1500-0293', 'T1500-0292', 'T1500-0096', 'T1500-2012', 'T1500-1631']","[0.49385601, 0.48446202, 0.47084853, 0.46771991, 0.44446385, 0.44419515, 0.44225132, 0.4421235, 0.43954194, 0.43642789]",1,1,1,1,1,ab8cba48bd7ab433f9b9f795df6227abb8d98e7743281943769a0a4ae1dd6d3f,4e77e1974f23402a1e836e45097a493edab801331489c0a46983af625844c4de,2026-08-06T20:59:12.926556+00:00
Q295,attribute,T1500,VERB,"['T1500-1972', 'T1500-1014', 'T1500-1769', 'T1500-1124', 'T1500-1130', 'T1500-1290', 'T1500-1284', 'T1500-1288', 'T1500-1046', 'T1500-1278']","[0.5900743, 0.57952917, 0.5749886, 0.57446909, 0.5706439, 0.56046963, 0.55802655, 0.55697536, 0.54585338, 0.54283047]",1,1,1,1,1,62437b0827404e711f5ff48a3449b1e63b2e2f5d191ac65742dc1de43f6cf538,4e77e1974f23402a1e836e45097a493edab801331489c0a46983af625844c4de,2026-08-06T20:59:12.926956+00:00
Q296,price,T1500,VERB,"['T1500-1852', 'T1500-1943', 'T1500-1769', 'T1500-1777', 'T1500-1913', 'T1500-1884', 'T1500-2007', 'T1500-1973', 'T1500-1876', 'T1500-1996']","[0.49797723, 0.49520999, 0.48733577, 0.48225206, 0.48079559, 0.4800365, 0.48001492, 0.47985154, 0.47750428, 0.4754943]",,0,0,0,0,fa2d1c8aa56c8fa5bbd10c1f9db9af1ed6da864e9d46cada3212f48db1fb9118,4e77e1974f23402a1e836e45097a493edab801331489c0a46983af625844c4de,2026-08-06T20:59:12.927366+00:00
Q297,attribute,T1500,VERB,"['T1500-1584', 'T1500-0085', 'T1500-1586', 'T1500-1583', 'T1500-0286', 'T1500-0287', 'T1500-0308', 'T1500-0285', 'T1500-0916', 'T1500-2073']","[0.58650029, 0.50557053, 0.49217629, 0.48852336, 0.48415363, 0.4810777, 0.4801752, 0.47646073, 0.47446108, 0.47417974]",2,0,1,1,1,7a560e17e0bafcc6c3a5c9da384cbd162f4c4477102ad252abd092c80148af67,4e77e1974f23402a1e836e45097a493edab801331489c0a46983af625844c4de,2026-08-06T20:59:12.927793+00:00
Q298,price,T1500,VERB,"['T1500-1062', 'T1500-1061', 'T1500-1995', 'T1500-1060', 'T1500-1059', 'T1500-0970', 'T1500-0966', 'T1500-2000', 'T1500-0969', 'T1500-1033']","[0.67660075, 0.66880155, 0.62711287, 0.61962831, 0.61226726, 0.6082263, 0.60351598, 0.60187221, 0.6001392, 0.59997082]",1,1,1,1,1,0d407309c6981d7e3af28760f5ef1910dbb69a64848985a93d8209f01a84da1a,4e77e1974f23402a1e836e45097a493edab801331489c0a46983af625844c4de,2026-08-06T20:59:12.928189+00:00
Q299,attribute,T1500,VERB,"['T1500-0120', 'T1500-0085', 'T1500-0190', 'T1500-0191', 'T1500-0066', 'T1500-0065', 'T1500-0060', 'T1500-0067', 'T1500-1631', 'T1500-0061']","[0.56938803, 0.53181684, 0.5291605, 0.52811968, 0.52566338, 0.52419567, 0.52231514, 0.52218115, 0.52182829, 0.51932836]",1,1,1,1,1,83c75edc61b4da92bcc2228aee4f739eac5a1039c5d860ccba1c2a0846b1a79c,4e77e1974f23402a1e836e45097a493edab801331489c0a46983af625844c4de,2026-08-06T20:59:12.928628+00:00
Q300,attribute,T1500,VERB,"['T1500-0896', 'T1500-0902', 'T1500-0899', 'T1500-0898', 'T1500-0905', 'T1500-0894', 'T1500-0897', 'T1500-0895', 'T1500-0912', 'T1500-0908']","[0.56195915, 0.55696326, 0.55585355, 0.55231905, 0.55228192, 0.55136442, 0.54816508, 0.54778045, 0.54741287, 0.54654443]",,0,0,0,0,05bfeac807835d1bab09976561c36b14b2271171a6e1656a304bd3456a260e84,4e77e1974f23402a1e836e45097a493edab801331489c0a46983af625844c4de,2026-08-06T20:59:12.929046+00:00
Q301,attribute,T1500,VERB,"['T1500-1983', 'T1500-1986', 'T1500-1010', 'T1500-0997', 'T1500-1000', 'T1500-0993', 'T1500-0998', 'T1500-0947', 'T1500-1995', 'T1500-0969']","[0.59112614, 0.5434491, 0.53456789, 0.53152257, 0.52976811, 0.52590144, 0.52582371, 0.52568209, 0.52517033, 0.52357346]",1,1,1,1,1,9adc9d73e8d3e67c5d64ed666b719c8d6255e7c38514c006cb946f92e1cbb19b,4e77e1974f23402a1e836e45097a493edab801331489c0a46983af625844c4de,2026-08-06T20:59:12.929485+00:00
Q302,price,T1500,VERB,"['T1500-1894', 'T1500-1900', 'T1500-1250', 'T1500-1891', 'T1500-1157', 'T1500-0967', 'T1500-0970', 'T1500-1033', 'T1500-0969', 'T1500-1064']","[0.56716549, 0.55254459, 0.54858273, 0.54753667, 0.54628378, 0.54066449, 0.53890359, 0.53807348, 0.53730243, 0.53549796]",,0,0,0,0,27129bc48922808a25522f9c2c051ca47ad0c4fa265cd68fe9b87051c071b7cd,4e77e1974f23402a1e836e45097a493edab801331489c0a46983af625844c4de,2026-08-06T20:59:12.929888+00:00
Q303,price,T1500,VERB,"['T1500-0942', 'T1500-0940', 'T1500-0958', 'T1500-0949', 'T1500-0956', 'T1500-0945', 'T1500-0947', 'T1500-0959', 'T1500-0944', 'T1500-0953']","[0.64727634, 0.64694595, 0.64417219, 0.63384962, 0.63281727, 0.63270104, 0.62988895, 0.62979829, 0.62865484, 0.62745976]",,0,0,0,0,b28399772c1cd2b98767a69d8e2f193a4dbd1b060f92ac59a6e6ddc3eb0d735a,4e77e1974f23402a1e836e45097a493edab801331489c0a46983af625844c4de,2026-08-06T20:59:12.930351+00:00
Q304,attribute,T1500,VERB,"['T1500-1972', 'T1500-1284', 'T1500-1308', 'T1500-1301', 'T1500-1299', 'T1500-1266', 'T1500-1279', 'T1500-1290', 'T1500-1288', 'T1500-1272']","[0.50565445, 0.50322038, 0.49250203, 0.48060793, 0.47982782, 0.47929385, 0.47764981, 0.47509784, 0.47493249, 0.47307557]",,0,0,0,0,fa025cffbdb14ff7f7a7900382eeba9ce4f5ced11f2091590e7fd3845f4e18d7,4e77e1974f23402a1e836e45097a493edab801331489c0a46983af625844c4de,2026-08-06T20:59:12.930796+00:00
Q305,price,T1500,VERB,"['T1500-2069', 'T1500-2073', 'T1500-1329', 'T1500-1706', 'T1500-1678', 'T1500-1333', 'T1500-2072', 'T1500-2055', 'T1500-1458', 'T1500-2012']","[0.5679059, 0.53893876, 0.52974397, 0.52805626, 0.51217723, 0.50652933, 0.50211805, 0.50147504, 0.50003445, 0.49861512]",2,0,1,1,1,a1a31e76f97a7166331b43035215009c80146da2f64e577bb888954e4db5a770,4e77e1974f23402a1e836e45097a493edab801331489c0a46983af625844c4de,2026-08-06T20:59:12.931254+00:00
Q306,price,T1500,VERB,"['T1500-1592', 'T1500-0081', 'T1500-1642', 'T1500-0088', 'T1500-0189', 'T1500-1631', 'T1500-0105', 'T1500-0085', 'T1500-0195', 'T1500-0156']","[0.50748986, 0.5064348, 0.50123215, 0.50080836, 0.49141389, 0.4872089, 0.48567319, 0.48459873, 0.48321086, 0.48066342]",2,0,1,1,1,f4e4689838bd128860c85df76280d33ff2b31b72c141d4fb6cb19baa72684948,4e77e1974f23402a1e836e45097a493edab801331489c0a46983af625844c4de,2026-08-06T20:59:12.931848+00:00
Q307,attribute,T1500,VERB,"['T1500-1972', 'T1500-1284', 'T1500-1014', 'T1500-1288', 'T1500-1299', 'T1500-1287', 'T1500-1278', 'T1500-1295', 'T1500-1784', 'T1500-1301']","[0.54366755, 0.52826679, 0.52333915, 0.50378263, 0.49686119, 0.49579102, 0.49493703, 0.494928, 0.49444577, 0.49421456]",,0,0,0,0,be1c9bdf7de3cd53c6050971d0de81f26069ea1ad4817d5b756e4a2a57fb28f7,4e77e1974f23402a1e836e45097a493edab801331489c0a46983af625844c4de,2026-08-06T20:59:12.932281+00:00
Q308,attribute,T1500,VERB,"['T1500-1995', 'T1500-0975', 'T1500-1033', 'T1500-0966', 'T1500-0967', 'T1500-1027', 'T1500-0974', 'T1500-0968', 'T1500-0972', 'T1500-0970']","[0.64183068, 0.63031876, 0.63003254, 0.62882209, 0.6266067, 0.62640864, 0.62585318, 0.62438416, 0.62433636, 0.62431931]",3,0,1,1,1,0872355f642db69b0c876f9034820dcf8067dc91d8f14332347d0754372f26f8,4e77e1974f23402a1e836e45097a493edab801331489c0a46983af625844c4de,2026-08-06T20:59:12.932708+00:00
Q309,price,T1500,VERB,"['T1500-1842', 'T1500-1841', 'T1500-2012', 'T1500-1678', 'T1500-1345', 'T1500-1815', 'T1500-1349', 'T1500-1706', 'T1500-1535', 'T1500-1852']","[0.47630894, 0.44652081, 0.44243199, 0.44015712, 0.44005227, 0.43485308, 0.43137634, 0.42984551, 0.42930982, 0.42795837]",1,1,1,1,1,58dd5c49d6c70e674e8c60006885bf01211c998a0fb11e1ef6f1906330a1b5f2,4e77e1974f23402a1e836e45097a493edab801331489c0a46983af625844c4de,2026-08-06T20:59:12.933124+00:00
Q310,price,T1500,VERB,"['T1500-1531', 'T1500-1562', 'T1500-1535', 'T1500-1468', 'T1500-1706', 'T1500-1580', 'T1500-1329', 'T1500-1547', 'T1500-1548', 'T1500-1345']","[0.43885219, 0.43742898, 0.4338659, 0.42887658, 0.42779613, 0.42623073, 0.42100117, 0.42001283, 0.41916412, 0.4161945]",,0,0,0,0,2822552af09f2546d4435c96492cfac279367209cb213eaf3a5a6cc440c330d9,4e77e1974f23402a1e836e45097a493edab801331489c0a46983af625844c4de,2026-08-06T20:59:12.933540+00:00
Q311,price,T1500,VERB,"['T1500-0037', 'T1500-1635', 'T1500-0112', 'T1500-1535', 'T1500-0071', 'T1500-1599', 'T1500-1607', 'T1500-1631', 'T1500-0104', 'T1500-0079']","[0.57969832, 0.5790118, 0.57061815, 0.56830323, 0.56721878, 0.5626334, 0.55980229, 0.55598038, 0.55476445, 0.55357456]",7,0,0,0,1,2d0091b72360793485e397b3b7470b6b496c91dbc89ab536559f27b4074e4927,4e77e1974f23402a1e836e45097a493edab801331489c0a46983af625844c4de,2026-08-06T20:59:12.933944+00:00
Q312,price,T1500,VERB,"['T1500-0911', 'T1500-0295', 'T1500-0919', 'T1500-0918', 'T1500-2073', 'T1500-0134', 'T1500-0910', 'T1500-0905', 'T1500-0917', 'T1500-0908']","[0.5113256, 0.50978732, 0.49931473, 0.49795392, 0.49591359, 0.4918282, 0.49160463, 0.49062616, 0.48877931, 0.48806664]",,0,0,0,0,1f209d8c4d9c038cc58a39be08b732353ed7bafe4bfea75203ff9b9b9370143e,4e77e1974f23402a1e836e45097a493edab801331489c0a46983af625844c4de,2026-08-06T20:59:12.934394+00:00
Q313,price,T1500,VERB,"['T1500-1995', 'T1500-0962', 'T1500-0961', 'T1500-0963', 'T1500-1881', 'T1500-1006', 'T1500-0975', 'T1500-0964', 'T1500-0965', 'T1500-0974']","[0.59942585, 0.58550608, 0.58462751, 0.58417934, 0.58313638, 0.58268225, 0.58201021, 0.58186191, 0.58036554, 0.57952058]",,0,0,0,0,67b3032f376209fda1467839d5d4563f485c2786d13120755c199040dc5643e8,4e77e1974f23402a1e836e45097a493edab801331489c0a46983af625844c4de,2026-08-06T20:59:12.934791+00:00
Q314,price,T1500,VERB,"['T1500-0295', 'T1500-0281', 'T1500-1347', 'T1500-0134', 'T1500-0020', 'T1500-0271', 'T1500-0270', 'T1500-0260', 'T1500-0252', 'T1500-0279']","[0.54526967, 0.53861678, 0.5352481, 0.53144944, 0.52747607, 0.52741897, 0.52676928, 0.52543187, 0.52399385, 0.5234102]",,0,0,0,0,c65744e82be39c5270f003b83f97300b64ec9f4810326731b9b638898a3d6c0d,4e77e1974f23402a1e836e45097a493edab801331489c0a46983af625844c4de,2026-08-06T20:59:12.935196+00:00
Q315,attribute,T1500,VERB,"['T1500-1995', 'T1500-0966', 'T1500-0967', 'T1500-1033', 'T1500-0975', 'T1500-0974', 'T1500-1024', 'T1500-0970', 'T1500-0983', 'T1500-0969']","[0.63500589, 0.62242723, 0.62133163, 0.62095243, 0.61833405, 0.6174376, 0.61730474, 0.61706424, 0.61702931, 0.61670089]",4,0,0,1,1,0d19f2db957377765c62cfc963229fd5c7388605c2e245dc34fc4e6420d47e6b,4e77e1974f23402a1e836e45097a493edab801331489c0a46983af625844c4de,2026-08-06T20:59:12.935645+00:00
Q316,price,T1500,VERB,"['T1500-0958', 'T1500-0953', 'T1500-1894', 'T1500-0955', 'T1500-0954', 'T1500-0940', 'T1500-0942', 'T1500-0957', 'T1500-0956', 'T1500-1891']","[0.66025728, 0.65567803, 0.65268862, 0.65004253, 0.64653993, 0.64526463, 0.64454716, 0.64410454, 0.64380342, 0.64284682]",2,0,1,1,1,1ed82cf0b277e7cddfc707361f1095864a60ea31ce992815a9e6f3a67bce6eb5,4e77e1974f23402a1e836e45097a493edab801331489c0a46983af625844c4de,2026-08-06T20:59:12.936059+00:00
Q317,attribute,T1500,VERB,"['T1500-0178', 'T1500-0180', 'T1500-0172', 'T1500-0166', 'T1500-0167', 'T1500-0175', 'T1500-0181', 'T1500-0168', 'T1500-0163', 'T1500-0179']","[0.62704426, 0.61978525, 0.61913997, 0.61730969, 0.60824418, 0.60391277, 0.60015523, 0.59877783, 0.59759104, 0.59728271]",1,1,1,1,1,ba6fab909a13e43c3dc7d2a817fd734689fef91454a869cdbcb42e4442e2e29d,4e77e1974f23402a1e836e45097a493edab801331489c0a46983af625844c4de,2026-08-06T20:59:12.936532+00:00
Q318,price,T1500,VERB,"['T1500-0108', 'T1500-0097', 'T1500-0088', 'T1500-0104', 'T1500-0191', 'T1500-1635', 'T1500-0199', 'T1500-0112', 'T1500-0190', 'T1500-0065']","[0.55797493, 0.55205953, 0.55021894, 0.54799825, 0.54697835, 0.54418516, 0.54396105, 0.54328555, 0.54180592, 0.54172558]",,0,0,0,0,92f8ec3f3435248a219b9d6736a7f4a1cb9deeac6cb6aeed69824897bee310aa,4e77e1974f23402a1e836e45097a493edab801331489c0a46983af625844c4de,2026-08-06T20:59:12.936941+00:00
Q319,price,T1500,VERB,"['T1500-0303', 'T1500-0302', 'T1500-0304', 'T1500-1752', 'T1500-1079', 'T1500-0812', 'T1500-1750', 'T1500-0810', 'T1500-0811', 'T1500-0896']","[0.61691236, 0.57709765, 0.56309325, 0.56138974, 0.547068, 0.54216218, 0.54173511, 0.54063773, 0.53596878, 0.53428626]",3,0,1,1,1,ccbc31df63fe0a20061ab173367cc2f8722d9d800dce313685334c90568c7a9a,4e77e1974f23402a1e836e45097a493edab801331489c0a46983af625844c4de,2026-08-06T20:59:12.937359+00:00
Q320,attribute,T1500,VERB,"['T1500-1551', 'T1500-2095', 'T1500-0607', 'T1500-0619', 'T1500-0815', 'T1500-2096', 'T1500-0810', 'T1500-0820', 'T1500-2101', 'T1500-0518']","[0.53191239, 0.53054976, 0.52540028, 0.52505565, 0.52278447, 0.52224833, 0.52091157, 0.52026451, 0.51927751, 0.51854175]",1,1,1,1,1,c27701da65ba58e03d85402f60fd2fe18eca8e15b9d1b0fc54e85bba1115b71f,4e77e1974f23402a1e836e45097a493edab801331489c0a46983af625844c4de,2026-08-06T20:59:12.937798+00:00
Q321,price,T1500,VERB,"['T1500-0877', 'T1500-0432', 'T1500-0448', 'T1500-0534', 'T1500-0436', 'T1500-0880', 'T1500-0542', 'T1500-0444', 'T1500-0538', 'T1500-0874']","[0.58268756, 0.57396638, 0.5700286, 0.56299502, 0.56153101, 0.56039917, 0.55714166, 0.55548322, 0.55341762, 0.54993117]",,0,0,0,0,f1b63e98252d9dcd35e3d30d29cc67608f101d47cfb9ed148ad239f5839a4824,4e77e1974f23402a1e836e45097a493edab801331489c0a46983af625844c4de,2026-08-06T20:59:12.938195+00:00
Q322,attribute,T1500,VERB,"['T1500-1214', 'T1500-2099', 'T1500-0317', 'T1500-1213', 'T1500-2090', 'T1500-2103', 'T1500-2091', 'T1500-0141', 'T1500-0896', 'T1500-0895']","[0.55237138, 0.53494501, 0.53106093, 0.53005826, 0.52941436, 0.52132863, 0.51593274, 0.51277876, 0.51227462, 0.51098835]",1,1,1,1,1,3d5e36b6048732ac450c2ff0856b49d8d9c79e8164977c74b95bb2c7a7415900,4e77e1974f23402a1e836e45097a493edab801331489c0a46983af625844c4de,2026-08-06T20:59:12.938642+00:00
Q323,price,T1500,VERB,"['T1500-0301', 'T1500-0082', 'T1500-0112', 'T1500-0900', 'T1500-0020', 'T1500-0894', 'T1500-0075', 'T1500-0026', 'T1500-0902', 'T1500-0896']","[0.47055218, 0.46250263, 0.46108869, 0.45875046, 0.45745572, 0.45585889, 0.45570588, 0.45139414, 0.45138431, 0.45038718]",,0,0,0,0,4d0bb0a73f0a0d34558175f33b3f3cab7bdd923ccf8cf6102c3a0a23a1012e83,4e77e1974f23402a1e836e45097a493edab801331489c0a46983af625844c4de,2026-08-06T20:59:12.939047+00:00
Q324,attribute,T1500,VERB,"['T1500-0996', 'T1500-0997', 'T1500-0995', 'T1500-0990', 'T1500-0994', 'T1500-1000', 'T1500-1002', 'T1500-1001', 'T1500-1003', 'T1500-0991']","[0.66102892, 0.65663183, 0.64315474, 0.64267421, 0.63898367, 0.63593817, 0.63526082, 0.63385439, 0.63380766, 0.63335168]",,0,0,0,0,b2e523f499cdaf1579f95302a59781eb8b1407aad26b46f7741b4380d5f8a663,4e77e1974f23402a1e836e45097a493edab801331489c0a46983af625844c4de,2026-08-06T20:59:12.939503+00:00
Q325,price,T1500,VERB,"['T1500-1815', 'T1500-1894', 'T1500-1811', 'T1500-1145', 'T1500-1891', 'T1500-1949', 'T1500-1243', 'T1500-2012', 'T1500-0970', 'T1500-1146']","[0.54973853, 0.5103274, 0.50841236, 0.50612003, 0.499497, 0.49929765, 0.49806342, 0.49477839, 0.4929409, 0.49271801]",1,1,1,1,1,10010cb369645ed3049e85cbaf2f75f49f6d8cdf078ecc2c87ffd924807e3ddd,4e77e1974f23402a1e836e45097a493edab801331489c0a46983af625844c4de,2026-08-06T20:59:12.939912+00:00
Q326,attribute,T1500,VERB,"['T1500-0090', 'T1500-2091', 'T1500-2103', 'T1500-0048', 'T1500-0131', 'T1500-0138', 'T1500-0292', 'T1500-0137', 'T1500-0134', 'T1500-0251']","[0.59487212, 0.57173753, 0.57088184, 0.57018161, 0.56859815, 0.56699717, 0.56003433, 0.55247337, 0.55124414, 0.5473693]",3,0,1,1,1,8c86d8535ab4aeea0f263db9eccb8493d84f00b48fcb513672849ff467689851,4e77e1974f23402a1e836e45097a493edab801331489c0a46983af625844c4de,2026-08-06T20:59:12.940333+00:00
Q327,attribute,T1500,VERB,"['T1500-2092', 'T1500-2097', 'T1500-0750', 'T1500-0761', 'T1500-0760', 'T1500-2099', 'T1500-0763', 'T1500-0762', 'T1500-2100', 'T1500-0764']","[0.54950082, 0.52272922, 0.52041167, 0.51894867, 0.51846015, 0.51749295, 0.51700759, 0.51591778, 0.51436365, 0.51310134]",,0,0,0,0,bdaff64d53de2fb82eab86e212d77c57ee3b80e9be7f0379e1b687b215b3cb5f,4e77e1974f23402a1e836e45097a493edab801331489c0a46983af625844c4de,2026-08-06T20:59:12.940745+00:00
Q328,attribute,T1500,VERB,"['T1500-1554', 'T1500-1546', 'T1500-1635', 'T1500-1599', 'T1500-1531', 'T1500-1345', 'T1500-1550', 'T1500-0085', 'T1500-0073', 'T1500-1558']","[0.54350477, 0.51244307, 0.50530183, 0.50287175, 0.50069052, 0.49735811, 0.49386531, 0.48863158, 0.48343438, 0.48238453]",4,0,0,1,1,f602f76ac7b7051f5f90e86abb47b97a2004259d349a67e849e4becf972b7597,4e77e1974f23402a1e836e45097a493edab801331489c0a46983af625844c4de,2026-08-06T20:59:12.941178+00:00
Q329,attribute,T1500,VERB,"['T1500-1101', 'T1500-0983', 'T1500-1100', 'T1500-0959', 'T1500-0970', 'T1500-0954', 'T1500-0956', 'T1500-0958', 'T1500-0997', 'T1500-0978']","[0.60699755, 0.60459352, 0.59731513, 0.58728588, 0.58679855, 0.58468616, 0.58433169, 0.58363694, 0.58181477, 0.58057445]",,0,0,0,0,1e7616508b32f2d818c0d9dc9fc6287471702286e642c6482b50983e1904112d,4e77e1974f23402a1e836e45097a493edab801331489c0a46983af625844c4de,2026-08-06T20:59:12.941614+00:00
Q330,price,T1500,VERB,"['T1500-0104', 'T1500-1571', 'T1500-1599', 'T1500-0108', 'T1500-1580', 'T1500-0199', 'T1500-1642', 'T1500-1615', 'T1500-0112', 'T1500-1574']","[0.60575056, 0.54645181, 0.54493457, 0.54329026, 0.53507644, 0.52763271, 0.52581167, 0.52152848, 0.51567006, 0.50946921]",,0,0,0,0,ae8cf346d2a1316693d34e15959eae354fccdd0362a40d9c532dcf2cbca9aad6,4e77e1974f23402a1e836e45097a493edab801331489c0a46983af625844c4de,2026-08-06T20:59:12.942015+00:00
Q331,price,T1500,VERB,"['T1500-0877', 'T1500-0432', 'T1500-0880', 'T1500-0874', 'T1500-0542', 'T1500-0448', 'T1500-0534', 'T1500-0444', 'T1500-0436', 'T1500-1368']","[0.5494532, 0.54901719, 0.54738379, 0.5469172, 0.54346609, 0.54068601, 0.53657508, 0.53048575, 0.52925867, 0.52909952]",5,0,0,1,1,064ba5a4ffc5eb3e1d39fca584f4d6821134e7ddb30853aa488b39b839d7f0db,4e77e1974f23402a1e836e45097a493edab801331489c0a46983af625844c4de,2026-08-06T20:59:12.942522+00:00
Q332,attribute,T1500,VERB,"['T1500-0085', 'T1500-1571', 'T1500-0088', 'T1500-0054', 'T1500-2035', 'T1500-0024', 'T1500-1635', 'T1500-0074', 'T1500-0087', 'T1500-0097']","[0.57793736, 0.54610437, 0.54131496, 0.54043961, 0.53607178, 0.5340004, 0.53396845, 0.53383684, 0.5325948, 0.52593839]",,0,0,0,0,b141b73621c5dc5c3f41ebc83ae431143c3f43769f378d87896282c69a0ab41f,4e77e1974f23402a1e836e45097a493edab801331489c0a46983af625844c4de,2026-08-06T20:59:12.942985+00:00
Q333,attribute,T1500,VERB,"['T1500-2035', 'T1500-1571', 'T1500-0088', 'T1500-0104', 'T1500-0085', 'T1500-0195', 'T1500-0108', 'T1500-2073', 'T1500-1638', 'T1500-0105']","[0.54699886, 0.52736545, 0.5175277, 0.51350081, 0.50467312, 0.50259304, 0.50206518, 0.50181496, 0.50074208, 0.49759501]",,0,0,0,0,c30c6896315e8906bed6039d7b60d2ecd2901861d1e5c5c5d942a67ed26287c0,4e77e1974f23402a1e836e45097a493edab801331489c0a46983af625844c4de,2026-08-06T20:59:12.943486+00:00
Q334,price,T1500,VERB,"['T1500-0145', 'T1500-0147', 'T1500-0146', 'T1500-0311', 'T1500-0148', 'T1500-0140', 'T1500-0151', 'T1500-1653', 'T1500-0149', 'T1500-1405']","[0.52509868, 0.52232933, 0.51768208, 0.50846374, 0.48672205, 0.47618008, 0.47056338, 0.47050393, 0.47044745, 0.469955]",2,0,1,1,1,a3a6a3682125315db8eb859a6d011c3855fae10fc5196f6a30a32b8b8ed07371,4e77e1974f23402a1e836e45097a493edab801331489c0a46983af625844c4de,2026-08-06T20:59:12.943914+00:00
Q335,price,T1500,VERB,"['T1500-2001', 'T1500-2009', 'T1500-1706', 'T1500-2004', 'T1500-1671', 'T1500-1998', 'T1500-1405', 'T1500-1390', 'T1500-1678', 'T1500-1707']","[0.43423027, 0.42886245, 0.42560661, 0.42480052, 0.42148361, 0.42110124, 0.41634825, 0.41528106, 0.41484812, 0.4134635]",,0,0,0,0,f5843abd97c45706725337ecc3c8d53d63c19e38f5d1611183c22debc8574002,4e77e1974f23402a1e836e45097a493edab801331489c0a46983af625844c4de,2026-08-06T20:59:12.944401+00:00
Q336,attribute,T1500,VERB,"['T1500-0270', 'T1500-0295', 'T1500-0281', 'T1500-0252', 'T1500-0251', 'T1500-0271', 'T1500-0278', 'T1500-0259', 'T1500-0134', 'T1500-0261']","[0.61482716, 0.61407423, 0.60159451, 0.59983027, 0.59774488, 0.59532732, 0.59521902, 0.59460711, 0.59404421, 0.59194112]",,0,0,0,0,a69e1b5cfdae06ac247198c0166e7b97f9d18f13fe172c209e6acdcca196f898,4e77e1974f23402a1e836e45097a493edab801331489c0a46983af625844c4de,2026-08-06T20:59:12.944842+00:00
Q337,price,T1500,VERB,"['T1500-1796', 'T1500-1149', 'T1500-1912', 'T1500-1148', 'T1500-1264', 'T1500-1250', 'T1500-1921', 'T1500-1040', 'T1500-1894', 'T1500-1037']","[0.59434056, 0.58520722, 0.58278632, 0.58208096, 0.57665545, 0.57072771, 0.57017994, 0.56936896, 0.56805831, 0.56535804]",1,1,1,1,1,e5bd21345b6ba19e7c972dfb0898121288746c0e31027334f99a291b2927aaeb,4e77e1974f23402a1e836e45097a493edab801331489c0a46983af625844c4de,2026-08-06T20:59:12.945255+00:00
Q338,attribute,T1500,VERB,"['T1500-0303', 'T1500-0302', 'T1500-2096', 'T1500-2099', 'T1500-0654', 'T1500-2102', 'T1500-1079', 'T1500-0766', 'T1500-0755', 'T1500-0898']","[0.60937089, 0.56427705, 0.55494714, 0.55063421, 0.548581, 0.54838955, 0.54799414, 0.54603606, 0.54239786, 0.54197478]",,0,0,0,0,1b07423bb3ab53a586d15422cba5524c7cd700394f04a3521937ec67c22cf222,4e77e1974f23402a1e836e45097a493edab801331489c0a46983af625844c4de,2026-08-06T20:59:12.946165+00:00
Q339,attribute,T1500,VERB,"['T1500-0894', 'T1500-0898', 'T1500-0899', 'T1500-0896', 'T1500-0916', 'T1500-0895', 'T1500-2012', 'T1500-0900', 'T1500-1373', 'T1500-0913']","[0.50482571, 0.49877137, 0.49792731, 0.49742621, 0.49568564, 0.49520791, 0.49513894, 0.49472916, 0.49470446, 0.49431846]",,0,0,0,0,7c7d59e058953de1096feabd99dd1bcceb1096932e7e67b7f0c81666e522e4d8,4e77e1974f23402a1e836e45097a493edab801331489c0a46983af625844c4de,2026-08-06T20:59:12.946752+00:00
Q340,price,T1500,VERB,"['T1500-0686', 'T1500-0695', 'T1500-0693', 'T1500-0691', 'T1500-0690', 'T1500-0699', 'T1500-0692', 'T1500-0689', 'T1500-0702', 'T1500-0685']","[0.60493141, 0.59305394, 0.58072162, 0.57813191, 0.57228988, 0.57011938, 0.56895179, 0.56860304, 0.56833196, 0.56823742]",1,1,1,1,1,14eba615c0737030ff97c793fe91652569f57bc6704f93f2dd2131d3c2670c14,4e77e1974f23402a1e836e45097a493edab801331489c0a46983af625844c4de,2026-08-06T20:59:12.947187+00:00
Q341,attribute,T1500,VERB,"['T1500-1638', 'T1500-1531', 'T1500-0199', 'T1500-0308', 'T1500-0041', 'T1500-1571', 'T1500-1584', 'T1500-0039', 'T1500-0099', 'T1500-1706']","[0.49556985, 0.48172915, 0.46569872, 0.46421188, 0.46294147, 0.46272284, 0.4607746, 0.46018505, 0.45957214, 0.4588919]",,0,0,0,0,c65445c8b6b7e9b1879c1d5183b56d44e2bcda9935011efbf1d60a43cacb608a,4e77e1974f23402a1e836e45097a493edab801331489c0a46983af625844c4de,2026-08-06T20:59:12.947668+00:00
Q342,price,T1500,VERB,"['T1500-0614', 'T1500-0611', 'T1500-0357', 'T1500-0511', 'T1500-0625', 'T1500-0432', 'T1500-0608', 'T1500-1261', 'T1500-0510', 'T1500-0518']","[0.62717718, 0.60665888, 0.59217834, 0.57314843, 0.56544006, 0.56405139, 0.55522096, 0.55381989, 0.55362195, 0.55227804]",7,0,0,0,1,5073ffe8dacb32fc11f42cb31a21168dc488137cb591cf5314c91a145b17214b,4e77e1974f23402a1e836e45097a493edab801331489c0a46983af625844c4de,2026-08-06T20:59:12.948144+00:00
Q343,attribute,T1500,VERB,"['T1500-1250', 'T1500-0983', 'T1500-1995', 'T1500-1986', 'T1500-2018', 'T1500-1894', 'T1500-1033', 'T1500-1042', 'T1500-1942', 'T1500-1200']","[0.60376239, 0.60133994, 0.60102463, 0.6001237, 0.59850228, 0.59695899, 0.59621668, 0.59319496, 0.59218687, 0.5917266]",,0,0,0,0,805ebad3b905a7ca7e218a3f8fed2a5d3575abce918736bc7aa5c50d45ab2b79,4e77e1974f23402a1e836e45097a493edab801331489c0a46983af625844c4de,2026-08-06T20:59:12.948680+00:00
Q344,attribute,T1500,VERB,"['T1500-2012', 'T1500-0250', 'T1500-0153', 'T1500-0294', 'T1500-0295', 'T1500-0916', 'T1500-0282', 'T1500-0912', 'T1500-2073', 'T1500-0133']","[0.55484736, 0.53760326, 0.53683573, 0.53679037, 0.53248858, 0.53012264, 0.52831608, 0.52798533, 0.52776933, 0.52774292]",,0,0,0,0,493739218c413b7ea79c5e6879fe3354d8c69dac607436ec965d35285bddba15,4e77e1974f23402a1e836e45097a493edab801331489c0a46983af625844c4de,2026-08-06T20:59:12.949181+00:00
Q345,attribute,T1500,VERB,"['T1500-2096', 'T1500-0104', 'T1500-2095', 'T1500-1571', 'T1500-0108', 'T1500-0110', 'T1500-2088', 'T1500-2094', 'T1500-0085', 'T1500-1574']","[0.52765548, 0.51762354, 0.50604975, 0.50054407, 0.49824685, 0.49556965, 0.48716915, 0.48595801, 0.48465869, 0.48024312]",1,1,1,1,1,43adda0ff8ce5038cf2c2fa334b0356e39e2d7cde0f2524039565db817752413,4e77e1974f23402a1e836e45097a493edab801331489c0a46983af625844c4de,2026-08-06T20:59:12.949674+00:00
Q346,price,T1500,VERB,"['T1500-1405', 'T1500-0809', 'T1500-0908', 'T1500-0825', 'T1500-0328', 'T1500-0841', 'T1500-0896', 'T1500-0332', 'T1500-0905', 'T1500-0899']","[0.52958667, 0.48903745, 0.48361427, 0.48324025, 0.48196292, 0.4816491, 0.48058963, 0.48031378, 0.47992358, 0.47984764]",5,0,0,1,1,c0ac538fa569d1480d1775e748ef864689c35df8834fcb35cb0704e1c558f907,4e77e1974f23402a1e836e45097a493edab801331489c0a46983af625844c4de,2026-08-06T20:59:12.950103+00:00
Q347,attribute,T1500,VERB,"['T1500-1599', 'T1500-0104', 'T1500-0112', 'T1500-0024', 'T1500-0085', 'T1500-0110', 'T1500-1598', 'T1500-2096', 'T1500-1642', 'T1500-0062']","[0.57974678, 0.56613469, 0.52781975, 0.5270052, 0.51987779, 0.51975501, 0.51839185, 0.51401311, 0.50720131, 0.5067327]",1,1,1,1,1,8c2892c728e2cff288754576f03f94f956e5e37dd47e2ae68672e54cb3f81f1a,4e77e1974f23402a1e836e45097a493edab801331489c0a46983af625844c4de,2026-08-06T20:59:12.950566+00:00
Q348,attribute,T1500,VERB,"['T1500-2095', 'T1500-2102', 'T1500-0579', 'T1500-0145', 'T1500-0592', 'T1500-0489', 'T1500-0357', 'T1500-0596', 'T1500-0495', 'T1500-2103']","[0.5087254, 0.48675931, 0.4825784, 0.48125833, 0.47869653, 0.47783208, 0.47735584, 0.47392052, 0.47072768, 0.47053328]",2,0,1,1,1,0c48093325940ecca8317504060443ea1d0ecfa7e80486c9d98c5b0940d9e738,4e77e1974f23402a1e836e45097a493edab801331489c0a46983af625844c4de,2026-08-06T20:59:12.951166+00:00
Q349,price,T1500,VERB,"['T1500-0969', 'T1500-0970', 'T1500-0968', 'T1500-0967', 'T1500-1894', 'T1500-0966', 'T1500-1986', 'T1500-1145', 'T1500-1146', 'T1500-1033']","[0.57223105, 0.57163602, 0.56983411, 0.56980628, 0.56820822, 0.56820726, 0.56192231, 0.55959082, 0.55891138, 0.55864662]",,0,0,0,0,596b9c57e65eef19225361de3f4707ac99f662f4273057473e05c782d3a1af65,4e77e1974f23402a1e836e45097a493edab801331489c0a46983af625844c4de,2026-08-06T20:59:12.951634+00:00
Q350,attribute,T1500,VERB,"['T1500-0099', 'T1500-0110', 'T1500-0026', 'T1500-0041', 'T1500-1635', 'T1500-0199', 'T1500-0082', 'T1500-1599', 'T1500-1546', 'T1500-0283']","[0.54257071, 0.5403347, 0.54008001, 0.53995603, 0.53807604, 0.53516567, 0.53440654, 0.53362668, 0.53308517, 0.53226328]",7,0,0,0,1,e803b6c0ae62d49711f5717aae17bef72d044bf77414e23b5ae8de1f0e162960,4e77e1974f23402a1e836e45097a493edab801331489c0a46983af625844c4de,2026-08-06T20:59:12.952082+00:00
Q351,price,T1500,VERB,"['T1500-1599', 'T1500-1535', 'T1500-0297', 'T1500-0298', 'T1500-2073', 'T1500-0112', 'T1500-1342', 'T1500-0895', 'T1500-0082', 'T1500-0104']","[0.47793898, 0.45936227, 0.4502092, 0.44655651, 0.44609416, 0.44125912, 0.44013408, 0.43528181, 0.43469247, 0.43387663]",,0,0,0,0,fb76b6ce6a99ac43c0e4dff11c6fa0e4bbeb3041b4eddf709ae3cf1d466bbae5,4e77e1974f23402a1e836e45097a493edab801331489c0a46983af625844c4de,2026-08-06T20:59:12.952548+00:00
Q352,attribute,T1500,VERB,"['T1500-1003', 'T1500-0965', 'T1500-2012', 'T1500-0983', 'T1500-1002', 'T1500-0963', 'T1500-0962', 'T1500-0956', 'T1500-0964', 'T1500-0975']","[0.56791723, 0.56771743, 0.56712431, 0.56605029, 0.56582999, 0.56485283, 0.56480485, 0.56444579, 0.56401777, 0.56326675]",3,0,1,1,1,140d1703c4240edc7070153af6b42e01513c36e6cc39a898ef1954580508b61a,4e77e1974f23402a1e836e45097a493edab801331489c0a46983af625844c4de,2026-08-06T20:59:12.953027+00:00
Q353,price,T1500,VERB,"['T1500-0662', 'T1500-0656', 'T1500-0783', 'T1500-0660', 'T1500-0635', 'T1500-0782', 'T1500-0719', 'T1500-0659', 'T1500-0781', 'T1500-0654']","[0.56185722, 0.54999113, 0.5483923, 0.54620183, 0.54431981, 0.54362214, 0.54236972, 0.5422343, 0.54205692, 0.54181051]",1,1,1,1,1,9353f36aebb338463c468548cfed16ea6d5fd6c0b63f4eca95a752bd76617379,4e77e1974f23402a1e836e45097a493edab801331489c0a46983af625844c4de,2026-08-06T20:59:12.953488+00:00
Q354,attribute,T1500,VERB,"['T1500-1614', 'T1500-1638', 'T1500-1534', 'T1500-1635', 'T1500-0298', 'T1500-1546', 'T1500-1531', 'T1500-1584', 'T1500-1599', 'T1500-0085']","[0.55407238, 0.52335191, 0.51839471, 0.51715618, 0.51598525, 0.5151177, 0.51151395, 0.50973034, 0.50703377, 0.50574237]",1,1,1,1,1,526a835f40986a130603147c647b1b75f7dbf35d16326e26a9ac0f654c43e397,4e77e1974f23402a1e836e45097a493edab801331489c0a46983af625844c4de,2026-08-06T20:59:12.953951+00:00
Q355,price,T1500,VERB,"['T1500-1972', 'T1500-1014', 'T1500-1769', 'T1500-1784', 'T1500-1789', 'T1500-1785', 'T1500-1124', 'T1500-1793', 'T1500-1787', 'T1500-1791']","[0.58540177, 0.58305216, 0.56620818, 0.56151783, 0.55804396, 0.5527035, 0.54650128, 0.54456306, 0.54349792, 0.53773594]",10,0,0,0,1,4e11b8406d2bda16df74c03341bbeaca2d420d3665247bc637fa6bc2241a9be4,4e77e1974f23402a1e836e45097a493edab801331489c0a46983af625844c4de,2026-08-06T20:59:12.954401+00:00
Q356,price,T1500,VERB,"['T1500-0112', 'T1500-0110', 'T1500-0301', 'T1500-0307', 'T1500-0074', 'T1500-0108', 'T1500-0041', 'T1500-1599', 'T1500-0308', 'T1500-0104']","[0.53058106, 0.53029037, 0.5293777, 0.51750255, 0.51005721, 0.50907946, 0.5033108, 0.50316811, 0.50301552, 0.50012559]",,0,0,0,0,bf2c173e3a29cc93d92ab397d5d00dff78bc32ea2dfac28607bbf0a99fbf925a,4e77e1974f23402a1e836e45097a493edab801331489c0a46983af625844c4de,2026-08-06T20:59:12.954826+00:00
Q357,price,T1500,VERB,"['T1500-1642', 'T1500-1644', 'T1500-0112', 'T1500-0085', 'T1500-1646', 'T1500-0097', 'T1500-1635', 'T1500-1643', 'T1500-1623', 'T1500-0054']","[0.63088799, 0.58226269, 0.56911337, 0.56845033, 0.56313717, 0.55400467, 0.55380374, 0.55154812, 0.54915464, 0.54522371]",1,1,1,1,1,1a3c1789c2e4c2a743ad96e9a0d7ee460c179ff6e34bb86a0eb8ae25ecae3d63,4e77e1974f23402a1e836e45097a493edab801331489c0a46983af625844c4de,2026-08-06T20:59:12.955272+00:00
Q358,price,T1500,VERB,"['T1500-2012', 'T1500-1243', 'T1500-0213', 'T1500-0894', 'T1500-0911', 'T1500-0900', 'T1500-0206', 'T1500-0902', 'T1500-0904', 'T1500-0896']","[0.63732874, 0.60064983, 0.59764773, 0.58767819, 0.58689737, 0.5862993, 0.58354902, 0.58192229, 0.58179057, 0.5815801]",,0,0,0,0,09841874d8aad7596937581d66a6492edc07e41a3b921c9831704de123bc167a,4e77e1974f23402a1e836e45097a493edab801331489c0a46983af625844c4de,2026-08-06T20:59:12.955702+00:00
Q359,attribute,T1500,VERB,"['T1500-0983', 'T1500-1033', 'T1500-0970', 'T1500-0985', 'T1500-0966', 'T1500-0969', 'T1500-0967', 'T1500-0968', 'T1500-0984', 'T1500-0988']","[0.58950627, 0.57935095, 0.57555079, 0.5747363, 0.57381922, 0.57376778, 0.57369101, 0.57235241, 0.5720067, 0.57165354]",1,1,1,1,1,55a001a0cc227373a215992d94780bd6f1133cd9f493c9b70890a89cfc918ae4,4e77e1974f23402a1e836e45097a493edab801331489c0a46983af625844c4de,2026-08-06T20:59:12.956178+00:00
Q360,attribute,T1500,VERB,"['T1500-0178', 'T1500-0172', 'T1500-0180', 'T1500-0168', 'T1500-0176', 'T1500-0170', 'T1500-0167', 'T1500-0166', 'T1500-0179', 'T1500-0175']","[0.64671808, 0.64118785, 0.6377337, 0.63107812, 0.63101494, 0.62839276, 0.62708819, 0.61998296, 0.61937499, 0.61921048]",1,1,1,1,1,3a029404d90bc1ffbbdd354a5ed2528bdc48bf690c720be0c152fdb39cc78a50,4e77e1974f23402a1e836e45097a493edab801331489c0a46983af625844c4de,2026-08-06T20:59:12.956647+00:00
Q361,attribute,T1500,VERB,"['T1500-2099', 'T1500-2102', 'T1500-1079', 'T1500-2100', 'T1500-1076', 'T1500-1073', 'T1500-2103', 'T1500-2092', 'T1500-2096', 'T1500-0390']","[0.57229042, 0.55967164, 0.5567196, 0.55533183, 0.54689896, 0.54343027, 0.53666788, 0.53517056, 0.53155601, 0.52601707]",5,0,0,1,1,c9385a83105777d120d375e5d1e0e498051255328865865c24238e0703a27be9,4e77e1974f23402a1e836e45097a493edab801331489c0a46983af625844c4de,2026-08-06T20:59:12.957080+00:00
Q362,price,T1500,VERB,"['T1500-1555', 'T1500-1574', 'T1500-1547', 'T1500-1550', 'T1500-1580', 'T1500-1531', 'T1500-1562', 'T1500-1642', 'T1500-1551', 'T1500-1571']","[0.49812007, 0.49559852, 0.49537963, 0.49031311, 0.48364276, 0.48329988, 0.47615251, 0.4748756, 0.47069728, 0.47025043]",4,0,0,1,1,1438d3c38b64e080c8cfa9e763d70624d0d704c512916e878fe6cae143e459b6,4e77e1974f23402a1e836e45097a493edab801331489c0a46983af625844c4de,2026-08-06T20:59:12.957543+00:00
Q363,attribute,T1500,VERB,"['T1500-0085', 'T1500-1571', 'T1500-2096', 'T1500-0308', 'T1500-1584', 'T1500-2094', 'T1500-2095', 'T1500-2088', 'T1500-0110', 'T1500-2091']","[0.51796252, 0.51175857, 0.49924609, 0.49853349, 0.49640185, 0.489481, 0.48536015, 0.48459411, 0.48112428, 0.47846517]",,0,0,0,0,24f7b84e2c31bf82918115899b203dd5dcfcb172f658b7f81ac464086879e46f,4e77e1974f23402a1e836e45097a493edab801331489c0a46983af625844c4de,2026-08-06T20:59:12.958008+00:00
Q364,attribute,T1500,VERB,"['T1500-0432', 'T1500-0874', 'T1500-0614', 'T1500-0530', 'T1500-0542', 'T1500-0448', 'T1500-0877', 'T1500-0534', 'T1500-0444', 'T1500-0538']","[0.56990492, 0.56154549, 0.56032491, 0.55162442, 0.55114603, 0.55061793, 0.54393893, 0.54285777, 0.54067361, 0.5381698]",1,1,1,1,1,4a6073eb2dc32c4534635768acafcfe58a8d92ee96940ee6605b21e8437d79ca,4e77e1974f23402a1e836e45097a493edab801331489c0a46983af625844c4de,2026-08-06T20:59:12.958471+00:00
Q365,attribute,T1500,VERB,"['T1500-0301', 'T1500-0307', 'T1500-2096', 'T1500-0110', 'T1500-0039', 'T1500-0308', 'T1500-0041', 'T1500-2088', 'T1500-0304', 'T1500-2099']","[0.59978521, 0.58633649, 0.57969975, 0.57663763, 0.56630492, 0.56565523, 0.56168604, 0.55870038, 0.55606008, 0.55427885]",,0,0,0,0,866b702992b2b72d3cdad0586ec15547f0cac87bb66c30d7beb5139554b41c84,4e77e1974f23402a1e836e45097a493edab801331489c0a46983af625844c4de,2026-08-06T20:59:12.958911+00:00
Q366,price,T1500,VERB,"['T1500-0937', 'T1500-1584', 'T1500-1346', 'T1500-1362', 'T1500-1706', 'T1500-1676', 'T1500-1735', 'T1500-1528', 'T1500-1636', 'T1500-1405']","[0.48549727, 0.45005566, 0.44479331, 0.44431853, 0.44365144, 0.43988293, 0.43983394, 0.43982929, 0.43834102, 0.43747249]",1,1,1,1,1,15bfd5a7dec4f6a43b24b3e3509fc6d0561130f1d1aae4c9e35d61593bd634a2,4e77e1974f23402a1e836e45097a493edab801331489c0a46983af625844c4de,2026-08-06T20:59:12.959360+00:00
Q367,price,T1500,VERB,"['T1500-0104', 'T1500-0108', 'T1500-0112', 'T1500-1599', 'T1500-0037', 'T1500-0199', 'T1500-0088', 'T1500-1571', 'T1500-1635', 'T1500-0085']","[0.59018469, 0.57744426, 0.56735015, 0.56150132, 0.560018, 0.55426472, 0.55277663, 0.55221128, 0.54969102, 0.54955167]",,0,0,0,0,da2b584e7c1dab2e94e99bb6364850cdc26af9019ffb1f61a2b9bb7438547847,4e77e1974f23402a1e836e45097a493edab801331489c0a46983af625844c4de,2026-08-06T20:59:12.959801+00:00
Q368,price,T1500,VERB,"['T1500-1264', 'T1500-2012', 'T1500-1972', 'T1500-1781', 'T1500-1468', 'T1500-1052', 'T1500-1265', 'T1500-1769', 'T1500-0213', 'T1500-1234']","[0.55976403, 0.55547178, 0.55452943, 0.55245864, 0.54864484, 0.54691195, 0.54563713, 0.54499787, 0.54402411, 0.5434162]",10,0,0,0,1,e284e429e37cb68eb5ea032aca23124dfaf8849df2f60dcb13b5d33592dd479c,4e77e1974f23402a1e836e45097a493edab801331489c0a46983af625844c4de,2026-08-06T20:59:12.960322+00:00
Q369,attribute,T1500,VERB,"['T1500-2096', 'T1500-2088', 'T1500-2097', 'T1500-2098', 'T1500-2091', 'T1500-2103', 'T1500-0104', 'T1500-2094', 'T1500-2099', 'T1500-0199']","[0.60309792, 0.56389689, 0.56172127, 0.54572433, 0.53555429, 0.53050017, 0.52800238, 0.52019441, 0.51896101, 0.51553714]",4,0,0,1,1,e8147fc66a16a42feace2540dd05a626eceaac60ec9a730386a6ad4fd215cbcf,4e77e1974f23402a1e836e45097a493edab801331489c0a46983af625844c4de,2026-08-06T20:59:12.960808+00:00
Q370,attribute,T1500,VERB,"['T1500-0168', 'T1500-0173', 'T1500-0176', 'T1500-0167', 'T1500-0171', 'T1500-0179', 'T1500-0181', 'T1500-0175', 'T1500-0163', 'T1500-0161']","[0.52927172, 0.52770793, 0.52124256, 0.51927364, 0.51486421, 0.51390958, 0.51300704, 0.51167059, 0.51110578, 0.51016563]",,0,0,0,0,aeb3fe328715042f4a239ca8fda9366ed5456861f2250ba8accfcf077b739383,4e77e1974f23402a1e836e45097a493edab801331489c0a46983af625844c4de,2026-08-06T20:59:12.961301+00:00
Q371,attribute,T1500,VERB,"['T1500-0110', 'T1500-0307', 'T1500-0108', 'T1500-0062', 'T1500-0308', 'T1500-0104', 'T1500-0199', 'T1500-0109', 'T1500-0063', 'T1500-0085']","[0.59407914, 0.54142535, 0.53875721, 0.5387013, 0.53040659, 0.52804494, 0.52682185, 0.52646732, 0.52012169, 0.5192343]",10,0,0,0,1,0c79872e74278b132bf4fc98db800eaf44f37fb1ba0cd3f996f3afd07cdd5702,4e77e1974f23402a1e836e45097a493edab801331489c0a46983af625844c4de,2026-08-06T20:59:12.961758+00:00
Q372,attribute,T1500,VERB,"['T1500-1995', 'T1500-0944', 'T1500-1199', 'T1500-1200', 'T1500-0946', 'T1500-0983', 'T1500-1198', 'T1500-0941', 'T1500-0943', 'T1500-0948']","[0.59677279, 0.58364421, 0.57998294, 0.57863635, 0.57565212, 0.57476622, 0.57385874, 0.57250839, 0.57213581, 0.57204115]",,0,0,0,0,638ca51bd46c56c4c3c6c8a6e309ca3d00ceb545c505162d9e43955da0d96aab,4e77e1974f23402a1e836e45097a493edab801331489c0a46983af625844c4de,2026-08-06T20:59:12.962247+00:00
Q373,price,T1500,VERB,"['T1500-1584', 'T1500-0074', 'T1500-0025', 'T1500-0063', 'T1500-1381', 'T1500-0082', 'T1500-0039', 'T1500-1588', 'T1500-0304', 'T1500-0026']","[0.48571891, 0.47245407, 0.47045177, 0.46793234, 0.46514845, 0.46124977, 0.459575, 0.45796514, 0.45781916, 0.45478782]",,0,0,0,0,607e0ef31d50c2cb5573a634cc21dc4557959de012578c9843e63a166c03690f,4e77e1974f23402a1e836e45097a493edab801331489c0a46983af625844c4de,2026-08-06T20:59:12.962684+00:00
Q374,attribute,T1500,VERB,"['T1500-0178', 'T1500-0163', 'T1500-0175', 'T1500-0180', 'T1500-0167', 'T1500-0181', 'T1500-0176', 'T1500-0179', 'T1500-0172', 'T1500-0173']","[0.61671132, 0.60721165, 0.60690331, 0.60613656, 0.60104251, 0.59936821, 0.59860206, 0.59755754, 0.59643412, 0.59548301]",1,1,1,1,1,d5420d115565cf30691a47c88b3396ec2fe237c712ebd79ddc9c047955cc39e8,4e77e1974f23402a1e836e45097a493edab801331489c0a46983af625844c4de,2026-08-06T20:59:12.963120+00:00
Q375,price,T1500,VERB,"['T1500-0970', 'T1500-0966', 'T1500-0983', 'T1500-0967', 'T1500-0969', 'T1500-0968', 'T1500-0982', 'T1500-0963', 'T1500-0965', 'T1500-1995']","[0.6175583, 0.61602211, 0.6150713, 0.61223137, 0.61025703, 0.60914969, 0.60788715, 0.60730219, 0.60663331, 0.60530567]",,0,0,0,0,6c17b86ac0524ddfbaf1dadabe8a64d44092c54cb0c38859779307ccb302eb83,4e77e1974f23402a1e836e45097a493edab801331489c0a46983af625844c4de,2026-08-06T20:59:12.963571+00:00
Q376,price,T1500,VERB,"['T1500-1405', 'T1500-0174', 'T1500-0182', 'T1500-0178', 'T1500-0168', 'T1500-0295', 'T1500-0169', 'T1500-0179', 'T1500-0177', 'T1500-1524']","[0.49473113, 0.46752477, 0.46389991, 0.46029401, 0.45895401, 0.45682335, 0.45630533, 0.45536846, 0.45277178, 0.44903719]",,0,0,0,0,f4dff29942c232661e7e2bc7fca6d07997bd26ed36f234064f5e24b03ec53253,4e77e1974f23402a1e836e45097a493edab801331489c0a46983af625844c4de,2026-08-06T20:59:12.963994+00:00
Q377,price,T1500,VERB,"['T1500-1345', 'T1500-1706', 'T1500-1346', 'T1500-1371', 'T1500-2004', 'T1500-1571', 'T1500-1342', 'T1500-1862', 'T1500-2012', 'T1500-2001']","[0.44223309, 0.44076833, 0.43966067, 0.43535507, 0.43514526, 0.43513629, 0.43411657, 0.43334401, 0.43330401, 0.42694977]",8,0,0,0,1,dd3048ae7ac6c5f4fe46afdf7a4d37977015df620533b4d43d69400461c34569,4e77e1974f23402a1e836e45097a493edab801331489c0a46983af625844c4de,2026-08-06T20:59:12.964456+00:00
Q378,price,T1500,VERB,"['T1500-1915', 'T1500-1912', 'T1500-1914', 'T1500-1908', 'T1500-1986', 'T1500-1894', 'T1500-1917', 'T1500-1911', 'T1500-1995', 'T1500-1918']","[0.66936207, 0.61449158, 0.60548162, 0.60265201, 0.59893239, 0.59472609, 0.59450471, 0.59392679, 0.58881867, 0.58598995]",3,0,1,1,1,c8ac46f7229036a8ff05c8001b94c7f02908a88502f2c3afbfcc658e1ea10887,4e77e1974f23402a1e836e45097a493edab801331489c0a46983af625844c4de,2026-08-06T20:59:12.964874+00:00
Q379,price,T1500,VERB,"['T1500-0112', 'T1500-0037', 'T1500-1635', 'T1500-0108', 'T1500-0104', 'T1500-0199', 'T1500-0085', 'T1500-0075', 'T1500-0097', 'T1500-1599']","[0.58276516, 0.57694769, 0.57504821, 0.57446647, 0.5726065, 0.56817263, 0.56606317, 0.565727, 0.56503397, 0.56131852]",,0,0,0,0,51ee09965318aa7c1448b48edd53b310712ecb70f907f539dbf4f2b9d1e6da2b,4e77e1974f23402a1e836e45097a493edab801331489c0a46983af625844c4de,2026-08-06T20:59:12.965315+00:00
Q380,price,T1500,VERB,"['T1500-1852', 'T1500-1972', 'T1500-1769', 'T1500-1788', 'T1500-1260', 'T1500-1777', 'T1500-1773', 'T1500-1785', 'T1500-1779', 'T1500-1046']","[0.59035355, 0.4848029, 0.48299468, 0.46509171, 0.46026707, 0.45833164, 0.45818177, 0.45317125, 0.45177948, 0.45176774]",,0,0,0,0,cf3bb4c63b5d060b65f6425769b8af1a5f18f4832bba644abe14849260b23dc7,4e77e1974f23402a1e836e45097a493edab801331489c0a46983af625844c4de,2026-08-06T20:59:12.965744+00:00
Q381,attribute,T1500,VERB,"['T1500-1599', 'T1500-0112', 'T1500-0108', 'T1500-0079', 'T1500-0085', 'T1500-0199', 'T1500-0104', 'T1500-0075', 'T1500-1635', 'T1500-0087']","[0.56977057, 0.54507899, 0.53849751, 0.53598404, 0.53579867, 0.52840376, 0.52526057, 0.52334535, 0.52084583, 0.52079821]",1,1,1,1,1,a9b79be1b764ecd0a50a43bcc3bd2cd0b9537d436156f4fdb1d7ec58426fff73,4e77e1974f23402a1e836e45097a493edab801331489c0a46983af625844c4de,2026-08-06T20:59:12.966275+00:00
Q382,price,T1500,VERB,"['T1500-0833', 'T1500-0841', 'T1500-0837', 'T1500-0835', 'T1500-0825', 'T1500-0824', 'T1500-0822', 'T1500-0826', 'T1500-0827', 'T1500-0830']","[0.57205558, 0.55878508, 0.54971004, 0.5490936, 0.54674685, 0.54092681, 0.53214979, 0.52875412, 0.52715188, 0.51942354]",7,0,0,0,1,149f87082fb2f6fad5fe839875c29db5d2fa3a0b8f1b1560de806ea2afe88092,4e77e1974f23402a1e836e45097a493edab801331489c0a46983af625844c4de,2026-08-06T20:59:12.966737+00:00
Q383,attribute,T1500,VERB,"['T1500-0932', 'T1500-0895', 'T1500-0901', 'T1500-0894', 'T1500-0907', 'T1500-0900', 'T1500-0899', 'T1500-0905', 'T1500-0896', 'T1500-0898']","[0.56875396, 0.50481761, 0.50033796, 0.49032834, 0.48680556, 0.48510024, 0.48174798, 0.47870746, 0.47727251, 0.47605264]",1,1,1,1,1,41b6ce6c89fe142cd8304fca0c6921bffc2740cd851e6a8cbbd8ff80ab2bcf91,4e77e1974f23402a1e836e45097a493edab801331489c0a46983af625844c4de,2026-08-06T20:59:12.967189+00:00
Q384,attribute,T1500,VERB,"['T1500-0983', 'T1500-1995', 'T1500-0964', 'T1500-0963', 'T1500-0962', 'T1500-0966', 'T1500-0961', 'T1500-0970', 'T1500-0969', 'T1500-0967']","[0.65725011, 0.65672815, 0.65394795, 0.65356553, 0.65238851, 0.65124214, 0.65097982, 0.65093839, 0.65007222, 0.64850104]",,0,0,0,0,daa9dd97919d372e33cc53449242ccc7e56a454ce443532a0a27d9c38573cff4,4e77e1974f23402a1e836e45097a493edab801331489c0a46983af625844c4de,2026-08-06T20:59:12.967685+00:00
Q385,attribute,T1500,VERB,"['T1500-0213', 'T1500-0212', 'T1500-2102', 'T1500-2103', 'T1500-0206', 'T1500-2099', 'T1500-2092', 'T1500-0769', 'T1500-0894', 'T1500-0208']","[0.58699042, 0.55006599, 0.54605579, 0.54502267, 0.54428434, 0.54395056, 0.54183179, 0.53836042, 0.53461492, 0.53388083]",5,0,0,1,1,8f0dc3c19258aed162b866d6cf9a9578aafd3703caa3042117e6cd06ae9e61a4,4e77e1974f23402a1e836e45097a493edab801331489c0a46983af625844c4de,2026-08-06T20:59:12.968121+00:00
Q386,price,T1500,VERB,"['T1500-1346', 'T1500-1350', 'T1500-1676', 'T1500-1702', 'T1500-1528', 'T1500-1516', 'T1500-1698', 'T1500-1739', 'T1500-1552', 'T1500-1519']","[0.52032709, 0.51827598, 0.51755834, 0.51694036, 0.51402807, 0.51282805, 0.51174235, 0.5114783, 0.51087105, 0.51022846]",,0,0,0,0,b0de07344fd77b186a700963ddf5bb7fab9bf6eaa8311dcda642b691d107396a,4e77e1974f23402a1e836e45097a493edab801331489c0a46983af625844c4de,2026-08-06T20:59:12.968575+00:00
Q387,price,T1500,VERB,"['T1500-0301', 'T1500-1342', 'T1500-0112', 'T1500-1581', 'T1500-1309', 'T1500-1371', 'T1500-1671', 'T1500-1345', 'T1500-1599', 'T1500-1584']","[0.4160701, 0.3937943, 0.39242864, 0.39127859, 0.38997853, 0.38852149, 0.3877787, 0.38776508, 0.38767138, 0.38641918]",,0,0,0,0,8f4ec93fb32faf51fc92435c12b740765e91d8abe4071d3dcf50460736128b99,4e77e1974f23402a1e836e45097a493edab801331489c0a46983af625844c4de,2026-08-06T20:59:12.968999+00:00
Q388,price,T1500,VERB,"['T1500-1995', 'T1500-1894', 'T1500-1924', 'T1500-1962', 'T1500-0983', 'T1500-1920', 'T1500-0964', 'T1500-1891', 'T1500-0962', 'T1500-0982']","[0.64159697, 0.61732793, 0.61700964, 0.61540949, 0.61522198, 0.61465549, 0.61363703, 0.61086774, 0.6102078, 0.60995454]",6,0,0,0,1,95208b45a00c95041f5ed5434eb6d97188394c91697cd9a5cec6dc713790c528,4e77e1974f23402a1e836e45097a493edab801331489c0a46983af625844c4de,2026-08-06T20:59:12.969439+00:00
Q389,attribute,T1500,VERB,"['T1500-1124', 'T1500-1127', 'T1500-1769', 'T1500-1046', 'T1500-1130', 'T1500-1779', 'T1500-1784', 'T1500-1792', 'T1500-1791', 'T1500-1972']","[0.54240704, 0.51900405, 0.51240981, 0.51035511, 0.5100975, 0.50977159, 0.5085063, 0.50787139, 0.50597548, 0.50519782]",1,1,1,1,1,6c970798e29e09ab03c43844c37dbb8a58238a92465ab60b42b3089d4f27a423,4e77e1974f23402a1e836e45097a493edab801331489c0a46983af625844c4de,2026-08-06T20:59:12.969885+00:00
Q390,attribute,T1500,VERB,"['T1500-0390', 'T1500-0868', 'T1500-0468', 'T1500-0460', 'T1500-0464', 'T1500-0472', 'T1500-0568', 'T1500-0461', 'T1500-0560', 'T1500-0567']","[0.56291032, 0.54177856, 0.5383395, 0.53618538, 0.53149503, 0.53123754, 0.53048921, 0.53020561, 0.52991915, 0.52928215]",4,0,0,1,1,5a7571d2fb7c176cba783e7bf2706e5697f4141b8f2435938ebc41ba8741ae0b,4e77e1974f23402a1e836e45097a493edab801331489c0a46983af625844c4de,2026-08-06T20:59:12.970410+00:00
Q391,attribute,T1500,VERB,"['T1500-0112', 'T1500-0110', 'T1500-0104', 'T1500-0037', 'T1500-0108', 'T1500-0085', 'T1500-0308', 'T1500-0082', 'T1500-0074', 'T1500-0062']","[0.60765457, 0.57803202, 0.5745877, 0.56969047, 0.56934386, 0.56871223, 0.56731218, 0.56538403, 0.56334186, 0.56029099]",1,1,1,1,1,d80b80599ac0c6e06505136801d7696fe215986793bad0e4a72e7a4cdafb060c,4e77e1974f23402a1e836e45097a493edab801331489c0a46983af625844c4de,2026-08-06T20:59:12.970849+00:00
Q392,price,T1500,VERB,"['T1500-1815', 'T1500-1145', 'T1500-1811', 'T1500-1939', 'T1500-1146', 'T1500-1147', 'T1500-2012', 'T1500-1915', 'T1500-1894', 'T1500-1249']","[0.58431846, 0.56910157, 0.56346858, 0.55844498, 0.55704677, 0.55525804, 0.55453753, 0.54993451, 0.5496667, 0.54824758]",,0,0,0,0,f9669c5ecc1ec8fd529a5b2a570edfb44b48f3640f6a0f75bc2702760be401d8,4e77e1974f23402a1e836e45097a493edab801331489c0a46983af625844c4de,2026-08-06T20:59:12.971308+00:00
Q393,attribute,T1500,VERB,"['T1500-0226', 'T1500-0225', 'T1500-0894', 'T1500-0182', 'T1500-0900', 'T1500-0110', 'T1500-0896', 'T1500-2092', 'T1500-0213', 'T1500-0902']","[0.49565095, 0.49462312, 0.49185073, 0.49060127, 0.48914188, 0.48908263, 0.48569113, 0.48289222, 0.48216623, 0.48193979]",1,1,1,1,1,aa564320f323b166c8633d3921e26003685557ebc2a31fcecfd73ee3dae94b63,4e77e1974f23402a1e836e45097a493edab801331489c0a46983af625844c4de,2026-08-06T20:59:12.971864+00:00
Q394,price,T1500,VERB,"['T1500-1894', 'T1500-1165', 'T1500-1986', 'T1500-1891', 'T1500-1871', 'T1500-1995', 'T1500-0983', 'T1500-2000', 'T1500-1912', 'T1500-1164']","[0.637182, 0.61914027, 0.61849594, 0.61760318, 0.61425579, 0.60913432, 0.60736465, 0.60441184, 0.59606546, 0.59499049]",,0,0,0,0,6a61635b28a1b17d635e55e2bb852d295f55aafea0d2cae948fc73ba66f59e38,4e77e1974f23402a1e836e45097a493edab801331489c0a46983af625844c4de,2026-08-06T20:59:12.972311+00:00
Q395,price,T1500,VERB,"['T1500-1234', 'T1500-1233', 'T1500-1983', 'T1500-1468', 'T1500-1064', 'T1500-1452', 'T1500-1228', 'T1500-1263', 'T1500-1063', 'T1500-1438']","[0.56919563, 0.55341768, 0.55009818, 0.54127485, 0.54001212, 0.53851473, 0.53304642, 0.52918559, 0.52839571, 0.52661431]",1,1,1,1,1,4cf9a81d607f5632d14f77e8da069841b632caeedb4d78db1ca2b46e4f0e43d7,4e77e1974f23402a1e836e45097a493edab801331489c0a46983af625844c4de,2026-08-06T20:59:12.972722+00:00
Q396,attribute,T1500,VERB,"['T1500-0104', 'T1500-1599', 'T1500-1546', 'T1500-0088', 'T1500-0085', 'T1500-0075', 'T1500-1597', 'T1500-1595', 'T1500-0282', 'T1500-0284']","[0.5950318, 0.58953953, 0.58926976, 0.58055371, 0.57923502, 0.57297903, 0.57242048, 0.57153159, 0.57024264, 0.57017452]",,0,0,0,0,281c3ec011136716a969d601bbba48f778a1a08ecabe5ff07fa83d7df3c60bae,4e77e1974f23402a1e836e45097a493edab801331489c0a46983af625844c4de,2026-08-06T20:59:12.973165+00:00
Q397,attribute,T1500,VERB,"['T1500-2091', 'T1500-2195', 'T1500-2088', 'T1500-2223', 'T1500-2090', 'T1500-2103', 'T1500-0020', 'T1500-2198', 'T1500-0141', 'T1500-0251']","[0.6155749, 0.57666665, 0.56747746, 0.56708103, 0.55931956, 0.5552963, 0.5520305, 0.5512234, 0.54938769, 0.54342127]",,0,0,0,0,610a41e2738b151e948a93fba49f5b434759481be17f0d0c2e4f8d2e6939e9c1,4e77e1974f23402a1e836e45097a493edab801331489c0a46983af625844c4de,2026-08-06T20:59:12.973599+00:00
Q398,attribute,T1500,VERB,"['T1500-2032', 'T1500-2037', 'T1500-2035', 'T1500-0173', 'T1500-0177', 'T1500-2034', 'T1500-0176', 'T1500-0169', 'T1500-0179', 'T1500-0160']","[0.44712886, 0.43046364, 0.43005177, 0.42893785, 0.42559531, 0.42529029, 0.42500591, 0.42431155, 0.42423114, 0.4224171]",,0,0,0,0,45f3b74d76f85f4b4d84730fbbeb987a3259ed96d6e3eea93272ac3ed5a256cb,4e77e1974f23402a1e836e45097a493edab801331489c0a46983af625844c4de,2026-08-06T20:59:12.974023+00:00
Q399,price,T1500,VERB,"['T1500-0108', 'T1500-1571', 'T1500-0085', 'T1500-0308', 'T1500-0104', 'T1500-0110', 'T1500-0088', 'T1500-0190', 'T1500-1580', 'T1500-0307']","[0.51522839, 0.5103966, 0.50304478, 0.49909842, 0.49424994, 0.49329412, 0.48934114, 0.48639196, 0.48573121, 0.48434174]",,0,0,0,0,154c8ecf125355b8f3f557d9f7e786b8512f89923e39db2efd8a480fa26a0fd3,4e77e1974f23402a1e836e45097a493edab801331489c0a46983af625844c4de,2026-08-06T20:59:12.974446+00:00
Q400,attribute,T1500,VERB,"['T1500-2129', 'T1500-2099', 'T1500-2151', 'T1500-0607', 'T1500-0625', 'T1500-0619', 'T1500-2094', 'T1500-0592', 'T1500-2198', 'T1500-0489']","[0.4944686, 0.49283284, 0.48281577, 0.48141336, 0.4806194, 0.47137508, 0.47054231, 0.4699184, 0.46740884, 0.46513993]",1,1,1,1,1,419e54e52dec16379d81e9f2cbb81b178e7ae2c07fea6662a9dfa02d3b62a464,4e77e1974f23402a1e836e45097a493edab801331489c0a46983af625844c4de,2026-08-06T20:59:12.974859+00:00
Q401,attribute,T1500,VERB,"['T1500-0815', 'T1500-0770', 'T1500-0761', 'T1500-0812', 'T1500-0810', 'T1500-0777', 'T1500-0809', 'T1500-0768', 'T1500-0757', 'T1500-0750']","[0.56669998, 0.56475401, 0.55686533, 0.55597341, 0.54914123, 0.54674429, 0.54578102, 0.54219323, 0.54025662, 0.54022264]",,0,0,0,0,11a40116050b1c5811e47d39555a430279abbc679e4219232d876464778bf607,4e77e1974f23402a1e836e45097a493edab801331489c0a46983af625844c4de,2026-08-06T20:59:12.975282+00:00
Q402,attribute,T1500,VERB,"['T1500-1124', 'T1500-1129', 'T1500-1130', 'T1500-1046', 'T1500-1125', 'T1500-1128', 'T1500-1126', 'T1500-1127', 'T1500-0811', 'T1500-1294']","[0.59053946, 0.56024551, 0.55461973, 0.54843068, 0.54583538, 0.54536664, 0.54149246, 0.53573388, 0.52971685, 0.5280605]",1,1,1,1,1,ab8320586a39bae1a8a9c391e96f9d5ce632827d5e5e999affa8dbb716c34ab2,4e77e1974f23402a1e836e45097a493edab801331489c0a46983af625844c4de,2026-08-06T20:59:12.975700+00:00
Q403,attribute,T1500,VERB,"['T1500-0085', 'T1500-2093', 'T1500-2089', 'T1500-2096', 'T1500-1571', 'T1500-1588', 'T1500-2094', 'T1500-2088', 'T1500-0301', 'T1500-0141']","[0.51120955, 0.49025857, 0.48946792, 0.4865239, 0.48065114, 0.47846681, 0.47748449, 0.47595233, 0.47360772, 0.47287494]",4,0,0,1,1,2eb302cab2bf7cc5bd4e374de7c0b282b76f63a519925808b7fba93d14f8c648,4e77e1974f23402a1e836e45097a493edab801331489c0a46983af625844c4de,2026-08-06T20:59:12.976131+00:00
Q404,price,T1500,VERB,"['T1500-1599', 'T1500-0104', 'T1500-0024', 'T1500-0112', 'T1500-1635', 'T1500-0065', 'T1500-0108', 'T1500-0025', 'T1500-0195', 'T1500-0075']","[0.53458691, 0.52956331, 0.51708895, 0.51451403, 0.51334393, 0.50952041, 0.50765926, 0.50691438, 0.50690848, 0.50589979]",,0,0,0,0,b1b488641c16bec9a04fff656e7e54427eb864476ef1364eb0a9c19d55c3062e,4e77e1974f23402a1e836e45097a493edab801331489c0a46983af625844c4de,2026-08-06T20:59:12.976562+00:00
Q405,price,T1500,VERB,"['T1500-1405', 'T1500-1391', 'T1500-0045', 'T1500-1404', 'T1500-1395', 'T1500-1524', 'T1500-0163', 'T1500-0175', 'T1500-0179', 'T1500-0178']","[0.54253328, 0.4800458, 0.4568162, 0.45609671, 0.45601478, 0.45527098, 0.45479372, 0.45359528, 0.45240775, 0.4498539]",,0,0,0,0,16735b8426f43d10b68fd7c4476851e387cf2bb85bdc9e9bda035c3cb47ebde2,4e77e1974f23402a1e836e45097a493edab801331489c0a46983af625844c4de,2026-08-06T20:59:12.976971+00:00
Q406,price,T1500,VERB,"['T1500-0911', 'T1500-0902', 'T1500-0896', 'T1500-0905', 'T1500-0908', 'T1500-0904', 'T1500-0909', 'T1500-0898', 'T1500-0903', 'T1500-0918']","[0.56229651, 0.55421305, 0.55389452, 0.55294573, 0.55237746, 0.55211645, 0.55014062, 0.54798508, 0.5476265, 0.54750049]",,0,0,0,0,fb848346f60bc0cb889c69d8caadddae8545e1a86bba39cd8dd535daa7ef8d58,4e77e1974f23402a1e836e45097a493edab801331489c0a46983af625844c4de,2026-08-06T20:59:12.977385+00:00
Q407,price,T1500,VERB,"['T1500-1405', 'T1500-1888', 'T1500-1807', 'T1500-1430', 'T1500-1580', 'T1500-2012', 'T1500-1856', 'T1500-1404', 'T1500-1546', 'T1500-0307']","[0.44400847, 0.44143265, 0.43986592, 0.43874714, 0.43829241, 0.43781352, 0.43311703, 0.43308383, 0.43255115, 0.43151218]",,0,0,0,0,6b3a0483550703b78f0fef8956bf6559d47bb6c6ec3bfa71c682ff3918ab797d,4e77e1974f23402a1e836e45097a493edab801331489c0a46983af625844c4de,2026-08-06T20:59:12.977797+00:00
Q408,price,T1500,VERB,"['T1500-0702', 'T1500-0704', 'T1500-0785', 'T1500-0699', 'T1500-0706', 'T1500-0707', 'T1500-0700', 'T1500-0693', 'T1500-0759', 'T1500-0701']","[0.51926023, 0.51838863, 0.51654518, 0.51477301, 0.51202095, 0.50708961, 0.50701284, 0.50581431, 0.50536847, 0.50447643]",9,0,0,0,1,17be55ec266eb3fcf20fd7e218e6a0f51f8c013574dcebfa15db6eca5f1f5483,4e77e1974f23402a1e836e45097a493edab801331489c0a46983af625844c4de,2026-08-06T20:59:12.978220+00:00
Q409,price,T1500,VERB,"['T1500-1894', 'T1500-1912', 'T1500-1911', 'T1500-1995', 'T1500-1986', 'T1500-1915', 'T1500-1976', 'T1500-0983', 'T1500-0982', 'T1500-1891']","[0.61855745, 0.61844414, 0.61209887, 0.6061213, 0.6046856, 0.59939373, 0.59247565, 0.59236223, 0.58925372, 0.58863616]",3,0,1,1,1,d3e37d4cb8dedcd11fdc1cde31bdc9230aa4d1582acf74111a13b4d3cf239ce8,4e77e1974f23402a1e836e45097a493edab801331489c0a46983af625844c4de,2026-08-06T20:59:12.978632+00:00
Q410,attribute,T1500,VERB,"['T1500-2103', 'T1500-0896', 'T1500-0894', 'T1500-1246', 'T1500-0134', 'T1500-0902', 'T1500-0900', 'T1500-1243', 'T1500-0911', 'T1500-0918']","[0.58159852, 0.56481498, 0.56441873, 0.56379122, 0.56271088, 0.56107724, 0.56057692, 0.55767816, 0.55494022, 0.55423886]",,0,0,0,0,69ca23fc763dd0d1e764216b9670f8aef4baba85b11ba69f3b2b8b54476d4467,4e77e1974f23402a1e836e45097a493edab801331489c0a46983af625844c4de,2026-08-06T20:59:12.979059+00:00
Q411,price,T1500,VERB,"['T1500-1635', 'T1500-0088', 'T1500-0085', 'T1500-1562', 'T1500-1599', 'T1500-0082', 'T1500-0065', 'T1500-0112', 'T1500-0097', 'T1500-1535']","[0.54687333, 0.53871739, 0.53503329, 0.53390026, 0.53357917, 0.5289591, 0.52793938, 0.52671564, 0.52291274, 0.52249318]",,0,0,0,0,990a478cfbb944827cbb01cea2517078acb6c1b57c325b443b15c1494c6afa4e,4e77e1974f23402a1e836e45097a493edab801331489c0a46983af625844c4de,2026-08-06T20:59:12.979470+00:00
Q412,price,T1500,VERB,"['T1500-1894', 'T1500-1002', 'T1500-1250', 'T1500-1003', 'T1500-1891', 'T1500-1175', 'T1500-1000', 'T1500-1174', 'T1500-1006', 'T1500-0983']","[0.59854233, 0.5880115, 0.58590794, 0.58122957, 0.58105433, 0.58099401, 0.5806191, 0.57869565, 0.57864475, 0.57818198]",,0,0,0,0,4403f931f94a4be40f4f3b2fe8465137f37d0063138f717e092f5c93cb25a38b,4e77e1974f23402a1e836e45097a493edab801331489c0a46983af625844c4de,2026-08-06T20:59:12.979866+00:00
Q413,attribute,T1500,VERB,"['T1500-0085', 'T1500-1571', 'T1500-1584', 'T1500-1546', 'T1500-1531', 'T1500-0073', 'T1500-0308', 'T1500-1547', 'T1500-1635', 'T1500-0041']","[0.54070836, 0.53858101, 0.50741673, 0.50463974, 0.50414455, 0.49640983, 0.4942587, 0.49332273, 0.49114922, 0.489562]",1,1,1,1,1,ed4544f9a83c9e75cb293ea92c8b8340f429cb10e44cf789fb6e69c61ef77522,4e77e1974f23402a1e836e45097a493edab801331489c0a46983af625844c4de,2026-08-06T20:59:12.980313+00:00
Q414,price,T1500,VERB,"['T1500-0016', 'T1500-1635', 'T1500-1584', 'T1500-0301', 'T1500-1535', 'T1500-0112', 'T1500-0015', 'T1500-1599', 'T1500-0026', 'T1500-0074']","[0.45434251, 0.45059338, 0.45013309, 0.4500801, 0.44581756, 0.44380051, 0.44331229, 0.44255641, 0.44012505, 0.43985984]",,0,0,0,0,358f874b3d0ffbfa7c191852b41a429a6495a6383421176a3d252344b00f6598,4e77e1974f23402a1e836e45097a493edab801331489c0a46983af625844c4de,2026-08-06T20:59:12.980714+00:00
Q415,price,T1500,VERB,"['T1500-1592', 'T1500-0197', 'T1500-1631', 'T1500-1391', 'T1500-1642', 'T1500-1404', 'T1500-0156', 'T1500-0081', 'T1500-1551', 'T1500-1986']","[0.49534798, 0.49195835, 0.49053296, 0.48310977, 0.4744885, 0.47158772, 0.47127533, 0.4646199, 0.4642826, 0.45791036]",2,0,1,1,1,987d5cd49b26432baedff5e28ff8a6be7b4063f8fbac8d9411311cfa3ad57992,4e77e1974f23402a1e836e45097a493edab801331489c0a46983af625844c4de,2026-08-06T20:59:12.981125+00:00
Q416,price,T1500,VERB,"['T1500-1405', 'T1500-0182', 'T1500-0117', 'T1500-0174', 'T1500-0177', 'T1500-0183', 'T1500-0043', 'T1500-0181', 'T1500-0179', 'T1500-0169']","[0.49092495, 0.47902769, 0.47222227, 0.45284289, 0.45262969, 0.45198393, 0.44822821, 0.44429058, 0.44260049, 0.43906885]",,0,0,0,0,7014b5e4858eb21b4207f8dd451dc91fa9a245e2732e254f53113012ae634822,4e77e1974f23402a1e836e45097a493edab801331489c0a46983af625844c4de,2026-08-06T20:59:12.981550+00:00
Q417,attribute,T1500,VERB,"['T1500-0252', 'T1500-0272', 'T1500-0270', 'T1500-0273', 'T1500-0271', 'T1500-0277', 'T1500-0269', 'T1500-0280', 'T1500-0278', 'T1500-0281']","[0.61607176, 0.61279428, 0.59931797, 0.59503418, 0.58957702, 0.57838756, 0.56858993, 0.5682168, 0.56589556, 0.56506324]",1,1,1,1,1,ec3b48a1b81501b2543416f6a8479b01e940c0b9171d439d3b38c6bed7b0d254,4e77e1974f23402a1e836e45097a493edab801331489c0a46983af625844c4de,2026-08-06T20:59:12.981982+00:00
Q418,attribute,T1500,VERB,"['T1500-0815', 'T1500-0432', 'T1500-0448', 'T1500-0444', 'T1500-0538', 'T1500-0542', 'T1500-0534', 'T1500-0877', 'T1500-0880', 'T1500-0812']","[0.59346122, 0.58919305, 0.57300985, 0.56542635, 0.56288576, 0.56286889, 0.56275141, 0.56252939, 0.55697685, 0.55344343]",1,1,1,1,1,ea7b0a073f6efc5e0798eddf29b6ac49df66bc92f7f361e86e30da7e1c11232b,4e77e1974f23402a1e836e45097a493edab801331489c0a46983af625844c4de,2026-08-06T20:59:12.982390+00:00
Q419,attribute,T1500,VERB,"['T1500-0085', 'T1500-1571', 'T1500-1584', 'T1500-2096', 'T1500-0308', 'T1500-2088', 'T1500-2094', 'T1500-2102', 'T1500-2095', 'T1500-0110']","[0.53349012, 0.52184778, 0.51010251, 0.50809479, 0.50519568, 0.49471247, 0.49349332, 0.49158758, 0.48978883, 0.48969263]",,0,0,0,0,8ceaba495c0b470309710904416cd9dc8fc97a0fd31752ab8590ee0c0a5d501d,4e77e1974f23402a1e836e45097a493edab801331489c0a46983af625844c4de,2026-08-06T20:59:12.982819+00:00
Q420,price,T1500,VERB,"['T1500-0877', 'T1500-0880', 'T1500-0448', 'T1500-0432', 'T1500-0538', 'T1500-0874', 'T1500-0436', 'T1500-0534', 'T1500-0614', 'T1500-0542']","[0.56610513, 0.56426203, 0.56274945, 0.5624485, 0.55894548, 0.55891353, 0.55526352, 0.55494928, 0.5546301, 0.55016023]",,0,0,0,0,f082549a8161dd32d7337e072269938f4c5bbba6d1c1026dc04db054a94575cd,4e77e1974f23402a1e836e45097a493edab801331489c0a46983af625844c4de,2026-08-06T20:59:12.983234+00:00
Q421,attribute,T1500,VERB,"['T1500-1228', 'T1500-1234', 'T1500-1230', 'T1500-1233', 'T1500-1888', 'T1500-1231', 'T1500-1232', 'T1500-1264', 'T1500-1265', 'T1500-1986']","[0.58698714, 0.58219218, 0.5765354, 0.56962711, 0.56842399, 0.55862105, 0.55533028, 0.55399644, 0.55084342, 0.54881299]",1,1,1,1,1,434d1af4392291b14fb05cde3ebac86810b4ac8ddf3389bf1a8e0ea4eabe7545,4e77e1974f23402a1e836e45097a493edab801331489c0a46983af625844c4de,2026-08-06T20:59:12.983660+00:00
Q422,price,T1500,VERB,"['T1500-0108', 'T1500-1318', 'T1500-1524', 'T1500-0184', 'T1500-1345', 'T1500-0104', 'T1500-0182', 'T1500-1599', 'T1500-0105', 'T1500-1391']","[0.4709518, 0.46411282, 0.45703191, 0.45432627, 0.45282954, 0.45278126, 0.45244044, 0.45235479, 0.45181656, 0.45140922]",,0,0,0,0,9488f58a4a578a54ed1c30bfdc440ad95ee9d04b1cfcb82a91e4de4d007b952d,4e77e1974f23402a1e836e45097a493edab801331489c0a46983af625844c4de,2026-08-06T20:59:12.984058+00:00
Q423,attribute,T1500,VERB,"['T1500-0189', 'T1500-0104', 'T1500-2035', 'T1500-0108', 'T1500-2096', 'T1500-0190', 'T1500-0182', 'T1500-0188', 'T1500-0120', 'T1500-0184']","[0.49002543, 0.47199592, 0.46297055, 0.45940971, 0.44946924, 0.44608369, 0.44333541, 0.44219863, 0.43770462, 0.43454367]",1,1,1,1,1,f0b7f9a1ec581ab6c5a1e9b93e8c113812203ecff0bc970d2edc5450f3380643,4e77e1974f23402a1e836e45097a493edab801331489c0a46983af625844c4de,2026-08-06T20:59:12.984499+00:00
Q424,attribute,T1500,VERB,"['T1500-1995', 'T1500-0962', 'T1500-0963', 'T1500-0964', 'T1500-0967', 'T1500-0965', 'T1500-0966', 'T1500-0961', 'T1500-0970', 'T1500-0969']","[0.67148721, 0.66118824, 0.65950352, 0.65917438, 0.65769434, 0.65569651, 0.65562022, 0.65560943, 0.65476179, 0.65474677]",2,0,1,1,1,e5ca3b6cba42fd565dcecf35a3eea08b0fd90d8c3a4ee55a59095dca55386507,4e77e1974f23402a1e836e45097a493edab801331489c0a46983af625844c4de,2026-08-06T20:59:12.984905+00:00
Q425,attribute,T1500,VERB,"['T1500-0017', 'T1500-0015', 'T1500-0016', 'T1500-0014', 'T1500-0911', 'T1500-0019', 'T1500-0909', 'T1500-0906', 'T1500-0811', 'T1500-0018']","[0.57731622, 0.56772768, 0.54660982, 0.51684105, 0.51186538, 0.50826287, 0.50695407, 0.50524807, 0.50294137, 0.50060773]",,0,0,0,0,968713910b30d6285ac3d288c6efa4e72de3bf7343e8ed9737b4693adcf6857b,4e77e1974f23402a1e836e45097a493edab801331489c0a46983af625844c4de,2026-08-06T20:59:12.985341+00:00
Q426,attribute,T1500,VERB,"['T1500-0966', 'T1500-1995', 'T1500-0967', 'T1500-1871', 'T1500-1033', 'T1500-0970', 'T1500-0975', 'T1500-0983', 'T1500-0962', 'T1500-0974']","[0.63551295, 0.63475263, 0.63335013, 0.63331175, 0.63140678, 0.63037062, 0.62941211, 0.6293965, 0.62869132, 0.6285575]",5,0,0,1,1,cd88cf326289913faae3db527cf6609e38fcc2bbf77ac30602b4226eda266d86,4e77e1974f23402a1e836e45097a493edab801331489c0a46983af625844c4de,2026-08-06T20:59:12.985771+00:00
Q427,price,T1500,VERB,"['T1500-1571', 'T1500-0085', 'T1500-1584', 'T1500-0308', 'T1500-0088', 'T1500-1547', 'T1500-0041', 'T1500-1638', 'T1500-1558', 'T1500-0073']","[0.54338002, 0.54011291, 0.52219027, 0.50902468, 0.50618345, 0.50581753, 0.50441056, 0.50343645, 0.5032779, 0.50153202]",9,0,0,0,1,b5e2e4f03eb164cae46197e32142bd1aa2baf62b84df4445364296c7b0ceb646,4e77e1974f23402a1e836e45097a493edab801331489c0a46983af625844c4de,2026-08-06T20:59:12.986178+00:00
Q428,price,T1500,VERB,"['T1500-1989', 'T1500-1201', 'T1500-1877', 'T1500-1883', 'T1500-1881', 'T1500-2000', 'T1500-1250', 'T1500-0997', 'T1500-1199', 'T1500-1100']","[0.58348888, 0.51388866, 0.51226366, 0.50845528, 0.50808656, 0.50755668, 0.50664788, 0.50650322, 0.50579315, 0.50542897]",1,1,1,1,1,8ac858ebd6439fa9fda0a9912ae1912f629a7eccc1b22908aea95673a1c168d3,4e77e1974f23402a1e836e45097a493edab801331489c0a46983af625844c4de,2026-08-06T20:59:12.986595+00:00
Q429,attribute,T1500,VERB,"['T1500-2088', 'T1500-2096', 'T1500-1250', 'T1500-1169', 'T1500-1181', 'T1500-1178', 'T1500-1176', 'T1500-1177', 'T1500-1186', 'T1500-1174']","[0.55016965, 0.54510814, 0.51175237, 0.50776428, 0.50691938, 0.50667381, 0.50665313, 0.50631213, 0.50629973, 0.50558853]",,0,0,0,0,ce6aec4df5d81b8e1ed28773ffec0a105e368ca35b61a132b930701236f5a3a1,4e77e1974f23402a1e836e45097a493edab801331489c0a46983af625844c4de,2026-08-06T20:59:12.987013+00:00
Q430,price,T1500,VERB,"['T1500-0112', 'T1500-0075', 'T1500-0079', 'T1500-1635', 'T1500-1599', 'T1500-0184', 'T1500-0096', 'T1500-0076', 'T1500-0054', 'T1500-0085']","[0.53772163, 0.50758731, 0.5039345, 0.50270647, 0.50246251, 0.50113106, 0.50027227, 0.49979237, 0.4945156, 0.49426946]",9,0,0,0,1,4edd3668af8bc867b0f41e331661eda7cf8329c3d9928f9275e402a71f5c515e,4e77e1974f23402a1e836e45097a493edab801331489c0a46983af625844c4de,2026-08-06T20:59:12.987428+00:00
Q431,price,T1500,VERB,"['T1500-1912', 'T1500-1796', 'T1500-1921', 'T1500-1986', 'T1500-1148', 'T1500-1264', 'T1500-1915', 'T1500-1995', 'T1500-1967', 'T1500-1976']","[0.606902, 0.59641361, 0.59077215, 0.58117568, 0.58073246, 0.57050097, 0.57014501, 0.56987733, 0.56719184, 0.56572443]",2,0,1,1,1,8bc3ba553d16b47a22ee55939f80f71c39dc5cfa66d8901ecfb39678c01e3206,4e77e1974f23402a1e836e45097a493edab801331489c0a46983af625844c4de,2026-08-06T20:59:12.987829+00:00
Q432,attribute,T1500,VERB,"['T1500-1299', 'T1500-1301', 'T1500-1284', 'T1500-1300', 'T1500-1288', 'T1500-1972', 'T1500-1302', 'T1500-1308', 'T1500-1278', 'T1500-1122']","[0.54384714, 0.54057133, 0.5246073, 0.52254498, 0.51805854, 0.51642549, 0.51451188, 0.51388121, 0.51357931, 0.51244241]",,0,0,0,0,795e91ba16384747a4305a51d34a9c075b5e42719af1947cf1bc438442dd580e,4e77e1974f23402a1e836e45097a493edab801331489c0a46983af625844c4de,2026-08-06T20:59:12.988272+00:00
Q433,price,T1500,VERB,"['T1500-1568', 'T1500-1562', 'T1500-1599', 'T1500-1659', 'T1500-1631', 'T1500-1635', 'T1500-1570', 'T1500-0191', 'T1500-1571', 'T1500-1623']","[0.51190078, 0.50663739, 0.50059766, 0.49581432, 0.49258062, 0.49230579, 0.48993146, 0.48866126, 0.48540521, 0.48246747]",7,0,0,0,1,67b5e35baa7cd288b27f60272d1cb96cf230186f4223b8a0d161aef6385a6739,4e77e1974f23402a1e836e45097a493edab801331489c0a46983af625844c4de,2026-08-06T20:59:12.988672+00:00
Q434,attribute,T1500,VERB,"['T1500-0332', 'T1500-0432', 'T1500-0339', 'T1500-0880', 'T1500-0448', 'T1500-0328', 'T1500-0534', 'T1500-0320', 'T1500-0347', 'T1500-0538']","[0.56772792, 0.56490874, 0.56442583, 0.5591116, 0.55844802, 0.55549639, 0.54918933, 0.54807514, 0.54701841, 0.54650551]",,0,0,0,0,e46075d0690616b6edf1aea8691a4145110abd99e3304cc57f2b1c9739bb88bc,4e77e1974f23402a1e836e45097a493edab801331489c0a46983af625844c4de,2026-08-06T20:59:12.989090+00:00
Q435,price,T1500,VERB,"['T1500-1318', 'T1500-1371', 'T1500-1706', 'T1500-0295', 'T1500-0294', 'T1500-2012', 'T1500-0282', 'T1500-0283', 'T1500-1388', 'T1500-1422']","[0.48726523, 0.48019454, 0.47255501, 0.47025821, 0.46369243, 0.46348879, 0.46223059, 0.46211946, 0.46047792, 0.45645833]",2,0,1,1,1,8eb6309626904d0e284d6a1ecbda6b0df5b2883efd1d760f0e2c5b08c1e8f3b7,4e77e1974f23402a1e836e45097a493edab801331489c0a46983af625844c4de,2026-08-06T20:59:12.989511+00:00
Q436,attribute,T1500,VERB,"['T1500-0085', 'T1500-0112', 'T1500-2096', 'T1500-1646', 'T1500-0074', 'T1500-0108', 'T1500-0110', 'T1500-0024', 'T1500-0082', 'T1500-0111']","[0.61123598, 0.59887159, 0.57951373, 0.57927173, 0.57526177, 0.5731225, 0.57311749, 0.56804395, 0.5652684, 0.56526279]",1,1,1,1,1,05f9fbd34259e212e10f19ae2a22357d288f02fc960aeb858c830f5e55ecb597,4e77e1974f23402a1e836e45097a493edab801331489c0a46983af625844c4de,2026-08-06T20:59:12.989927+00:00
Q437,attribute,T1500,VERB,"['T1500-0841', 'T1500-0837', 'T1500-0835', 'T1500-0842', 'T1500-0825', 'T1500-0826', 'T1500-0831', 'T1500-0828', 'T1500-0829', 'T1500-0830']","[0.70237899, 0.66425323, 0.60664916, 0.60452199, 0.60014904, 0.59861147, 0.59620595, 0.59448802, 0.58812833, 0.58244503]",1,1,1,1,1,c84248c448d27bb580aab7b2660b177572150455ee0c50bdccf645a01c2e2008,4e77e1974f23402a1e836e45097a493edab801331489c0a46983af625844c4de,2026-08-06T20:59:12.990376+00:00
Q438,price,T1500,VERB,"['T1500-0020', 'T1500-0896', 'T1500-0295', 'T1500-1262', 'T1500-0899', 'T1500-0894', 'T1500-0908', 'T1500-0251', 'T1500-0902', 'T1500-0905']","[0.52266634, 0.49096662, 0.48787963, 0.48677689, 0.48620212, 0.48583344, 0.4843114, 0.48379529, 0.48314866, 0.4823482]",,0,0,0,0,f755fe8a4e523d3794f10ba51fd20c738dc7129acaf300a464b169770dc5a37d,4e77e1974f23402a1e836e45097a493edab801331489c0a46983af625844c4de,2026-08-06T20:59:12.990778+00:00
Q439,price,T1500,VERB,"['T1500-0310', 'T1500-0311', 'T1500-0312', 'T1500-0143', 'T1500-0899', 'T1500-1405', 'T1500-0313', 'T1500-0782', 'T1500-0905', 'T1500-0898']","[0.48422945, 0.46943781, 0.45464432, 0.4502461, 0.44548064, 0.444166, 0.44298506, 0.4427613, 0.44149655, 0.44029602]",1,1,1,1,1,cd2036e4aa6a794c602a205e665719b223b8fcc72f34d98f8c1cd0b964ed083f,4e77e1974f23402a1e836e45097a493edab801331489c0a46983af625844c4de,2026-08-06T20:59:12.991240+00:00
Q440,attribute,T1500,VERB,"['T1500-2102', 'T1500-2088', 'T1500-2099', 'T1500-2096', 'T1500-2181', 'T1500-2101', 'T1500-0619', 'T1500-2100', 'T1500-0085', 'T1500-0902']","[0.56291711, 0.54624516, 0.53993392, 0.5393374, 0.53271949, 0.52841508, 0.5270226, 0.52639079, 0.52499145, 0.52301306]",,0,0,0,0,009452d41a4b8f9d482d52ae17c672eeb5d3052c39ae93bdce286b6d2db8b388,4e77e1974f23402a1e836e45097a493edab801331489c0a46983af625844c4de,2026-08-06T20:59:12.991720+00:00
Q441,price,T1500,VERB,"['T1500-0849', 'T1500-0853', 'T1500-0850', 'T1500-0844', 'T1500-0846', 'T1500-0854', 'T1500-0855', 'T1500-0851', 'T1500-0848', 'T1500-0852']","[0.64449608, 0.63601631, 0.62853384, 0.62218177, 0.62003636, 0.6180656, 0.61500657, 0.61272031, 0.61079305, 0.60877711]",1,1,1,1,1,bda9abdd1429194a79186388d18619b478567c220196940d2ebc93448f7a6b63,4e77e1974f23402a1e836e45097a493edab801331489c0a46983af625844c4de,2026-08-06T20:59:12.992155+00:00
Q442,price,T1500,VERB,"['T1500-0944', 'T1500-0945', 'T1500-0940', 'T1500-0943', 'T1500-0942', 'T1500-0958', 'T1500-0947', 'T1500-0946', 'T1500-1995', 'T1500-1010']","[0.64431167, 0.63610488, 0.631257, 0.63101983, 0.62988412, 0.62708521, 0.62705529, 0.61986238, 0.61769187, 0.61461663]",8,0,0,0,1,f596a0ecbc8089f2fd271b9142d4a5da56d676b5924807aaed48a5f94d34f052,4e77e1974f23402a1e836e45097a493edab801331489c0a46983af625844c4de,2026-08-06T20:59:12.992579+00:00
Q443,price,T1500,VERB,"['T1500-0104', 'T1500-1599', 'T1500-1345', 'T1500-0108', 'T1500-1342', 'T1500-1535', 'T1500-1580', 'T1500-1577', 'T1500-1706', 'T1500-1807']","[0.45658627, 0.44463956, 0.44435957, 0.43975109, 0.43854937, 0.4359315, 0.43563026, 0.43318179, 0.4324016, 0.43101507]",,0,0,0,0,79148fdf1e0ed93c08b15b52d9721db1320256bcef241824e26be5dd53640a0a,4e77e1974f23402a1e836e45097a493edab801331489c0a46983af625844c4de,2026-08-06T20:59:12.992981+00:00
Q444,attribute,T1500,VERB,"['T1500-2088', 'T1500-2091', 'T1500-2089', 'T1500-0020', 'T1500-2090', 'T1500-2102', 'T1500-2099', 'T1500-2195', 'T1500-2096', 'T1500-0141']","[0.61276674, 0.59674662, 0.5904184, 0.58708614, 0.58214331, 0.57587153, 0.57267147, 0.56861389, 0.55908799, 0.55681789]",4,0,0,1,1,38f56472aac36a508acfd4e88fe6d6cd09beb28b82e9e25fe558abef3b91589d,4e77e1974f23402a1e836e45097a493edab801331489c0a46983af625844c4de,2026-08-06T20:59:12.993415+00:00
Q445,price,T1500,VERB,"['T1500-1995', 'T1500-1891', 'T1500-1883', 'T1500-1881', 'T1500-1875', 'T1500-1877', 'T1500-1894', 'T1500-0967', 'T1500-1885', 'T1500-0970']","[0.53865302, 0.53660369, 0.52954674, 0.52929676, 0.52792019, 0.52708697, 0.52552485, 0.52291977, 0.52247375, 0.52240539]",,0,0,0,0,a4085663e396e0874ecc9b8015f7f6e6df15203b467a982aa16fddb78eee4ad5,4e77e1974f23402a1e836e45097a493edab801331489c0a46983af625844c4de,2026-08-06T20:59:12.993817+00:00
Q446,price,T1500,VERB,"['T1500-0320', 'T1500-0877', 'T1500-0321', 'T1500-0322', 'T1500-0332', 'T1500-0432', 'T1500-0343', 'T1500-0355', 'T1500-1405', 'T1500-0489']","[0.55084789, 0.53229356, 0.52404678, 0.52286649, 0.51429659, 0.51413947, 0.51035303, 0.51025951, 0.5098086, 0.50855619]",3,0,1,1,1,414efc0bf76d001428cfeed4f737ab220d252f6e9425173ec435c2d6f428dbb9,4e77e1974f23402a1e836e45097a493edab801331489c0a46983af625844c4de,2026-08-06T20:59:12.994228+00:00
Q447,price,T1500,VERB,"['T1500-0994', 'T1500-0991', 'T1500-0990', 'T1500-0997', 'T1500-1002', 'T1500-1006', 'T1500-1008', 'T1500-1011', 'T1500-0996', 'T1500-1009']","[0.63122237, 0.6258769, 0.62176108, 0.61306942, 0.60608798, 0.60593033, 0.60420024, 0.60288537, 0.60252649, 0.60181487]",2,0,1,1,1,6bd0dabbab360bb94b4124a0fb29abd22c24d71944c395e38edda3a93f4a6239,4e77e1974f23402a1e836e45097a493edab801331489c0a46983af625844c4de,2026-08-06T20:59:12.994627+00:00
Q448,attribute,T1500,VERB,"['T1500-0332', 'T1500-0432', 'T1500-0339', 'T1500-0448', 'T1500-0328', 'T1500-0343', 'T1500-0347', 'T1500-0538', 'T1500-0880', 'T1500-0320']","[0.57499385, 0.56564796, 0.56213343, 0.55328703, 0.55201054, 0.55004913, 0.5492568, 0.54705167, 0.54357386, 0.54342115]",,0,0,0,0,a8831be737b4aa8fb83fc62c3fc200334d03a0609f21cd9923f0232cc69096e8,4e77e1974f23402a1e836e45097a493edab801331489c0a46983af625844c4de,2026-08-06T20:59:12.995039+00:00
Q449,price,T1500,VERB,"['T1500-1250', 'T1500-1249', 'T1500-1894', 'T1500-0967', 'T1500-0968', 'T1500-0970', 'T1500-0966', 'T1500-0969', 'T1500-1000', 'T1500-1145']","[0.54916888, 0.54440093, 0.54306179, 0.54094732, 0.54081273, 0.53964734, 0.53843653, 0.53791428, 0.53589535, 0.53568482]",,0,0,0,0,934a3bb090077e3d346e1978d9bf73bbb227b5b19c964040d2d8a3bc01b8a636,4e77e1974f23402a1e836e45097a493edab801331489c0a46983af625844c4de,2026-08-06T20:59:12.995448+00:00
Q450,price,T1500,VERB,"['T1500-0298', 'T1500-0297', 'T1500-1584', 'T1500-1678', 'T1500-0300', 'T1500-0299', 'T1500-0110', 'T1500-0112', 'T1500-0305', 'T1500-0251']","[0.58232981, 0.52562535, 0.44239929, 0.44187492, 0.44071144, 0.43962073, 0.43958023, 0.43881023, 0.43849811, 0.43687767]",2,0,1,1,1,2485525f80168789b5017c89a3f461a57b6a3c956edf0ed0252938261c72e1a5,4e77e1974f23402a1e836e45097a493edab801331489c0a46983af625844c4de,2026-08-06T20:59:12.995852+00:00
Q451,price,T1500,VERB,"['T1500-1998', 'T1500-1969', 'T1500-1430', 'T1500-1852', 'T1500-1937', 'T1500-1318', 'T1500-1807', 'T1500-1966', 'T1500-1672', 'T1500-2012']","[0.44920003, 0.44201356, 0.43804294, 0.43643382, 0.43441752, 0.43441078, 0.43342218, 0.43045306, 0.42986, 0.42920324]",,0,0,0,0,76507186f5505e0c95fd07ebbfce1ee0b128bb5ad3d40a8901842d43ecd22242,4e77e1974f23402a1e836e45097a493edab801331489c0a46983af625844c4de,2026-08-06T20:59:12.996267+00:00
Q452,price,T1500,VERB,"['T1500-1599', 'T1500-1635', 'T1500-1642', 'T1500-1574', 'T1500-1535', 'T1500-1571', 'T1500-1592', 'T1500-1580', 'T1500-1546', 'T1500-1615']","[0.49046388, 0.48225144, 0.4783732, 0.47674805, 0.47533888, 0.47252244, 0.46791095, 0.46537393, 0.45807856, 0.45745495]",,0,0,0,0,67447b9c626841446745bd19c626b172e2ff7455a1e7c74afa73da51ab6df1d9,4e77e1974f23402a1e836e45097a493edab801331489c0a46983af625844c4de,2026-08-06T20:59:12.996666+00:00
Q453,attribute,T1500,VERB,"['T1500-0592', 'T1500-0614', 'T1500-0339', 'T1500-0746', 'T1500-0432', 'T1500-0542', 'T1500-0448', 'T1500-0874', 'T1500-0747', 'T1500-0534']","[0.5724569, 0.55799294, 0.5546813, 0.53609288, 0.53503752, 0.53398371, 0.53220916, 0.53147542, 0.52861029, 0.52813208]",1,1,1,1,1,1a46b2e5642485ac4a1639a98da20b7873db627340de573007e9021c0ee7333a,4e77e1974f23402a1e836e45097a493edab801331489c0a46983af625844c4de,2026-08-06T20:59:12.997075+00:00
Q454,price,T1500,VERB,"['T1500-1995', 'T1500-0975', 'T1500-0963', 'T1500-0982', 'T1500-1192', 'T1500-0981', 'T1500-0980', 'T1500-0979', 'T1500-0972', 'T1500-0965']","[0.61496699, 0.59233958, 0.58985263, 0.58878791, 0.58847487, 0.58721459, 0.58636069, 0.58295208, 0.58143759, 0.57929796]",,0,0,0,0,117df845693912844f7af1b5f3f2f04b17b13f60b13530d02a2cfbd755a51902,4e77e1974f23402a1e836e45097a493edab801331489c0a46983af625844c4de,2026-08-06T20:59:12.997485+00:00
Q455,price,T1500,VERB,"['T1500-0104', 'T1500-0108', 'T1500-0112', 'T1500-0199', 'T1500-0110', 'T1500-1599', 'T1500-1571', 'T1500-0189', 'T1500-0109', 'T1500-0188']","[0.58544129, 0.58388531, 0.55385739, 0.54254895, 0.53639114, 0.52615142, 0.52391124, 0.52098, 0.51989174, 0.51768255]",5,0,0,1,1,4e8be7ea737941825646c5b2a2a18a68db5225c97acad297c224d67ce76978fd,4e77e1974f23402a1e836e45097a493edab801331489c0a46983af625844c4de,2026-08-06T20:59:12.997898+00:00
Q456,price,T1500,VERB,"['T1500-0108', 'T1500-0112', 'T1500-0104', 'T1500-0199', 'T1500-0189', 'T1500-0075', 'T1500-0191', 'T1500-0308', 'T1500-1599', 'T1500-0109']","[0.53359413, 0.51318061, 0.50665987, 0.4888891, 0.48862064, 0.48374045, 0.48096985, 0.4803347, 0.47981289, 0.47966146]",,0,0,0,0,b5a39ee521768525a274ace392b45b3f575e72ef951b605038742fa1f3a18ab4,4e77e1974f23402a1e836e45097a493edab801331489c0a46983af625844c4de,2026-08-06T20:59:12.998307+00:00
Q457,price,T1500,VERB,"['T1500-0432', 'T1500-0436', 'T1500-0448', 'T1500-0880', 'T1500-0534', 'T1500-0877', 'T1500-0538', 'T1500-0542', 'T1500-0444', 'T1500-0440']","[0.58694237, 0.58069265, 0.57959998, 0.57403457, 0.57150304, 0.57044172, 0.56800246, 0.56760085, 0.56533766, 0.56524515]",,0,0,0,0,b51c4b65ea8ebaada5b99c76c243be6e0b8aa4c9f554e6f796cd873f3d710802,4e77e1974f23402a1e836e45097a493edab801331489c0a46983af625844c4de,2026-08-06T20:59:12.998740+00:00
Q458,price,T1500,VERB,"['T1500-0104', 'T1500-1623', 'T1500-0088', 'T1500-0037', 'T1500-1631', 'T1500-1599', 'T1500-1642', 'T1500-1635', 'T1500-0081', 'T1500-0112']","[0.59487569, 0.58131963, 0.57793188, 0.5767535, 0.5759294, 0.57456946, 0.57387298, 0.57264519, 0.5715723, 0.57027328]",,0,0,0,0,c2555be49962fadca0853e9ba72c50e0a341d829a2a82574a9bad5467eef8283,4e77e1974f23402a1e836e45097a493edab801331489c0a46983af625844c4de,2026-08-06T20:59:12.999147+00:00
Q459,attribute,T1500,VERB,"['T1500-1046', 'T1500-1852', 'T1500-1045', 'T1500-1047', 'T1500-0518', 'T1500-1769', 'T1500-0619', 'T1500-1124', 'T1500-1792', 'T1500-1777']","[0.55796313, 0.54574543, 0.52894133, 0.51314878, 0.50874954, 0.50633782, 0.50526041, 0.50280458, 0.50278968, 0.50104934]",3,0,1,1,1,2da454e5cd82f19da5235ee71a8f791e666cdf75fca0006dc9370908a079f101,4e77e1974f23402a1e836e45097a493edab801331489c0a46983af625844c4de,2026-08-06T20:59:13.000757+00:00
Q460,attribute,T1500,VERB,"['T1500-0298', 'T1500-0297', 'T1500-0110', 'T1500-2089', 'T1500-2096', 'T1500-2102', 'T1500-2094', 'T1500-2091', 'T1500-2090', 'T1500-2103']","[0.59882754, 0.53267884, 0.5031547, 0.49896938, 0.491074, 0.48561877, 0.48354679, 0.4832319, 0.48307216, 0.48045331]",1,1,1,1,1,fb689a4bf6a97d5b7593f621c30153543cf10a401dd612b5869e9c195d52bac2,4e77e1974f23402a1e836e45097a493edab801331489c0a46983af625844c4de,2026-08-06T20:59:13.001672+00:00
Q461,price,T1500,VERB,"['T1500-1667', 'T1500-1706', 'T1500-1345', 'T1500-2012', 'T1500-1371', 'T1500-1678', 'T1500-1342', 'T1500-2073', 'T1500-1670', 'T1500-1852']","[0.49491388, 0.48159522, 0.46507499, 0.46400031, 0.462659, 0.45892718, 0.45736542, 0.45432404, 0.45413923, 0.45400649]",1,1,1,1,1,8fe72ba4e2536fbd25c7f90aa8945cb138ab92b0a76578caa7eb36647fedb346,4e77e1974f23402a1e836e45097a493edab801331489c0a46983af625844c4de,2026-08-06T20:59:13.002101+00:00
Q462,attribute,T1500,VERB,"['T1500-2091', 'T1500-2088', 'T1500-2103', 'T1500-0141', 'T1500-0020', 'T1500-0252', 'T1500-0894', 'T1500-0295', 'T1500-1243', 'T1500-2090']","[0.59736615, 0.59097922, 0.56593871, 0.55667412, 0.55594575, 0.55024529, 0.55017692, 0.54882646, 0.54564345, 0.54549825]",,0,0,0,0,da43d821099af390d8571be4c0a5287e57a108609d53a0ad93c8ab553d054d01,4e77e1974f23402a1e836e45097a493edab801331489c0a46983af625844c4de,2026-08-06T20:59:13.002535+00:00
Q463,attribute,T1500,VERB,"['T1500-0148', 'T1500-0149', 'T1500-0812', 'T1500-0143', 'T1500-0313', 'T1500-0810', 'T1500-0145', 'T1500-0813', 'T1500-0611', 'T1500-0811']","[0.52656806, 0.5202288, 0.51009822, 0.50951374, 0.50948799, 0.50759012, 0.50448191, 0.50041437, 0.49785003, 0.49710152]",1,1,1,1,1,45ed8992fbe03e5791c019556309deabd763d4844fcde94a87709ef8b53500dd,4e77e1974f23402a1e836e45097a493edab801331489c0a46983af625844c4de,2026-08-06T20:59:13.002981+00:00
Q464,attribute,T1500,VERB,"['T1500-2088', 'T1500-1531', 'T1500-2098', 'T1500-0809', 'T1500-1574', 'T1500-1592', 'T1500-2096', 'T1500-0811', 'T1500-1599', 'T1500-2095']","[0.47868964, 0.46875462, 0.46451679, 0.45686352, 0.45388025, 0.45318455, 0.45177627, 0.45144051, 0.45012099, 0.44928175]",,0,0,0,0,d3083ba2de4ad1495206a4237349c1a49261187e0a7381e81c6aba7a8593e375,4e77e1974f23402a1e836e45097a493edab801331489c0a46983af625844c4de,2026-08-06T20:59:13.003485+00:00
Q465,price,T1500,VERB,"['T1500-0538', 'T1500-0332', 'T1500-0443', 'T1500-0432', 'T1500-0341', 'T1500-0436', 'T1500-0444', 'T1500-0343', 'T1500-0347', 'T1500-0348']","[0.54222769, 0.5244118, 0.51536733, 0.51508683, 0.51401353, 0.51119411, 0.51098752, 0.51078326, 0.5105238, 0.50902987]",5,0,0,1,1,f8eeb51be50c0b67a0789630924d94f7db36b1bd7ec540fb99777ae3e1c894d8,4e77e1974f23402a1e836e45097a493edab801331489c0a46983af625844c4de,2026-08-06T20:59:13.003887+00:00
Q466,price,T1500,VERB,"['T1500-0085', 'T1500-1635', 'T1500-1638', 'T1500-0088', 'T1500-1531', 'T1500-1584', 'T1500-1571', 'T1500-1546', 'T1500-1555', 'T1500-1562']","[0.50693482, 0.50178307, 0.50051737, 0.49754101, 0.49644971, 0.49644062, 0.49214327, 0.48785794, 0.48738581, 0.48663256]",,0,0,0,0,8d25ee4aa5d5ad97e8d87696b362111127be2e763acd95e08f6e930f645f10bf,4e77e1974f23402a1e836e45097a493edab801331489c0a46983af625844c4de,2026-08-06T20:59:13.004317+00:00
Q467,price,T1500,VERB,"['T1500-0450', 'T1500-0545', 'T1500-0452', 'T1500-0451', 'T1500-1777', 'T1500-0546', 'T1500-0815', 'T1500-0810', 'T1500-0812', 'T1500-1261']","[0.52404267, 0.51605129, 0.51116753, 0.50832915, 0.50461125, 0.50170183, 0.49709135, 0.49552625, 0.49267989, 0.49264491]",2,0,1,1,1,63cbfbfd181c99e6cc4a6b540057475197db63fc6736175df7356cb8a4e4207e,4e77e1974f23402a1e836e45097a493edab801331489c0a46983af625844c4de,2026-08-06T20:59:13.004738+00:00
Q468,price,T1500,VERB,"['T1500-1983', 'T1500-1234', 'T1500-1233', 'T1500-1807', 'T1500-1986', 'T1500-0991', 'T1500-1228', 'T1500-0994', 'T1500-1002', 'T1500-1230']","[0.59198892, 0.59079075, 0.57812631, 0.57287908, 0.57044935, 0.56927252, 0.56855953, 0.56705177, 0.56553471, 0.56293631]",2,0,1,1,1,ddc13b7bab6312922b03a9fb33286a94779e060abffa6acf2a4aec3ffd743f43,4e77e1974f23402a1e836e45097a493edab801331489c0a46983af625844c4de,2026-08-06T20:59:13.005196+00:00
Q469,attribute,T1500,VERB,"['T1500-1101', 'T1500-1102', 'T1500-0970', 'T1500-0969', 'T1500-0968', 'T1500-0966', 'T1500-0967', 'T1500-1995', 'T1500-0983', 'T1500-1871']","[0.58276582, 0.58233064, 0.58218825, 0.57896972, 0.57692945, 0.57553357, 0.5752461, 0.56875813, 0.56816387, 0.56670511]",1,1,1,1,1,44a0a0bc854059517f1f3bb87fe8432ac95656e455d5912ea8a55cdde9220902,4e77e1974f23402a1e836e45097a493edab801331489c0a46983af625844c4de,2026-08-06T20:59:13.005654+00:00
Q470,attribute,T1500,VERB,"['T1500-1073', 'T1500-1079', 'T1500-1076', 'T1500-0357', 'T1500-2012', 'T1500-1075', 'T1500-0611', 'T1500-1054', 'T1500-1072', 'T1500-1078']","[0.55945319, 0.55901289, 0.53790677, 0.51403195, 0.51098645, 0.51087499, 0.50960159, 0.50888038, 0.50567746, 0.50022477]",,0,0,0,0,cb52571e6080b78de6b60cdf0d5cd887878be6a5db6cf8d65ccb6d6e3afa868b,4e77e1974f23402a1e836e45097a493edab801331489c0a46983af625844c4de,2026-08-06T20:59:13.006081+00:00
Q471,price,T1500,VERB,"['T1500-1983', 'T1500-1986', 'T1500-0997', 'T1500-0992', 'T1500-0993', 'T1500-1995', 'T1500-2000', 'T1500-1000', 'T1500-1976', 'T1500-0990']","[0.57821262, 0.53183591, 0.52423227, 0.52303374, 0.51495069, 0.51418543, 0.51179773, 0.51015997, 0.50965178, 0.50954115]",,0,0,0,0,f93dcb56839345a079e94eed586a3edd568989cdce66a9e73c0d3b6a72f97721,4e77e1974f23402a1e836e45097a493edab801331489c0a46983af625844c4de,2026-08-06T20:59:13.006495+00:00
Q472,price,T1500,VERB,"['T1500-1842', 'T1500-1841', 'T1500-2012', 'T1500-1815', 'T1500-1349', 'T1500-1345', 'T1500-1678', 'T1500-1535', 'T1500-1458', 'T1500-1371']","[0.4616127, 0.42570972, 0.42473555, 0.42306718, 0.42300919, 0.42008436, 0.41825384, 0.41346672, 0.41188779, 0.41171762]",1,1,1,1,1,7113ad1693c4cbc79226a8b043ef52739dc2e4824359d3d234739ce47bbf09de,4e77e1974f23402a1e836e45097a493edab801331489c0a46983af625844c4de,2026-08-06T20:59:13.006912+00:00
Q473,price,T1500,VERB,"['T1500-1054', 'T1500-1777', 'T1500-1261', 'T1500-0614', 'T1500-1053', 'T1500-0357', 'T1500-1852', 'T1500-0390', 'T1500-0450', 'T1500-1368']","[0.53229213, 0.52842289, 0.52234101, 0.52105546, 0.50736189, 0.50680572, 0.50514269, 0.50045002, 0.49914801, 0.49809673]",,0,0,0,0,f57a758364ade54addea71fd13da5ba22619fbed0dc462672351516fa9f8f583,4e77e1974f23402a1e836e45097a493edab801331489c0a46983af625844c4de,2026-08-06T20:59:13.007329+00:00
Q474,price,T1500,VERB,"['T1500-1881', 'T1500-1894', 'T1500-1883', 'T1500-1875', 'T1500-0967', 'T1500-0966', 'T1500-0970', 'T1500-1995', 'T1500-0969', 'T1500-0968']","[0.60463268, 0.59740967, 0.59533596, 0.59455442, 0.59415323, 0.59383678, 0.5933187, 0.59321606, 0.59308761, 0.59145975]",,0,0,0,0,13e24e0b27bacdc6ebf44d3793bb1fd76fe337419234dbc46e713c3cb353c507,4e77e1974f23402a1e836e45097a493edab801331489c0a46983af625844c4de,2026-08-06T20:59:13.007715+00:00
Q475,attribute,T1500,VERB,"['T1500-1124', 'T1500-1046', 'T1500-1128', 'T1500-1130', 'T1500-1127', 'T1500-1129', 'T1500-1126', 'T1500-0808', 'T1500-1125', 'T1500-1292']","[0.57573938, 0.56415474, 0.5603236, 0.55677104, 0.55150199, 0.55022985, 0.54442149, 0.54005736, 0.53849196, 0.53839469]",1,1,1,1,1,acc284581545fad01fc2ff9810522a7bd8a5fbf25488b939cc20a7e9a8e0edb6,4e77e1974f23402a1e836e45097a493edab801331489c0a46983af625844c4de,2026-08-06T20:59:13.008107+00:00
Q476,price,T1500,VERB,"['T1500-1614', 'T1500-0112', 'T1500-1635', 'T1500-0108', 'T1500-0016', 'T1500-1580', 'T1500-1574', 'T1500-1571', 'T1500-0085', 'T1500-0074']","[0.51331449, 0.48632717, 0.48171327, 0.47947592, 0.47793674, 0.47770435, 0.47628814, 0.47281832, 0.47240439, 0.47154176]",1,1,1,1,1,f0f320f9f4809684541052561f403866459eac81a1de141431d22a5897ccbd5a,4e77e1974f23402a1e836e45097a493edab801331489c0a46983af625844c4de,2026-08-06T20:59:13.008812+00:00
Q477,price,T1500,VERB,"['T1500-0085', 'T1500-0097', 'T1500-1531', 'T1500-0066', 'T1500-0108', 'T1500-0074', 'T1500-1584', 'T1500-0112', 'T1500-0308', 'T1500-0065']","[0.57709742, 0.56370485, 0.55403996, 0.55344826, 0.54987657, 0.54822052, 0.54756957, 0.54669398, 0.54615903, 0.54048783]",,0,0,0,0,376dc4f63296a07b32291634b0bcbef90cf11608649c251590b12d503883a326,4e77e1974f23402a1e836e45097a493edab801331489c0a46983af625844c4de,2026-08-06T20:59:13.009268+00:00
Q478,attribute,T1500,VERB,"['T1500-1571', 'T1500-0104', 'T1500-0120', 'T1500-1615', 'T1500-1607', 'T1500-0088', 'T1500-0105', 'T1500-1631', 'T1500-0199', 'T1500-1642']","[0.55568075, 0.5433414, 0.533099, 0.52819246, 0.52782393, 0.52322876, 0.52219093, 0.52086449, 0.51728988, 0.51609814]",5,0,0,1,1,4c83ccf81bf260962a8c0864ca854a0400bc0c40a9aef6cec741bd155373adb3,4e77e1974f23402a1e836e45097a493edab801331489c0a46983af625844c4de,2026-08-06T20:59:13.009712+00:00
Q479,attribute,T1500,VERB,"['T1500-0026', 'T1500-2094', 'T1500-2098', 'T1500-0301', 'T1500-2099', 'T1500-0025', 'T1500-0039', 'T1500-0063', 'T1500-0082', 'T1500-0307']","[0.53792781, 0.49752665, 0.49523485, 0.49237436, 0.48828742, 0.48094928, 0.47628194, 0.47357708, 0.47206256, 0.46995705]",1,1,1,1,1,40bf022ef9f39b5f03ee405f3e431387e503632b012c3d07943587fa4bcb5ca0,4e77e1974f23402a1e836e45097a493edab801331489c0a46983af625844c4de,2026-08-06T20:59:13.010129+00:00
Q480,price,T1500,VERB,"['T1500-0538', 'T1500-0332', 'T1500-0811', 'T1500-0348', 'T1500-0443', 'T1500-0812', 'T1500-0347', 'T1500-0341', 'T1500-0335', 'T1500-2012']","[0.49324954, 0.47217932, 0.47048786, 0.46973842, 0.46941254, 0.46715051, 0.46706253, 0.46258312, 0.46122783, 0.46104503]",8,0,0,0,1,65cb7fd047031f6e1f366b31e62a1cead7da013280b8e8d6fcd9f123632b279f,4e77e1974f23402a1e836e45097a493edab801331489c0a46983af625844c4de,2026-08-06T20:59:13.010536+00:00
Q481,attribute,T1500,VERB,"['T1500-1290', 'T1500-1014', 'T1500-1288', 'T1500-1972', 'T1500-1284', 'T1500-1124', 'T1500-1226', 'T1500-1278', 'T1500-1130', 'T1500-1282']","[0.59550536, 0.59101081, 0.5906114, 0.58817172, 0.58624172, 0.58071184, 0.57887864, 0.5785144, 0.57806832, 0.57703596]",,0,0,0,0,80acd1633ba494e4f9bdd0ab96137eded1dd3592aadfc21c40f94f1e6129e52f,4e77e1974f23402a1e836e45097a493edab801331489c0a46983af625844c4de,2026-08-06T20:59:13.010969+00:00
Q482,attribute,T1500,VERB,"['T1500-0110', 'T1500-2096', 'T1500-0307', 'T1500-0308', 'T1500-2088', 'T1500-0104', 'T1500-0108', 'T1500-2092', 'T1500-2103', 'T1500-0062']","[0.59463537, 0.5671007, 0.54039747, 0.53916037, 0.5346244, 0.52863801, 0.52680409, 0.52137339, 0.51784027, 0.51693982]",6,0,0,0,1,3d4529f4def529f94dbd165e7434569d60e515c06be4b19e22d819281f1bd546,4e77e1974f23402a1e836e45097a493edab801331489c0a46983af625844c4de,2026-08-06T20:59:13.011390+00:00
Q483,attribute,T1500,VERB,"['T1500-0619', 'T1500-0858', 'T1500-0746', 'T1500-0518', 'T1500-1308', 'T1500-1311', 'T1500-1046', 'T1500-0625', 'T1500-0620', 'T1500-1054']","[0.51311058, 0.49155161, 0.48388499, 0.48072118, 0.48032194, 0.47842842, 0.4694421, 0.46690914, 0.46383303, 0.46248579]",,0,0,0,0,27f3f591f45e00481bcb238536ef9d120fe74985a41bf4d3b890cbf8abdf4345,4e77e1974f23402a1e836e45097a493edab801331489c0a46983af625844c4de,2026-08-06T20:59:13.012012+00:00
Q484,attribute,T1500,VERB,"['T1500-2088', 'T1500-0301', 'T1500-2096', 'T1500-0304', 'T1500-2089', 'T1500-2102', 'T1500-0089', 'T1500-0110', 'T1500-2090', 'T1500-0307']","[0.52736604, 0.51671875, 0.50520569, 0.50121582, 0.50079119, 0.4917126, 0.49112618, 0.49105409, 0.48897588, 0.48893419]",,0,0,0,0,9cdcd9f9220984a598fa688e551b0f03c234ec261e108e47f95faf3b0c6d1100,4e77e1974f23402a1e836e45097a493edab801331489c0a46983af625844c4de,2026-08-06T20:59:13.012562+00:00
Q485,price,T1500,VERB,"['T1500-1995', 'T1500-1894', 'T1500-1891', 'T1500-1877', 'T1500-0965', 'T1500-0963', 'T1500-0964', 'T1500-0983', 'T1500-0962', 'T1500-0970']","[0.62788117, 0.6087358, 0.60293043, 0.60238791, 0.59949052, 0.59884322, 0.59800172, 0.59760332, 0.59744728, 0.59326029]",,0,0,0,0,ea3f1e1a24092c53ba61dc84d1a0a7ab0bf064b8b904868091786af516739ac5,4e77e1974f23402a1e836e45097a493edab801331489c0a46983af625844c4de,2026-08-06T20:59:13.012999+00:00
Q486,attribute,T1500,VERB,"['T1500-1995', 'T1500-1871', 'T1500-0966', 'T1500-1027', 'T1500-1033', 'T1500-0969', 'T1500-0967', 'T1500-0974', 'T1500-0970', 'T1500-0975']","[0.65411669, 0.64212936, 0.64108253, 0.6385088, 0.63726962, 0.63674128, 0.63612068, 0.63589001, 0.63573968, 0.63523281]",4,0,0,1,1,26a59ff30d4b7a4e24968fac1809ce13ebacff53de51e8650787d2e978dd555c,4e77e1974f23402a1e836e45097a493edab801331489c0a46983af625844c4de,2026-08-06T20:59:13.013493+00:00
Q487,attribute,T1500,VERB,"['T1500-2161', 'T1500-2123', 'T1500-2208', 'T1500-1256', 'T1500-2151', 'T1500-0809', 'T1500-1136', 'T1500-0213', 'T1500-1108', 'T1500-0822']","[0.45686027, 0.4567377, 0.45371717, 0.45117384, 0.44466093, 0.44142976, 0.43741387, 0.4370181, 0.43418092, 0.43224251]",,0,0,0,0,330b9cdbe6ac70d25a6e65697f4313c966363dbdcdd9e54d2b9837f5b1c55b77,4e77e1974f23402a1e836e45097a493edab801331489c0a46983af625844c4de,2026-08-06T20:59:13.013966+00:00
Q488,price,T1500,VERB,"['T1500-1599', 'T1500-0104', 'T1500-0108', 'T1500-0110', 'T1500-1580', 'T1500-0199', 'T1500-1571', 'T1500-0182', 'T1500-0024', 'T1500-0114']","[0.5987823, 0.58091736, 0.5375492, 0.52569151, 0.51953375, 0.51866144, 0.51638925, 0.50924248, 0.5055325, 0.50421882]",,0,0,0,0,bc5f310c408ed0e10de74fab5834c1f222f92d719494a9c7583948c39549fd28,4e77e1974f23402a1e836e45097a493edab801331489c0a46983af625844c4de,2026-08-06T20:59:13.014425+00:00
Q489,price,T1500,VERB,"['T1500-0911', 'T1500-1405', 'T1500-0896', 'T1500-0902', 'T1500-0895', 'T1500-0899', 'T1500-0909', 'T1500-0894', 'T1500-0908', 'T1500-0905']","[0.54223442, 0.53796399, 0.531183, 0.52991682, 0.52938396, 0.52935433, 0.52852464, 0.52776313, 0.52735412, 0.52584386]",,0,0,0,0,341febbc65c444616d0c103df1d0499acbd632a4215352808ede0354d660b6f3,4e77e1974f23402a1e836e45097a493edab801331489c0a46983af625844c4de,2026-08-06T20:59:13.014846+00:00
Q490,price,T1500,VERB,"['T1500-1599', 'T1500-1635', 'T1500-1574', 'T1500-1535', 'T1500-1580', 'T1500-0301', 'T1500-0065', 'T1500-0308', 'T1500-1706', 'T1500-0307']","[0.47037739, 0.44944286, 0.44670698, 0.44337094, 0.43871167, 0.43682984, 0.42678347, 0.42647803, 0.4263829, 0.42614025]",,0,0,0,0,8c9bf01316a86091ae26871e139618fe7544354db82a523dc652da0a9d3ae047,4e77e1974f23402a1e836e45097a493edab801331489c0a46983af625844c4de,2026-08-06T20:59:13.015298+00:00
Q491,price,T1500,VERB,"['T1500-1599', 'T1500-1534', 'T1500-1635', 'T1500-0074', 'T1500-0097', 'T1500-1642', 'T1500-0065', 'T1500-0025', 'T1500-1535', 'T1500-0112']","[0.49778879, 0.49070945, 0.49003923, 0.48403248, 0.47739995, 0.47221446, 0.47155941, 0.47117025, 0.47012809, 0.46879676]",,0,0,0,0,afb5e844578a08b5b506fc48c38b8cfd8e0d14ce605392ed80997aed39315c6d,4e77e1974f23402a1e836e45097a493edab801331489c0a46983af625844c4de,2026-08-06T20:59:13.015730+00:00
Q492,attribute,T1500,VERB,"['T1500-0432', 'T1500-0448', 'T1500-0534', 'T1500-0607', 'T1500-0542', 'T1500-0877', 'T1500-0538', 'T1500-0436', 'T1500-1252', 'T1500-0880']","[0.58755928, 0.58088046, 0.56983685, 0.56733084, 0.56710064, 0.56709051, 0.56638104, 0.56609374, 0.56393874, 0.56067795]",1,1,1,1,1,27fd7761356e16b95d4cc4113a81fbf412939f6b5e19957e198f07d59c0d6364,4e77e1974f23402a1e836e45097a493edab801331489c0a46983af625844c4de,2026-08-06T20:59:13.016155+00:00
Q493,price,T1500,VERB,"['T1500-0104', 'T1500-0112', 'T1500-0108', 'T1500-1571', 'T1500-0119', 'T1500-1599', 'T1500-0295', 'T1500-0199', 'T1500-0190', 'T1500-1631']","[0.51560122, 0.48413888, 0.48392555, 0.48391801, 0.48180032, 0.47124147, 0.46894401, 0.46884915, 0.46840298, 0.46725714]",5,0,0,1,1,00ed3334cbf8f4912755532812a66a54d06e8282c18a5a2c6d2ae82d5e880f06,4e77e1974f23402a1e836e45097a493edab801331489c0a46983af625844c4de,2026-08-06T20:59:13.016618+00:00
Q494,price,T1500,VERB,"['T1500-0697', 'T1500-0688', 'T1500-0699', 'T1500-0700', 'T1500-0685', 'T1500-0704', 'T1500-0698', 'T1500-0695', 'T1500-0701', 'T1500-0689']","[0.57982886, 0.5687201, 0.54973984, 0.54809731, 0.54743636, 0.54732972, 0.54728466, 0.54599756, 0.54595596, 0.54441833]",2,0,1,1,1,5bb163288ec7bfbb65e8f1e52b42e18579cd7410d05b2aa4c2ab996bafdec165,4e77e1974f23402a1e836e45097a493edab801331489c0a46983af625844c4de,2026-08-06T20:59:13.017043+00:00
Q495,price,T1500,VERB,"['T1500-1995', 'T1500-0983', 'T1500-0982', 'T1500-1894', 'T1500-0969', 'T1500-0970', 'T1500-1192', 'T1500-0966', 'T1500-0980', 'T1500-0964']","[0.59373605, 0.57330644, 0.5731259, 0.57229114, 0.57057112, 0.56900156, 0.56867498, 0.56856495, 0.56744391, 0.56710905]",,0,0,0,0,a41d30c44906e7b426ea7a4b01ae411cdd210ebb2b595d8e7790846c199ac8ed,4e77e1974f23402a1e836e45097a493edab801331489c0a46983af625844c4de,2026-08-06T20:59:13.017496+00:00
Q496,attribute,T1500,VERB,"['T1500-1995', 'T1500-0963', 'T1500-0962', 'T1500-0964', 'T1500-0961', 'T1500-0965', 'T1500-0975', 'T1500-0966', 'T1500-0968', 'T1500-0970']","[0.63000023, 0.62258494, 0.61814618, 0.6166904, 0.61506784, 0.61486876, 0.61064315, 0.60997427, 0.60919809, 0.60916537]",,0,0,0,0,df8afd89b9549f0d733105004283ea271032f152ac93ab35994ed6ccba2b1d32,4e77e1974f23402a1e836e45097a493edab801331489c0a46983af625844c4de,2026-08-06T20:59:13.017941+00:00
Q497,attribute,T1500,VERB,"['T1500-1995', 'T1500-0965', 'T1500-0975', 'T1500-0978', 'T1500-0963', 'T1500-0970', 'T1500-0961', 'T1500-0964', 'T1500-0982', 'T1500-0976']","[0.65446568, 0.64631456, 0.64211273, 0.64179045, 0.64155638, 0.64133513, 0.64069563, 0.64022458, 0.64013869, 0.64002872]",,0,0,0,0,d624437601eb743254f92b6ffa4311b9d2f9d431af08d47a576686184927aed8,4e77e1974f23402a1e836e45097a493edab801331489c0a46983af625844c4de,2026-08-06T20:59:13.018463+00:00
Q498,attribute,T1500,VERB,"['T1500-2091', 'T1500-2195', 'T1500-2090', 'T1500-0020', 'T1500-2088', 'T1500-2223', 'T1500-0252', 'T1500-0141', 'T1500-0251', 'T1500-0281']","[0.59021467, 0.58357513, 0.58134627, 0.57267344, 0.57211852, 0.57115865, 0.57098031, 0.57082927, 0.57073808, 0.56679928]",1,1,1,1,1,14adace0c7af92ce76a0812b61f8b88a57711487c5700386f8741a980778e785,4e77e1974f23402a1e836e45097a493edab801331489c0a46983af625844c4de,2026-08-06T20:59:13.018937+00:00
Q499,price,T1500,VERB,"['T1500-0990', 'T1500-1008', 'T1500-1006', 'T1500-0997', 'T1500-0991', 'T1500-0995', 'T1500-0996', 'T1500-0994', 'T1500-1009', 'T1500-1007']","[0.62147713, 0.60931027, 0.6090551, 0.60892403, 0.60621375, 0.60569417, 0.60366821, 0.60272288, 0.60154331, 0.59981453]",,0,0,0,0,f735bfc655124d0e69aa156b978220f0585e8ca4e08938b0a2290645dccc2f17,4e77e1974f23402a1e836e45097a493edab801331489c0a46983af625844c4de,2026-08-06T20:59:13.019441+00:00
Q500,price,T1500,VERB,"['T1500-0065', 'T1500-0024', 'T1500-0108', 'T1500-0104', 'T1500-0088', 'T1500-0190', 'T1500-0110', 'T1500-0195', 'T1500-0105', 'T1500-0191']","[0.5450601, 0.53969944, 0.53584212, 0.5251165, 0.52473855, 0.51899439, 0.51765472, 0.51408374, 0.51355529, 0.51274896]",,0,0,0,0,7aa93253ff9d9759d103cd2c7582072a4b46776346d96f2aa44a2ae32d11c2a9,4e77e1974f23402a1e836e45097a493edab801331489c0a46983af625844c4de,2026-08-06T20:59:13.019889+00:00
